site,Date,Year,DOY,GrowingSeason,NEE_gC_day,GPP_gC_day,Reco_gC_day,cum_NEE_gC,cum_GPP_gC,cum_Reco_gC
LD,2024-01-01,2024,1,FALSE,0.4640453713386759,0.16170306069186033,0.6257484320305362,0.4640453713386759,0.16170306069186033,0.6257484320305362
LD,2024-01-02,2024,2,FALSE,0.5268010390260002,0.3336135501791444,0.8604145892051446,0.9908464103646761,0.49531661087100476,1.4861630212356807
LD,2024-01-03,2024,3,FALSE,0.2910108216075852,0.5844714456365757,0.8754822672441612,1.2818572319722614,1.0797880565075806,2.361645288479842
LD,2024-01-04,2024,4,FALSE,0.49296498668076766,0.2859222617460969,0.7788872484268644,1.7748222186530291,1.3657103182536776,3.1405325369067065
LD,2024-01-05,2024,5,FALSE,0.5362759119585134,0.32905574544747523,0.8653316574059887,2.3110981306115423,1.6947660637011528,4.005864194312696
LD,2024-01-06,2024,6,FALSE,0.5891781544045716,0.30434318675593064,0.893521341160502,2.9002762850161137,1.9991092504570833,4.899385535473198
LD,2024-01-07,2024,7,FALSE,0.8914531123280572,0.03457774443505349,0.9260308567631104,3.791729397344171,2.033686994892137,5.825416392236308
LD,2024-01-08,2024,8,FALSE,0.9405417090198854,-0.07103162972280824,0.8695100792970774,4.732271106364056,1.9626553651693288,6.694926471533385
LD,2024-01-09,2024,9,FALSE,1.1187801510176674,-0.22931723017832936,0.8894629208393381,5.851051257381723,1.7333381349909995,7.5843893923727235
LD,2024-01-10,2024,10,FALSE,0.9688665717606232,-0.01742148932883978,0.9514450824317833,6.819917829142346,1.7159166456621597,8.535834474804506
LD,2024-01-11,2024,11,FALSE,0.9857685816850353,0.08401409556106491,1.0697826772461003,7.805686410827382,1.7999307412232246,9.605617152050607
LD,2024-01-12,2024,12,FALSE,0.8051571712600798,0.30266321043390565,1.1078203816939858,8.610843582087462,2.10259395165713,10.713437533744592
LD,2024-01-13,2024,13,FALSE,0.9007925885026973,0.21071140145255482,1.111503989955252,9.511636170590158,2.3133053531096848,11.824941523699845
LD,2024-01-14,2024,14,FALSE,0.7545328764191999,0.07901165129082552,0.8335445277100254,10.266169047009358,2.3923170044005104,12.65848605140987
LD,2024-01-15,2024,15,FALSE,0.834803703144,-0.3111014331824647,0.5237022699615355,11.100972750153359,2.0812155712180456,13.182188321371406
LD,2024-01-16,2024,16,FALSE,0.8361191262960002,-0.31668308652580246,0.5194360397701976,11.937091876449358,1.7645324846922432,13.701624361141604
LD,2024-01-17,2024,17,FALSE,0.8356685345205489,-0.1955147695778267,0.6401537649427221,12.772760410969907,1.5690177151144165,14.341778126084327
LD,2024-01-18,2024,18,FALSE,0.7648075015281018,0.18421299482152692,0.9490204963496285,13.537567912498009,1.7532307099359434,15.290798622433956
LD,2024-01-19,2024,19,FALSE,0.7138936116574804,0.2962250737256638,1.0101186853831443,14.25146152415549,2.049455783661607,16.3009173078171
LD,2024-01-20,2024,20,FALSE,0.694680526945307,0.35316013592223383,1.0478406628675407,14.946142051100797,2.402615919583841,17.34875797068464
LD,2024-01-21,2024,21,FALSE,0.6890720194627169,0.4042692432497956,1.093341262712512,15.635214070563514,2.8068851628336366,18.442099233397155
LD,2024-01-22,2024,22,FALSE,0.7075398366474306,0.4628632389958738,1.1704030756433041,16.342753907210945,3.2697484018295104,19.612502309040458
LD,2024-01-23,2024,23,FALSE,0.7596820220373258,0.48115297941687224,1.240835001454198,17.10243592924827,3.7509013812463827,20.853337310494656
LD,2024-01-24,2024,24,FALSE,0.7122082259254106,0.5184085994605181,1.230616825385928,17.81464415517368,4.2693099807069,22.08395413588058
LD,2024-01-25,2024,25,FALSE,0.6755562480578159,0.5411628313675108,1.2167190794253264,18.490200403231498,4.810472812074411,23.30067321530591
LD,2024-01-26,2024,26,FALSE,0.6875818180792383,0.5405763903679628,1.2281582084472007,19.177782221310736,5.351049202442374,24.52883142375311
LD,2024-01-27,2024,27,FALSE,0.5986188921875557,0.6235973398010627,1.222216231988618,19.77640111349829,5.974646542243437,25.75104765574173
LD,2024-01-28,2024,28,FALSE,0.481583137158851,0.7555819636153934,1.2371651007742446,20.25798425065714,6.73022850585883,26.988212756515974
LD,2024-01-29,2024,29,FALSE,0.8679368246393456,0.2809370563268091,1.1488738809661545,21.12592107529649,7.011165562185639,28.137086637482128
LD,2024-01-30,2024,30,FALSE,0.92317663854168,0.213251050238419,1.1364276887800988,22.04909771383817,7.224416612424058,29.273514326262227
LD,2024-01-31,2024,31,FALSE,0.91580336669304,0.2072491809522813,1.1230525476453213,22.96490108053121,7.4316657933763395,30.39656687390755
LD,2024-02-01,2024,32,FALSE,0.3735350131514721,0.7752735694610652,1.1488085826125376,23.33843609368268,8.206939362837405,31.545375456520087
LD,2024-02-02,2024,33,FALSE,0.7171431920851558,0.44139995016845823,1.1585431422536139,24.055579285767838,8.648339313005863,32.703918598773704
LD,2024-02-03,2024,34,FALSE,0.5656950096678157,0.6129357870131114,1.1786307966809273,24.621274295435654,9.261275100018974,33.88254939545463
LD,2024-02-04,2024,35,FALSE,0.1703865049805042,0.9499379873433009,1.1203244923238054,24.791660800416157,10.211213087362275,35.002873887778435
LD,2024-02-05,2024,36,FALSE,0.1809624632754857,0.926090471078044,1.10705293435353,24.97262326369164,11.137303558440319,36.10992682213197
LD,2024-02-06,2024,37,FALSE,0.22595585633762658,0.7785451244165044,1.0045009807541305,25.19857912002927,11.915848682856824,37.1144278028861
LD,2024-02-07,2024,38,FALSE,0.39620541720714186,0.7394502926243612,1.1356557098315028,25.59478453723641,12.655298975481186,38.2500835127176
LD,2024-02-08,2024,39,FALSE,0.5447592734760001,0.800041828834976,1.344801102310976,26.13954381071241,13.455340804316162,39.594884615028576
LD,2024-02-09,2024,40,FALSE,2.0304618301727992,-0.5389172742589419,1.4915445559138578,28.17000564088521,12.91642353005722,41.08642917094243
LD,2024-02-10,2024,41,FALSE,1.8416477510906577,-0.2757081216289961,1.5659396294616608,30.01165339197587,12.640715408428223,42.65236880040409
LD,2024-02-11,2024,42,FALSE,1.7168863200876008,-0.09505272004521606,1.6218336000423839,31.72853971206347,12.545662688383008,44.27420240044648
LD,2024-02-12,2024,43,FALSE,0.540576298038692,1.09140264089501,1.6319789389337027,32.26911601010216,13.637065329278018,45.90618133938018
LD,2024-02-13,2024,44,FALSE,0.9749545818158833,0.6259201501491395,1.6008747319650225,33.244070591918046,14.262985479427158,47.507056071345204
LD,2024-02-14,2024,45,FALSE,1.1337218963786562,0.4760003024583521,1.609722198837008,34.377792488296706,14.73898578188551,49.11677827018221
LD,2024-02-15,2024,46,FALSE,1.328849810132238,0.43220815459274103,1.7610579647249789,35.706642298428946,15.171193936478252,50.877836234907186
LD,2024-02-16,2024,47,FALSE,1.8780984900722817,-0.3693279095686022,1.5087705805036793,37.58474078850123,14.80186602690965,52.386606815410865
LD,2024-02-17,2024,48,FALSE,1.615107291644912,-0.42693831666003224,1.1881689749848794,39.19984808014614,14.374927710249619,53.57477579039574
LD,2024-02-18,2024,49,FALSE,1.091275107827215,0.3087944447597471,1.4000695525869626,40.291123187973355,14.683722155009367,54.974845342982704
LD,2024-02-19,2024,50,FALSE,0.7020063412566234,0.5746651723965248,1.2766715136531486,40.993129529229975,15.258387327405892,56.25151685663585
LD,2024-02-20,2024,51,FALSE,0.988108926576338,0.5366947742899265,1.5248037008662647,41.98123845580631,15.795082101695819,57.77632055750212
LD,2024-02-21,2024,52,FALSE,1.1847679899355428,0.6346585639809156,1.8194265539164587,43.16600644574186,16.429740665676736,59.595747111418575
LD,2024-02-22,2024,53,FALSE,-0.15311127143609865,1.7840019727034215,1.6308907012673226,43.01289517430576,18.213742638380158,61.2266378126859
LD,2024-02-23,2024,54,FALSE,-0.0761919262862578,1.494994875585813,1.4188029492995549,42.936703248019505,19.70873751396597,62.645440761985455
LD,2024-02-24,2024,55,FALSE,-0.1981174188622681,1.143171175782188,0.9450537569199198,42.73858582915724,20.85190868974816,63.59049451890537
LD,2024-02-25,2024,56,FALSE,-0.1084097928624857,1.258146316150777,1.1497365232882908,42.63017603629475,22.11005500589894,64.74023104219367
LD,2024-02-26,2024,57,FALSE,0.32003971199812753,1.0614194744925909,1.3814591864907186,42.95021574829288,23.17147448039153,66.12169022868439
LD,2024-02-27,2024,58,FALSE,0.7606218059692286,0.9994688103837178,1.7600906163529468,43.710837554262106,24.17094329077525,67.88178084503733
LD,2024-02-28,2024,59,FALSE,0.6617892624454453,0.598522952536249,1.2603122149816948,44.37262681670755,24.7694662433115,69.14209306001902
LD,2024-02-29,2024,60,FALSE,0.3012725083578356,0.5855048815408336,0.8867773898986687,44.673899325065385,25.354971124852334,70.02887044991769
LD,2024-03-01,2024,61,FALSE,0.32174101364687246,0.9383497934600236,1.260090807106896,44.995640338712256,26.293320918312357,71.28896125702458
LD,2024-03-02,2024,62,FALSE,0.0031336845263998502,1.6045710097921737,1.6077046943185735,44.99877402323865,27.89789192810453,72.89666595134315
LD,2024-03-03,2024,63,FALSE,0.13864489750888426,1.8359018095536614,1.974546707062545,45.137418920747535,29.733793737658193,74.8712126584057
LD,2024-03-04,2024,64,FALSE,1.005643095022473,1.4955305781351766,2.5011736731576497,46.143062015770006,31.22932431579337,77.37238633156335
LD,2024-03-05,2024,65,FALSE,1.4255908761699718,0.8657134606458208,2.2913043368157933,47.568652891939976,32.09503777643919,79.66369066837915
LD,2024-03-06,2024,66,FALSE,0.32030807469504075,1.7867215104492178,2.10702958514426,47.88896096663502,33.88175928688841,81.77072025352341
LD,2024-03-07,2024,67,FALSE,0.46790746539566563,1.5417965312587172,2.009703996654383,48.35686843203069,35.42355581814713,83.78042425017779
LD,2024-03-08,2024,68,FALSE,1.2345113162205508,0.9222022374462963,2.156713553666847,49.591379748251235,36.34575805559343,85.93713780384464
LD,2024-03-09,2024,69,FALSE,1.7728123015770374,0.27111931570926917,2.0439316172863076,51.364192049828276,36.6168773713027,87.98106942113094
LD,2024-03-10,2024,70,FALSE,0.9162743874356978,0.9666600315006562,1.882934418936354,52.280466437263975,37.58353740280336,89.8640038400673
LD,2024-03-11,2024,71,FALSE,1.1366401774918136,1.1645665424643872,2.3012067199562014,53.41710661475579,38.748103945267744,92.1652105600235
LD,2024-03-12,2024,72,FALSE,1.5612826302149407,1.3791911381191562,2.940473768334097,54.97838924497073,40.1272950833869,95.1056843283576
LD,2024-03-13,2024,73,FALSE,1.2300453682794663,1.8451191649972276,3.075164533276693,56.2084346132502,41.972414248384126,98.18084886163429
LD,2024-03-14,2024,74,FALSE,3.1739344241239063,-0.3589835344504928,2.814950889673411,59.382369037374104,41.61343071393363,100.9957997513077
LD,2024-03-15,2024,75,FALSE,-0.5989846844381173,2.8988598240782824,2.299875139640164,58.78338435293599,44.51229053801191,103.29567489094786
LD,2024-03-16,2024,76,FALSE,1.6648678683975067,0.6118451560619269,2.2767130244594336,60.4482522213335,45.124135694073836,105.5723879154073
LD,2024-03-17,2024,77,FALSE,0.6752074432442943,1.2520033049486847,1.9272107481929788,61.123459664577794,46.37613899902252,107.49959866360028
LD,2024-03-18,2024,78,FALSE,1.2176014951266874,0.33634626467932127,1.5539477598060079,62.34106115970448,46.71248526370184,109.05354642340629
LD,2024-03-19,2024,79,FALSE,-0.2306762107199999,1.9420285091493747,1.7113522984293745,62.11038494898448,48.65451377285122,110.76489872183566
LD,2024-03-20,2024,80,FALSE,2.5365732172962043,-1.0735460433969566,1.463027173899247,64.64695816628068,47.58096772945426,112.22792589573491
LD,2024-03-21,2024,81,FALSE,0.7990536424692123,0.41207558137315564,1.2111292238423683,65.4460118087499,47.99304331082742,113.43905511957728
LD,2024-03-22,2024,82,FALSE,3.8006348487963826,-2.48037779261997,1.3202570561764126,69.24664665754628,45.51266551820745,114.75931217575369
LD,2024-03-23,2024,83,FALSE,0.18272967638546453,1.2182622107326952,1.40099188711816,69.42937633393174,46.730927728940145,116.16030406287186
LD,2024-03-24,2024,84,FALSE,0.25250829817376336,1.1857665949490142,1.4382748931227776,69.68188463210551,47.91669432388916,117.59857895599464
LD,2024-03-25,2024,85,FALSE,-0.5398979361120001,2.5189513531629357,1.979053417050936,69.14198669599351,50.435645677052094,119.57763237304557
LD,2024-03-26,2024,86,FALSE,-0.7007095436953847,3.032669128387883,2.3319595846925,68.44127715229813,53.468314805439974,121.90959195773807
LD,2024-03-27,2024,87,FALSE,0.3277806990969601,1.3974018020849925,1.7251825011819528,68.76905785139509,54.865716607524966,123.63477445892002
LD,2024-03-28,2024,88,TRUE,-1.2034690796950613,2.7456759502886365,1.542206870593575,67.56558877170002,57.6113925578136,125.1769813295136
LD,2024-03-29,2024,89,TRUE,-1.1793384327232868,2.5300952074187935,1.350756774695507,66.38625033897674,60.1414877652324,126.5277381042091
LD,2024-03-30,2024,90,TRUE,0.12322643949367428,0.9637702146594957,1.086996654153169,66.50947677847041,61.105257979891896,127.61473475836227
LD,2024-03-31,2024,91,TRUE,-0.30721220175687425,1.0901501261451512,0.7829379243882768,66.20226457671355,62.19540810603705,128.39767268275054
LD,2024-04-01,2024,92,TRUE,-1.2565041269022768,1.7707587101849187,0.5142545832826422,64.94576044981127,63.96616681622197,128.9119272660332
LD,2024-04-02,2024,93,TRUE,0.9993684517124114,-0.8278119075292404,0.17155654418317104,65.94512890152369,63.13835490869273,129.08348381021636
LD,2024-04-03,2024,94,TRUE,-2.668589382757788,2.798442129325341,0.12985274656755125,63.2765395187659,65.93679703801807,129.21333655678393
LD,2024-04-04,2024,95,TRUE,-0.43659809169942904,0.8002906543685318,0.363692562669103,62.83994142706647,66.73708769238661,129.57702911945304
LD,2024-04-05,2024,96,TRUE,-2.2127895329798895,2.836776302180767,0.6239867692008773,60.62715189408658,69.57386399456738,130.20101588865393
LD,2024-04-06,2024,97,TRUE,-2.9511769218494326,3.892832430945055,0.9416555090956228,57.67597497223715,73.46669642551242,131.14267139774955
LD,2024-04-07,2024,98,TRUE,-1.1107801069783392,2.6055124346096825,1.4947323276313438,56.56519486525881,76.0722088601221,132.6374037253809
LD,2024-04-08,2024,99,TRUE,-1.170852338232,3.4670765700800086,2.296224231848007,55.39434252702681,79.53928543020211,134.9336279572289
LD,2024-04-09,2024,100,TRUE,-1.5068921526786458,4.509548792714538,3.0026566400358923,53.88745037434816,84.04883422291665,137.9362845972648
LD,2024-04-10,2024,101,TRUE,-1.603644296161357,4.937784975989184,3.334140679827828,52.28380607818681,88.98661919890584,141.27042527709264
LD,2024-04-11,2024,102,TRUE,1.130913860901552,2.6494525734963483,3.7803664343978993,53.41471993908836,91.63607177240219,145.05079171149055
LD,2024-04-12,2024,103,TRUE,0.5343580136660264,3.493026097374889,4.0273841110409165,53.949077952754386,95.12909786977708,149.07817582253148
LD,2024-04-13,2024,104,TRUE,-1.2978324607476257,5.841875617737658,4.544043156990032,52.65124549200676,100.97097348751474,153.6222189795215
LD,2024-04-14,2024,105,TRUE,-1.6260499642644004,6.83577424340287,5.20972427913847,51.025195527742355,107.8067477309176,158.83194325865998
LD,2024-04-15,2024,106,TRUE,-1.7064619366401814,7.86277055345879,6.1563086168186105,49.31873359110217,115.6695182843764,164.9882518754786
LD,2024-04-16,2024,107,TRUE,-1.7505861123724908,7.742216828372815,5.991630716000325,47.568147478729685,123.41173511274921,170.9798825914789
LD,2024-04-17,2024,108,TRUE,1.2577186107717508,4.674950220958835,5.932668831730585,48.82586608950144,128.08668533370806,176.9125514232095
LD,2024-04-18,2024,109,TRUE,-1.2283090132435417,6.1811787838766525,4.952869770633111,47.5975570762579,134.2678641175847,181.8654211938426
LD,2024-04-19,2024,110,TRUE,-2.244643066397596,6.730409447086376,4.485766380688779,45.35291400986031,140.99827356467108,186.35118757453137
LD,2024-04-20,2024,111,TRUE,-1.4694061791383999,5.535832011709583,4.066425832571184,43.8835078307219,146.53410557638065,190.41761340710255
LD,2024-04-21,2024,112,TRUE,-2.8853909578571146,7.158691626605591,4.273300668748476,40.99811687286479,153.69279720298624,194.69091407585103
LD,2024-04-22,2024,113,TRUE,-2.412616665302149,7.560255198361867,5.14763853305972,38.585500207562646,161.2530524013481,199.83855260891073
LD,2024-04-23,2024,114,TRUE,-0.6486452879965713,6.920697522395968,6.2720522343993945,37.93685491956607,168.17374992374405,206.1106048433101
LD,2024-04-24,2024,115,TRUE,-2.5386503142603423,8.291961967338406,5.753311653078065,35.39820460530573,176.46571189108246,211.86391649638819
LD,2024-04-25,2024,116,TRUE,-3.72016542859393,9.196206118704714,5.476040690110783,31.6780391767118,185.66191800978717,217.33995718649896
LD,2024-04-26,2024,117,TRUE,-3.5698345100566056,10.162402116429808,6.592567606373204,28.108204666655194,195.82432012621697,223.93252479287216
LD,2024-04-27,2024,118,TRUE,1.9238472909800606,6.509178385475974,8.433025676456035,30.032051957635254,202.33349851169294,232.36555046932818
LD,2024-04-28,2024,119,TRUE,3.6394273874040395,5.609637352935029,9.249064740339069,33.671479345039295,207.94313586462798,241.61461520966725
LD,2024-04-29,2024,120,TRUE,2.0224773387575614,6.508185402145219,8.530662740902779,35.693956683796856,214.4513212667732,250.14527795057003
LD,2024-04-30,2024,121,TRUE,-3.503808193179064,12.127161233425124,8.62335304024606,32.190148490617794,226.5784825001983,258.7686309908161
LD,2024-05-01,2024,122,TRUE,-2.1224462929727204,11.919157973986383,9.796711681013665,30.067702197645072,238.4976404741847,268.5653426718298
LD,2024-05-02,2024,123,TRUE,-3.59182733914979,13.383003235154003,9.791175896004214,26.47587485849528,251.8806437093387,278.35651856783403
LD,2024-05-03,2024,124,TRUE,4.0391485100621916,6.585425635233502,10.624574145295695,30.515023368557472,258.4660693445722,288.9810927131297
LD,2024-05-04,2024,125,TRUE,-4.478398113015631,14.67393143270602,10.195533319690389,26.036625255541843,273.1400007772782,299.17662603282014
LD,2024-05-05,2024,126,TRUE,-1.6337535486739703,10.841416610955736,9.207663062281764,24.402871706867874,283.9814173882339,308.3842890951019
LD,2024-05-06,2024,127,TRUE,-4.873511915504252,12.882318640416383,8.008806724912128,19.52935979136362,296.8637360286503,316.393095820014
LD,2024-05-07,2024,128,TRUE,0.39634317999092666,6.725764031599724,7.122107211590652,19.925702971354546,303.58950006025003,323.5152030316047
LD,2024-05-08,2024,129,TRUE,-3.0314032565201026,9.525474000502479,6.494070743982376,16.894299714834442,313.1149740607525,330.0092737755871
LD,2024-05-09,2024,130,TRUE,0.11586564677074061,5.706800214774867,5.822665861545607,17.010165361605182,318.8217742755274,335.8319396371327
LD,2024-05-10,2024,131,TRUE,-4.386404272666667,9.848105520800194,5.461701248133528,12.623761088938515,328.66987979632756,341.2936408852662
LD,2024-05-11,2024,132,TRUE,-2.9179144375880863,8.12644000918091,5.2085255715928245,9.705846651350429,336.79631980550846,346.502166456859
LD,2024-05-12,2024,133,TRUE,-4.1082255428428205,9.593242898883206,5.485017356040386,5.597621108507608,346.38956270439166,351.9871838128994
LD,2024-05-13,2024,134,TRUE,-3.210359798417285,10.006488490091028,6.79612869167374,2.3872613100903233,356.3960511944827,358.78331250457313
LD,2024-05-14,2024,135,TRUE,0.6628872672390342,5.685780937116571,6.3486682043556035,3.0501485773293577,362.0818321315993,365.1319807089287
LD,2024-05-15,2024,136,TRUE,-6.120951546001946,12.937910122451086,6.816958576449139,-3.070802968672588,375.01974225405036,371.94893928537783
LD,2024-05-16,2024,137,TRUE,-7.012141371092498,14.309660162821137,7.297518791728635,-10.082944339765085,389.3294024168715,379.24645807710647
LD,2024-05-17,2024,138,TRUE,-3.877407477669114,12.22656147715349,8.349153999484372,-13.960351817434198,401.555963894025,387.59561207659084
LD,2024-05-18,2024,139,TRUE,-5.125305761530135,13.836263650418687,8.710957888888549,-19.085657578964334,415.3922275444437,396.3065699654794
LD,2024-05-19,2024,140,TRUE,-4.597798730354089,14.80123269266178,10.20343396230769,-23.683456309318423,430.19346023710546,406.5100039277871
LD,2024-05-20,2024,141,TRUE,-2.9898456005771226,12.504312753259732,9.514467152682608,-26.673301909895546,442.6977729903652,416.0244710804697
LD,2024-05-21,2024,142,TRUE,-2.7457790128300608,13.036600913670277,10.29082190084022,-29.419080922725605,455.73437390403546,426.31529298130994
LD,2024-05-22,2024,143,TRUE,-3.280175507519998,14.25773409396107,10.977558586441072,-32.699256430245605,469.9921079979965,437.29285156775103
LD,2024-05-23,2024,144,TRUE,-5.323272810656509,15.359788823825712,10.036516013169201,-38.02252924090212,485.35189682182227,447.32936758092023
LD,2024-05-24,2024,145,TRUE,-5.779507789665734,15.997547292432952,10.218039502767216,-43.80203703056785,501.3494441142552,457.54740708368746
LD,2024-05-25,2024,146,TRUE,-4.276460327195436,14.793334522979388,10.516874195783949,-48.07849735776329,516.1427786372346,468.0642812794714
LD,2024-05-26,2024,147,TRUE,-1.8844030063392672,11.445047798306907,9.56064479196764,-49.96290036410256,527.5878264355415,477.62492607143906
LD,2024-05-27,2024,148,TRUE,-1.0735387380000003,10.272948879840175,9.199410141840172,-51.03643910210256,537.8607753153817,486.82433621327925
LD,2024-05-28,2024,149,TRUE,-6.9857112245693544,15.94574429214744,8.960033067578085,-58.02215032667192,553.8065196075291,495.78436928085733
LD,2024-05-29,2024,150,TRUE,-6.73520596998167,15.667784063046724,8.932578093065057,-64.75735629665358,569.4743036705759,504.7169473739224
LD,2024-05-30,2024,151,TRUE,-6.720148629594723,15.074211046731122,8.3540624171364,-71.4775049262483,584.548514717307,513.0710097910588
LD,2024-05-31,2024,152,TRUE,-5.128623478577411,13.72929618196742,8.600672703390012,-76.60612840482571,598.2778108992744,521.6716824944489
LD,2024-06-01,2024,153,TRUE,-2.664905366325522,11.239316590449102,8.574411224123578,-79.27103377115124,609.5171274897235,530.2460937185724
LD,2024-06-02,2024,154,TRUE,-5.788518590707834,14.437283450154576,8.648764859446741,-85.05955236185908,623.9544109398781,538.8948585780191
LD,2024-06-03,2024,155,TRUE,-6.109863471559899,14.87899298439889,8.769129512838989,-91.16941583341898,638.833403924277,547.6639880908581
LD,2024-06-04,2024,156,TRUE,-4.993595522814545,16.15607782781524,11.162482305000696,-96.16301135623353,654.9894817520923,558.8264703958588
LD,2024-06-05,2024,157,TRUE,-0.12062291764043041,12.60386213138126,12.48323921374083,-96.28363427387396,667.5933438834735,571.3097096095996
LD,2024-06-06,2024,158,TRUE,-3.1569077047878893,14.750066487388333,11.593158782600444,-99.44054197866184,682.3434103708619,582.9028683922
LD,2024-06-07,2024,159,TRUE,-0.7553831744065403,11.468087889840842,10.7127047154343,-100.19592515306839,693.8114982607027,593.6155731076343
LD,2024-06-08,2024,160,TRUE,0.8051301334073434,9.365350536527309,10.170480669934655,-99.39079501966104,703.17684879723,603.786053777569
LD,2024-06-09,2024,161,TRUE,-0.9050481639598182,10.695410602413906,9.790362438454089,-100.29584318362086,713.8722593996439,613.5764162160231
LD,2024-06-10,2024,162,TRUE,-3.4850076292839165,12.460822975790041,8.975815346506128,-103.78085081290477,726.333082375434,622.5522315625292
LD,2024-06-11,2024,163,TRUE,-3.2319281202240955,12.33308754268915,9.101159422465056,-107.01277893312887,738.666169918123,631.6533909849942
LD,2024-06-12,2024,164,TRUE,-4.321056177672593,13.432198707022629,9.111142529350033,-111.33383511080146,752.0983686251457,640.7645335143442
LD,2024-06-13,2024,165,TRUE,-4.503925356783376,13.757819397230401,9.25389404044702,-115.83776046758483,765.856188022376,650.0184275547912
LD,2024-06-14,2024,166,TRUE,-5.234477022323429,13.294094758968248,8.05961773664482,-121.07223748990826,779.1502827813443,658.078045291436
LD,2024-06-15,2024,167,TRUE,-3.654302776120048,11.173724224494553,7.519421448374505,-124.72654026602831,790.3240070058389,665.5974667398104
LD,2024-06-16,2024,168,TRUE,-4.103994938678066,12.012222689713838,7.90822775103577,-128.83053520470636,802.3362296955527,673.5056944908462
LD,2024-06-17,2024,169,TRUE,-4.8918463466399995,13.297666232490386,8.40581988585038,-133.72238155134636,815.6338959280431,681.9115143766966
LD,2024-06-18,2024,170,TRUE,-5.354957026304561,14.244381820722094,8.889424794417533,-139.07733857765092,829.8782777487652,690.8009391711141
LD,2024-06-19,2024,171,TRUE,-2.9540354173200005,13.02543463149036,10.071399214170357,-142.03137399497092,842.9037123802556,700.8723383852845
LD,2024-06-20,2024,172,TRUE,-1.6276856046128263,12.125153070897467,10.497467466284638,-143.65905959958374,855.028865451153,711.3698058515691
LD,2024-06-21,2024,173,TRUE,-3.664418486045042,14.744816811926123,11.080398325881086,-147.32347808562878,869.7736822630792,722.4502041774502
LD,2024-06-22,2024,174,TRUE,2.1586510669495675,9.295210443770026,11.453861510719598,-145.1648270186792,879.0688927068492,733.9040656881698
LD,2024-06-23,2024,175,TRUE,2.6133552318059565,8.73515337496258,11.348508606768533,-142.55147178687324,887.8040460818117,745.2525742949383
LD,2024-06-24,2024,176,TRUE,-3.49571526018351,15.056111827880372,11.560396567696857,-146.04718704705675,902.8601579096921,756.8129708626352
LD,2024-06-25,2024,177,TRUE,-1.1747850106982811,13.888181130074814,12.713396119376528,-147.22197205775504,916.748339039767,769.5263669820117
LD,2024-06-26,2024,178,TRUE,0.973570811596359,11.764916198843194,12.738487010439549,-146.2484012461587,928.5132552386101,782.2648539924513
LD,2024-06-27,2024,179,TRUE,-4.367312411033345,15.522577478435178,11.155265067401832,-150.61571365719203,944.0358327170453,793.4201190598532
LD,2024-06-28,2024,180,TRUE,-0.888642638157324,12.16999378688399,11.281351148726669,-151.50435629534937,956.2058265039293,804.7014702085798
LD,2024-06-29,2024,181,TRUE,-0.2091015664251731,12.606286850183121,12.39718528375795,-151.71345786177454,968.8121133541124,817.0986554923378
LD,2024-06-30,2024,182,TRUE,-4.900330663118642,15.874300903685757,10.97397024056711,-156.61378852489318,984.6864142577981,828.072625732905
LD,2024-07-01,2024,183,TRUE,-5.655828098666343,15.670219826492142,10.014391727825798,-162.26961662355953,1000.3566340842902,838.0870174607307
LD,2024-07-02,2024,184,TRUE,-0.13968376154415751,10.44898734268403,10.309303581139872,-162.40930038510368,1010.8056214269743,848.3963210418706
LD,2024-07-03,2024,185,TRUE,-1.299261166682038,12.46934431754578,11.170083150863745,-163.70856155178572,1023.27496574452,859.5664041927344
LD,2024-07-04,2024,186,TRUE,-4.896290777723562,16.27070529088265,11.374414513159087,-168.60485232950927,1039.5456710354026,870.9408187058934
LD,2024-07-05,2024,187,TRUE,-4.520878052269293,15.598398364724764,11.077520312455471,-173.12573038177857,1055.1440694001274,882.0183390183489
LD,2024-07-06,2024,188,TRUE,-3.363146938373181,13.77504236911871,10.411895430745531,-176.48887732015174,1068.919111769246,892.4302344490944
LD,2024-07-07,2024,189,TRUE,-3.3611869673476362,13.276287651925998,9.915100684578361,-179.85006428749938,1082.195399421172,902.3453351336727
LD,2024-07-08,2024,190,TRUE,-2.7084161917427427,12.066000578145463,9.357584386402719,-182.55848047924212,1094.2613999993173,911.7029195200754
LD,2024-07-09,2024,191,TRUE,-3.0600621631531513,11.928601858417885,8.868539695264737,-185.61854264239528,1106.190001857735,920.5714592153402
LD,2024-07-10,2024,192,TRUE,-3.1510673897633494,11.519614384489593,8.368546994726247,-188.76961003215862,1117.7096162422247,928.9400062100664
LD,2024-07-11,2024,193,TRUE,-5.3381405638848545,13.285264003138948,7.9471234392540975,-194.10775059604347,1130.9948802453637,936.8871296493205
LD,2024-07-12,2024,194,TRUE,-3.400943439026313,11.11738456452526,7.716441125498948,-197.5086940350698,1142.112264809889,944.6035707748194
LD,2024-07-13,2024,195,TRUE,-5.243318098893926,12.533032844414743,7.289714745520815,-202.75201213396372,1154.6452976543037,951.8932855203402
LD,2024-07-14,2024,196,TRUE,-1.9242806842822864,10.894557674066021,8.970276989783734,-204.676292818246,1165.5398553283696,960.863562510124
LD,2024-07-15,2024,197,TRUE,-2.914964151854318,17.422548340152275,14.507584188297956,-207.59125697010032,1182.9624036685218,975.371146698422
LD,2024-07-16,2024,198,TRUE,0.5298899529974747,15.41731410421685,15.947204057214325,-207.06136701710284,1198.3797177727386,991.3183507556363
LD,2024-07-17,2024,199,TRUE,-7.427401843100945,21.972273661043015,14.544871817942068,-214.48876886020378,1220.3519914337817,1005.8632225735784
LD,2024-07-18,2024,200,TRUE,-3.775905493760603,16.542879275734567,12.766973781973967,-218.26467435396438,1236.8948707095162,1018.6301963555524
LD,2024-07-19,2024,201,TRUE,-4.120810131490764,16.329772682759867,12.208962551269103,-222.38548448545515,1253.224643392276,1030.8391589068215
LD,2024-07-20,2024,202,TRUE,-3.2877226612275936,15.179404596490516,11.891681935262921,-225.67320714668276,1268.4040479887665,1042.7308408420845
LD,2024-07-21,2024,203,TRUE,-4.462561515656863,16.216234108513273,11.75367259285642,-230.13576866233961,1284.6202820972796,1054.484513434941
LD,2024-07-22,2024,204,TRUE,-5.714540637980343,16.794953287961533,11.080412649981193,-235.85030930031996,1301.4152353852412,1065.564926084922
LD,2024-07-23,2024,205,TRUE,-3.7751871899036518,13.670377022946427,9.895189833042778,-239.6254964902236,1315.0856124081877,1075.460115917965
LD,2024-07-24,2024,206,TRUE,-3.1093704137227918,12.524278545320556,9.414908131597764,-242.7348669039464,1327.6098909535083,1084.8750240495626
LD,2024-07-25,2024,207,TRUE,-5.728158135625555,14.069630477699327,8.34147234207377,-248.46302503957196,1341.6795214312076,1093.2164963916364
LD,2024-07-26,2024,208,TRUE,-3.9761468314659134,12.924554012861922,8.948407181396009,-252.43917187103787,1354.6040754440696,1102.1649035730325
LD,2024-07-27,2024,209,TRUE,-3.836795837886871,13.872970737793533,10.03617489990666,-256.2759677089247,1368.4770461818632,1112.2010784729391
LD,2024-07-28,2024,210,TRUE,-4.558983871212004,15.204776780235976,10.645792909023971,-260.8349515801367,1383.6818229620992,1122.8468713819632
LD,2024-07-29,2024,211,TRUE,-1.4200713067823045,13.368730619494666,11.948659312712362,-262.255022886919,1397.050553581594,1134.7955306946756
LD,2024-07-30,2024,212,TRUE,-2.804759301618985,15.315973377196785,12.5112140755778,-265.05978218853795,1412.3665269587907,1147.3067447702533
LD,2024-07-31,2024,213,TRUE,-2.2913513593546417,15.048748970198657,12.757397610844015,-267.3511335478926,1427.4152759289893,1160.0641423810973
LD,2024-08-01,2024,214,TRUE,-1.8777927927226523,13.98676453039001,12.108971737667362,-269.2289263406152,1441.4020404593794,1172.1731141187647
LD,2024-08-02,2024,215,TRUE,-1.016098706530797,12.538393539933836,11.522294833403034,-270.245025047146,1453.9404339993132,1183.6954089521678
LD,2024-08-03,2024,216,TRUE,-3.6883072951664375,14.71613788022803,11.027830585061592,-273.93333234231244,1468.6565718795412,1194.7232395372293
LD,2024-08-04,2024,217,TRUE,-4.562462624649948,14.525561494860222,9.963098870210272,-278.49579496696236,1483.1821333744015,1204.6863384074395
LD,2024-08-05,2024,218,TRUE,-0.4430733968700499,9.638769597052246,9.195696200182198,-278.9388683638324,1492.8209029714537,1213.8820346076218
LD,2024-08-06,2024,219,TRUE,-1.7274751188526025,9.47360149287665,7.746126374024048,-280.666343482685,1502.2945044643304,1221.6281609816458
LD,2024-08-07,2024,220,TRUE,-5.460062958859063,12.567686547160042,7.10762358830098,-286.1264064415441,1514.8621910114905,1228.7357845699469
LD,2024-08-08,2024,221,TRUE,-5.246208811701716,11.747010717062057,6.500801905360341,-291.3726152532458,1526.6092017285525,1235.2365864753071
LD,2024-08-09,2024,222,TRUE,-3.9062620347643486,9.69978195419672,5.793519919432371,-295.2788772880101,1536.3089836827492,1241.0301063947395
LD,2024-08-10,2024,223,TRUE,-4.607454647152731,10.004378888089182,5.396924240936453,-299.88633193516284,1546.3133625708383,1246.427030635676
LD,2024-08-11,2024,224,TRUE,-4.900836319632978,10.911774162028681,6.0109378423957,-304.7871682547958,1557.225136732867,1252.4379684780715
LD,2024-08-12,2024,225,TRUE,-5.80105564847282,12.206434902762528,6.4053792542897074,-310.5882239032686,1569.4315716356296,1258.8433477323613
LD,2024-08-13,2024,226,TRUE,-4.564948342579039,11.22440673433459,6.6594583917555505,-315.15317224584766,1580.655978369964,1265.502806124117
LD,2024-08-14,2024,227,TRUE,-2.487059142692707,9.253543525705007,6.766484383012302,-317.64023138854037,1589.909521895669,1272.2692905071292
LD,2024-08-15,2024,228,TRUE,-1.683375196013687,8.357104473475893,6.673729277462203,-319.32360658455406,1598.266626369145,1278.9430197845913
LD,2024-08-16,2024,229,TRUE,-1.5201086472719996,8.420151262792293,6.900042615520294,-320.8437152318261,1606.6867776319373,1285.8430624001116
LD,2024-08-17,2024,230,TRUE,-1.087887356352,8.853428991126693,7.76554163477469,-321.93160258817807,1615.540206623064,1293.6086040348864
LD,2024-08-18,2024,231,TRUE,-1.681010751155205,10.035816640333639,8.354805889178433,-323.6126133393333,1625.5760232633977,1301.9634099240648
LD,2024-08-19,2024,232,TRUE,-2.9871722026789516,11.779010991352516,8.79183878867356,-326.5997855420122,1637.3550342547503,1310.7552487127384
LD,2024-08-20,2024,233,TRUE,-6.216618250023433,15.271133335171783,9.054515085148353,-332.81640379203566,1652.626167589922,1319.8097637978867
LD,2024-08-21,2024,234,TRUE,-5.888428709372163,15.715837865285389,9.827409155913225,-338.7048325014078,1668.3420054552075,1329.6371729538
LD,2024-08-22,2024,235,TRUE,-7.024328281704087,17.74890984304058,10.724581561336493,-345.72916078311187,1686.090915298248,1340.3617545151365
LD,2024-08-23,2024,236,TRUE,-8.012717203363069,18.080994919721697,10.06827771635863,-353.74187798647495,1704.1719102179698,1350.430032231495
LD,2024-08-24,2024,237,TRUE,-1.4483760419399987,11.417102485265199,9.968726443325199,-355.1902540284149,1715.5890127032349,1360.3987586748203
LD,2024-08-25,2024,238,TRUE,1.4060129005388575,10.121542659819331,11.527555560358188,-353.78424112787604,1725.7105553630543,1371.9263142351786
LD,2024-08-26,2024,239,TRUE,1.3768286382694275,11.555237332372728,12.932065970642153,-352.4074124896066,1737.265792695427,1384.8583802058206
LD,2024-08-27,2024,240,TRUE,0.19692528076524676,13.768329188105405,13.965254468870652,-352.21048720884136,1751.0341218835324,1398.8236346746912
LD,2024-08-28,2024,241,TRUE,-1.8808976239640514,16.157162983831498,14.276265359867443,-354.09138483280543,1767.191284867364,1413.0999000345587
LD,2024-08-29,2024,242,TRUE,-2.1437707927261616,17.393849377501258,15.250078584775096,-356.2351556255316,1784.5851342448652,1428.3499786193338
LD,2024-08-30,2024,243,TRUE,-1.8423370656787714,14.166958464409605,12.32462139873084,-358.07749269121035,1798.7520927092748,1440.6746000180647
LD,2024-08-31,2024,244,TRUE,-0.8953250667649055,9.362755090226159,8.467430023461253,-358.97281775797524,1808.114847799501,1449.142030041526
LD,2024-09-01,2024,245,TRUE,0.5545345023515639,4.058846940925867,4.613381443277434,-358.4182832556237,1812.1736947404268,1453.7554114848033
LD,2024-09-02,2024,246,TRUE,-3.347487696874092,4.99536824754437,1.647880550670278,-361.7657709524978,1817.169062987971,1455.4032920354737
LD,2024-09-03,2024,247,TRUE,-2.433394094242091,4.0098005121448965,1.5764064179028046,-364.1991650467399,1821.178863500116,1456.9796984533764
LD,2024-09-04,2024,248,TRUE,-2.5728555363801435,4.319026724652291,1.7461711882721473,-366.77202058312,1825.4978902247683,1458.7258696416486
LD,2024-09-05,2024,249,TRUE,-2.5872968126341713,4.483122085828672,1.8958252731945002,-369.3593173957542,1829.981012310597,1460.6216949148431
LD,2024-09-06,2024,250,TRUE,-2.981358386280593,5.048047189202774,2.0666888029221804,-372.3406757820348,1835.0290594997998,1462.6883837177654
LD,2024-09-07,2024,251,TRUE,-2.256873445544662,4.504360429289496,2.2474869837448344,-374.59754922757946,1839.5334199290894,1464.9358707015103
LD,2024-09-08,2024,252,TRUE,-1.74479663879893,4.15031667209166,2.405520033292728,-376.34234586637837,1843.683736601181,1467.341390734803
LD,2024-09-09,2024,253,TRUE,-3.4380172034331427,5.948700025221258,2.5106828217881167,-379.78036306981153,1849.6324366264023,1469.8520735565912
LD,2024-09-10,2024,254,TRUE,-3.4971081705514293,6.15617831527214,2.659070144720711,-383.27747124036296,1855.7886149416745,1472.511143701312
LD,2024-09-11,2024,255,TRUE,-3.4374995247553306,6.270509722347109,2.8330101975917774,-386.71497076511827,1862.0591246640215,1475.3441538989039
LD,2024-09-12,2024,256,TRUE,-1.269921688244888,4.274896088537507,3.0049744002926184,-387.98489245336316,1866.3340207525591,1478.3491282991965
LD,2024-09-13,2024,257,TRUE,-2.140166747291087,5.448284999809215,3.308118252518126,-390.1250592006542,1871.7823057523683,1481.6572465517147
LD,2024-09-14,2024,258,TRUE,-1.4415514013111699,4.901190792423024,3.459639391111853,-391.5666106019654,1876.6834965447913,1485.1168859428265
LD,2024-09-15,2024,259,TRUE,-1.2719223825851511,4.965038377400797,3.6931159948156442,-392.83853298455057,1881.648534922192,1488.810001937642
LD,2024-09-16,2024,260,TRUE,-1.6762650309011071,5.552445052736056,3.8761800218349474,-394.5147980154517,1887.200979974928,1492.686181959477
LD,2024-09-17,2024,261,TRUE,-1.3854388234155637,5.134101515325214,3.7486626919096513,-395.9002368388672,1892.3350814902533,1496.4348446513866
LD,2024-09-18,2024,262,TRUE,-1.442287946928928,5.131585708112672,3.689297761183744,-397.3425247857961,1897.466667198366,1500.1241424125703
LD,2024-09-19,2024,263,TRUE,-1.4157669076132517,5.305125027979281,3.8893581203660292,-398.7582916934094,1902.7717922263453,1504.0135005329364
LD,2024-09-20,2024,264,TRUE,-0.29428995404353775,4.357302253290664,4.063012299247126,-399.05258164745294,1907.129094479636,1508.0765128321834
LD,2024-09-21,2024,265,TRUE,-0.05972700941107255,4.562123151523801,4.502396142112729,-399.112308656864,1911.6912176311598,1512.5789089742962
LD,2024-09-22,2024,266,TRUE,2.441059537670843,2.9111784109132492,5.352237948584091,-396.67124911919313,1914.602396042073,1517.9311469228803
LD,2024-09-23,2024,267,TRUE,0.3826220762487361,5.625437093950906,6.008059170199643,-396.2886270429444,1920.227833136024,1523.93920609308
LD,2024-09-24,2024,268,TRUE,5.5858098205137034,1.12297551987616,6.70878534038986,-390.7028172224307,1921.3508086559002,1530.6479914334698
LD,2024-09-25,2024,269,TRUE,1.991057004365015,5.02328270078537,7.0143397051503875,-388.7117602180657,1926.3740913566855,1537.6623311386202
LD,2024-09-26,2024,270,TRUE,-0.37024117537379897,6.869328260506079,6.49908708513228,-389.0820013934395,1933.2434196171916,1544.1614182237524
LD,2024-09-27,2024,271,TRUE,0.43113219336889963,5.993859512029831,6.424991705398729,-388.6508692000706,1939.2372791292214,1550.5864099291512
LD,2024-09-28,2024,272,TRUE,1.1333162929085454,5.525783815307634,6.659100108216178,-387.51755290716204,1944.763062944529,1557.2455100373672
LD,2024-09-29,2024,273,TRUE,-0.21253514502095497,6.791290159546966,6.578755014526009,-387.730088052183,1951.554353104076,1563.8242650518932
LD,2024-09-30,2024,274,TRUE,0.5008223266040251,5.592191300497932,6.0930136271019535,-387.229265725579,1957.146544404574,1569.9172786789952
LD,2024-10-01,2024,275,TRUE,2.0333665161948686,3.522459809487487,5.5558263256823555,-385.19589920938415,1960.6690042140615,1575.4731050046776
LD,2024-10-02,2024,276,TRUE,-1.3795179953287033,5.96666712568501,4.587149130356308,-386.57541720471283,1966.6356713397465,1580.0602541350338
LD,2024-10-03,2024,277,TRUE,-1.1521496618238771,6.14505622238118,4.992906560557305,-387.72756686653673,1972.7807275621276,1585.053160695591
LD,2024-10-04,2024,278,TRUE,-0.22331569225216302,4.883979544365187,4.660663852113024,-387.9508825587889,1977.6647071064929,1589.713824547704
LD,2024-10-05,2024,279,TRUE,-1.1742456736205835,5.422448589058968,4.248202915438384,-389.1251282324095,1983.087155695552,1593.9620274631425
LD,2024-10-06,2024,280,TRUE,-0.667804517157599,5.567342160409426,4.899537643251827,-389.7929327495671,1988.6544978559614,1598.8615651063942
LD,2024-10-07,2024,281,TRUE,-0.2290425286304518,4.741202198690863,4.51215967006041,-390.02197527819754,1993.3957000546523,1603.3737247764545
LD,2024-10-08,2024,282,TRUE,-1.0118329814699663,5.668192098516137,4.6563591170461684,-391.0338082596675,1999.0638921531684,1608.0300838935007
LD,2024-10-09,2024,283,TRUE,-1.7951887874928996,6.391454487302143,4.596265699809243,-392.82899704716044,2005.4553466404705,1612.62634959331
LD,2024-10-10,2024,284,TRUE,-1.3153301044646255,6.394226851057738,5.078896746593111,-394.1443271516251,2011.8495734915282,1617.705246339903
LD,2024-10-11,2024,285,TRUE,-0.6442439531545159,6.797723186189101,6.153479233034587,-394.7885711047796,2018.6472966777173,1623.8587255729376
LD,2024-10-12,2024,286,TRUE,0.4870400909893482,5.603707294198596,6.090747385187946,-394.3015310137902,2024.251003971916,1629.9494729581256
LD,2024-10-13,2024,287,TRUE,3.3111793385937656,2.2761146138573607,5.587293952451128,-390.99035167519645,2026.5271185857732,1635.5367669105767
LD,2024-10-14,2024,288,TRUE,-0.9139159406042849,6.019650444144311,5.105734503540026,-391.90426761580073,2032.5467690299176,1640.6425014141169
LD,2024-10-15,2024,289,TRUE,-1.5820777905185701,6.3711502750588975,4.789072484540327,-393.4863454063193,2038.9179193049765,1645.4315738986572
LD,2024-10-16,2024,290,TRUE,-1.4044424810050224,6.659054574260923,5.254612093255902,-394.89078788732434,2045.5769738792374,1650.6861859919131
LD,2024-10-17,2024,291,TRUE,-1.1457976646456831,5.900274231170399,4.754476566524715,-396.03658555197,2051.477248110408,1655.440662558438
LD,2024-10-18,2024,292,TRUE,-0.48442611784383743,5.205368232596621,4.720942114752783,-396.52101166981384,2056.6826163430046,1660.1616046731906
LD,2024-10-19,2024,293,TRUE,-0.9738419994119796,5.040423305255064,4.066581305843086,-397.49485366922585,2061.7230396482596,1664.2281859790337
LD,2024-10-20,2024,294,TRUE,0.03125337276409659,3.989708018317943,4.020961391082039,-397.4636002964618,2065.7127476665773,1668.2491473701157
LD,2024-10-21,2024,295,TRUE,0.6281250540486156,3.600218198413049,4.228343252461664,-396.83547524241317,2069.3129658649905,1672.4774906225773
LD,2024-10-22,2024,296,TRUE,0.602403684902868,3.3655906584585757,3.9679943433614415,-396.2330715575103,2072.678556523449,1676.4454849659387
LD,2024-10-23,2024,297,TRUE,-0.1745763583715845,3.976804881149976,3.8022285227783916,-396.4076479158819,2076.6553614045993,1680.2477134887172
LD,2024-10-24,2024,298,TRUE,-1.5504816462213467,4.545037052196502,2.994555405975155,-397.95812956210324,2081.200398456796,1683.2422688946924
LD,2024-10-25,2024,299,TRUE,1.1794803178242943,2.037175636144864,3.2166559539691586,-396.77864924427894,2083.2375740929406,1686.4589248486616
LD,2024-10-26,2024,300,TRUE,-1.6508865237636936,4.712537780521006,3.061651256757313,-398.4295357680426,2087.9501118734615,1689.520576105419
LD,2024-10-27,2024,301,TRUE,-0.3606788290985663,3.0516331212689396,2.6909542921703737,-398.7902145971412,2091.0017449947304,1692.2115303975893
LD,2024-10-28,2024,302,TRUE,-1.4814683466538496,4.561503194919706,3.0800348482658553,-400.27168294379504,2095.56324818965,1695.291565245855
LD,2024-10-29,2024,303,TRUE,0.9605102331923668,2.9135826596187884,3.874092892811154,-399.31117271060265,2098.476830849269,1699.1656581386662
LD,2024-10-30,2024,304,TRUE,1.8741967533360004,2.4934265173612014,4.3676232706972025,-397.43697595726667,2100.97025736663,1703.5332814093633
LD,2024-10-31,2024,305,TRUE,4.054606036056001,0.21698146576472777,4.2715875018207266,-393.3823699212107,2101.1872388323945,1707.804868911184
LD,2024-11-01,2024,306,FALSE,0.38313768826779837,2.846300756065409,3.229438444333207,-392.99923223294286,2104.03353958846,1711.0343073555173
LD,2024-11-02,2024,307,FALSE,0.20384048858060744,2.7364285576049348,2.940269046185542,-392.79539174436223,2106.769968146065,1713.9745764017027
LD,2024-11-03,2024,308,FALSE,0.18078867383597114,3.4128705123604774,3.593659186196449,-392.61460307052624,2110.182838658425,1717.5682355878992
LD,2024-11-04,2024,309,FALSE,7.190760529230905,-2.5877174438350874,4.603043085395819,-385.42384254129536,2107.59512121459,1722.1712786732949
LD,2024-11-05,2024,310,FALSE,6.5969031012647,-1.4206409011471044,5.1762622001175975,-378.8269394400307,2106.174480313443,1727.3475408734125
LD,2024-11-06,2024,311,FALSE,2.829172778862074,1.712319599396794,4.5414923782588685,-375.9977666611686,2107.8867999128397,1731.8890332516714
LD,2024-11-07,2024,312,FALSE,1.1987979280915884,2.7476468634520095,3.946444791543598,-374.798968733077,2110.6344467762915,1735.835478043215
LD,2024-11-08,2024,313,FALSE,0.7801166679876854,3.0817780478019765,3.8618947157896604,-374.01885206508933,2113.7162248240934,1739.6973727590048
LD,2024-11-09,2024,314,FALSE,0.28529893615444835,3.0662436584874557,3.3515425946419053,-373.7335531289349,2116.782468482581,1743.0489153536466
LD,2024-11-10,2024,315,FALSE,1.8704864348237222,1.6839151001376043,3.554401534961326,-371.8630666941112,2118.4663835827187,1746.6033168886079
LD,2024-11-11,2024,316,FALSE,1.9615393762616469,1.4749059052919027,3.436445281553549,-369.9015273178495,2119.9412894880106,1750.0397621701613
LD,2024-11-12,2024,317,FALSE,0.1908555380644511,2.3785911446855956,2.5694466827500473,-369.71067177978506,2122.3198806326964,1752.6092088529115
LD,2024-11-13,2024,318,FALSE,0.24096596009735077,2.2661532737002155,2.507119233797566,-369.4697058196877,2124.5860339063966,1755.116328086709
LD,2024-11-14,2024,319,FALSE,2.030986557130982,0.6205691290248405,2.651555686155823,-367.43871926255673,2125.2066030354213,1757.767883772865
LD,2024-11-15,2024,320,FALSE,1.4943062971696968,1.0937004419461631,2.5880067391158605,-365.944412965387,2126.3003034773674,1760.3558905119808
LD,2024-11-16,2024,321,FALSE,1.0827798228101724,1.3967438515386559,2.479523674348828,-364.86163314257686,2127.697047328906,1762.8354141863297
LD,2024-11-17,2024,322,FALSE,0.6127841287224,2.06479433942183,2.677578468144229,-364.24884901385445,2129.761841668328,1765.512992654474
LD,2024-11-18,2024,323,FALSE,0.3688182281747484,2.441080171564543,2.8098983997392915,-363.8800307856797,2132.2029218398925,1768.3228910542132
LD,2024-11-19,2024,324,FALSE,-0.004227284721310211,3.42564509004112,3.421417805319809,-363.884258070401,2135.6285669299336,1771.744308859533
LD,2024-11-20,2024,325,FALSE,-0.30998004033976184,3.401463896899378,3.0914838565596163,-364.1942381107408,2139.030030826833,1774.8357927160926
LD,2024-11-21,2024,326,FALSE,0.506385159946295,2.1702502252256886,2.6766353851719833,-363.6878529507945,2141.2002810520585,1777.5124281012645
LD,2024-11-22,2024,327,FALSE,1.0115163715095938,1.9754174492280077,2.9869338207376015,-362.6763365792849,2143.1756985012867,1780.4993619220022
LD,2024-11-23,2024,328,FALSE,2.571263967981512,0.6421316552063159,3.2133956231878273,-360.1050726113034,2143.817830156493,1783.71275754519
LD,2024-11-24,2024,329,FALSE,0.5518373295924576,2.625049917801821,3.176887247394279,-359.55323528171095,2146.442880074295,1786.8896447925842
LD,2024-11-25,2024,330,FALSE,1.3284726704220602,1.6288530455109123,2.9573257159329738,-358.2247626112889,2148.0717331198057,1789.8469705085172
LD,2024-11-26,2024,331,FALSE,1.0060474854622126,1.615632540308646,2.621680025770859,-357.2187151258267,2149.687365660114,1792.4686505342881
LD,2024-11-27,2024,332,FALSE,1.1766133327843886,1.4108870948526844,2.587500427637073,-356.0421017930423,2151.098252754967,1795.0561509619251
LD,2024-11-28,2024,333,FALSE,1.2398890023865863,1.2972055240629266,2.537094526449513,-354.80221279065574,2152.3954582790298,1797.5932454883746
LD,2024-11-29,2024,334,FALSE,1.4828382986145277,1.135844221797137,2.6186825204116646,-353.3193744920412,2153.5313025008268,1800.2119280087863
LD,2024-11-30,2024,335,FALSE,1.4271338981341886,1.175884339751777,2.603018237885965,-351.89224059390705,2154.7071868405787,1802.8149462466722
LD,2024-12-01,2024,336,FALSE,0.6320970022472185,1.9252457701690335,2.557342772416252,-351.2601435916598,2156.632432610748,1805.3722890190884
LD,2024-12-02,2024,337,FALSE,1.0086973528837908,1.4978531039388274,2.506550456822619,-350.251446238776,2158.1302857146866,1807.878839475911
LD,2024-12-03,2024,338,FALSE,1.3349078483682602,1.0042850802101844,2.3391929285784445,-348.91653839040777,2159.1345707948967,1810.2180324044896
LD,2024-12-04,2024,339,FALSE,1.3725292134532314,0.8618023167523815,2.234331530205613,-347.54400917695455,2159.996373111649,1812.452363934695
LD,2024-12-05,2024,340,FALSE,1.3449830978328952,0.8126057097174301,2.1575888075503253,-346.19902607912167,2160.8089788213665,1814.6099527422455
LD,2024-12-06,2024,341,FALSE,1.3519685848263616,0.6542008622419613,2.0061694470683227,-344.8470574942953,2161.4631796836084,1816.6161221893137
LD,2024-12-07,2024,342,FALSE,1.0455423653412437,0.24256762160447895,1.288109986945722,-343.80151512895407,2161.7057473052128,1817.9042321762595
LD,2024-12-08,2024,343,FALSE,-0.14911516442828598,1.701698570587103,1.5525834061588175,-343.95063029338235,2163.4074458758,1819.4568155824184
LD,2024-12-09,2024,344,FALSE,1.2642676407952678,0.5617649695922087,1.8260326103874764,-342.6863626525871,2163.9692108453924,1821.2828481928059
LD,2024-12-10,2024,345,FALSE,1.4709898152634278,0.4027787105941892,1.8737685258576173,-341.2153728373237,2164.3719895559866,1823.1566167186636
LD,2024-12-11,2024,346,FALSE,1.4158322751508896,0.353803554662415,1.7696358298133046,-339.7995405621728,2164.725793110649,1824.926252548477
LD,2024-12-12,2024,347,FALSE,1.2071644834355362,-0.06375108663362863,1.143413396801908,-338.5923760787373,2164.6620420240156,1826.0696659452788
LD,2024-12-13,2024,348,FALSE,0.45478114622228544,0.6733943526024354,1.128175498824721,-338.137594932515,2165.335436376618,1827.1978414441035
LD,2024-12-14,2024,349,FALSE,0.146382145344,1.0208146504176197,1.1671967957616196,-337.99121278717104,2166.356251027036,1828.365038239865
LD,2024-12-15,2024,350,FALSE,-0.5172566552189131,2.271056205918757,1.7537995506998454,-338.5084694423899,2168.6273072329545,1830.1188377905648
LD,2024-12-16,2024,351,FALSE,3.8680973471579954,-1.8015120715246842,2.0665852756333125,-334.64037209523195,2166.82579516143,1832.1854230661982
LD,2024-12-17,2024,352,FALSE,1.7033224573766976,0.01642007728468544,1.7197425346613835,-332.93704963785524,2166.8422152387147,1833.9051656008596
LD,2024-12-18,2024,353,FALSE,1.1872031378035386,0.19829063161737426,1.3854937694209128,-331.7498465000517,2167.0405058703323,1835.2906593702805
LD,2024-12-19,2024,354,FALSE,0.6803648237436192,0.3866005741648609,1.0669653979084806,-331.0694816763081,2167.427106444497,1836.357624768189
LD,2024-12-20,2024,355,FALSE,0.2198499762082723,0.7016918325040133,0.9215418087122856,-330.84963170009985,2168.128798277001,1837.2791665769014
LD,2024-12-21,2024,356,FALSE,0.7131384735398822,0.0038653127557039192,0.7170037862955867,-330.13649322656,2168.1326635897567,1837.996170363197
LD,2024-12-22,2024,357,FALSE,0.7076820278891481,-0.2306269923877966,0.47705503550135153,-329.42881119867087,2167.902036597369,1838.4732253986983
LD,2024-12-23,2024,358,FALSE,1.0693207605729556,-0.32583323896991057,0.7434875216030449,-328.3594904380979,2167.5762033583987,1839.2167129203015
LD,2024-12-24,2024,359,FALSE,0.8786628313796578,0.03701919696553726,0.915682028345195,-327.48082760671826,2167.6132225553642,1840.1323949486466
LD,2024-12-25,2024,360,FALSE,0.6778576623274775,0.3374760601521633,1.0153337224796408,-326.8029699443908,2167.9506986155166,1841.1477286711263
LD,2024-12-26,2024,361,FALSE,0.7994296842078957,0.39804328965642666,1.197472973864322,-326.0035402601829,2168.348741905173,1842.3452016449905
LD,2024-12-27,2024,362,FALSE,1.1864059291112123,0.320074308217434,1.5064802373286463,-324.81713433107166,2168.6688162133905,1843.851681882319
LD,2024-12-28,2024,363,FALSE,1.3842536967300187,0.42103747608952075,1.8052911728195393,-323.43288063434164,2169.08985368948,1845.6569730551387
LD,2024-12-29,2024,364,FALSE,1.5923591269846127,0.06608687126910133,1.6584459982537134,-321.84052150735704,2169.155940560749,1847.3154190533924
LD,2024-12-30,2024,365,FALSE,0.14473648520125515,1.4420045205577885,1.5867410057590439,-321.6957850221558,2170.597945081307,1848.9021600591514
LD,2024-12-31,2024,366,FALSE,1.2168170108894876,0.16522512407772955,1.3820421349672172,-320.4789680112663,2170.7631702053845,1850.2842021941185
LD,2025-01-01,2024,1,FALSE,0.2719801532772631,0.026854278768177406,0.29883443204544063,-320.2069878579891,2170.7900244841526,1850.583036626164
MD,2024-01-01,2024,1,FALSE,0.2852295999767999,0.4379243203664749,0.7231539203432749,0.2852295999767999,0.4379243203664749,0.7231539203432749
MD,2024-01-02,2024,2,FALSE,0.30555387648000015,0.6796426301714777,0.985196506651478,0.5907834764568001,1.1175669505379526,1.7083504269947527
MD,2024-01-03,2024,3,FALSE,0.5727379388265279,0.4283472533052206,1.0010851921317485,1.163521415283328,1.5459142038431732,2.709435619126501
MD,2024-01-04,2024,4,FALSE,0.4185691636320002,0.5446948512283172,0.963264014860317,1.5820905789153281,2.09060905507149,3.6726996339868183
MD,2024-01-05,2024,5,FALSE,0.4591696035401419,0.6871069265689903,1.1462765301091324,2.04126018245547,2.7777159816404806,4.81897616409595
MD,2024-01-06,2024,6,FALSE,0.25741598228999996,1.0110135074142155,1.2684294897042159,2.29867616474547,3.7887294890546963,6.087405653800166
MD,2024-01-07,2024,7,FALSE,0.04406871137830145,1.352728181467549,1.3967968928458505,2.3427448761237715,5.141457670522245,7.484202546646017
MD,2024-01-08,2024,8,FALSE,0.5118355812240001,0.8192948300350941,1.3311304112590938,2.8545804573477715,5.960752500557339,8.815332957905111
MD,2024-01-09,2024,9,FALSE,0.526649937121853,0.7721983334417745,1.2988482705636275,3.3812303944696245,6.732950833999113,10.11418122846874
MD,2024-01-10,2024,10,FALSE,0.4780102656147454,0.7200281658281349,1.19803843144288,3.85924066008437,7.452978999827248,11.31221965991162
MD,2024-01-11,2024,11,FALSE,0.8898035312771212,0.20155984172352828,1.0913633730006496,4.749044191361492,7.654538841550777,12.40358303291227
MD,2024-01-12,2024,12,FALSE,1.4449650278904003,-0.44284104142189373,1.0021239864685063,6.194009219251892,7.211697800128883,13.405707019380776
MD,2024-01-13,2024,13,FALSE,1.6074557687304003,-0.6198476501506502,0.98760811857975,7.801464987982292,6.591850149978233,14.393315137960526
MD,2024-01-14,2024,14,FALSE,1.0952460409464002,-0.1770430615687329,0.9182029793776669,8.896711028928692,6.414807088409501,15.311518117338192
MD,2024-01-15,2024,15,FALSE,0.7317008314639202,0.032643115580322526,0.7643439470442426,9.628411860392612,6.447450203989823,16.075862064382434
MD,2024-01-16,2024,16,FALSE,0.813054955608,-0.0675712061702099,0.74548374943779006,10.441466816000613,6.379878997819613,16.821345813820223
MD,2024-01-17,2024,17,FALSE,0.7791559523511429,0.06415116034764586,0.8433071126987892,11.220622768351756,6.444030158167259,17.66465292651901
MD,2024-01-18,2024,18,FALSE,0.708329023958419,0.4435898690387955,1.1519188929972146,11.928951792310174,6.887620027206055,18.816571819516227
MD,2024-01-19,2024,19,FALSE,1.0641402929076822,0.16052550822396244,1.2246658011316445,12.993092085217857,7.0481455354300175,20.04123762064787
MD,2024-01-20,2024,20,FALSE,1.0963294932132002,0.15544131657693072,1.2517708097901303,14.089421578431057,7.203586852006948,21.293008430438
MD,2024-01-21,2024,21,FALSE,0.9975351823631999,0.2717978342685172,1.269333016631717,15.086956760794257,7.475384686275465,22.562341447069716
MD,2024-01-22,2024,22,FALSE,0.8257598723520001,0.487481660242495,1.313241532594495,15.912716633146257,7.96286634651796,23.875582979664213
MD,2024-01-23,2024,23,FALSE,14.613783413737716,-13.264532123251582,1.349251290486134,30.526500046883974,-5.301665776733622,25.224834270150346
MD,2024-01-24,2024,24,FALSE,1.9308218791377703,-0.622632183481237,1.3081896956565333,32.45732192602174,-5.924297960214859,26.53302396580688
MD,2024-01-25,2024,25,FALSE,0.5713089135896102,0.6926477073490737,1.263956620938684,33.02863083961135,-5.231650252865785,27.796980586745565
MD,2024-01-26,2024,26,FALSE,2.8378275224081686,-1.5965045588573208,1.2413229635508485,35.86645836201952,-6.828154811723106,29.038303550296416
MD,2024-01-27,2024,27,FALSE,0.6635638144751511,0.5464222925476393,1.209986107022791,36.530022176494676,-6.281732519175467,30.248289657319205
MD,2024-01-28,2024,28,FALSE,0.32148897854027,0.9969913202396313,1.318480298779901,36.85151115503495,-5.284741198935835,31.566769956099105
MD,2024-01-29,2024,29,FALSE,0.42853186523220776,0.8178133662079017,1.2463452314401098,37.28004302026716,-4.466927832727934,32.81311518753922
MD,2024-01-30,2024,30,FALSE,0.7418838294719998,0.4557511882889162,1.1976350177609167,38.02192684973916,-4.011176644439018,34.010750205300134
MD,2024-01-31,2024,31,FALSE,0.6621032675520004,0.49189877894514306,1.1540020464971428,38.68403011729116,-3.5192778654938746,35.164752251797275
MD,2024-02-01,2024,32,FALSE,0.6361190228868003,0.5019017480206469,1.138020770907447,39.32014914017796,-3.0173761174732276,36.30277302270472
MD,2024-02-02,2024,33,FALSE,1.3209528928715442,-0.20580925023243082,1.115143642639114,40.641102033049506,-3.2231853677056583,37.41791666534383
MD,2024-02-03,2024,34,FALSE,0.7032389048030221,0.393332831595059,1.0965717363980814,41.34434093785253,-2.8298525361105993,38.514488401741914
MD,2024-02-04,2024,35,FALSE,-0.21904478705606825,1.2338412289741225,1.0147964419180537,41.12529615079646,-1.5960113071364768,39.529284843659966
MD,2024-02-05,2024,36,FALSE,-0.17197616652698114,1.141625344188491,0.9696491776615097,40.95331998426948,-0.45438596294798583,40.498934021321475
MD,2024-02-06,2024,37,FALSE,-0.09802135953380356,1.0821438512186534,0.9841224916848496,40.855298624735674,0.6277578882706676,41.483056513006325
MD,2024-02-07,2024,38,FALSE,0.12193304503402314,1.0247636896353611,1.146696734669384,40.9772316697697,1.6525215779060287,42.62975324767571
MD,2024-02-08,2024,39,FALSE,0.868751023248,0.40960359577300076,1.2783546190210004,41.8459826930177,2.0621251736790294,43.90810786669671
MD,2024-02-09,2024,40,FALSE,3.8856179601,-2.5293763712174053,1.356241588882596,45.7316006531177,-0.46725119753837596,45.26434945557931
MD,2024-02-10,2024,41,FALSE,0.9181829562552001,0.46179578595871074,1.3799787422139107,46.6497836093729,-0.005455411579665226,46.644328197793214
MD,2024-02-11,2024,42,FALSE,0.2211544036587928,1.1991478691600632,1.4203022728188566,46.8709380130317,1.193692457580398,48.06463047061207
MD,2024-02-12,2024,43,FALSE,-0.219760138454297,1.714403045643212,1.494642907188915,46.6511778745774,2.9080955032236098,49.55927337780099
MD,2024-02-13,2024,44,FALSE,0.220041521494883,1.2440789834092978,1.4641205049041797,46.871219396072284,4.152174486632908,51.02339388270517
MD,2024-02-14,2024,45,FALSE,-0.09749784193604638,1.5332107408729434,1.435712898936897,46.77372155413624,5.685385227505851,52.45910678164207
MD,2024-02-15,2024,46,FALSE,1.949440415646651,-0.441786062626981,1.50765435301967,48.723161969782886,5.243599164878869,53.96676113466174
MD,2024-02-16,2024,47,FALSE,1.4197858593857757,-0.11202563187852377,1.307760227507252,50.14294782916866,5.131573533000346,55.27452136216899
MD,2024-02-17,2024,48,FALSE,0.6305648301027275,0.48409883322476976,1.1146636633274967,50.77351265927139,5.615672366225115,56.38918502549649
MD,2024-02-18,2024,49,FALSE,0.9724522770000001,0.3771171602851044,1.3495694372851048,51.74596493627139,5.99278952651022,57.73875446278159
MD,2024-02-19,2024,50,FALSE,0.5266084948878984,0.7375303904359453,1.264138885323844,52.27257343115929,6.730319916946165,59.00289334810544
MD,2024-02-20,2024,51,FALSE,0.42285982434007374,1.1055816480506628,1.5284414723907365,52.69543325549936,7.835901564996828,60.53133482049618
MD,2024-02-21,2024,52,FALSE,1.600172498938909,0.22653450031124908,1.826706999250158,54.29560575443827,8.062436065308077,62.35804181974633
MD,2024-02-22,2024,53,FALSE,0.29110902032759894,1.416770516179982,1.7078795365075798,54.586714774765866,9.479206581488059,64.06592135625391
MD,2024-02-23,2024,54,FALSE,0.46212605983403493,1.1173532124632413,1.5794792722972761,55.0488408345999,10.5965597939513,65.64540062855119
MD,2024-02-24,2024,55,FALSE,-0.9309997880748001,2.2028339902343723,1.271834202159572,54.1178410465251,12.799393784185673,66.91723483071075
MD,2024-02-25,2024,56,FALSE,-0.45172231632000026,2.205328241628482,1.7536059253084826,53.6661187302051,15.004722025814155,68.67084075601923
MD,2024-02-26,2024,57,FALSE,-0.1144757623176075,2.4496053672800335,2.3351296049624257,53.55164296788749,17.45432739309419,71.00597036098166
MD,2024-02-27,2024,58,FALSE,0.4061015359790535,2.5809229005936727,2.987024436572726,53.95774450386654,20.035250293687863,73.99299479755439
MD,2024-02-28,2024,59,FALSE,2.003404753827244,0.1811516518952694,2.1845564057225144,55.96114925769379,20.216401945583133,76.1775512032769
MD,2024-02-29,2024,60,FALSE,-0.37025390299139993,1.9581121903983292,1.5878582874069296,55.59089535470239,22.17451413598146,77.76540949068384
MD,2024-03-01,2024,61,FALSE,-0.19772370335415063,2.2745071447966043,2.0767834414424544,55.39317165134824,24.449021280778066,79.8421929321263
MD,2024-03-02,2024,62,FALSE,-0.5863707732803491,2.9572261269721722,2.3708553536918235,54.80680087806789,27.40624740775024,82.21304828581812
MD,2024-03-03,2024,63,FALSE,-0.3417601179483413,2.9303695263967073,2.5886094084483653,54.46504076011955,30.336616934146946,84.80165769426648
MD,2024-03-04,2024,64,FALSE,0.5866145686506483,2.3909317882879395,2.9775463569385865,55.051655328770195,32.72754872243488,87.77920405120507
MD,2024-03-05,2024,65,FALSE,1.0919870625939274,1.5779617563794737,2.669948818973402,56.143642391364125,34.305510478814355,90.44915287017847
MD,2024-03-06,2024,66,FALSE,-0.6203053531674421,2.967132442256857,2.3468270890894147,55.523337038196686,37.27264292107121,92.79597995926788
MD,2024-03-07,2024,67,FALSE,0.24390459072000037,1.8266487685353472,2.070553359255348,55.767241628916686,39.09929168960656,94.86653331852322
MD,2024-03-08,2024,68,FALSE,2.808035548100836,-0.7903009079584332,2.017734640142402,58.575277177017526,38.30899078164813,96.88426795866563
MD,2024-03-09,2024,69,FALSE,-0.10243348058450633,1.8931699791322103,1.7907364985477034,58.47284369643302,40.20216076078034,98.67500445721333
MD,2024-03-10,2024,70,FALSE,0.13792672172159992,1.4815969519949743,1.6195236737165741,58.610770418154615,41.68375771277531,100.2945281309299
MD,2024-03-11,2024,71,FALSE,-0.9518169854794347,2.83605809679896,1.884241111319525,57.65895343267518,44.51981580957427,102.17876924224943
MD,2024-03-12,2024,72,FALSE,-0.44642705806594696,2.7696985609976807,2.3232715029317337,57.21252637460923,47.28951437057195,104.50204074518116
MD,2024-03-13,2024,73,FALSE,-0.472323313193735,2.8967272181857613,2.4244039049920265,56.7402030614155,50.18624158875771,106.9264446501732
MD,2024-03-14,2024,74,FALSE,4.358351162462271,-2.0671310530067744,2.2912201094554976,61.09855422387777,48.119110535750934,109.21766475962869
MD,2024-03-15,2024,75,FALSE,-0.9081823942808174,2.8816109010592075,1.9734285067783908,60.190371829596955,51.00072143681014,111.19109326640708
MD,2024-03-16,2024,76,FALSE,0.010500041844412313,1.9889943222790536,1.999494364123466,60.200871871441365,52.989715759089194,113.19058763053054
MD,2024-03-17,2024,77,FALSE,0.009736376880973374,1.7712086068096986,1.7809449836906723,60.21060824832234,54.760924365898894,114.97153261422122
MD,2024-03-18,2024,78,FALSE,0.2207339841960001,1.5636057124912819,1.784339696687282,60.43134223251834,56.324530078390175,116.7558723109085
MD,2024-03-19,2024,79,FALSE,-1.2270824310096,3.690997610519912,2.4639151795103116,59.20425980150874,60.01552768891009,119.21978749041881
MD,2024-03-20,2024,80,FALSE,0.18611396191465565,2.4512067011955643,2.6373206631102204,59.3903737634234,62.46673439010566,121.85710815352903
MD,2024-03-21,2024,81,FALSE,0.8534399385093782,1.4964245902193554,2.3498645287287334,60.24381370193277,63.96315898032501,124.20697268225776
MD,2024-03-22,2024,82,FALSE,0.33202485426576483,1.9221117397978498,2.254136594063614,60.57583855619854,65.88527072012286,126.46110927632137
MD,2024-03-23,2024,83,FALSE,-0.8628548836352903,2.932954251620555,2.0700993679852653,59.71298367256325,68.81822497174342,128.53120864430664
MD,2024-03-24,2024,84,FALSE,-0.6793440095589938,2.481027514171488,1.8016835046124946,59.03363966300425,71.2992524859149,130.33289214891914
MD,2024-03-25,2024,85,FALSE,-1.072704807792,3.024791381153183,1.952086573361184,57.96093485521225,74.32404386706808,132.28497872228033
MD,2024-03-26,2024,86,FALSE,3.4651813373719476,-1.357318752595235,2.107862584776713,61.426116192584196,72.96672511447285,134.39284130705704
MD,2024-03-27,2024,87,FALSE,0.21054696708187975,1.3874127166944474,1.597959683776327,61.63666315966608,74.3541378311673,135.99080099083338
MD,2024-03-28,2024,88,TRUE,-2.06140918619474,3.740541673243104,1.6791324870483642,59.57525397347134,78.0946795044104,137.66993347788176
MD,2024-03-29,2024,89,TRUE,-2.1279319798462284,3.984972806089605,1.8570408262433764,57.44732199362511,82.0796523105,139.52697430412513
MD,2024-03-30,2024,90,TRUE,2.126418440066336,0.027038703875345918,2.1534571439416825,59.57374043369145,82.10669101437534,141.68043144806683
MD,2024-03-31,2024,91,TRUE,-0.6627066975920216,3.199187609822212,2.5364809122301897,58.91103373609943,85.30587862419756,144.21691236029702
MD,2024-04-01,2024,92,TRUE,0.15452732113921427,2.9762836523648604,3.130810973504075,59.06556105723864,88.28216227656242,147.3477233338011
MD,2024-04-02,2024,93,TRUE,-0.11910431084886436,3.343156268545451,3.2240519576965867,58.94645674638978,91.62531854510787,150.5717752914977
MD,2024-04-03,2024,94,TRUE,-0.3189310835121576,3.3930087167446956,3.0740776332325392,58.62752566287762,95.01832726185256,153.64585292473024
MD,2024-04-04,2024,95,TRUE,-0.43104272385070036,3.3137203645721462,2.8826776407214454,58.19648293902692,98.33204762642471,156.5285305654517
MD,2024-04-05,2024,96,TRUE,-0.41582125914965423,3.196935726014426,2.7811144668647723,57.78066167987727,101.52898335243914,159.30964503231647
MD,2024-04-06,2024,97,TRUE,-1.297863139552653,4.179723423458714,2.881860283906061,56.482798540324616,105.70870677589785,162.19150531622253
MD,2024-04-07,2024,98,TRUE,0.00831818866018565,3.3026515451673846,3.310969733827569,56.4911167289848,109.01135832106523,165.5024750500501
MD,2024-04-08,2024,99,TRUE,-1.087331016591403,5.0508510967837985,3.9635200801923958,55.40378571239339,114.06220941784903,169.4659951302425
MD,2024-04-09,2024,100,TRUE,-1.2678911892241413,5.661323214737008,4.393432025512868,54.13589452316925,119.72353263258604,173.85942715575538
MD,2024-04-10,2024,101,TRUE,-1.5962651400871335,5.9486792495379675,4.352414109450834,52.539629383082115,125.672211882124,178.2118412652062
MD,2024-04-11,2024,102,TRUE,3.1225994105469095,1.3123050243231174,4.434904434870027,55.662228793629026,126.98451690644713,182.64674570007622
MD,2024-04-12,2024,103,TRUE,1.4084816588993088,2.8511009874009465,4.259582646300256,57.07071045252834,129.83561789384808,186.90632834637648
MD,2024-04-13,2024,104,TRUE,-1.9790927033040007,6.327690004931478,4.348597301627481,55.09161774922434,136.16330789877955,191.25492564800396
MD,2024-04-14,2024,105,TRUE,-1.3608903659472003,5.905168441126132,4.54427807517893,53.73072738327714,142.0684763399057,195.7992037231829
MD,2024-04-15,2024,106,TRUE,-1.9233713702944668,6.780752871700612,4.8573815014061426,51.80735601298267,148.84922921160629,200.65658522458904
MD,2024-04-16,2024,107,TRUE,-1.9709432284468147,6.70885647800926,4.737913249562446,49.83641278453586,155.55808568961555,205.39449847415148
MD,2024-04-17,2024,108,TRUE,0.8565754770842722,3.907814648409648,4.764390125493921,50.69298826162013,159.4659003380252,210.1588885996454
MD,2024-04-18,2024,109,TRUE,-1.251937093128,5.402483155298293,4.150546062170293,49.44105116849213,164.86838349332348,214.3094346618157
MD,2024-04-19,2024,110,TRUE,-2.834659312724034,6.7251458854022195,3.890486572678183,46.606391855768095,171.5935293787257,218.19992123449387
MD,2024-04-20,2024,111,TRUE,-1.9083844179360003,5.536185571864255,3.627801153928256,44.698007437832096,177.12971495058994,221.82772238842213
MD,2024-04-21,2024,112,TRUE,-3.676304029379432,7.503984216721676,3.827680187342245,41.021703408452666,184.63369916731162,225.65540257576438
MD,2024-04-22,2024,113,TRUE,-3.529190882913877,7.536047005654595,4.006856122740717,37.492512525538785,192.1697461729662,229.6622586985051
MD,2024-04-23,2024,114,TRUE,-3.0180798308915375,7.12111492885196,4.103035097960424,34.47443269464725,199.29086110181817,233.76529379646553
MD,2024-04-24,2024,115,TRUE,-2.548066168152,6.730229593860012,4.182163425708013,31.926366526495247,206.02109069567817,237.94745722217354
MD,2024-04-25,2024,116,TRUE,-2.5102031825604088,6.797464967581954,4.2872617850215455,29.416163343934837,212.81855566326013,242.23471900719508
MD,2024-04-26,2024,117,TRUE,-2.8343053575182005,7.745859226201022,4.911553868682822,26.581857986416637,220.56441488946115,247.1462728758779
MD,2024-04-27,2024,118,TRUE,2.3966317701915085,3.5383102056985014,5.934941975890011,28.978489756608145,224.10272509515966,253.08121485176792
MD,2024-04-28,2024,119,TRUE,0.13062919031999914,6.139251135808885,6.269880326128886,29.109118946928145,230.24197623096853,259.3510951778968
MD,2024-04-29,2024,120,TRUE,-4.6184571514799995,10.31658120883461,5.698124057354607,24.490661795448148,240.55855743980314,265.0492192352514
MD,2024-04-30,2024,121,TRUE,-2.356386231457222,8.050608609385742,5.69422237792852,22.134275563990926,248.60916604918887,270.7434416131799
MD,2024-05-01,2024,122,TRUE,-2.519802053660901,8.847438424858252,6.32763637119735,19.614473510330026,257.45660447404714,277.07107798437727
MD,2024-05-02,2024,123,TRUE,-2.258023045428142,8.56621588267715,6.308192837249007,17.356450464901883,266.0228203567243,283.3792708216263
MD,2024-05-03,2024,124,TRUE,2.282269603064837,4.474312947082759,6.756582550147598,19.63872006796672,270.49713330380706,290.13585337177386
MD,2024-05-04,2024,125,TRUE,-2.409817988580514,9.159976978085878,6.750158989505363,17.228902079386206,279.6571102818929,296.8860123612792
MD,2024-05-05,2024,126,TRUE,-0.8799345605210774,7.8818321021929645,7.001897541671888,16.348967518865127,287.5389423840859,303.8879099029511
MD,2024-05-06,2024,127,TRUE,-3.4006590995879273,10.566200784504973,7.165541684917049,12.9483084192772,298.10514316859087,311.05345158786815
MD,2024-05-07,2024,128,TRUE,-1.2941894583766516,8.801084038957182,7.506894580580533,11.654118960900549,306.90622720754806,318.5603461684487
MD,2024-05-08,2024,129,TRUE,-2.7198221936289046,10.644466479273918,7.924644285645014,8.934296767271643,317.550693686822,326.4849904540937
MD,2024-05-09,2024,130,TRUE,-0.0021670949051782254,7.294669042912108,7.292501948006931,8.932129672366464,324.8453627297341,333.7774924021006
MD,2024-05-10,2024,131,TRUE,-4.634177553984683,11.44872831994952,6.814550765964837,4.297952118381781,336.29409104968363,340.59204316806546
MD,2024-05-11,2024,132,TRUE,-1.8766562911718287,8.337483726582404,6.460827435410574,2.4212958272099527,344.631574776266,347.05287060347604
MD,2024-05-12,2024,133,TRUE,-4.429901662058544,10.81086132423375,6.380959662175207,-2.0086058348485913,355.4424361004998,353.43383026565124
MD,2024-05-13,2024,134,TRUE,-2.5320567318918497,9.608818272399914,7.076761540508065,-4.5406625667404406,365.0512543728997,360.5105918061593
MD,2024-05-14,2024,135,TRUE,-1.4824301492495058,7.659875529857188,6.177445380607682,-6.0230927159899466,372.71112990275685,366.688037186767
MD,2024-05-15,2024,136,TRUE,-5.09390121816,11.26249403387942,6.1685928157194185,-11.116993934149946,383.9736239366363,372.85663000248644
MD,2024-05-16,2024,137,TRUE,-5.637602458896927,12.137573601210649,6.499971142313724,-16.754596393046874,396.1111975378469,379.35660114480015
MD,2024-05-17,2024,138,TRUE,-3.035048102117656,10.275265592977044,7.240217490859386,-19.78964449516453,406.386463130824,386.59681863565953
MD,2024-05-18,2024,139,TRUE,-3.3225159310535015,10.770182971346557,7.447667040293055,-23.112160426218033,417.15664610217055,394.0444856759526
MD,2024-05-19,2024,140,TRUE,-3.1567430310673843,11.643287514691957,8.486544483624574,-26.26890345728542,428.7999336168625,402.5310301595772
MD,2024-05-20,2024,141,TRUE,1.1473673411910446,6.813615318480678,7.960982659671723,-25.121536116094372,435.6135489353432,410.49201281924894
MD,2024-05-21,2024,142,TRUE,-2.934012928511086,11.415884794058137,8.481871865547056,-28.055549044605456,447.0294337294013,418.973884684796
MD,2024-05-22,2024,143,TRUE,-1.2898827168552,10.355876567576114,9.065993850720913,-29.345431761460656,457.3853102969774,428.03987853551695
MD,2024-05-23,2024,144,TRUE,-3.3876958907754275,11.933861946098675,8.546166055323246,-32.733127652236085,469.3191722430761,436.5860445908402
MD,2024-05-24,2024,145,TRUE,-3.278214990136028,12.048231269269362,8.77001627913333,-36.011342642372114,481.36740351234545,445.3560608699735
MD,2024-05-25,2024,146,TRUE,-0.9264811899746394,9.821282435376547,8.894801245401908,-36.93782383234675,491.188685947722,454.2508621153754
MD,2024-05-26,2024,147,TRUE,-1.4774752391663726,9.544494484290674,8.067019245124301,-38.415299071513125,500.73318043201266,462.3178813604997
MD,2024-05-27,2024,148,TRUE,3.9522285775291777,3.7548798500490537,7.707108427578231,-34.46307049398395,504.4880602820617,470.02498978807796
MD,2024-05-28,2024,149,TRUE,-4.692197751033547,12.161007644900753,7.468809893867204,-39.155268245017496,516.6490679269625,477.4937996819452
MD,2024-05-29,2024,150,TRUE,-4.177138725654266,11.541850521492929,7.364711795838667,-43.33240697067176,528.1909184484555,484.85851147778385
MD,2024-05-30,2024,151,TRUE,-4.6008345225371485,11.597537481087777,6.996702958550633,-47.93324149320891,539.7884559295433,491.8552144363345
MD,2024-05-31,2024,152,TRUE,-4.896470064849828,12.2248820200784,7.328411955228572,-52.82971155805874,552.0133379496217,499.18362639156305
MD,2024-06-01,2024,153,TRUE,-5.046685761477721,12.669792603346155,7.6231068418684345,-57.87639731953646,564.6831305529679,506.8067332334315
MD,2024-06-02,2024,154,TRUE,-5.497406670413448,13.117637066001048,7.620230395587599,-63.373803989949906,577.800767618969,514.426963629019
MD,2024-06-03,2024,155,TRUE,-5.225647582759022,12.640342390404287,7.414694807645269,-68.59945157270893,590.4411100093732,521.8416584366643
MD,2024-06-04,2024,156,TRUE,-5.252620535013751,12.454101368903965,7.201480833890216,-73.85207210772268,602.8952113782772,529.0431392705544
MD,2024-06-05,2024,157,TRUE,-5.353565948441458,12.69394955855785,7.340383610116389,-79.20563805616413,615.589160936835,536.3835228806709
MD,2024-06-06,2024,158,TRUE,-5.753176151822066,13.304170267877073,7.550994116055007,-84.9588142079862,628.8933312047121,543.9345169967258
MD,2024-06-07,2024,159,TRUE,-4.525259719232929,11.921939914374978,7.396680195142048,-89.48407392721913,640.8152711190871,551.3311971918679
MD,2024-06-08,2024,160,TRUE,-4.6174428941256,11.877805346147733,7.260362452022135,-94.10151682134473,652.6930764652349,558.59155964389
MD,2024-06-09,2024,161,TRUE,-4.93397336068647,12.19093838634339,7.256965025656917,-99.0354901820312,664.8840148515783,565.8485246695469
MD,2024-06-10,2024,162,TRUE,-5.8813682059440024,12.878961531354063,6.9975933254100635,-104.9168583879752,677.7629763829324,572.846117994957
MD,2024-06-11,2024,163,TRUE,-7.000078461829248,14.108007277940736,7.1079288161114915,-111.91693684980444,691.8709836608731,579.9540468110685
MD,2024-06-12,2024,164,TRUE,-6.368774117992383,13.433219750652636,7.064445632660254,-118.28571096779683,705.3042034115257,587.0184924437287
MD,2024-06-13,2024,165,TRUE,-5.772605412647729,12.878873009177083,7.106267596529353,-124.05831638044457,718.1830764207027,594.1247600402581
MD,2024-06-14,2024,166,TRUE,-6.314927185897293,12.708559190491936,6.393632004594643,-130.37324356634187,730.8916356111946,600.5183920448528
MD,2024-06-15,2024,167,TRUE,-6.890037512711603,13.19694107517597,6.306903562464366,-137.26328107905348,744.0885766863705,606.8252956073172
MD,2024-06-16,2024,168,TRUE,-4.782261934281601,11.576457151251272,6.794195216969674,-142.04554301333508,755.6650338376218,613.6194908242869
MD,2024-06-17,2024,169,TRUE,-5.37744406284,12.781630633049152,7.404186570209152,-147.42298707617508,768.446664470671,621.0236773944961
MD,2024-06-18,2024,170,TRUE,-5.192838492348714,13.053379462783841,7.8605409704351255,-152.6158255685238,781.5000439334548,628.8842183649313
MD,2024-06-19,2024,171,TRUE,-4.3924866084000005,12.922278238463564,8.529791630063563,-157.0083121769238,794.4223221719184,637.4140099949948
MD,2024-06-20,2024,172,TRUE,-6.638739996388668,15.311549418668708,8.672809422280043,-163.64705217331246,809.7338715905871,646.0868194172748
MD,2024-06-21,2024,173,TRUE,-5.917272206519842,14.992693032126038,9.0754208256062,-169.5643243798323,824.7265646227131,655.162240242881
MD,2024-06-22,2024,174,TRUE,1.7767556520241459,7.61973381198863,9.396489464012774,-167.78756872780815,832.3462984347018,664.5587297068938
MD,2024-06-23,2024,175,TRUE,-2.2115279907486998,11.593417008615797,9.38188901786709,-169.99909671855684,843.9397154433176,673.940618724761
MD,2024-06-24,2024,176,TRUE,-3.5591958787257645,13.140723259842849,9.581527381117084,-173.55829259728262,857.0804387031604,683.522146105878
MD,2024-06-25,2024,177,TRUE,1.7741562405094333,8.724712845708739,10.498869086218177,-171.7841363567732,865.8051515488692,694.0210151920962
MD,2024-06-26,2024,178,TRUE,-0.2632338653668588,10.56098651548816,10.297752650121298,-172.04737022214005,876.3661380643573,704.3187678422175
MD,2024-06-27,2024,179,TRUE,-5.323806826952287,14.064714559381665,8.740907732429381,-177.37117704909232,890.4308526237389,713.0596755746469
MD,2024-06-28,2024,180,TRUE,-0.8085793186445256,9.165529860991876,8.35695054234735,-178.17975636773684,899.5963824847308,721.4166261169943
MD,2024-06-29,2024,181,TRUE,-2.4437039276873445,10.988280852166922,8.54457692447958,-180.6234602954242,910.5846633368977,729.9612030414738
MD,2024-06-30,2024,182,TRUE,-5.231016407448,13.054521287084354,7.823504879636357,-185.8544767028722,923.639184623982,737.7847079211102
MD,2024-07-01,2024,183,TRUE,-5.990727532760146,13.756457535636233,7.765730002876088,-191.84520423563234,937.3956421596183,745.5504379239864
MD,2024-07-02,2024,184,TRUE,-0.8208555937056675,9.33170253880143,8.51084694509576,-192.666059829338,946.7273446984198,754.0612848690821
MD,2024-07-03,2024,185,TRUE,-0.7667406633007918,10.062362832870877,9.295622169570082,-193.4328004926388,956.7897075312907,763.3569070386521
MD,2024-07-04,2024,186,TRUE,-3.0490475646612416,12.099889630347029,9.050842065685783,-196.48184805730003,968.8895971616377,772.4077491043379
MD,2024-07-05,2024,187,TRUE,-5.281745641156716,13.751034631951216,8.4692889907945,-201.76359369845673,982.6406317935889,780.8770380951324
MD,2024-07-06,2024,188,TRUE,-3.1688445517073447,11.964315484522073,8.795470932814728,-204.93243825016407,994.604947278111,789.6725090279472
MD,2024-07-07,2024,189,TRUE,-4.68741228873713,14.048778931694912,9.361366642957782,-209.6198505389012,1008.6537262098059,799.033875670905
MD,2024-07-08,2024,190,TRUE,-7.124682684936236,16.995059359714215,9.870376674777981,-216.74453322383744,1025.64878556952,808.904252345683
MD,2024-07-09,2024,191,TRUE,-2.8194528530649925,13.260746092191983,10.441293239126988,-219.56398607690244,1038.909531661712,819.3455455848099
MD,2024-07-10,2024,192,TRUE,-0.7726941106844195,11.771152397095953,10.99845828641153,-220.33668018758686,1050.6806840588079,830.3440038712214
MD,2024-07-11,2024,193,TRUE,-5.258675012973992,16.91985666135368,11.661181648379685,-225.59535520056085,1067.6005407201615,842.0051855196011
MD,2024-07-12,2024,194,TRUE,-2.9499287206241167,15.555367876312552,12.605439155688437,-228.54528392118496,1083.155908596474,854.6106246752896
MD,2024-07-13,2024,195,TRUE,-2.6143405795724797,15.942022074846946,13.327681495274469,-231.15962450075745,1099.0979306713211,867.938306170564
MD,2024-07-14,2024,196,TRUE,0.10769463920018116,13.974463781586334,14.082158420786516,-231.05192986155726,1113.0723944529075,882.0204645913506
MD,2024-07-15,2024,197,TRUE,-4.007513122585786,18.116670785248175,14.109157662662385,-235.05944298414303,1131.1890652381558,896.1296222540129
MD,2024-07-16,2024,198,TRUE,2.5021128231965917,11.612964454212646,14.115077277409235,-232.55733016094644,1142.8020296923685,910.2446995314222
MD,2024-07-17,2024,199,TRUE,-4.108741654000548,17.51811221258379,13.409370558583243,-236.66607181494697,1160.3201419049524,923.6540700900053
MD,2024-07-18,2024,200,TRUE,-4.947424351205144,16.622563762100587,11.675139410895444,-241.61349616615212,1176.942705667053,935.3292095009008
MD,2024-07-19,2024,201,TRUE,-7.128909061530635,17.998250935565657,10.86934187403502,-248.74240522768275,1194.9409566026186,946.1985513749358
MD,2024-07-20,2024,202,TRUE,-4.362765271195475,14.606544053826571,10.243778782631097,-253.10517049887824,1209.5475006564452,956.442330157567
MD,2024-07-21,2024,203,TRUE,-6.706696163320646,16.43373239035001,9.727036227029364,-259.8118666621989,1225.9812330467953,966.1693663845963
MD,2024-07-22,2024,204,TRUE,-4.9790989052865475,13.792293736463277,8.813194831176725,-264.79096556748544,1239.7735267832586,974.982561215773
MD,2024-07-23,2024,205,TRUE,-5.393390799529008,12.953073151901403,7.559682352372396,-270.18435636701446,1252.72659993516,982.5422435681454
MD,2024-07-24,2024,206,TRUE,-4.284196269208102,11.134529997369022,6.850333728160922,-274.46855263622257,1263.8611299325291,989.3925772963063
MD,2024-07-25,2024,207,TRUE,-6.471696060782066,13.331386367045885,6.85969030626382,-280.9402486970046,1277.1925162995751,996.2522676025701
MD,2024-07-26,2024,208,TRUE,-5.942330333064737,13.721596573448533,7.779266240383795,-286.88257903006934,1290.9141128730237,1004.0315338429539
MD,2024-07-27,2024,209,TRUE,-3.865688495280204,12.692334332360643,8.826645837080443,-290.74826752534955,1303.6064472053843,1012.8581796800344
MD,2024-07-28,2024,210,TRUE,-3.5390727421061925,13.338858766380001,9.799786024273809,-294.28734026745576,1316.9453059717644,1022.6579657043081
MD,2024-07-29,2024,211,TRUE,-0.689513679007399,12.98751933259862,12.298005653591225,-294.97685394646317,1329.932825304363,1034.9559713578994
MD,2024-07-30,2024,212,TRUE,-3.058393760920668,17.282759173692806,14.224365412772139,-298.03524770738386,1347.2155844780557,1049.1803367706716
MD,2024-07-31,2024,213,TRUE,-3.4921752077336867,18.35823950724084,14.866064299507151,-301.52742291511754,1365.5738239852965,1064.0464010701787
MD,2024-08-01,2024,214,TRUE,-2.5010563286512277,17.129303477939704,14.628247149288475,-304.02847924376874,1382.7031274632361,1078.6746482194671
MD,2024-08-02,2024,215,TRUE,-1.0753511837277339,15.530143367200674,14.454792183472946,-305.10383042749646,1398.2332708304368,1093.1294404029402
MD,2024-08-03,2024,216,TRUE,-3.8251005909481375,18.20943007329729,14.384329482349147,-308.9289310184446,1416.442700903734,1107.5137698852893
MD,2024-08-04,2024,217,TRUE,-4.684143275471366,18.391585456514765,13.707442181043401,-313.61307429391593,1434.8342863602488,1121.2212120663328
MD,2024-08-05,2024,218,TRUE,-2.58330252543871,15.84031369110457,13.257011165665856,-316.1963768193546,1450.6746000513533,1134.4782232319985
MD,2024-08-06,2024,219,TRUE,0.9808522943511033,9.949878066754932,10.930730361106036,-315.2155245250035,1460.6244781181083,1145.4089535931046
MD,2024-08-07,2024,220,TRUE,-5.376222090046185,14.808514336502286,9.432292246456102,-320.5917466150497,1475.4329924546105,1154.8412458395608
MD,2024-08-08,2024,221,TRUE,-5.094107411687092,13.105036922803189,8.010929511116096,-325.6858540267368,1488.5380293774137,1162.8521753506768
MD,2024-08-09,2024,222,TRUE,-3.2087221867628397,10.822222900145483,7.61350071338265,-328.89457621349965,1499.3602522775593,1170.4656760640594
MD,2024-08-10,2024,223,TRUE,-5.121363723963733,12.484763551689273,7.3633998277255435,-334.0159399374634,1511.8450158292485,1177.829075891785
MD,2024-08-11,2024,224,TRUE,-4.0333399513930095,11.943653347382108,7.910313395989101,-338.0492798888564,1523.7886691766305,1185.739389287774
MD,2024-08-12,2024,225,TRUE,-4.38056507491044,12.715581310289837,8.335016235379396,-342.42984496376687,1536.5042504869202,1194.0744055231535
MD,2024-08-13,2024,226,TRUE,-3.7668417670611984,12.582813990503082,8.81597222344188,-346.19668673082805,1549.0870644774234,1202.8903777465953
MD,2024-08-14,2024,227,TRUE,-4.942016701119689,14.085396931190596,9.143380230070912,-351.13870343194776,1563.172461408614,1212.0337579766663
MD,2024-08-15,2024,228,TRUE,-2.613908384120067,11.858693221346002,9.244784837225934,-353.7526118160678,1575.03115462996,1221.2785428138923
MD,2024-08-16,2024,229,TRUE,1.3994393705999986,8.071344277283938,9.470783647883938,-352.3531724454678,1583.102498907244,1230.7493264617763
MD,2024-08-17,2024,230,TRUE,-1.6563127183461819,11.378314439941656,9.722001721595474,-354.00948516381396,1594.4808133471856,1240.4713281833717
MD,2024-08-18,2024,231,TRUE,-2.7842893448399995,11.908144235092122,9.123854890252122,-356.79377450865394,1606.3889575822777,1249.595183073624
MD,2024-08-19,2024,232,TRUE,-2.0123835166079997,10.337345778749318,8.32496226214132,-358.80615802526194,1616.726303361027,1257.9201453357653
MD,2024-08-20,2024,233,TRUE,-2.304533591769122,10.046431304722217,7.741897712953094,-361.1106916170311,1626.7727346657493,1265.6620430487183
MD,2024-08-21,2024,234,TRUE,-3.1494425339691414,10.745736028200202,7.596293494231058,-364.2601341510002,1637.5184706939494,1273.2583365429493
MD,2024-08-22,2024,235,TRUE,-2.6308240941489003,10.25217550171325,7.62135140756435,-366.89095824514914,1647.7706461956627,1280.8796879505137
MD,2024-08-23,2024,236,TRUE,-2.9789948536110744,10.565407187038387,7.586412333427315,-369.8699530987602,1658.336053382701,1288.466100283941
MD,2024-08-24,2024,237,TRUE,-2.675428945801871,10.563390717446966,7.887961771645097,-372.5453820445621,1668.899444100148,1296.354062055586
MD,2024-08-25,2024,238,TRUE,-2.1794406892466487,10.156183900247408,7.976743211000758,-374.7248227338087,1679.0556280003955,1304.3308052665866
MD,2024-08-26,2024,239,TRUE,-0.6853535181131846,8.480752040538569,7.795398522425378,-375.4101762519219,1687.536380040934,1312.126203789012
MD,2024-08-27,2024,240,TRUE,4.868695165278002,2.6456703857241717,7.514365551002172,-370.5414810866439,1690.1820504266582,1319.640569340014
MD,2024-08-28,2024,241,TRUE,-0.44096311382976633,7.383530760622644,6.942567646792878,-370.98244420047365,1697.5655811872807,1326.583136986807
MD,2024-08-29,2024,242,TRUE,-2.1592115098560005,9.042478844554738,6.883267334698735,-373.14165571032964,1706.6080600318355,1333.4664043215057
MD,2024-08-30,2024,243,TRUE,-0.09042178633714285,6.8784430292325,6.788021242895358,-373.23207749666676,1713.486503061068,1340.2544255644011
MD,2024-08-31,2024,244,TRUE,-2.6190222865069104,9.200123716185322,6.581101429678411,-375.85109978317365,1722.6866267772534,1346.8355269940796
MD,2024-09-01,2024,245,TRUE,-1.8297177900709098,8.080757774867447,6.251039984796537,-377.68081757324455,1730.7673845521208,1353.0865669788761
MD,2024-09-02,2024,246,TRUE,-1.4370941983405725,7.234161469274185,5.7970672709336135,-379.1179117715851,1738.001546021395,1358.8836342498098
MD,2024-09-03,2024,247,TRUE,-1.64810058042,7.375857027726536,5.727756447306536,-380.76601235200513,1745.3774030491215,1364.6113906971163
MD,2024-09-04,2024,248,TRUE,-3.6955671201212463,9.343163677364922,5.6475965572436735,-384.4615794721264,1754.7205667264864,1370.25898725436
MD,2024-09-05,2024,249,TRUE,-3.4184322982748583,8.92739194064519,5.508959642370335,-387.88001177040127,1763.6479586671317,1375.7679468967303
MD,2024-09-06,2024,250,TRUE,-3.079467387647999,8.421592438078216,5.342125050430216,-390.95947915804925,1772.06955110521,1381.1100719471606
MD,2024-09-07,2024,251,TRUE,-5.843361466568572,10.990880030459731,5.14751856389116,-396.80284062461783,1783.0604311356697,1386.2575905110518
MD,2024-09-08,2024,252,TRUE,-3.7777449659862867,8.774760489065256,4.997015523078971,-400.58058559060413,1791.835191624735,1391.2546060341308
MD,2024-09-09,2024,253,TRUE,-2.9413302049079997,7.847119583627704,4.905789378719701,-403.52191579551214,1799.6823112083628,1396.1603954128504
MD,2024-09-10,2024,254,TRUE,-4.157975182987325,8.89399191627579,4.736016733288465,-407.6798909784995,1808.5763031246386,1400.8964121461388
MD,2024-09-11,2024,255,TRUE,-2.338076721801237,6.89779531330157,4.5597185915003315,-410.01796770030074,1815.47409843794,1405.4561307376391
MD,2024-09-12,2024,256,TRUE,-3.197890494216902,7.588353143544227,4.390462649327324,-413.21585819451764,1823.0624515814843,1409.8465933869663
MD,2024-09-13,2024,257,TRUE,-2.921486587334687,7.175941990205449,4.254455402870763,-416.13734478185233,1830.2383935716898,1414.101048789837
MD,2024-09-14,2024,258,TRUE,-2.28216321178475,6.487022957024894,4.204859745240143,-418.41950799363707,1836.7254165287147,1418.3059085350772
MD,2024-09-15,2024,259,TRUE,-1.4675170732741016,5.502633909423743,4.035116836149642,-419.8870250669112,1842.2280504381386,1422.3410253712268
MD,2024-09-16,2024,260,TRUE,-1.1759194276332139,5.035119570580266,3.859200142947054,-421.0629444945444,1847.2631700087188,1426.2002255141738
MD,2024-09-17,2024,261,TRUE,-1.430683528967443,5.085200824482627,3.6545172955151832,-422.49362802351186,1852.3483708332014,1429.854742809689
MD,2024-09-18,2024,262,TRUE,-0.9494475979158656,4.312132863236716,3.3626852653208488,-423.44307562142774,1856.6605036964381,1433.2174280750098
MD,2024-09-19,2024,263,TRUE,-1.0119399174217896,4.288037973394966,3.276098055973176,-424.4550155388495,1860.948541669833,1436.493526130983
MD,2024-09-20,2024,264,TRUE,-0.7160182951002286,4.128622437422562,3.412604142322333,-425.17103383394976,1865.0771641072556,1439.9061302733053
MD,2024-09-21,2024,265,TRUE,0.3119980170066014,4.003488660779676,4.315486677786278,-424.85903581694316,1869.0806527680352,1444.2216169510916
MD,2024-09-22,2024,266,TRUE,4.773999476257127,0.20198985152602206,4.97598932778315,-420.08503634068603,1869.282642619561,1449.1976062788747
MD,2024-09-23,2024,267,TRUE,-0.4139397504100743,5.765459471444273,5.3515197210342,-420.4989760910961,1875.0481020910054,1454.549125999909
MD,2024-09-24,2024,268,TRUE,3.6151590415090085,2.037378220641015,5.652537262150024,-416.8838170495871,1877.0854803116463,1460.201663262059
MD,2024-09-25,2024,269,TRUE,1.5665563861585357,4.718412243885917,6.28496863004445,-415.31726066342856,1881.8038925555322,1466.4866318921033
MD,2024-09-26,2024,270,TRUE,0.6219068202112531,5.46514281514413,6.087049635355383,-414.6953538432173,1887.2690353706764,1472.5736815274588
MD,2024-09-27,2024,271,TRUE,-1.5490003126521636,7.515286507747608,5.966286195095445,-416.2443541558694,1894.784321878424,1478.5399677225541
MD,2024-09-28,2024,272,TRUE,-0.7466484854159989,6.831641065837893,6.084992580421894,-416.99100264128543,1901.6159629442618,1484.624960302976
MD,2024-09-29,2024,273,TRUE,-0.259215682380787,6.272380967789716,6.013165285408928,-417.2502183236662,1907.8883439120516,1490.6381255883848
MD,2024-09-30,2024,274,TRUE,-0.9638717812492971,6.619596600279193,5.6557248190298965,-418.2140901049155,1914.5079405123308,1496.2938504074148
MD,2024-10-01,2024,275,TRUE,-0.3359915670681093,5.589764243994028,5.253772676925921,-418.5500816719836,1920.097704756325,1501.5476230843408
MD,2024-10-02,2024,276,TRUE,-2.5641485209036694,7.047617736230126,4.4834692153264575,-421.11423019288725,1927.1453224925551,1506.0310922996673
MD,2024-10-03,2024,277,TRUE,-2.0818777670170965,6.9237895089175465,4.841911741900449,-423.19610795990434,1934.0691120014726,1510.8730040415678
MD,2024-10-04,2024,278,TRUE,-1.6491454567268482,6.2450501743267814,4.595904717599933,-424.8452534166312,1940.3141621757993,1515.4689087591678
MD,2024-10-05,2024,279,TRUE,-2.2831633266345692,6.546311512961186,4.263148186326617,-427.12841674326575,1946.8604736887605,1519.7320569454944
MD,2024-10-06,2024,280,TRUE,-1.3581796270635003,6.048406374132426,4.690226747068927,-428.48659637032927,1952.9088800628929,1524.4222836925633
MD,2024-10-07,2024,281,TRUE,-2.4389672194430054,6.3811702020500585,3.9422029826070517,-430.92556358977225,1959.290050264943,1528.3644866751704
MD,2024-10-08,2024,282,TRUE,-2.069871984630345,5.63414567957587,3.5642736949455256,-432.9954355744026,1964.9241959445187,1531.928760370116
MD,2024-10-09,2024,283,TRUE,-2.1738405281530153,5.281349086771214,3.107508558618198,-435.1692761025556,1970.2055450312898,1535.0362689287342
MD,2024-10-10,2024,284,TRUE,-2.241461810074262,5.227620124396879,2.9861583143226156,-437.4107379126299,1975.4331651556868,1538.0224272430569
MD,2024-10-11,2024,285,TRUE,-3.1691602436539346,6.263616778776279,3.094456535122343,-440.57989815628383,1981.696781934463,1541.1168837781793
MD,2024-10-12,2024,286,TRUE,-3.185665810808384,5.969555119642932,2.7838893088345484,-443.7655639670922,1987.666337054106,1543.900773087014
MD,2024-10-13,2024,287,TRUE,0.08742977484831813,2.3745633838826383,2.461993158730956,-443.6781341922439,1990.0409004379885,1546.362766245745
MD,2024-10-14,2024,288,TRUE,-3.0465120611179066,5.3298810409231,2.2833689798051946,-446.72464625336175,1995.3707814789116,1548.64613522555
MD,2024-10-15,2024,289,TRUE,-1.299351510926824,3.5821911649285894,2.2828396540017657,-448.0239977642886,1998.9529726438402,1550.9289748795518
MD,2024-10-16,2024,290,TRUE,-1.7851008211519015,4.388277626958434,2.603176805806533,-449.8090985854405,2003.3412502707986,1553.5321516853583
MD,2024-10-17,2024,291,TRUE,-2.0984052019602784,4.796963822297095,2.698558620336816,-451.9075037874008,2008.1382140930957,1556.230710305695
MD,2024-10-18,2024,292,TRUE,-1.6012757869655736,4.779988529554569,3.178712742588996,-453.5087795743664,2012.9182026226504,1559.409423048284
MD,2024-10-19,2024,293,TRUE,-1.4544247073240735,4.834484198261856,3.380059490937783,-454.9632042816904,2017.7526868209122,1562.7894825392218
MD,2024-10-20,2024,294,TRUE,-1.4264312266422465,5.3434530883147815,3.9170218616725356,-456.3896355083327,2023.096139909227,1566.7065044008943
MD,2024-10-21,2024,295,TRUE,-1.2340915924721736,5.519053717853418,4.284962125381243,-457.62372710080484,2028.6151936270805,1570.9914665262756
MD,2024-10-22,2024,296,TRUE,-0.781349766982266,4.9747918420670505,4.1934420750847865,-458.4050768677871,2033.5899854691477,1575.1849086013603
MD,2024-10-23,2024,297,TRUE,-0.9095707810856982,5.0106627685436695,4.101091987457972,-459.3146476488728,2038.6006482376913,1579.2860005888183
MD,2024-10-24,2024,298,TRUE,-1.7697507693208792,5.1243182386142045,3.3545674692933263,-461.08439841819364,2043.7249664763056,1582.6405680581115
MD,2024-10-25,2024,299,TRUE,-0.9146849089717799,4.4922711113397105,3.5775862023679306,-461.9990833271654,2048.2172375876453,1586.2181542604794
MD,2024-10-26,2024,300,TRUE,-1.0541268928673961,4.494693477614986,3.4405665847475895,-463.0532102200328,2052.71193106526,1589.658720845227
MD,2024-10-27,2024,301,TRUE,-0.6706432495677246,3.754830166693838,3.0841869171261123,-463.7238534696005,2056.466761231954,1592.742907762353
MD,2024-10-28,2024,302,TRUE,-1.0909929375824006,4.56104419195593,3.4700512543735287,-464.8148464071829,2061.0278054239097,1596.2129590167267
MD,2024-10-29,2024,303,TRUE,0.10217053032795483,4.14010669948723,4.242277229815185,-464.712675876855,2065.167912123397,1600.455236246542
MD,2024-10-30,2024,304,TRUE,1.2778645743359998,3.529700557453502,4.8075651317895,-463.434811302519,2068.6976126808504,1605.2628013783315
MD,2024-10-31,2024,305,TRUE,2.3516996477039998,2.328446999591647,4.680146647295648,-461.083111654815,2071.026059680442,1609.9429480256272
MD,2024-11-01,2024,306,FALSE,-0.09300996113167563,3.7129080829332763,3.619898121801602,-461.17612161594667,2074.738967763375,1613.5628461474287
MD,2024-11-02,2024,307,FALSE,0.3852122120110769,2.8849238817043306,3.270136093715408,-460.7909094039356,2077.6238916450793,1616.832982241144
MD,2024-11-03,2024,308,FALSE,0.47018490124172074,3.342126967454611,3.8123118686963324,-460.32072450269385,2080.966018612534,1620.6452941098403
MD,2024-11-04,2024,309,FALSE,7.221283426992493,-2.5966148774364606,4.624668549556032,-453.09944107570135,2078.3694037350974,1625.2699626593962
MD,2024-11-05,2024,310,FALSE,3.373267489471613,1.4537270231985646,4.8269945126701765,-449.7261735862297,2079.823130758296,1630.0969571720664
MD,2024-11-06,2024,311,FALSE,3.432089274253072,0.6651286403489538,4.097217914602027,-446.29408431197663,2080.488259398645,1634.1941750866683
MD,2024-11-07,2024,312,FALSE,0.9368818061609991,2.5090237138795333,3.4459055200405335,-445.3572025058156,2082.9972831125247,1637.6400806067088
MD,2024-11-08,2024,313,FALSE,0.8456363541023431,2.457475914236165,3.3031122683385075,-444.5115661517133,2085.4547590267607,1640.9431928750473
MD,2024-11-09,2024,314,FALSE,0.7237829417909015,2.544648236241218,3.2684311780321202,-443.7877832099224,2087.999407263002,1644.2116240530795
MD,2024-11-10,2024,315,FALSE,1.2404667970852479,2.514735766538159,3.755202563623405,-442.5473164128371,2090.5141430295403,1647.966826616703
MD,2024-11-11,2024,316,FALSE,1.612665841718571,2.6164398841320917,4.229105725850662,-440.93465057111854,2093.1305829136722,1652.1959323425535
MD,2024-11-12,2024,317,FALSE,0.45050520442793174,3.388027082174722,3.838532286602654,-440.4841453666906,2096.518609995847,1656.0344646291562
MD,2024-11-13,2024,318,FALSE,0.3218020151886546,3.5671397187671317,3.888941733955787,-440.16234335150193,2100.085749714614,1659.923406363112
MD,2024-11-14,2024,319,FALSE,4.176164259164683,-0.08651304185881953,4.089651217305866,-435.98617909233724,2099.999236672755,1664.0130575804178
MD,2024-11-15,2024,320,FALSE,1.733306761652902,2.2859814689644904,4.019288230617391,-434.25287233068434,2102.2852181417197,1668.0323458110352
MD,2024-11-16,2024,321,FALSE,1.602625391244306,2.245531524095021,3.8481569153393265,-432.65024693944,2104.5307496658147,1671.8805027263745
MD,2024-11-17,2024,322,FALSE,1.2713828353199998,2.346271283064993,3.617654118384993,-431.37886410412,2106.87702094888,1675.4981568447595
MD,2024-11-18,2024,323,FALSE,1.3057848336316185,1.9076884996071417,3.2134733332387597,-430.0730792704884,2108.784709448487,1678.7116301779981
MD,2024-11-19,2024,324,FALSE,3.273221168288336,-0.036977756058941644,3.2362434122293937,-426.79985810220006,2108.747731692428,1681.9478735902276
MD,2024-11-20,2024,325,FALSE,2.0216589740931434,0.5491923026209665,2.570851276714109,-424.7781991281069,2109.296923995049,1684.5187248669417
MD,2024-11-21,2024,326,FALSE,1.1481324456087632,1.0882264571321405,2.236358902740904,-423.6300666824981,2110.3851504521813,1686.7550837696826
MD,2024-11-22,2024,327,FALSE,1.5297109779861813,0.9194306398874537,2.449141617873636,-422.10035570451197,2111.304581092069,1689.2042253875563
MD,2024-11-23,2024,328,FALSE,1.2031704146573414,1.4018795206741477,2.605049935331489,-420.89718528985463,2112.7064606127433,1691.8092753228877
MD,2024-11-24,2024,329,FALSE,0.8767120803920248,1.7279180411261665,2.6046301215181926,-420.02047320946264,2114.4343786538693,1694.4139054444058
MD,2024-11-25,2024,330,FALSE,2.979152017351816,-0.36136864886511083,2.617783368486706,-417.04132119211084,2114.073010005004,1697.0316888128925
MD,2024-11-26,2024,331,FALSE,1.3610843342159993,1.0818503151742478,2.4429346493902484,-415.68023685789484,2115.154860320178,1699.4746234622828
MD,2024-11-27,2024,332,FALSE,0.8497025312031143,1.5682806634206954,2.417983194623809,-414.83053432669175,2116.723140983599,1701.8926066569065
MD,2024-11-28,2024,333,FALSE,0.9722668473348001,1.4077685355699294,2.380035382904729,-413.8582674793569,2118.130909519169,1704.2726420398112
MD,2024-11-29,2024,334,FALSE,1.130117879736,1.3174931580614353,2.4476110377974356,-412.7281495996209,2119.4484026772307,1706.7202530776087
MD,2024-11-30,2024,335,FALSE,1.2048058761551999,1.2330220551253812,2.437827931280581,-411.5233437234657,2120.681424732356,1709.1580810088892
MD,2024-12-01,2024,336,FALSE,1.245018269893309,1.158845675363683,2.4038639452569925,-410.2783254535724,2121.84027040772,1711.5619449541462
MD,2024-12-02,2024,337,FALSE,0.902532636392509,1.4633109359490215,2.365843572341531,-409.3757928171799,2123.3035813436686,1713.9277885264876
MD,2024-12-03,2024,338,FALSE,1.8897771936616057,0.34339655538829383,2.2331737490498993,-407.4860156235183,2123.6469778990568,1716.1609622755375
MD,2024-12-04,2024,339,FALSE,-0.07504600665599973,2.2246133630985456,2.1495673564425455,-407.5610616301743,2125.871591262155,1718.31052963198
MD,2024-12-05,2024,340,FALSE,2.955455176464,-0.8651874687538109,2.0902677077101885,-404.6056064537103,2125.006403793401,1720.4007973396901
MD,2024-12-06,2024,341,FALSE,1.855077503996361,0.11074839279233421,1.9658258967886952,-402.75052894971395,2125.1171521861934,1722.3666232364787
MD,2024-12-07,2024,342,FALSE,1.8620306180098285,-0.5145763671314713,1.3474542508783576,-400.8884983317041,2124.6025758190617,1723.7140774873571
MD,2024-12-08,2024,343,FALSE,0.9211893955616499,0.7036008590970424,1.624790254658692,-399.96730893614244,2125.306176678159,1725.3388677420157
MD,2024-12-09,2024,344,FALSE,1.7640387385494547,0.0690861239914633,1.8331248625409184,-398.203270197593,2125.3752628021502,1727.1719926045566
MD,2024-12-10,2024,345,FALSE,2.089895306688935,-0.2188849398764352,1.8710103668125004,-396.113374890904,2125.156377862274,1729.043002971369
MD,2024-12-11,2024,346,FALSE,6.1553443698504005,-4.37284536452383,1.7824990053265712,-389.9580305210536,2120.78353249775,1730.8255019766957
MD,2024-12-12,2024,347,FALSE,1.6180321183920001,-0.38985612495524474,1.2281759934367553,-388.3399984026616,2120.3936763727947,1732.0536779701324
MD,2024-12-13,2024,348,FALSE,1.095265792672111,0.12099779337407274,1.2162635860461835,-387.24473260998946,2120.514674166169,1733.2699415561785
MD,2024-12-14,2024,349,FALSE,0.9913977478648419,0.262105041269631,1.2535027891344734,-386.25333486212463,2120.7767792074383,1734.523444345313
MD,2024-12-15,2024,350,FALSE,2.8833185849334027,-1.0913541288198023,1.7919644561136012,-383.3700162771912,2119.6854250786187,1736.3154088014267
MD,2024-12-16,2024,351,FALSE,0.4680394226994371,1.5834285814551488,2.0514680041545854,-382.90197685449175,2121.268853660074,1738.3668768055813
MD,2024-12-17,2024,352,FALSE,1.5664887164928,0.20401106626940943,1.7704997827622095,-381.33548813799894,2121.4728647263432,1740.1373765883436
MD,2024-12-18,2024,353,FALSE,0.9176968494940414,0.5901173386364931,1.5078141881305342,-380.4177912885049,2122.0629820649797,1741.6451907764742
MD,2024-12-19,2024,354,FALSE,0.6724700356504286,0.5769254669468967,1.249395502597326,-379.74532125285447,2122.6399075319264,1742.8945862790715
MD,2024-12-20,2024,355,FALSE,0.8742432766320002,0.2789848143084204,1.1532280909404202,-378.87107797622247,2122.9188923462348,1744.047814370012
MD,2024-12-21,2024,356,FALSE,1.0720703254424426,-0.08919069239662056,0.982879633045822,-377.79900765078,2122.829701653838,1745.0306940030578
MD,2024-12-22,2024,357,FALSE,0.7790974117181299,-0.0030570081902827617,0.7760404035278472,-377.0199102390619,2122.826644645648,1745.8067344065855
MD,2024-12-23,2024,358,FALSE,1.114346069719178,0.044048374453989916,1.1583944441731682,-375.9055641693427,2122.870693020102,1746.9651288507587
MD,2024-12-24,2024,359,FALSE,0.5332573777875503,0.7621590023239012,1.2954163801114518,-375.37230679155516,2123.632852022426,1748.26054523087
MD,2024-12-25,2024,360,FALSE,0.7493006178588877,0.5865914262137953,1.335892044072683,-374.6230061736963,2124.21944344864,1749.5964372749427
MD,2024-12-26,2024,361,FALSE,0.4012473551911024,1.0795047887638596,1.4807521439549625,-374.2217588185052,2125.2989482374037,1751.0771894188977
MD,2024-12-27,2024,362,FALSE,0.6924105631492142,1.15945027379938,1.8518608369485936,-373.52934825535596,2126.458398511203,1752.9290502558463
MD,2024-12-28,2024,363,FALSE,1.6917921680278014,0.5420006575938445,2.2337928256216455,-371.83755608732815,2127.000399168797,1755.1628430814678
MD,2024-12-29,2024,364,FALSE,4.445960354525582,-2.2416129507704,2.2043474037551825,-367.39159573280256,2124.758786218026,1757.367190485223
MD,2024-12-30,2024,365,FALSE,0.8364305263414923,1.3232590642865911,2.1596895906280835,-366.5551652064611,2126.0820452823127,1759.526880075851
MD,2024-12-31,2024,366,FALSE,1.3252925809176466,0.5968258725700054,1.922118453487652,-365.22987262554346,2126.678871154883,1761.4489985293387
MD,2025-01-01,2024,1,FALSE,0.35936802338400003,0.05391445982855365,0.4132824832125536,-364.8705046021595,2126.7327856147117,1761.8622810125512
