Date,LD_NEE_gC_day,MD_NEE_gC_day,LD_GPP_gC_day,MD_GPP_gC_day,LD_Reco_gC_day,MD_Reco_gC_day,LD_VPD_mean_kPa,MD_VPD_mean_kPa,LD_VPD_day_kPa,MD_VPD_day_kPa,LD_VPD_midday_kPa,MD_VPD_midday_kPa,n_hh,n_Rg,frac_Rg,Rg_mean_Wm2,Rg_max_Wm2,Tair_mean_C,Tair_max_C,Tair_min_C,RH_mean_pct,VPD_mean_kPa,VPD_max_kPa,P_used_mm,SWC_mean,TS_mean_C,n_SWC_mean,n_TS_mean,n_Rg_from_Grant,n_Tair_from_Grant,n_RH_from_Grant,frac_Rg_from_Grant,frac_Tair_from_Grant,frac_RH_from_Grant
2024-01-01,0.4640453713386759,0.2852295999767999,0.16170306069186033,0.4379243203664749,0.6257484320305362,0.7231539203432749,0.13934992894736842,0.12258933421052631,NA,NA,0.1732317,0.1511283,38,38,1,37.64163143986842,162.311,-1.660289473684187,-1.0639999999999645,-2.4470000000000027,77.21418421052631,0.12283827288074807,0.17101622939487215,0,0.13378357894736842,3.475460526315813,1,2,0,0,0,0,0,0
2024-01-02,0.5268010390260002,0.30555387648000015,0.3336135501791444,0.6796426301714777,0.8604145892051446,0.985196506651478,0.13117167708333333,0.12170633958333334,NA,NA,0.1655528,0.1533279,48,48,1,35.47105366447916,257.73,-0.3857708333333123,1.9740000000000464,-1.9119999999999777,79.65093333333333,0.12197809588272555,0.1859570799930107,0,0.12950897916666668,2.77877083333336,1,2,0,0,0,0,0,0
2024-01-03,0.2910108216075852,0.5727379388265279,0.5844714456365757,0.4283472533052206,0.8754822672441612,1.0010851921317485,0.08531900208333333,0.07604796666666666,NA,NA,0.08873893000000001,0.07391108,48,48,1,12.413118808874998,69.4401,-0.15612499999998164,0.9440000000000168,-1.1449999999999818,87.41773541666667,0.0762193400681738,0.10711342520270628,0,0.13078575,2.9311250000000264,1,2,0,0,0,0,0,0
2024-01-04,0.49296498668076766,0.4185691636320002,0.2859222617460969,0.5446948512283172,0.7788872484268644,0.963264014860317,0.2116553125,0.18611302083333334,NA,NA,0.2320482,0.2024041,48,48,1,40.483312881625,265.258,-2.9670833333333135,-0.8929999999999723,-4.214999999999975,61.961800000000004,0.18645233269860725,0.22996844955696166,0,0.1290490625,2.4325000000000223,1,2,0,0,0,0,0,0
2024-01-05,0.5362759119585134,0.4591696035401419,0.32905574544747523,0.6871069265689903,0.8653316574059887,1.1462765301091324,0.16860204166666667,0.15092073125,NA,NA,0.2097539,0.1898586,48,46,0.9583333333333334,22.13066760869565,119.443,-1.4001739130434574,0.9140000000000441,-3.8969999999999914,72.77827608695652,0.1517059642131727,0.19893842592845062,0,0.12795158695652173,2.010934782608714,0.9583333333333333,1.9166666666666665,0,0,0,0,0,0
2024-01-06,0.5891781544045716,0.25741598228999996,0.30434318675593064,1.0110135074142155,0.893521341160502,1.2684294897042159,0.17420616666666666,0.12477432083333334,NA,NA,0.206549,0.12342600000000001,48,0,0,NA,NA,NA,NA,NA,NA,NA,NA,NA,NA,NA,0,0,0,0,0,0,0,0
2024-01-07,0.8914531123280572,0.04406871137830145,0.03457774443505349,1.352728181467549,0.9260308567631104,1.3967968928458505,0.17291342105263158,0.14353003333333333,NA,NA,NA,0.07238481,24,7,0.2916666666666667,NA,442.826,1.7461428571428834,2.3380000000000223,1.2240000000000464,81.02952857142857,0.13204108532643755,0.16388002060403328,0,0.12711485714285714,2.873000000000023,0.29166666666666663,0.5833333333333333,0,0,0,0,0,0
2024-01-08,0.9405417090198854,0.5118355812240001,-0.07103162972280824,0.8192948300350941,0.8695100792970774,1.3311304112590938,0.15166904545454546,0.14272626511627906,NA,NA,NA,0.124699,22,0,0,NA,NA,NA,NA,NA,NA,NA,NA,NA,NA,NA,0,0,0,0,0,0,0,0
2024-01-09,1.1187801510176674,0.526649937121853,-0.22931723017832936,0.7721983334417745,0.8894629208393381,1.2988482705636275,NA,NA,NA,NA,NA,NA,NA,NA,NA,NA,NA,NA,NA,NA,NA,NA,NA,NA,NA,NA,NA,NA,NA,NA,NA,NA,NA,NA
2024-01-10,0.9688665717606232,0.4780102656147454,-0.01742148932883978,0.7200281658281349,0.9514450824317833,1.19803843144288,NA,NA,NA,NA,NA,NA,NA,NA,NA,NA,NA,NA,NA,NA,NA,NA,NA,NA,NA,NA,NA,NA,NA,NA,NA,NA,NA,NA
2024-01-11,0.9857685816850353,0.8898035312771212,0.08401409556106491,0.20155984172352828,1.0697826772461003,1.0913633730006496,0.08563863333333334,NA,NA,NA,0.0704767,NA,11,10,0.9090909090909091,70.462628917,219.566,0.693100000000021,0.93100000000004,0.3180000000000405,85.33422,0.09411665052321788,0.1092342288822642,3.1999999999999997,0.1471838,2.5743000000000165,0.9090909090909091,1.8181818181818181,0,0,0,0,0,0
2024-01-12,0.8051571712600798,1.4449650278904003,0.30266321043390565,-0.44284104142189373,1.1078203816939858,1.0021239864685063,0.09617256979166666,NA,NA,NA,0.11794462,NA,48,6,0.125,NA,0,-0.21883333333331242,0.027000000000043656,-0.36099999999999,95.47791666666666,0.027312011647719014,0.06216096732533882,0,0.147146,2.5782500000000255,0.125,0.25,0,0,0,0,0,0
2024-01-13,0.9007925885026973,1.6074557687304003,0.21071140145255482,-0.6198476501506502,1.111503989955252,0.98760811857975,0.10527655813953489,0.08409968181818181,NA,NA,0.09232646,0.1136308,48,37,0.7708333333333334,78.63288288288288,328.91666666666663,-3.8827027027027023,-0.26,-6.18,96.69189189189188,0.013931429908597514,0.02078454454364781,0,NA,NA,0,0,37,37,37,0.7708333333333334,0.7708333333333334,0.7708333333333334
2024-01-14,0.7545328764191999,1.0952460409464002,0.07901165129082552,-0.1770430615687329,0.8335445277100254,0.9182029793776669,0.032830387499999995,0.005155462618750002,NA,NA,0.02715679,8.7895077e-4,48,48,1,16.370370370370374,74.36111111111111,-9.003541666666667,-6.07,-11.85,92.05624999999999,0.02380078544291766,0.027018359345420406,0,NA,NA,0,0,48,48,48,1,1,1
2024-01-15,0.834803703144,0.7317008314639202,-0.3111014331824647,0.032643115580322526,0.5237022699615355,0.7643439470442426,0.008138454285714285,7.331156250000007e-4,NA,NA,NA,0,28,28,1,0.22420634920634921,2.361111111111111,-14.741785714285713,-11.64,-17.15,87.20714285714286,0.024668496676126427,0.026511307712444976,0,NA,NA,0,0,28,28,28,1,1,1
2024-01-16,0.8361191262960002,0.813054955608,-0.31668308652580246,-0.0675712061702099,0.5194360397701976,0.74548374943779006,NA,0.004140228125,NA,NA,NA,NA,NA,NA,NA,NA,NA,NA,NA,NA,NA,NA,NA,NA,NA,NA,NA,NA,NA,NA,NA,NA,NA,NA
2024-01-17,0.8356685345205489,0.7791559523511429,-0.1955147695778267,0.06415116034764586,0.6401537649427221,0.8433071126987892,NA,NA,NA,NA,NA,NA,NA,NA,NA,NA,NA,NA,NA,NA,NA,NA,NA,NA,NA,NA,NA,NA,NA,NA,NA,NA,NA,NA
2024-01-18,0.7648075015281018,0.708329023958419,0.18421299482152692,0.4435898690387955,0.9490204963496285,1.1519188929972146,NA,NA,NA,NA,NA,NA,NA,NA,NA,NA,NA,NA,NA,NA,NA,NA,NA,NA,NA,NA,NA,NA,NA,NA,NA,NA,NA,NA
2024-01-19,0.7138936116574804,1.0641402929076822,0.2962250737256638,0.16052550822396244,1.0101186853831443,1.2246658011316445,NA,0.07040931111111111,NA,NA,NA,0.0780869,NA,NA,NA,NA,NA,NA,NA,NA,NA,NA,NA,NA,NA,NA,NA,NA,NA,NA,NA,NA,NA,NA
2024-01-20,0.694680526945307,1.0963294932132002,0.35316013592223383,0.15544131657693072,1.0478406628675407,1.2517708097901303,NA,0.022839779291666664,NA,NA,NA,0.045321493,NA,NA,NA,NA,NA,NA,NA,NA,NA,NA,NA,NA,NA,NA,NA,NA,NA,NA,NA,NA,NA,NA
2024-01-21,0.6890720194627169,0.9975351823631999,0.4042692432497956,0.2717978342685172,1.093341262712512,1.269333016631717,NA,0.04606785574468085,NA,NA,NA,0.06866436,NA,NA,NA,NA,NA,NA,NA,NA,NA,NA,NA,NA,NA,NA,NA,NA,NA,NA,NA,NA,NA,NA
2024-01-22,0.7075398366474306,0.8257598723520001,0.4628632389958738,0.487481660242495,1.1704030756433041,1.313241532594495,NA,0.061192961604166665,NA,NA,NA,0.03953683,NA,NA,NA,NA,NA,NA,NA,NA,NA,NA,NA,NA,NA,NA,NA,NA,NA,NA,NA,NA,NA,NA
2024-01-23,0.7596820220373258,14.613783413737716,0.48115297941687224,-13.264532123251582,1.240835001454198,1.349251290486134,NA,0.1788452731707317,NA,NA,NA,0.1254138625,NA,NA,NA,NA,NA,NA,NA,NA,NA,NA,NA,NA,NA,NA,NA,NA,NA,NA,NA,NA,NA,NA
2024-01-24,0.7122082259254106,1.9308218791377703,0.5184085994605181,-0.622632183481237,1.230616825385928,1.3081896956565333,0,0.028277952083333332,NA,NA,0,0.01551032,15,15,1,81.27688519454519,179.732,1.9726666666666863,2.1650000000000205,1.54,97.41558,0.018267651034706903,0.0287420590210119,11.110000000000005,0.20581457142857143,2.050285714285747,0.9333333333333333,1.8666666666666667,1,1,1,0.06666666666666667,0.06666666666666667,0.06666666666666667
2024-01-25,0.6755562480578159,0.5713089135896102,0.5411628313675108,0.6926477073490737,1.2167190794253264,1.263956620938684,0,0.007308480833333333,NA,NA,0,0.009287244,48,48,1,54.084757805291666,243.993,1.1481875000000283,2.117999999999995,0.4970000000000141,98.90318958333333,0.007326134842484068,0.01072862208546077,1.0999999999999999,0.19857595833333333,2.013031250000021,1,2,0,0,0,0,0,0
2024-01-26,0.6875818180792383,2.8378275224081686,0.5405763903679628,-1.5965045588573208,1.2281582084472007,1.2413229635508485,0.009489670369565217,0.028479876666666664,NA,NA,0.040218115,0.06987563,48,48,1,45.746162459649206,288.377,1.5742291666666919,3.2410000000000423,0.2810000000000059,96.00545,0.028617929639403773,0.0822802251659448,9.079999999999997,0.21852304347826088,1.8345543478261104,0.9583333333333333,1.9166666666666665,2,2,2,0.041666666666666664,0.041666666666666664,0.041666666666666664
2024-01-27,0.5986188921875557,0.6635638144751511,0.6235973398010627,0.5464222925476393,1.222216231988618,1.209986107022791,0.3601005882352941,0.04848266704166667,NA,NA,0.42657875,0.004591149999999999,48,48,1,56.594328703703724,264.19444444444446,1.6679166666666667,3.33,0.74,97.90208333333334,0.015226108889069386,0.05054750452977208,2.405,NA,NA,0,0,48,48,48,1,1,1
2024-01-28,0.481583137158851,0.32148897854027,0.7555819636153934,0.9969913202396313,1.2371651007742446,1.318480298779901,0.10159592553191489,0.06821596875,NA,NA,0.12124864444444444,0.07357845,48,48,1,57.47271527777778,325.362,2.111645833333335,3.17,1.16,92.66584583333334,0.053461037192300484,0.16882283898935302,0,0.22077966666666668,1.6381666666666963,0.0625,0.125,45,45,45,0.9375,0.9375,0.9375
2024-01-29,0.8679368246393456,0.42853186523220776,0.2809370563268091,0.8178133662079017,1.1488738809661545,1.2463452314401098,0.11105935555555556,0.06500777291666666,NA,NA,0.08497011,0.04816363,48,48,1,36.680555555555564,167.33333333333334,0.334375,1.18,-0.47,88.23125,0.07393304404162655,0.12422987086850712,0,NA,NA,0,0,48,48,48,1,1,1
2024-01-30,0.92317663854168,0.7418838294719998,0.213251050238419,0.4557511882889162,1.1364276887800988,1.1976350177609167,0.06367978333333334,0.031161515217391307,NA,NA,NA,0.0024079900000000005,9,9,1,17.87654320987654,55,0.40444444444444444,1.39,-0.5,96.02222222222223,0.023924796425842075,0.04549611060634495,0,NA,NA,0,0,9,9,9,1,1,1
2024-01-31,0.91580336669304,0.6621032675520004,0.2072491809522813,0.49189877894514306,1.1230525476453213,1.1540020464971428,NA,NA,NA,NA,NA,NA,NA,NA,NA,NA,NA,NA,NA,NA,NA,NA,NA,NA,NA,NA,NA,NA,NA,NA,NA,NA,NA,NA
2024-02-01,0.3735350131514721,0.6361190228868003,0.7752735694610652,0.5019017480206469,1.1488085826125376,1.138020770907447,NA,NA,NA,NA,NA,NA,NA,NA,NA,NA,NA,NA,NA,NA,NA,NA,NA,NA,NA,NA,NA,NA,NA,NA,NA,NA,NA,NA
2024-02-02,0.7171431920851558,1.3209528928715442,0.44139995016845823,-0.20580925023243082,1.1585431422536139,1.115143642639114,0.19819006666666666,NA,NA,NA,0.13820366666666667,NA,17,0,0,NA,NA,NA,NA,NA,NA,NA,NA,NA,NA,NA,0,0,0,0,0,0,0,0
2024-02-03,0.5656950096678157,0.7032389048030221,0.6129357870131114,0.393332831595059,1.1786307966809273,1.0965717363980814,0.08873709022727272,NA,NA,NA,0.010989706666666668,NA,45,0,0,NA,NA,NA,NA,NA,NA,NA,NA,NA,NA,NA,0,0,0,0,0,0,0,0
2024-02-04,0.1703865049805042,-0.21904478705606825,0.9499379873433009,1.2338412289741225,1.1203244923238054,1.0147964419180537,0.43195783703703705,NA,NA,NA,0.7097506,NA,39,0,0,NA,NA,NA,NA,NA,NA,NA,NA,NA,NA,NA,0,0,0,0,0,0,0,0
2024-02-05,0.1809624632754857,-0.17197616652698114,0.926090471078044,1.141625344188491,1.10705293435353,0.9696491776615097,0.3185699324324324,0.40372144374999996,NA,NA,0.4153395,0.31755345555555553,41,10,0.24390243902439024,NA,483.648,7.109400000000017,8.497000000000014,4.336000000000013,48.17601,0.5285326795956964,0.6266208286471018,0,0.1759429,0.8561000000000092,0.24390243902439007,0.48780487804878014,0,0,0,0,0,0
2024-02-06,0.22595585633762658,-0.09802135953380356,0.7785451244165044,1.0821438512186534,1.0045009807541305,0.9841224916848496,0.06650200583333332,0.07984914583333334,NA,NA,0.08923758999999999,0.10697677,48,48,1,67.34268293395834,386.98,0.1825625000000259,3.987000000000023,-1.9459999999999695,88.41203541666667,0.08004571653249976,0.3110307969686622,0,0.17652972916666668,1.3302604166666896,1,2,0,0,0,0,0,0
2024-02-07,0.39620541720714186,0.12193304503402314,0.7394502926243612,1.0247636896353611,1.1356557098315028,1.146696734669384,0.17102720142857145,0.14424715833333332,NA,NA,0.320333,0.263053,44,28,0.6363636363636364,NA,400.375,2.9758928571428784,7.362000000000023,-2.069999999999993,76.18133571428571,0.20826280138845166,0.43316480533315715,0,0.17402567857142856,1.9237321428571679,0.6363636363636364,1.2727272727272727,0,0,0,0,0,0
2024-02-08,0.5447592734760001,0.868751023248,0.800041828834976,0.40960359577300076,1.344801102310976,1.2783546190210004,0.5338879583333332,0.5765786875,NA,NA,0.825711,0.8971249,48,7,0.14583333333333334,NA,0,4.277857142857166,4.913000000000011,3.4770000000000323,69.08167142857143,0.25734486487163677,0.29151018585930377,0,0.1713562857142857,2.160714285714302,0.1458333333333334,0.2916666666666668,0,0,0,0,0,0
2024-02-09,2.0304618301727992,3.8856179601,-0.5389172742589419,-2.5293763712174053,1.4915445559138578,1.356241588882596,0.4014587931034483,0.5161864893617021,NA,NA,NA,0.5617095,29,0,0,NA,NA,NA,NA,NA,NA,NA,NA,NA,NA,NA,0,0,0,0,0,0,0,0
2024-02-10,1.8416477510906577,0.9181829562552001,-0.2757081216289961,0.46179578595871074,1.5659396294616608,1.3799787422139107,NA,0.178015075,NA,NA,NA,0.1603581,NA,NA,NA,NA,NA,NA,NA,NA,NA,NA,NA,NA,NA,NA,NA,NA,NA,NA,NA,NA,NA,NA
2024-02-11,1.7168863200876008,0.2211544036587928,-0.09505272004521606,1.1991478691600632,1.6218336000423839,1.4203022728188566,NA,0.166364375,NA,NA,NA,0.1625261,NA,NA,NA,NA,NA,NA,NA,NA,NA,NA,NA,NA,NA,NA,NA,NA,NA,NA,NA,NA,NA,NA
2024-02-12,0.540576298038692,-0.219760138454297,1.09140264089501,1.714403045643212,1.6319789389337027,1.494642907188915,0.29403368750000003,0.14440978541666666,NA,NA,0.29339544444444443,0.293188,17,10,0.5882352941176471,NA,565.491,3.273300000000023,4.369000000000028,1.4910000000000423,62.34155,0.29395953574891387,0.3594035316724137,0,0.1639223,1.5459000000000174,0.588235294117647,1.176470588235294,0,0,0,0,0,0
2024-02-13,0.9749545818158833,0.220041521494883,0.6259201501491395,1.2440789834092978,1.6008747319650225,1.4641205049041797,0.21197893333333334,0.15193168125,NA,NA,0.31151666666666666,0.2740894,44,33,0.75,67.87213108585858,334.757,-1.1901818181818107,0.9720000000000368,-4.02,74.65660303030303,0.15337681323987382,0.3190923859491025,0,0.16161928571428572,1.493678571428583,0.31818181818181807,0.6363636363636361,19,19,19,0.4318181818181818,0.4318181818181818,0.4318181818181818
2024-02-14,1.1337218963786562,-0.09749784193604638,0.4760003024583521,1.5332107408729434,1.609722198837008,1.435712898936897,0.19789611162790696,0.16821610687500002,NA,NA,0.33980899999999997,0.3073412,44,44,1,83.42798088787882,561.914,-1.1993863636363513,3.015000000000043,-5.03,71.811125,0.1749268052006478,0.36419759005294067,0,0.16079040909090908,1.614340909090934,0.5,1,22,22,22,0.5,0.5,0.5
2024-02-15,1.328849810132238,1.949440415646651,0.43220815459274103,-0.441786062626981,1.7610579647249789,1.50765435301967,0.19954233023255813,0.19462291739130436,NA,NA,0.04224306666666666,0.06768439,44,44,1,17.927672361616164,202.878,0.29338636363637494,1.754000000000019,-1.42,74.03113863636364,0.16699698989388864,0.29908362913673636,0.1,0.15999127272727273,1.5615909090909383,0.5,1,22,22,22,0.5,0.5,0.5
2024-02-16,1.8780984900722817,1.4197858593857757,-0.3693279095686022,-0.11202563187852377,1.5087705805036793,1.307760227507252,0.19737017857142858,0.15978055172413794,NA,NA,NA,NA,29,29,1,1.8192808916655172,46.77777777777778,-2.867655172413788,-0.7189999999999941,-5.22,66.02592068965517,0.16872385297479978,0.21291617040819877,0,0.15996542857142856,1.5559285714285807,0.24137931034482765,0.4827586206896553,22,22,22,0.7586206896551724,0.7586206896551724,0.7586206896551724
2024-02-17,1.615107291644912,0.6305648301027275,-0.42693831666003224,0.48409883322476976,1.1881689749848794,1.1146636633274967,0.10840757837837837,0.10120844468085106,NA,NA,0.1412935,0.10848465,38,38,1,43.4005080857421,465.945,-6.684842105263135,-4.5989999999999895,-8.625,71.55697105263158,0.10676398693929459,0.1799742906127934,0,0.16107744736842106,1.2648026315789773,1,2,0,0,0,0,0,0
2024-02-18,1.091275107827215,0.9724522770000001,0.3087944447597471,0.3771171602851044,1.4000695525869626,1.3495694372851048,0.20552264864864864,0.18330616666666666,NA,NA,0.242395,0.19181289999999998,38,38,1,75.31225438378155,718.619,-1.8228157894736627,0.17900000000003047,-3.926999999999964,63.86998157894737,0.1947634080899373,0.272702118813207,0.30000000000000004,0.1605865,1.0875921052631794,1,2,0,0,0,0,0,0
2024-02-19,0.7020063412566234,0.5266084948878984,0.5746651723965248,0.7375303904359453,1.2766715136531486,1.264138885323844,0.17244685405405405,0.16249784166666667,NA,NA,0.3632222,0.33190922,39,39,1,112.72689140538405,672.345,-4.029256410256388,4.271000000000015,-11.137,70.69274102564103,0.1848215608754059,0.4826097471323968,0,0.15956684210526315,0.8858684210526574,0.9743589743589743,1.9487179487179487,1,1,1,0.02564102564102564,0.02564102564102564,0.02564102564102564
2024-02-20,0.988108926576338,0.42285982434007374,0.5366947742899265,1.1055816480506628,1.5248037008662647,1.5284414723907365,0.31134736153846154,0.2688768770833333,NA,NA,0.5491673333333333,0.4485114,39,39,1,108.05912195159488,624.556,1.3967692307692507,8.675000000000011,-3.4969999999999573,62.553651282051284,0.3000113171223138,0.6380298715943067,0,0.16149953846153847,0.671038461538485,1,2,0,0,0,0,0,0
2024-02-21,1.1847679899355428,1.600172498938909,0.6346585639809156,0.22653450031124908,1.8194265539164587,1.826706999250158,0.5216383333333333,0.49547833333333335,NA,NA,0.7216525,0.7299214,48,48,1,120.85933720612499,527.171,7.809291666666689,14.288000000000011,3.8389999999999986,55.55954583333333,0.4969264933416472,0.9358264330642607,0,0.200371125,1.522145833333356,1,2,0,0,0,0,0,0
2024-02-22,-0.15311127143609865,0.29110902032759894,1.7840019727034215,1.416770516179982,1.6308907012673226,1.7078795365075798,0.4085144139583333,0.41075019166666665,NA,NA,0.7699886,0.8071686,48,48,1,153.2280115565833,640.837,5.673958333333358,13.539000000000044,-1.8619999999999663,66.1712875,0.411966596218686,1.0989154220006894,0,0.19631766666666667,2.4918958333333556,1,2,0,0,0,0,0,0
2024-02-23,-0.0761919262862578,0.46212605983403493,1.494994875585813,1.1173532124632413,1.4188029492995549,1.5794792722972761,0.29728589583333337,0.2763399375,NA,NA,0.2553,0.2560752,48,48,1,92.64740398042082,484.345,2.819666666666693,8.107000000000028,-1.6359999999999673,64.64464375,0.2770661376087642,0.7462996538328207,0,0.18367870833333333,2.27826041666669,1,2,0,0,0,0,0,0
2024-02-24,-0.1981174188622681,-0.9309997880748001,1.143171175782188,2.2028339902343723,0.9450537569199198,1.271834202159572,0.21267799736842108,0.18948389375,NA,NA,0.28615616666666666,0.2658975,39,39,1,138.90731621971793,639.276,-5.8057435897435665,-1.481999999999971,-11.177999999999997,50.08593333333334,0.21170367887786423,0.3539360208608525,0,0.184403,0.9089102564102811,1,2,0,0,0,0,0,0
2024-02-25,-0.1084097928624857,-0.45172231632000026,1.258146316150777,2.205328241628482,1.1497365232882908,1.7536059253084826,0.23620308108108107,0.23306166666666664,NA,NA,0.43526875,0.3680105,41,41,1,123.67737813552465,627.703,-0.06192682926826997,7.242999999999995,-5.015999999999963,64.78043902439025,0.23710030944865773,0.4713905913386097,0,0.180729025,0.6058750000000203,0.975609756097561,1.951219512195122,1,1,1,0.024390243902439025,0.024390243902439025,0.024390243902439025
2024-02-26,0.32003971199812753,-0.1144757623176075,1.0614194744925909,2.4496053672800335,1.3814591864907186,2.3351296049624257,0.42732842708333335,0.41530294791666666,NA,NA,0.6781991,0.6771189,48,48,1,158.6707953972708,591.453,6.020208333333361,14.148000000000025,0.35599999999999454,60.508302083333334,0.4164962038651624,0.9056720081673502,0,0.17893354166666667,1.5830625000000218,1,2,0,0,0,0,0,0
2024-02-27,0.7606218059692286,0.4061015359790535,0.9994688103837178,2.5809229005936727,1.7600906163529468,2.987024436572726,0.6005084166666667,0.64517325,NA,NA,0.7580802,0.8725206,48,48,1,149.68981105626872,608.317,14.644145833333353,21.363,11.00200000000001,63.0119,0.6471336437943558,1.3259798404633438,0,0.17772045833333333,4.888427083333353,1,2,0,0,0,0,0,0
2024-02-28,0.6617892624454453,2.003404753827244,0.598522952536249,0.1811516518952694,1.2603122149816948,2.1845564057225144,0.13737783023255815,0.1690734625,NA,NA,0.10546158571428571,0.09258312,43,43,1,66.51428473848836,395.102,2.9258837209302566,16.28000000000003,-7.488999999999976,77.44053023255815,0.1823140614480783,0.4849633039107526,0.2,0.17709634883720932,4.750279069767463,1,2,0,0,0,0,0,0
2024-02-29,0.3012725083578356,-0.37025390299139993,0.5855048815408336,1.9581121903983292,0.8867773898986687,1.5878582874069296,0.20960176315789475,0.18649503333333334,NA,NA,0.2812255,0.2425446,39,39,1,147.4726422047441,665.514,-5.051692307692287,-0.05099999999998772,-8.92999999999995,53.981161538461535,0.20207426701963457,0.32900281216647187,0,0.17675515384615384,1.034666666666685,1,2,0,0,0,0,0,0
2024-03-01,0.32174101364687246,-0.19772370335415063,0.9383497934600236,2.2745071447966043,1.260090807106896,2.0767834414424544,0.4479006190476191,0.4023243125,NA,NA,0.6847039,0.6846891,43,43,1,153.97229117068372,682.554,2.199325581395375,8.567000000000007,-2.502999999999986,47.654016279069765,0.41762275160300394,0.7806210122762909,0,0.17728046511627907,1.1403488372093282,1,2,0,0,0,0,0,0
2024-03-02,0.0031336845263998502,-0.5863707732803491,1.6045710097921737,2.9572261269721722,1.6077046943185735,2.3708553536918235,0.3800666956521739,0.37033327659574466,NA,NA,0.39137925,0.4288177777777778,48,48,1,170.8577998977083,649.829,6.070020833333354,10.632000000000005,2.5580000000000496,61.73221875,0.37139120234366,0.5745299592956906,0,0.17644925,3.0904895833333565,1,2,0,0,0,0,0,0
2024-03-03,0.13864489750888426,-0.3417601179483413,1.8359018095536614,2.9303695263967073,1.974546707062545,2.5886094084483653,0.39609897749999995,0.4289470291666666,NA,NA,0.7999703,0.8584204,48,48,1,177.1765283458333,656.756,9.288229166666689,18.924000000000035,3.740000000000009,72.65474999999999,0.4302361977579702,1.300890944561576,0,0.17290733333333333,4.232666666666686,1,2,0,0,0,0,0,0
2024-03-04,1.005643095022473,0.5866145686506483,1.4955305781351766,2.3909317882879395,2.5011736731576497,2.9775463569385865,0.4351086229166667,0.5084123333333334,NA,NA,0.3867833,0.5072074,48,48,1,90.85164442449772,326.303,14.69206250000002,19.465000000000032,9.984000000000037,70.5792375,0.5099665357627784,0.8460590960684267,0,0.17095375,6.6343020833333615,1,2,0,0,0,0,0,0
2024-03-05,1.4255908761699718,1.0919870625939274,0.8657134606458208,1.5779617563794737,2.2913043368157933,2.669948818973402,0.11589861020833334,0.18345045625,NA,NA,0.10683579,0.14737709999999998,48,48,1,56.062806859374994,291.535,9.987270833333351,18.229000000000042,4.862000000000023,87.38552708333333,0.18400021951881046,0.6249462867949125,29.099999999999994,0.22506302083333332,7.616135416666685,1,2,0,0,0,0,0,0
2024-03-06,0.32030807469504075,-0.6203053531674421,1.7867215104492178,2.967132442256857,2.10702958514426,2.3468270890894147,0.36499668124999995,0.3676823270833333,NA,NA,0.6128442000000001,0.6059346,48,48,1,197.12132328020834,703.201,6.40747916666669,10.800000000000011,2.4540000000000077,65.52311041666667,0.3687514140316173,1.0008758357256395,0,0.2096273125,6.203395833333353,1,2,0,0,0,0,0,0
2024-03-07,0.46790746539566563,0.24390459072000037,1.5417965312587172,1.8266487685353472,2.009703996654383,2.070553359255348,0.3751726875,0.34489904166666663,NA,NA,0.3156605,0.3212909,48,48,1,91.74860204054166,425.386,4.064229166666692,8.072000000000003,0.382000000000005,58.183616666666666,0.34582529262362494,0.7793577190644186,0,0.1965015625,4.6782916666666825,1,2,0,0,0,0,0,0
2024-03-08,1.2345113162205508,2.808035548100836,0.9222022374462963,-0.7903009079584332,2.156713553666847,2.017734640142402,0.078500039375,0.10756387291666666,NA,NA,0.021087079,0.06987991,48,48,1,29.308784022916665,117.658,4.937270833333356,7.379000000000019,3.0440000000000396,87.69199583333334,0.10786038048538944,0.3038662251078169,10.6,0.20013352083333333,5.054187500000026,1,2,0,0,0,0,0,0
2024-03-09,1.7728123015770374,-0.10243348058450633,0.27111931570926917,1.8931699791322103,2.0439316172863076,1.7907364985477034,0.058375310297872324,0.07820399374999999,NA,NA,0.14607576,0.15465956,48,48,1,60.488560865968736,300.597,2.6067500000000217,5.842000000000041,0.6090000000000373,88.77322291666667,0.07839789694419247,0.19099725730453876,12.099999999999998,0.23521716666666667,4.83022916666669,1,2,0,0,0,0,0,0
2024-03-10,0.9162743874356978,0.13792672172159992,0.9666600315006562,1.4815969519949743,1.882934418936354,1.6195236737165741,0.17533746829268293,0.172991814893617,NA,NA,0.27389525,0.20556243,42,42,1,125.62695436780952,565.299,-0.24288095238092575,3.100999999999999,-2.72199999999998,72.76723095238096,0.17654122198040456,0.43931059154441565,0,0.21201259523809524,3.4439285714285925,1,2,0,0,0,0,0,0
2024-03-11,1.1366401774918136,-0.9518169854794347,1.1645665424643872,2.83605809679896,2.3012067199562014,1.884241111319525,0.4000905458333333,0.3947543104166667,NA,NA,0.6578851,0.6543726,48,48,1,207.93450084290004,700.844,4.258812500000026,14.381000000000029,-1.252999999999986,64.25264375,0.3958887069167759,1.0099496738961837,0,0.20200814583333335,3.129270833333359,1,2,0,0,0,0,0,0
2024-03-12,1.5612826302149407,-0.44642705806594696,1.3791911381191562,2.7696985609976807,2.940473768334097,2.3232715029317337,0.590931875,0.5949416249999999,NA,NA,0.846275,0.8759129999999999,48,48,1,198.08680176437497,714.033,11.00508333333336,17.699000000000012,6.508000000000038,59.468870833333334,0.5967361073503281,1.142300953677276,0,0.19400160416666667,5.348302083333353,1,2,0,0,0,0,0,0
2024-03-13,1.2300453682794663,-0.472323313193735,1.8451191649972276,2.8967272181857613,3.075164533276693,2.4244039049920265,0.8614622337500001,0.8561583361702129,NA,NA,1.3691719,1.3669965555555554,48,48,1,207.84253200291667,737.459,12.46347916666669,20.05200000000002,2.742999999999995,51.46248541666667,0.8782767078864003,1.9557207594579247,0,0.189176875,6.423145833333356,1,2,0,0,0,0,0,0
2024-03-14,3.1739344241239063,4.358351162462271,-0.3589835344504928,-2.0671310530067744,2.814950889673411,2.2912201094554976,0.5336929560208334,0.5162083208333333,NA,NA,0.17513779499999999,0.20066398,48,48,1,22.37491018060417,103.637,9.645645833333353,15.608000000000004,5.447000000000003,62.42069166666667,0.5177686327874197,1.3503575675245472,20.099999999999998,0.205415625,6.63677083333336,1,2,0,0,0,0,0,0
2024-03-15,-0.5989846844381173,-0.9081823942808174,2.8988598240782824,2.8816109010592075,2.299875139640164,1.9734285067783908,0.17037376020833336,0.1959142666666667,NA,NA,0.23634929999999998,0.26656396,48,48,1,210.701252073125,746.571,4.532562500000021,9.184000000000026,-0.17699999999996407,80.57060208333334,0.19647716663220122,0.6811935827163149,1.3,0.220947125,5.755645833333352,1,2,0,0,0,0,0,0
2024-03-16,1.6648678683975067,0.010500041844412313,0.6118451560619269,1.9889943222790536,2.2767130244594336,1.999494364123466,0.2978068104166667,0.28659850000000003,NA,NA,0.3536266,0.3569413,48,48,1,94.67587855822705,522.343,4.775145833333358,10.153999999999996,0.22900000000004184,68.85457708333334,0.28739803623609833,0.580609274033173,0,0.20470535416666666,5.026135416666683,1,2,0,0,0,0,0,0
2024-03-17,0.6752074432442943,0.009736376880973374,1.2520033049486847,1.7712086068096986,1.9272107481929788,1.7809449836906723,0.25203035217391306,0.23085092916666666,NA,NA,0.19568265,0.18359976,48,48,1,87.54478725142145,460.404,0.9046875000000227,6.822000000000003,-2.252999999999986,65.14317083333333,0.23140439055114376,0.48291873573910626,0.1,0.19794164583333335,4.265302083333355,1,2,0,0,0,0,0,0
2024-03-18,1.2176014951266874,0.2207339841960001,0.33634626467932127,1.5636057124912819,1.5539477598060079,1.784339696687282,0.14430748333333332,0.13822419375,NA,NA,0.1865787,0.1816376,48,48,1,70.74511746016252,314.294,-2.5009999999999764,-0.7589999999999577,-4.308999999999969,73.12386666666667,0.13849150050429349,0.22885529083467432,0.1,0.19459377083333335,2.6729791666666882,1,2,0,0,0,0,0,0
2024-03-19,-0.2306762107199999,-1.2270824310096,1.9420285091493747,3.690997610519912,1.7113522984293745,2.4639151795103116,0.30246874999999995,0.28040091666666667,NA,NA,0.3536844,0.34012220000000004,48,48,1,148.7367376452521,701.845,1.1129375000000257,5.551000000000045,-1.6379999999999768,59.7729625,0.28109392042859305,0.49108190861027645,0,0.19210989583333332,2.62436458333336,1,2,0,0,0,0,0,0
2024-03-20,2.5365732172962043,0.18611396191465565,-1.0735460433969566,2.4512067011955643,1.463027173899247,2.6373206631102204,0.24178122142857142,0.21225102708333332,NA,NA,0.2358175,0.19355060000000002,42,42,1,109.25634617526191,510.335,-1.2802142857142678,4.055000000000007,-4.062999999999988,59.91779761904762,0.22368908916024655,0.4240498872262543,0.1,0.18853092857142856,2.6156666666666926,1,2,0,0,0,0,0,0
2024-03-21,0.7990536424692123,0.8534399385093782,0.41207558137315564,1.4964245902193554,1.2111292238423683,2.3498645287287334,0.23736479210526315,0.20997187916666668,NA,NA,0.3193106,0.2636034,38,38,1,165.8651694065595,889.649,-4.558868421052612,0.299000000000035,-8.291999999999973,52.390252631578946,0.23024365406551425,0.4422354427241538,0,0.1875163157894737,1.4030789473684466,1,2,0,0,0,0,0,0
2024-03-22,3.8006348487963826,0.33202485426576483,-2.48037779261997,1.9221117397978498,1.3202570561764126,2.254136594063614,0.1338597875,0.1253678595744681,NA,NA,0.06220507,0.07837192,48,48,1,101.56663811711461,387.108,-2.6760416666666473,-0.7980000000000018,-4.635999999999967,74.08399375,0.12854288696059005,0.34207689432445065,5.9,0.18669397916666666,1.3288645833333548,1,2,0,0,0,0,0,0
2024-03-23,0.18272967638546453,-0.8628548836352903,1.2182622107326952,2.932954251620555,1.40099188711816,2.0700993679852653,0.17762148139534883,0.19154322708333332,NA,NA,0.31068825,0.3236362,43,43,1,224.76356185226047,833.831,-1.400279069767418,0.9519999999999982,-4.495999999999981,66.87296046511628,0.1964483734668083,0.4240857610255625,0.8,0.19219609302325583,1.9830930232558317,1,2,0,0,0,0,0,0
2024-03-24,0.25250829817376336,-0.6793440095589938,1.1857665949490142,2.481027514171488,1.4382748931227776,1.8016835046124946,0.26717283333333336,0.240992875,NA,NA,0.35937285714285716,0.3245283,42,42,1,93.61477924771427,522.582,-1.596904761904741,2.6070000000000277,-4.981999999999971,56.8656,0.24572247765137786,0.3870667630680166,0,0.21714990476190477,1.5251309523809766,1,2,0,0,0,0,0,0
2024-03-25,-0.5398979361120001,-1.072704807792,2.5189513531629357,3.024791381153183,1.979053417050936,1.952086573361184,0.5906066041666667,0.5687776458333333,NA,NA,0.8539268,0.8660263,48,48,1,135.1688175534375,594.526,7.007604166666693,17.121000000000038,0.4630000000000223,50.46152708333334,0.570409222331482,1.1246427179031997,0,0.21828295833333333,2.623333333333349,1,2,0,0,0,0,0,0
2024-03-26,-0.7007095436953847,3.4651813373719476,3.032669128387883,-1.357318752595235,2.3319595846925,2.107862584776713,0.3630379710416667,0.3963520791666667,NA,NA,0.07880298,0.1761355,48,48,1,67.14947356741668,308.186,10.96364583333335,15.192000000000007,5.348000000000013,72.57944166666667,0.397553768039355,1.0818078674272018,12.399999999999997,0.23054535416666666,5.657416666666693,1,2,0,0,0,0,0,0
2024-03-27,0.3277806990969601,0.21054696708187975,1.3974018020849925,1.3874127166944474,1.7251825011819528,1.597959683776327,0.16430207916666667,0.16284543617021277,NA,NA,0.1831219,0.1766861,48,48,1,66.08116825748603,361.972,0.6201875000000266,5.07000000000005,-1.4989999999999668,74.4223875,0.16243309212341392,0.2504150764525232,0.1,0.22067016666666667,3.9498437500000243,1,2,0,0,0,0,0,0
2024-03-28,-1.2034690796950613,-2.06140918619474,2.7456759502886365,3.740541673243104,1.542206870593575,1.6791324870483642,0.29592697777777777,0.2761634375,NA,NA,0.3714454,0.37662819999999997,45,45,1,245.88159562942664,818.23,0.9016222222222405,3.6680000000000064,-1.811999999999955,58.35945111111111,0.2842328392859738,0.5004196920658347,0,0.21010577777777778,2.8485777777778027,1,2,0,0,0,0,0,0
2024-03-29,-1.1793384327232868,-2.1279319798462284,2.5300952074187935,3.984972806089605,1.350756774695507,1.8570408262433764,0.3865741818181818,0.35569531875000004,NA,NA,0.49443699999999996,0.5360113,45,45,1,258.49224836006124,808.386,2.6813111111111274,9.888000000000034,-1.9219999999999686,54.57454222222222,0.37625695657473474,0.8120430288547482,0,0.20267029545454546,2.9029772727273007,0.9777777777777777,1.9555555555555555,1,1,1,0.022222222222222223,0.022222222222222223,0.022222222222222223
2024-03-30,0.12322643949367428,2.126418440066336,0.9637702146594957,0.027038703875345918,1.086996654153169,2.1534571439416825,0.17199808541666667,0.16941893333333333,NA,NA,0.054770400000000004,0.0834101,48,48,1,50.95303818401166,218.979,2.9875208333333547,5.490000000000009,0.7880000000000109,77.23677708333334,0.16985472606827176,0.41524000543830974,1.2000000000000002,0.1992435625,3.4559687500000242,1,2,0,0,0,0,0,0
2024-03-31,-0.30721220175687425,-0.6627066975920216,1.0901501261451512,3.199187609822212,0.7829379243882768,2.5364809122301897,0.06890838541666668,0.09111088333333334,NA,NA,0.0872117,0.11161652999999999,48,48,1,64.92316017604168,223.47,3.111166666666692,5.638000000000034,0.9180000000000064,88.47011458333333,0.09135185901118656,0.21649240476160314,0.1,0.20043922916666668,4.058197916666695,1,2,0,0,0,0,0,0
2024-04-01,-1.2565041269022768,0.15452732113921427,1.7707587101849187,2.9762836523648604,0.5142545832826422,3.130810973504075,0.2431027,0.24562247234042553,NA,NA,0.41094529999999996,0.4119578888888889,48,48,1,179.0886632625,723.726,5.252270833333361,10.075000000000045,1.0860000000000127,74.63315625,0.25208771784502126,0.5786479588583221,0.6,0.19790160416666666,4.506416666666688,1,2,0,0,0,0,0,0
2024-04-02,0.9993684517124114,-0.11910431084886436,-0.8278119075292404,3.343156268545451,0.17155654418317104,3.2240519576965867,0.02404920125,0.05805805208333333,NA,NA,0.029082237,0.06497654,48,48,1,28.82109903916667,123.763,3.213687500000024,4.9809999999999945,1.7530000000000427,92.47340625,0.05821012927144363,0.14587698111975833,13.800000000000002,0.2323840625,4.385145833333362,1,2,0,0,0,0,0,0
2024-04-03,-2.668589382757788,-0.3189310835121576,2.798442129325341,3.3930087167446956,0.12985274656755125,3.0740776332325392,0.08348302270833334,0.10655071041666667,NA,NA,0.2147628,0.22482839999999998,48,48,1,105.22433003958335,646.293,3.0886041666666855,5.6930000000000405,0.8700000000000045,86.67489375,0.10683416301858195,0.31121550453608693,5.4999999999999964,0.23309104166666667,4.353135416666689,1,2,0,0,0,0,0,0
2024-04-04,-0.43659809169942904,-0.43104272385070036,0.8002906543685318,3.3137203645721462,0.363692562669103,2.8826776407214454,0.10018636645833333,0.12040718085106383,NA,NA,0.11160304,0.13322742,48,48,1,110.5627479625,435.764,3.2600000000000176,6.194000000000017,1.7890000000000441,85.20203333333333,0.11985903477806349,0.27829343333574397,1.8000000000000005,0.2197485625,4.4906354166666915,1,2,0,0,0,0,0,0
2024-04-05,-2.2127895329798895,-0.41582125914965423,2.836776302180767,3.196935726014426,0.6239867692008773,2.7811144668647723,0.2891338854166666,0.29656339375,NA,NA,0.4961188,0.49263860000000004,48,48,1,216.24912203541666,736.431,4.414916666666688,8.817000000000007,1.5289999999999964,68.59840208333333,0.29739988112340426,0.707060782307225,0.5,0.2161210625,4.704968750000024,1,2,0,0,0,0,0,0
2024-04-06,-2.9511769218494326,-1.297863139552653,3.892832430945055,4.179723423458714,0.9416555090956228,2.881860283906061,0.5431222083333334,0.5300532708333333,NA,NA,0.7323834,0.7737353,48,48,1,274.3650045181875,842.85,5.927854166666686,13.93300000000005,-0.603999999999985,49.28528333333333,0.5315693387807222,1.1143041491322319,0,0.20711875,4.687447916666695,1,2,0,0,0,0,0,0
2024-04-07,-1.1107801069783392,0.00831818866018565,2.6055124346096825,3.3026515451673846,1.4947323276313438,3.310969733827569,0.653600975,0.6229095104166666,NA,NA,1.0546323,1.0575119,48,48,1,190.86033774197918,810.241,7.96710416666669,14.358000000000004,0.2259999999999991,49.45671458333333,0.6247578579725794,1.2394068268684324,0,0.2152045,4.7621979166666915,1,1.9583333333333333,0,0,0,0,0,0
2024-04-08,-1.170852338232,-1.087331016591403,3.4670765700800086,5.0508510967837985,2.296224231848007,3.9635200801923958,0.7245975833333334,0.7305291458333334,NA,NA,1.0608132,1.1074600000000001,48,48,1,230.82159994985412,816.665,12.087625000000022,19.50400000000002,7.050000000000011,54.19575208333333,0.7327325195905133,1.5032017712887866,1.3,0.2578785625,6.7648958333333535,1,2,0,0,0,0,0,0
2024-04-09,-1.5068921526786458,-1.2678911892241413,4.509548792714538,5.661323214737008,3.0026566400358923,4.393432025512868,0.7326339583333333,0.7336272127659574,NA,NA,0.9241535,0.970511,48,48,1,265.1895889218125,816.356,13.273854166666693,16.640000000000043,7.986000000000047,52.95233125,0.7393747709367604,1.0720540979725475,0,0.2804094583333333,7.8728125000000215,1.8541666666666665,2,0,0,0,0,0,0
2024-04-10,-1.603644296161357,-1.5962651400871335,4.937784975989184,5.9486792495379675,3.334140679827828,4.352414109450834,0.5431976177777779,0.61294641875,NA,NA,0.8612884000000001,0.9229806,45,45,1,250.47859360944446,751.371,10.28964444444447,17.640000000000043,3.4399999999999977,61.767002222222224,0.5646343536174021,1.2659477742880367,0,0.2841828111111111,7.8284851851852055,1.9333333333333333,2.822222222222222,0,0,0,0,0,0
2024-04-11,1.130913860901552,3.1225994105469095,2.6494525734963483,1.3123050243231174,3.7803664343978993,4.434904434870027,0.434574375,0.48408130416666667,NA,NA,0.3090512,0.2500637,40,40,1,64.0884428475,188.225,10.162550000000019,12.395000000000039,8.120000000000005,70.074685,0.38594484679867913,0.6943806649664855,2.7,0.265313625,8.132266666666688,2,3,0,0,0,0,0,0
2024-04-12,0.5343580136660264,1.4084816588993088,3.493026097374889,2.8511009874009465,4.0273841110409165,4.259582646300256,0.2257323022916667,0.20211657291666668,NA,NA,0.20093824,0.1796657,48,48,1,116.86065503051248,527.802,8.138583333333356,12.336000000000013,6.326999999999998,82.78470625,0.21053539774141952,0.7612811511163791,6.399999999999999,0.28765276041666665,7.764555555555582,2,3,0,0,0,0,0,0
2024-04-13,-1.2978324607476257,-1.9790927033040007,5.841875617737658,6.327690004931478,4.544043156990032,4.348597301627481,0.5084596486486487,0.54533575,NA,NA,0.848263125,0.7566181,37,37,1,224.25909499540535,865.747,7.483729729729752,12.386000000000024,4.131000000000029,57.97615405405406,0.45557012052616397,0.8600335847655135,0,0.2886376081081081,6.937063063063083,2,3,0,0,0,0,0,0
2024-04-14,-1.6260499642644004,-1.3608903659472003,6.83577424340287,5.905168441126132,5.20972427913847,4.54427807517893,NA,0.9852502291666666,NA,NA,NA,1.4348947,NA,NA,NA,NA,NA,NA,NA,NA,NA,NA,NA,NA,NA,NA,NA,NA,NA,NA,NA,NA,NA,NA
2024-04-15,-1.7064619366401814,-1.9233713702944668,7.86277055345879,6.780752871700612,6.1563086168186105,4.8573815014061426,1.5414916666666667,0.9671021063829788,NA,NA,NA,1.394121,7,7,1,362.90394285714285,607.712,18.63514285714287,19.439999999999998,17.060000000000002,26.1887,1.5878229571545819,1.6876994379538375,0,0.27594492857142855,12.326142857142884,2,3,0,0,0,0,0,0
2024-04-16,-1.7505861123724908,-1.9709432284468147,7.742216828372815,6.70885647800926,5.991630716000325,4.737913249562446,0.9138718958333333,0.8591632916666666,NA,NA,1.1499394,1.168492,48,48,1,249.10534018975,864.453,12.741895833333354,19.62700000000001,6.615000000000009,45.11944375,0.894918995735223,1.5792262193950957,0,0.27235291666666667,9.433027777777806,2,3,0,0,0,0,0,0
2024-04-17,1.2577186107717508,0.8565754770842722,4.674950220958835,3.907814648409648,5.932668831730585,4.764390125493921,0.4260436875,0.4647499583333333,NA,NA,0.33582999999999996,0.4659873,48,48,1,98.36799430650416,657.471,13.866854166666688,20.716000000000008,9.221000000000004,69.41453333333334,0.4875862975270033,1.0424726861679994,7.3,0.27200886458333334,10.461944444444466,2,3,0,0,0,0,0,0
2024-04-18,-1.2283090132435417,-1.251937093128,6.1811787838766525,5.402483155298293,4.952869770633111,4.150546062170293,0.278924475,0.298924625,NA,NA,0.40794769999999997,0.41792429999999997,48,48,1,117.12499542342084,564.101,9.456604166666686,11.475999999999999,6.459000000000003,74.33490833333333,0.30969468796913935,0.5144814915518263,0.2,0.2770267708333333,9.932888888888911,2,3,0,0,0,0,0,0
2024-04-19,-2.244643066397596,-2.834659312724034,6.730409447086376,6.7251458854022195,4.485766380688779,3.890486572678183,0.36527078999999996,0.36569813333333334,NA,NA,0.5540013,0.5454685,48,48,1,301.5147794731105,891.854,7.208791666666686,9.903999999999996,4.55600000000004,63.54118125,0.3784128339884441,0.7555854143395276,0.8,0.2754297291666667,9.434750000000028,2,3,0,0,0,0,0,0
2024-04-20,-1.4694061791383999,-1.9083844179360003,5.535832011709583,5.536185571864255,4.066425832571184,3.627801153928256,0.42728089583333334,0.377941125,NA,NA,0.42271939999999997,0.4004166,48,48,1,146.26506252420648,548.297,3.982791666666691,7.8320000000000505,2.062000000000012,52.19435,0.39315948528715944,0.621451749059929,0,0.27257015625,7.907263888888911,2,3,0,0,0,0,0,0
2024-04-21,-2.8853909578571146,-3.676304029379432,7.158691626605591,7.503984216721676,4.273300668748476,3.827680187342245,0.46503720833333334,0.4383196458333333,NA,NA,0.5972959,0.6027913,48,48,1,299.3220124156062,901.755,4.984958333333356,10.064999999999998,0.49600000000003774,51.9436125,0.4506381580842933,0.8078850909520672,0,0.27005158333333334,7.62320138888891,2,3,0,0,0,0,0,0
2024-04-22,-2.412616665302149,-3.529190882913877,7.560255198361867,7.536047005654595,5.14763853305972,4.006856122740717,0.6969520833333334,0.38733599999999996,NA,NA,1.122175,NA,48,48,1,280.6381633429375,893.82,8.961270833333357,15.782000000000039,3.472000000000037,49.14158333333334,0.6875059237182218,1.3904317020774282,0,0.26673226041666664,8.23586111111113,2,3,0,0,0,0,0,0
2024-04-23,-0.6486452879965713,-3.0180798308915375,6.920697522395968,7.12111492885196,6.2720522343993945,4.103035097960424,0.8370981481481482,NA,NA,NA,NA,NA,27,27,1,19.35556582201889,147.956,12.456666666666694,14.07000000000005,10.740000000000009,45.88407407407407,0.7920243626211301,1.1350351883963274,0,0.2632078888888889,8.858827160493846,2,3,0,0,0,0,0,0
2024-04-24,-2.5386503142603423,-2.548066168152,8.291961967338406,6.730229593860012,5.753311653078065,4.182163425708013,0.803833,0.6924649999999999,NA,NA,NA,NA,1,1,1,289.109,289.109,10.968000000000018,10.968000000000018,10.968000000000018,36.4958,0.8318570626655959,0.8318570626655959,0,0.266826,10.934666666666658,2,3,0,0,0,0,0,0
2024-04-25,-3.72016542859393,-2.5102031825604088,9.196206118704714,6.797464967581954,5.476040690110783,4.2872617850215455,0.50143369375,0.5029108375,NA,NA,0.6918152,0.7716574,48,48,1,312.68011724505834,907.097,5.4463750000000255,13.369000000000028,-2.375,53.04353125,0.5136071695989479,1.12486168226303,0,0.26464538541666666,8.46336111111113,2,3,0,0,0,0,0,0
2024-04-26,-3.5698345100566056,-2.8343053575182005,10.162402116429808,7.745859226201022,6.592567606373204,4.911553868682822,0.7263902916666667,0.6762949791666667,NA,NA,0.9649174,0.9764016,48,48,1,237.71008376641876,829.385,9.305520833333354,16.942000000000007,1.6970000000000027,47.9487875,0.7049813762994595,1.3601728850920707,0,0.2596435208333333,8.703076388888913,2,3,0,0,0,0,0,0
2024-04-27,1.9238472909800606,2.3966317701915085,6.509178385475974,3.5383102056985014,8.433025676456035,5.934941975890011,0.32826575,0.44426520833333333,NA,NA,0.4012126,0.591575,48,48,1,101.61591576791665,369.817,16.23170833333336,22.326999999999998,9.6710000000000491,77.19856458333334,0.4605939340798009,1.2076782009720142,4.4,0.25833369791666666,10.953326388888911,2,3,0,0,0,0,0,0
2024-04-28,3.6394273874040395,0.13062919031999914,5.609637352935029,6.139251135808885,9.249064740339069,6.269880326128886,0.11187700645833334,0.2579696354166667,NA,NA,0,0.08508634,48,48,1,71.61931542291667,394.255,17.93604166666669,21.52800000000002,13.484000000000037,88.00709791666667,0.26871044883485007,0.6852702352173958,4.6000000000000005,0.26293430208333335,13.111902777777798,2,3,0,0,0,0,0,0
2024-04-29,2.0224773387575614,-4.6184571514799995,6.508185402145219,10.31658120883461,8.530662740902779,5.698124057354607,0.10511227083333335,0.16698633770833332,NA,NA,0.19136250000000002,0.30155326,48,48,1,119.25065058750005,638.601,13.42414583333335,18.986000000000047,9.997000000000014,91.46210625,0.17051560266308957,0.6098426236226047,9.200000000000001,0.28989138541666665,12.801409722222244,2,3,0,0,0,0,0,0
2024-04-30,-3.503808193179064,-2.356386231457222,12.127161233425124,8.050608609385742,8.62335304024606,5.69422237792852,0.3455958708333333,0.40586145833333337,NA,NA,0.4761468,0.509667,48,48,1,205.48130949802083,807.446,12.461958333333358,17.198000000000036,7.189000000000021,72.39063541666667,0.41490746073173623,0.8504029202426251,0,0.29219632291666664,12.586298611111134,2,3,0,0,0,0,0,0
2024-05-01,-2.1224462929727204,-2.519802053660901,11.919157973986383,8.847438424858252,9.796711681013665,6.32763637119735,0.706425875,0.7598889166666666,NA,NA,0.9634020999999999,1.0622152,48,48,1,278.8945030623146,901.988,16.13525000000002,20.382000000000005,9.095000000000027,60.97882708333333,0.7789084846690607,1.5440251437490677,0,0.282854625,12.923715277777804,2,3,0,0,0,0,0,0
2024-05-02,-3.59182733914979,-2.258023045428142,13.383003235154003,8.56621588267715,9.791175896004214,6.308192837249007,0.6926290231250001,0.74284490625,NA,NA,1.0477036,1.1399357,48,48,1,255.43935314393084,848.741,15.003312500000023,23.34200000000004,6.395000000000039,63.595533333333336,0.7643780568394456,1.6300926604892265,0,0.2735390833333333,12.806138888888908,2,3,0,0,0,0,0,0
2024-05-03,4.0391485100621916,2.282269603064837,6.585425635233502,4.474312947082759,10.624574145295695,6.756582550147598,0.3727599375000001,0.4602949895833333,NA,NA,0.1087176,0.21143154,48,48,1,181.45569387664585,819.197,16.91525000000002,21.463000000000022,12.796000000000049,79.14645208333333,0.4670813138595215,1.6221821281182627,7.999999999999998,0.28147816666666664,14.16354166666669,2,3,0,0,0,0,0,0
2024-05-04,-4.478398113015631,-2.409817988580514,14.67393143270602,9.159976978085878,10.195533319690389,6.750158989505363,0.4590118297916667,0.5437619604166667,NA,NA,0.3638125,0.5488259,48,48,1,221.99213388270832,932.052,15.756208333333356,24.16900000000004,10.102000000000032,74.14166458333334,0.5542879408269787,1.3973614696125582,0,0.28218754166666665,13.74929861111114,2,3,0,0,0,0,0,0
2024-05-05,-1.6337535486739703,-0.8799345605210774,10.841416610955736,7.8818321021929645,9.207663062281764,7.001897541671888,0.38181334270833334,0.46737298125,NA,NA,0.5267812,0.6252849,48,48,1,268.526338677875,920.163,15.077750000000027,23.13900000000001,9.52800000000002,75.80063541666667,0.4734134942165067,1.313824235481353,1.5,0.2781901041666667,15.043798611111136,2,3,0,0,0,0,0,0
2024-05-06,-4.873511915504252,-3.4006590995879273,12.882318640416383,10.566200784504973,8.008806724912128,7.165541684917049,0.6608777872340426,0.7055056666666667,NA,NA,0.8126535555555555,0.9495359,47,47,1,272.34099303063834,909.54,13.999212765957473,20.272000000000048,9.301000000000045,60.27651276595745,0.7036965280656974,1.4209071304490892,0,0.2718976276595745,13.79894326241137,2,3,0,0,0,0,0,0
2024-05-07,0.39634317999092666,-1.2941894583766516,6.725764031599724,8.801084038957182,7.122107211590652,7.506894580580533,0.49639529374999997,0.5334647083333333,NA,NA,0.46167706,0.5541033,48,48,1,142.96016778416666,692.891,14.030395833333362,18.835000000000036,9.285000000000025,65.29673958333333,0.5531802819134584,1.2182868703262981,4.9,0.26613215625,13.217451388888913,2,3,0,0,0,0,0,0
2024-05-08,-3.0314032565201026,-2.7198221936289046,9.525474000502479,10.644466479273918,6.494070743982376,7.924644285645014,0.4138141893750001,0.4918831520833333,NA,NA,0.79216,0.9127439,48,48,1,321.10677083312504,937.652,15.386354166666687,21.474000000000046,9.471000000000004,77.54248125,0.499891708001103,1.5531689575943648,1.9000000000000004,0.27259791666666666,14.070861111111132,2,3,0,0,0,0,0,0
2024-05-09,0.11586564677074061,-0.0021670949051782254,5.706800214774867,7.294669042912108,5.822665861545607,7.292501948006931,0.410076875,0.4456228541666667,NA,NA,0.5152713,0.5417107,48,48,1,90.68841377354165,300.456,12.887125000000024,18.326999999999998,9.992000000000019,69.9940625,0.46167260353375295,0.9428164169805793,0,0.26914672916666665,13.059631944444467,2,3,0,0,0,0,0,0
2024-05-10,-4.386404272666667,-4.634177553984683,9.848105520800194,11.44872831994952,5.461701248133528,6.814550765964837,0.3879714281250001,0.43797106250000006,NA,NA,0.7243721000000001,0.7843106,48,48,1,271.4432995367709,823.842,11.884854166666692,16.664000000000044,5.241000000000042,73.80508333333333,0.4417800016638923,1.0179797896629903,0,0.26637822916666665,12.700625000000024,2,3,0,0,0,0,0,0
2024-05-11,-2.9179144375880863,-1.8766562911718287,8.12644000918091,8.337483726582404,5.2085255715928245,6.460827435410574,0.29678887893617023,0.34584097708333333,NA,NA,0.23522145000000003,0.2948925,47,47,1,158.4569234182064,712.783,11.136234042553209,15.016999999999996,7.91700000000003,76.37356170212766,0.3473450850513312,0.8181155273665371,5.300000000000001,0.2719366170212766,12.400297872340445,2,3,0,0,0,0,0,0
2024-05-12,-4.1082255428428205,-4.429901662058544,9.593242898883206,10.81086132423375,5.485017356040386,6.380959662175207,0.6613909520833332,0.6864646083333333,NA,NA,1.0599849,1.096463,48,48,1,304.3861071865834,909.584,12.86585416666669,23.66500000000002,2.847000000000037,67.06221875,0.7089956405157932,2.104845791116171,0,0.27212394791666666,12.028756944444465,2,3,0,0,0,0,0,0
2024-05-13,-3.210359798417285,-2.5320567318918497,10.006488490091028,9.608818272399914,6.79612869167374,7.076761540508065,0.7236913833333334,0.8080884791666667,NA,NA,1.1112167,1.2382663,48,48,1,254.52485601458332,915.69,18.897083333333356,23.613,14.723000000000013,64.15205833333333,0.838742158059741,1.6228101692386148,3.1999999999999997,0.27292080208333336,14.589736111111138,2,3,0,0,0,0,0,0
2024-05-14,0.6628872672390342,-1.4824301492495058,5.685780937116571,7.659875529857188,6.3486682043556035,6.177445380607682,0.278544321875,0.36281325,NA,NA,0.23310699999999998,0.3159686,48,48,1,97.72959045874998,481.774,14.330791666666693,16.774,12.334000000000003,77.16737083333334,0.37322063565493596,0.672742802760198,0,0.27038742708333335,14.294750000000025,2,3,0,0,0,0,0,0
2024-05-15,-6.120951546001946,-5.09390121816,12.937910122451086,11.26249403387942,6.816958576449139,6.1685928157194185,0.8966580416666666,0.9056643125,NA,NA,1.2279357,1.2694542,48,48,1,303.54335807729166,862.774,15.467979166666689,21.93100000000004,11.140000000000043,52.89989791666667,0.9113098846301365,1.735088816540132,0,0.2666824375,13.917333333333353,2,3,0,0,0,0,0,0
2024-05-16,-7.012141371092498,-5.637602458896927,14.309660162821137,12.137573601210649,7.297518791728635,6.499971142313724,0.7637932553191489,0.8018091458333333,NA,NA,1.1701435555555555,1.2709707000000001,47,47,1,243.31872809987664,781.245,15.70787234042555,22.372000000000014,7.925000000000011,59.45337446808511,0.8101704293289878,1.4106064355578152,0,0.26264362765957444,14.061716312056765,2,3,0,0,0,0,0,0
2024-05-17,-3.877407477669114,-3.035048102117656,12.22656147715349,10.275265592977044,8.349153999484372,7.240217490859386,0.3759060143749999,0.5261089458333333,NA,NA,0.35415973,0.5872036,48,48,1,215.30602579145233,808.283,18.721104166666688,24.176000000000045,15.560000000000002,78.6567375,0.5311336910473001,1.523226212817196,0,0.25984380208333335,15.517708333333358,2,3,0,0,0,0,0,0
2024-05-18,-5.125305761530135,-3.3225159310535015,13.836263650418687,10.770182971346557,8.710957888888549,7.447667040293055,0.7596254895833333,0.851994484375,NA,NA,1.345242,1.5316290000000001,48,48,1,304.2341057352458,917.973,18.13816666666669,27.09200000000004,7.66700000000003,71.76582916666666,0.8586810704029252,2.1991447935104054,0,0.2566806770833333,15.329916666666687,2,3,0,0,0,0,0,0
2024-05-19,-4.597798730354089,-3.1567430310673843,14.80123269266178,11.643287514691957,10.20343396230769,8.486544483624574,1.1571798125000001,1.2364674583333335,NA,NA,1.3787559,1.5390326,48,48,1,315.6924858734521,912.818,22.48766666666669,27.646000000000015,18.924000000000035,55.92055833333333,1.2866574428508983,2.6526853777594073,0,0.2528999895833333,16.533993055555584,2,3,0,0,0,0,0,0
2024-05-20,-2.9898456005771226,1.1473673411910446,12.504312753259732,6.813615318480678,9.514467152682608,7.960982659671723,0.5704824375,0.6352131208333334,NA,NA,0.505897,0.64235660000000006,48,48,1,204.13824472835418,892.214,17.004687500000028,25.723000000000013,8.874000000000024,68.81180833333333,0.6694328313049857,1.9835324450038623,19,0.2525757604166667,15.630187500000028,2,3,0,0,0,0,0,0
2024-05-21,-2.7457790128300608,-2.934012928511086,13.036600913670277,11.415884794058137,10.29082190084022,8.481871865547056,0.28277287234042564,0.42586280979166663,NA,NA,0.30350459999999996,0.510499629,47,47,1,243.21427032524684,875.269,18.535808510638322,28.30400000000003,13.710000000000036,87.86694893617022,0.5296448109149594,1.8525085121242997,1.9000000000000001,0.3030773829787234,17.067546099290798,2,3,0,0,0,0,0,0
2024-05-22,-3.280175507519998,-1.2898827168552,14.25773409396107,10.355876567576114,10.977558586441072,9.065993850720913,0.6711167708333333,0.8322100416666667,NA,NA,0.3320545,0.4432558,48,48,1,185.80949702027914,587.471,20.72085416666669,27.52600000000001,15.68300000000005,67.05916666666667,0.857355400684211,1.7208920955330167,0,0.28991165625,17.886090277777807,2,3,0,0,0,0,0,0
2024-05-23,-5.323272810656509,-3.3876958907754275,15.359788823825712,11.933861946098675,10.036516013169201,8.546166055323246,0.8221090000000001,0.8926758085106383,NA,NA,1.2843269,1.3869773,48,48,1,328.16973560571046,920.412,17.069041666666692,22.785000000000025,10.867000000000019,59.77504583333333,0.9034629268010842,1.8727284157856796,0,0.2814236666666667,16.165000000000024,2,3,0,0,0,0,0,0
2024-05-24,-5.779507789665734,-3.278214990136028,15.997547292432952,12.048231269269362,10.218039502767216,8.77001627913333,0.9437335666666666,1.0173213474791667,NA,NA,1.679367,1.811937,48,48,1,255.34281619936039,781.44,17.888812500000025,26.38100000000003,8.705000000000041,60.17917708333333,1.0428882145937974,2.0836426507348613,0,0.27506463541666665,15.9477777777778,2,3,0,0,0,0,0,0
2024-05-25,-4.276460327195436,-0.9264811899746394,14.793334522979388,9.821282435376547,10.516874195783949,8.894801245401908,0.7615113333333333,0.8610891558333333,NA,NA,0.9330252,1.0183333,48,48,1,329.72884633750004,937.893,19.10122916666669,24.29200000000003,14.616000000000042,63.042285416666665,0.8801179394255526,1.8087621236746,1.1,0.27029620833333334,17.13761111111113,2,3,0,0,0,0,0,0
2024-05-26,-1.8844030063392672,-1.4774752391663726,11.445047798306907,9.544494484290674,9.56064479196764,8.067019245124301,0.4788657,0.5422684717916667,NA,NA,1.0112807,1.143465,47,47,1,162.4588262359787,676.041,15.74280851063832,23.492999999999995,8.201000000000022,73.84496170212766,0.6081201322471812,1.213744569057352,3,0.23669404255319149,15.583304964539034,1.148936170212766,3,0,0,0,0,0,0
2024-05-27,-1.0735387380000003,3.9522285775291777,10.272948879840175,3.7548798500490537,9.199410141840172,7.707108427578231,0.0016162864583333333,0.062041531395833335,NA,NA,9.360409999999998e-4,0.054773125,48,48,1,65.11144506423334,309.561,14.427083333333357,16.976,11.825000000000045,96.00458333333333,0.08856045278195053,0.15775205817606652,0.2,0.23693360416666667,15.945909722222249,1,3,0,0,0,0,0,0
2024-05-28,-6.9857112245693544,-4.692197751033547,15.94574429214744,12.161007644900753,8.960033067578085,7.468809893867204,0.1916480083333334,0.2677186527083333,NA,NA,0.3239037,0.4673496,48,48,1,189.38262881420835,790.92,14.428520833333357,19.033000000000015,11.348000000000013,86.1053125,0.33382283780948624,0.8372035135684617,2.6,0.22963591666666666,15.633125000000021,1,3,0,0,0,0,0,0
2024-05-29,-6.73520596998167,-4.177138725654266,15.667784063046724,11.541850521492929,8.932578093065057,7.364711795838667,0.49741879166666664,0.58079279375,NA,NA,0.7245416,0.8339368,48,48,1,233.56519621166663,683.983,15.306479166666687,19.987000000000023,11,70.14966875,0.5856566173432298,1.5245062480434355,0,0.24127510416666667,15.929312500000021,1,3,0,0,0,0,0,0
2024-05-30,-6.720148629594723,-4.6008345225371485,15.074211046731122,11.597537481087777,8.3540624171364,6.996702958550633,0.9817954468085106,0.9615961041666666,NA,NA,1.288177,1.3641384,47,47,1,333.66005061942553,894.949,13.978382978723426,21.42100000000005,5.0160000000000196,45.37184893617022,1.004792063585584,1.8330762476709328,0,0.24773323404255318,14.474872340425556,1,3,0,0,0,0,0,0
2024-05-31,-5.128623478577411,-4.896470064849828,13.72929618196742,12.2248820200784,8.600672703390012,7.328411955228572,0.9426996979166667,0.9766981916666667,NA,NA,1.46393,1.572572,48,48,1,315.71812554425,883.491,15.963625000000022,24.56800000000004,4.998000000000047,55.4305875,1.0101671697735362,2.0870027310983144,0,0.2460085625,14.647819444444465,1,3,0,0,0,0,0,0
2024-06-01,-2.664905366325522,-5.046685761477721,11.239316590449102,12.669792603346155,8.574411224123578,7.6231068418684345,0.6403842125,0.6081624193548387,NA,NA,1.326604,1.34639,48,48,1,165.28251348239584,704.746,16.70979166666669,23.239000000000033,10.185000000000002,65.7474625,0.7228768417491787,1.5944818117016066,11.7,0.24406810416666666,15.511437500000024,1,2.145833333333333,0,0,0,0,0,0
2024-06-02,-5.788518590707834,-5.497406670413448,14.437283450154576,13.117637066001048,8.648764859446741,7.620230395587599,0.3001732195652173,NA,NA,NA,0.5477371,NA,46,46,1,252.39719906949998,942.88,18.469021739130454,23.715000000000032,15.254999999999995,84.76360652173913,0.6309105197454669,1.3990491692895966,8.4,0.30678202173913044,17.216836956521753,1,2,0,0,0,0,0,0
2024-06-03,-6.109863471559899,-5.225647582759022,14.87899298439889,12.640342390404287,8.769129512838989,7.414694807645269,0.5138916916666668,NA,NA,NA,1.0832768,NA,48,48,1,314.0993032485417,887.102,18.740937500000022,26.349000000000046,11.578000000000031,78.53440416666666,0.9403439861339139,1.7129727857102075,0,0.28626766666666664,17.406406250000014,1,2,0,0,0,0,0,0
2024-06-04,-4.993595522814545,-5.252620535013751,16.15607782781524,12.454101368903965,11.162482305000696,7.201480833890216,0.6794585,NA,NA,NA,1.049574,NA,48,48,1,245.0864759971042,847.392,23.286104166666693,28.05600000000004,18.42700000000002,69.15722291666667,0.9537567078281023,1.652520831724137,0,0.27385533333333334,19.048635416666688,1,2,0,0,0,0,0,0
2024-06-05,-0.12062291764043041,-5.353565948441458,12.60386213138126,12.69394955855785,12.48323921374083,7.340383610116389,0.3033321785416667,NA,NA,NA,0.034741683,NA,48,48,1,146.87876623077082,511.468,22.12877083333336,26.384000000000015,20.055000000000007,80.23097916666667,0.5714997578968212,1.4405674424704809,3.2,0.2679281875,19.548333333333353,1,2,0,0,0,0,0,0
2024-06-06,-3.1569077047878893,-5.753176151822066,14.750066487388333,13.304170267877073,11.593158782600444,7.550994116055007,0.5214489791666668,NA,NA,NA,0.9328083,NA,48,48,1,269.72606911604163,889.07,17.799645833333358,20.964,14.248000000000047,71.987689583333335,0.6615714004281051,1.1501833364199083,0.7,0.2618511875,18.43568750000002,1,2,0,0,0,0,0,0
2024-06-07,-0.7553831744065403,-4.525259719232929,11.468087889840842,11.921939914374978,10.7127047154343,7.396680195142048,0.520085485106383,NA,NA,NA,0.6674406,NA,47,47,1,214.720861833617,892.776,15.651085106383004,19.26600000000002,12.345000000000027,68.23494893617021,0.6019741776622857,1.2036395516764675,0,0.2470552765957447,16.8253191489362,1,2,0,0,0,0,0,0
2024-06-08,0.8051301334073434,-4.6174428941256,9.365350536527309,11.877805346147733,10.170480669934655,7.260362452022135,0.23919131041666666,NA,NA,NA,0.5574994,NA,48,48,1,106.77179668562499,535.504,14.754895833333352,19.227000000000032,11.060000000000002,82.60331458333333,0.34458898250130826,0.9522082056784604,4.499999999999999,0.241603,15.704072916666687,1,2,0,0,0,0,0,0
2024-06-09,-0.9050481639598182,-4.93397336068647,10.695410602413906,12.19093838634339,9.790362438454089,7.256965025656917,0.42511831041666676,0.6032119184594594,NA,NA,1.01797,1.1063628,48,48,1,291.356667898125,924.725,15.481250000000028,20.845000000000027,10.734000000000037,78.9540375,0.7920875670339517,1.3218210894548625,0.2,0.2553543157894737,16.245020833333356,0.7916666666666666,2,0,0,0,0,0,0
2024-06-10,-3.4850076292839165,-5.8813682059440024,12.460822975790041,12.878961531354063,8.975815346506128,6.9975933254100635,0.34166054838709675,0.6741222708333334,NA,NA,0.6860415,1.0736822,31,31,1,149.90687051516133,810.642,11.469032258064539,17.29600000000005,8.222000000000037,72.98798387096774,0.3864978985174859,0.7978637111004998,0,0.38286383870967744,14.851806451612925,1,2,0,0,0,0,0,0
2024-06-11,-3.2319281202240955,-7.000078461829248,12.33308754268915,14.108007277940736,9.101159422465056,7.1079288161114915,1.24732,0.8715473125,NA,NA,NA,1.4187,5,5,1,189.8613,319.317,18.17900000000003,18.67100000000005,17.510000000000048,39.1274,1.2713249624627274,1.3127150568935173,0,0.2093678,17.515600000000028,1,2,0,0,0,0,0,0
2024-06-12,-4.321056177672593,-6.368774117992383,13.432198707022629,13.433219750652636,9.111142529350033,7.064445632660254,0.9876025625,1.0691828958333334,NA,NA,0.9687624,1.188593,48,48,1,326.69002586958334,921.133,20.00677083333336,26.676000000000045,15.385000000000048,54.49520416666667,1.0978121456128676,1.8431461191692444,0,0.2223258125,17.159739583333355,1,2,0,0,0,0,0,0
2024-06-13,-4.503925356783376,-5.772605412647729,13.757819397230401,12.878873009177083,9.25389404044702,7.106267596529353,0.89911525,1.0804209375,NA,NA,0.8262127,1.1352435,48,48,1,269.7141485827083,900.603,23.687437500000023,27.638000000000034,19.55600000000004,62.145833333333336,1.1331970878800388,1.9226269813423142,0,0.21052547916666667,18.806479166666694,1,2,0,0,0,0,0,0
2024-06-14,-5.234477022323429,-6.314927185897293,13.294094758968248,12.708559190491936,8.05961773664482,6.393632004594643,0.8008352031249999,0.9418372144791667,NA,NA,1.3427277,1.492946,48,48,1,327.9250876666667,911.594,20.522895833333354,25.960000000000036,13.037000000000035,65.76349791666667,0.9745261216663115,1.9511166534009972,0,0.19722147916666666,18.434135416666695,1,2,0,0,0,0,0,0
2024-06-15,-3.654302776120048,-6.890037512711603,11.173724224494553,13.19694107517597,7.519421448374505,6.306903562464366,0.9468870249166668,1.0283913625,NA,NA,1.392567,1.529804,48,48,1,309.8347498168354,1012.05,19.305062500000023,25.772000000000048,10.718000000000018,58.36872291666667,1.0628132917270343,1.9441232976890324,0,0.18000816666666666,17.770395833333357,1,2,0,0,0,0,0,0
2024-06-16,-4.103994938678066,-4.782261934281601,12.012222689713838,11.576457151251272,7.90822775103577,6.794195216969674,1.2256953333333334,1.3376448125,NA,NA,1.64367,1.778226,48,48,1,248.732983094375,840.749,22.562520833333352,29.77800000000002,16.841000000000008,52.2003125,1.3775649518155635,2.2354288942770304,0,0.161398625,18.500343750000017,1,2,0,0,0,0,0,0
2024-06-17,-4.8918463466399995,-5.37744406284,13.297666232490386,12.781630633049152,8.40581988585038,7.404186570209152,0.8485227808510637,1.2260440425531915,NA,NA,1.0708393,1.599826,47,47,1,316.033958917234,885.695,26.62142553191491,31.858000000000004,21.27000000000004,68.04057659574468,1.2456799001197187,2.579291152797505,0,0.1469305319148936,20.653893617021296,1,2,0,0,0,0,0,0
2024-06-18,-5.354957026304561,-5.192838492348714,14.244381820722094,13.053379462783841,8.889424794417533,7.8605409704351255,0.51902844925,0.9543200624999999,NA,NA,0.4046672,0.8500648,48,48,1,230.8161521952083,801.497,26.449833333333352,30.36500000000001,23.463000000000022,73.38206041666666,0.9617223835232516,1.9868333862631782,1.3,0.1330724375,21.573229166666692,1,2,0,0,0,0,0,0
2024-06-19,-2.9540354173200005,-4.3924866084000005,13.02543463149036,12.922278238463564,10.071399214170357,8.529791630063563,0.8461337083333333,1.2522797708333333,NA,NA,0.9334614,1.4122020000000002,48,48,1,288.60585864250004,877.92,27.29504166666669,30.289000000000044,25.09400000000005,66.31296875,1.2595745581138382,2.1766262534179943,0,0.12507654166666668,22.40888541666669,1,2,0,0,0,0,0,0
2024-06-20,-1.6276856046128263,-6.638739996388668,12.125153070897467,15.311549418668708,10.497467466284638,8.672809422280043,0.209905428375,0.5110249327708334,NA,NA,0.5456099,1.0397624,48,48,1,216.42982911812504,880.54,24.342270833333355,29.095000000000027,20.76400000000001,84.76922291666666,0.535479564119984,1.552251571210677,1.3,0.1128650625,22.227895833333353,1,2,0,0,0,0,0,0
2024-06-21,-3.664418486045042,-5.917272206519842,14.744816811926123,14.992693032126038,11.080398325881086,9.0754208256062,0.3783333541666665,0.610383508875,NA,NA,0.8727878,1.3460405,48,48,1,299.6865857141667,874.858,23.91791666666669,28.769000000000005,18.216000000000008,84.00453958333334,0.8728091343440126,1.612479155256957,0,0.10662133333333333,22.331458333333355,1,2,0,0,0,0,0,0
2024-06-22,2.1586510669495675,1.7767556520241459,9.295210443770026,7.61973381198863,11.453861510719598,9.396489464012774,0.11973297500000002,0.30758915462499997,NA,NA,0.24898917,0.6643491,48,48,1,100.13962870137082,592.231,22.92218750000002,27.55600000000004,19.859000000000037,89.92517708333334,0.39978644864367774,1.4520465626075127,8.200000000000001,0.101840775,21.57057291666669,1,2,0,0,0,0,0,0
2024-06-23,2.6133552318059565,-2.2115279907486998,8.73515337496258,11.593417008615797,11.348508606768533,9.38188901786709,0.15315215136363639,0.24864695714583335,NA,NA,0.10545626599999999,0.3264751,44,44,1,201.68710029611586,651.804,20.47463636363639,22.94300000000004,17.610000000000014,89.63935681818182,0.3710364848498056,0.9549597814456907,17.3,0.24052348095238096,21.270250000000026,0.47727272727272724,2,0,0,0,0,0,0
2024-06-24,-3.49571526018351,-3.5591958787257645,15.056111827880372,13.140723259842849,11.560396567696857,9.581527381117084,0.45496497666666663,0.5711128478723404,NA,NA,0.8077001,1.0457047,48,48,1,333.568697880825,921.105,19.18402083333335,25.76600000000002,13.149000000000001,79.70006458333333,0.8111372521095215,1.6887010556381994,17.6,NA,19.818927083333357,0,2,0,0,0,0,0,0
2024-06-25,-1.1747850106982811,1.7741562405094333,13.888181130074814,8.724712845708739,12.713396119376528,10.498869086218177,0.30563205443749997,0.4693600932891305,NA,NA,0.0977914613,0.37297456313,48,48,1,130.37166213906252,599.594,21.73685416666669,25.614000000000033,18.74200000000002,80.55367708333334,0.5497853779550668,1.3652373950794194,23.4,0.1215394,20.172906250000022,0.5416666666666667,2,0,0,0,0,0,0
2024-06-26,0.973570811596359,-0.2632338653668588,11.764916198843194,10.56098651548816,12.738487010439549,10.297752650121298,0.3966740658333335,0.5140555433333334,NA,NA,0.5214588960000001,0.7851177,48,48,1,222.6034608,904.354,21.88387500000002,26.182000000000016,18.975000000000023,82.92135208333333,0.8121618122343999,2.026710184429415,0.1,0.0430378,20.465937500000027,0.02083333333333332,2,0,0,0,0,0,0
2024-06-27,-4.367312411033345,-5.323806826952287,15.522577478435178,14.064714559381665,11.155265067401832,8.740907732429381,0.5928861617391304,0.659375974468085,NA,NA,0.8995881,0.9962297999999999,48,48,1,339.77260497991665,939.857,16.46191666666669,22.839,10.662000000000035,68.17521875,0.6809567224064751,1.4022008091107983,0,NA,18.640791666666686,0,2,0,0,0,0,0,0
2024-06-28,-0.888642638157324,-0.8085793186445256,12.16999378688399,9.165529860991876,11.281351148726669,8.35695054234735,0.2910028617021277,0.4307581208333333,NA,NA,0.3595734,0.5311678,48,48,1,95.26156311812501,368.155,17.29189583333336,21.647000000000048,13.275000000000034,78.11991666666667,0.44568762261770856,0.9276803583236037,0,NA,18.028177083333357,0,2,0,0,0,0,0,0
2024-06-29,-0.2091015664251731,-2.4437039276873445,12.606286850183121,10.988280852166922,12.39718528375795,8.54457692447958,0.13661711304347823,0.3045158432208333,NA,NA,0.04296142,0.264170819,48,48,1,181.11665350520832,746.54,21.81781250000002,25.473000000000013,19.286,89.47284375,0.4329869263140686,0.8993063041931748,12.6,0.06775981111111111,19.903906250000023,0.1875,2,0,0,0,0,0,0
2024-06-30,-4.900330663118642,-5.231016407448,15.874300903685757,13.054521287084354,10.97397024056711,7.823504879636357,0.48888994234042554,0.6075684791666667,NA,NA,0.6098949,0.7057281,47,47,1,331.6870414476595,925.145,17.166106382978754,25.015000000000043,12.200000000000045,68.49761914893617,0.6281446176997936,1.0785737303658165,0,NA,19.110500000000023,0,2,0,0,0,0,0,0
2024-07-01,-5.655828098666343,-5.990727532760146,15.670219826492142,13.756457535636233,10.014391727825798,7.765730002876088,0.6918762583333333,0.7426753860208333,NA,NA,1.1672711,1.257807,48,48,1,340.8987712117646,941.769,14.874208333333359,22.67500000000001,5.837000000000046,65.01042916666667,0.7837959478189177,1.6761048362844808,0,NA,16.820312500000025,0,2,0,0,0,0,0,0
2024-07-02,-0.13968376154415751,-0.8208555937056675,10.44898734268403,9.33170253880143,10.309303581139872,8.51084694509576,0.4065497212765957,0.509981375,NA,NA,0.33431335,0.48258029999999996,47,47,1,88.0657324568085,482.257,16.799702127659597,21.098000000000013,13.343000000000018,72.65388510638297,0.5267158714110731,1.3056217976966342,2.6,NA,17.0763936170213,0,2,0,0,0,0,0,0
2024-07-03,-1.299261166682038,-0.7667406633007918,12.46934431754578,10.062362832870877,11.170083150863745,9.295622169570082,0.39403731370833334,0.6019461655319149,NA,NA,0.1857664,0.48033113000000005,48,48,1,236.0967154345209,912.724,21.74012500000002,25.557000000000016,17.93900000000002,77.34825000000001,0.6327117766263528,1.2592662833185018,0.4,NA,18.977979166666685,0,2,0,0,0,0,0,0
2024-07-04,-4.896290777723562,-3.0490475646612416,16.27070529088265,12.099889630347029,11.374414513159087,9.050842065685783,0.3987022229166667,0.6952055583333333,NA,NA,0.4863287,0.8904742,48,48,1,207.59664889062498,548.178,23.053270833333357,26.271000000000015,17.746000000000038,76.2455125,0.7050389469118171,1.1286254026528038,0,NA,20.129239583333355,0,2,0,0,0,0,0,0
2024-07-05,-4.520878052269293,-5.281745641156716,15.598398364724764,13.751034631951216,11.077520312455471,8.4692889907945,0.29167870833333326,0.4607063914583333,NA,NA,0.6693097,0.9995693999999999,48,48,1,265.2539757825,861.249,21.023083333333354,25.64300000000003,16.602000000000032,84.68739791666667,0.6002126569974912,1.240646166650385,0.6,NA,20.378781250000017,0,2,0,0,0,0,0,0
2024-07-06,-3.363146938373181,-3.1688445517073447,13.77504236911871,11.964315484522073,10.411895430745531,8.795470932814728,0.09200144857142857,0.393394516875,NA,NA,0.1799286714285714,0.5582377,36,36,1,91.68278617583331,627.803,18.72550000000002,22.38900000000001,17.064999999999998,90.81283888888889,0.2790156151461146,0.822810402396418,0,NA,19.60261111111113,0,2,0,0,0,0,0,0
2024-07-07,-3.3611869673476362,-4.68741228873713,13.276287651925998,14.048778931694912,9.915100684578361,9.361366642957782,NA,1.031213375,NA,NA,NA,1.588169,NA,NA,NA,NA,NA,NA,NA,NA,NA,NA,NA,NA,NA,NA,NA,NA,NA,NA,NA,NA,NA,NA
2024-07-08,-2.7084161917427427,-7.124682684936236,12.066000578145463,16.995059359714215,9.357584386402719,9.870376674777981,NA,0.8571472978723405,NA,NA,NA,1.1453491111111112,NA,NA,NA,NA,NA,NA,NA,NA,NA,NA,NA,NA,NA,NA,NA,NA,NA,NA,NA,NA,NA,NA
2024-07-09,-3.0600621631531513,-2.8194528530649925,11.928601858417885,13.260746092191983,8.868539695264737,10.441293239126988,NA,0.9297584166666667,NA,NA,NA,1.644916,NA,NA,NA,NA,NA,NA,NA,NA,NA,NA,NA,NA,NA,NA,NA,NA,NA,NA,NA,NA,NA,NA
2024-07-10,-3.1510673897633494,-0.7726941106844195,11.519614384489593,11.771152397095953,8.368546994726247,10.99845828641153,0,0.3614054989361702,NA,NA,NA,0.6593389,5,5,1,171.83344,241.982,20.005600000000015,21.161,18.68100000000004,94.87416,0.15714946211674952,0.24516846609829912,1,0.0233805,21.269100000000027,0.4,2,0,0,0,0,0,0
2024-07-11,-5.3381405638848545,-5.258675012973992,13.285264003138948,16.91985666135368,7.9471234392540975,11.661181648379685,0.20023281249999994,0.36829994461702126,NA,NA,0.5104798,0.8457296,48,48,1,231.54781515083334,888.893,20.27154166666669,25.180000000000007,14.580000000000041,87.82023958333333,0.6380386309805063,1.0981266660490774,0.30000000000000004,0.23155351058823528,20.38344791666669,0.7083333333333334,2,0,0,0,0,0,0
2024-07-12,-3.400943439026313,-2.9499287206241167,11.11738456452526,15.555367876312552,7.716441125498948,12.605439155688437,0.44922675208333324,0.6458694460625,NA,NA,0.9738841,1.3336017,48,48,1,293.29077947999997,948.239,21.958041666666688,28,16.805000000000007,81.08072916666667,0.8765289250273763,1.7929343695538733,1.1,0.33072287499999997,20.937156250000026,1,2,0,0,0,0,0,0
2024-07-13,-5.243318098893926,-2.6143405795724797,12.533032844414743,15.942022074846946,7.289714745520815,13.327681495274469,0.5731784791666665,0.7775238637083334,NA,NA,1.1586904,1.491374,48,48,1,315.3691623753167,888.364,22.523812500000023,27.991000000000042,15.961000000000013,77.35646458333333,1.1004865400650938,1.8064943808984664,0,0.3217697291666667,21.145020833333355,1,2,0,0,0,0,0,0
2024-07-14,-1.9242806842822864,0.10769463920018116,10.894557674066021,13.974463781586334,8.970276989783734,14.082158420786516,0.30605191458333336,0.5839705770212766,NA,NA,0.15947749,0.5637898,48,48,1,227.3769688572083,862.614,23.69337500000002,27.65700000000004,19.623000000000047,81.5513125,0.6675235901402529,1.355353086766101,0.2,0.31005439583333333,21.829187500000025,1,2,0,0,0,0,0,0
2024-07-15,-2.914964151854318,-4.007513122585786,17.422548340152275,18.116670785248175,14.507584188297956,14.109157662662385,0.23684768125000005,0.5125537712500001,NA,NA,0.35848589,0.7948810000000001,48,48,1,298.544467089375,877.148,23.505937500000027,27.147000000000048,19.80000000000001,84.14385,0.5485041100018307,1.2480966061227519,2.1,0.3119859583333333,22.29745833333335,1,2,0,0,0,0,0,0
2024-07-16,0.5298899529974747,2.5021128231965917,15.41731410421685,11.612964454212646,15.947204057214325,14.115077277409235,0.23435547187499997,0.39228922847916664,NA,NA,0.0760891,0.26437299400000003,48,48,1,166.17781067610417,810.928,22.496166666666696,25.984000000000037,19.491000000000042,86.99188958333333,0.5050180891240629,1.3171734356808331,3.9000000000000004,0.3056901875,22.24206250000002,1,2,0,0,0,0,0,0
2024-07-17,-7.427401843100945,-4.108741654000548,21.972273661043015,17.51811221258379,14.544871817942068,13.409370558583243,0.4947435791666667,0.6245501960625,NA,NA,1.0550507,1.249085,48,48,1,309.39239611249997,866.679,20.09583333333336,23.965000000000032,15.958000000000027,76.28834166666667,0.7106894848681821,1.434327643871756,0,0.29484554166666666,20.830333333333357,1,2.854166666666667,0,0,0,0,0,0
2024-07-18,-3.775905493760603,-4.947424351205144,16.542879275734567,16.622563762100587,12.766973781973967,11.675139410895444,0.533014985106383,0.6343012414166667,NA,NA,0.8484535,0.9888256,47,47,1,301.2523507103829,900.695,16.945595744680872,22.30800000000005,10.298000000000002,71.49535957446808,0.6863137399380422,1.4174617321112892,0,0.2470582,19.10939007092201,0.21276595744680865,3,0,0,0,0,0,0
2024-07-19,-4.120810131490764,-7.128909061530635,16.329772682759867,17.998250935565657,12.208962551269103,10.86934187403502,0.5567580874999999,0.6739154443333334,NA,NA,1.0255204,1.2167834,48,48,1,292.16626498555,913.243,17.445916666666694,24.423000000000002,9.307000000000016,73.28416874999999,0.7729315144987654,1.5715349718511409,0,NA,18.54060416666669,0,3,0,0,0,0,0,0
2024-07-20,-3.2877226612275936,-4.362765271195475,15.179404596490516,14.606544053826571,11.891681935262921,10.243778782631097,0.46929934854166677,0.6131088030833334,NA,NA,1.0127112,1.2627417,48,48,1,267.55991782402504,844.328,18.80502083333336,25.260000000000048,11.610000000000014,78.11227291666667,0.8192876543268994,1.5668535103468582,0,NA,18.904215277777798,0,3,0,0,0,0,0,0
2024-07-21,-4.462561515656863,-6.706696163320646,16.216234108513273,16.43373239035001,11.75367259285642,9.727036227029364,0.46372783333333334,0.6403472225416668,NA,NA,1.1242416,1.4253058,48,48,1,252.77443346657293,784.809,21.010645833333353,26.69300000000004,14.673000000000002,79.25831458333333,0.6966811852157074,1.6222724692013328,0,NA,19.729986111111135,0,3,0,0,0,0,0,0
2024-07-22,-5.714540637980343,-4.9790989052865475,16.794953287961533,13.792293736463277,11.080412649981193,8.813194831176725,0.5131041916666665,0.6704310039583333,NA,NA,1.0906164,1.3853259,48,48,1,274.8740701292125,870.793,21.355416666666688,26.471000000000004,15.75200000000001,79.01851458333333,0.9423791467606355,1.6976363611339,0,NA,21.16514583333335,0,2.9791666666666665,0,0,0,0,0,0
2024-07-23,-3.7751871899036518,-5.393390799529008,13.670377022946427,12.953073151901403,9.895189833042778,7.559682352372396,0.3774892393617022,0.56254311,NA,NA,0.8900555,1.1787148,47,47,1,228.964969972,862.88,19.532531914893642,26.064999999999998,11.607000000000028,80.02324680851063,0.6672044173108029,1.4853469614086519,0,NA,19.841446808510668,0,3,0,0,0,0,0,0
2024-07-24,-3.1093704137227918,-4.284196269208102,12.524278545320556,11.134529997369022,9.414908131597764,6.850333728160922,0.04033392142857144,0.1310351017857143,NA,NA,NA,NA,28,28,1,33.17942400928572,309.312,18.914892857142885,22.998000000000047,17.239000000000033,95.65613214285715,0.16899634494224283,0.9391739880860235,0,NA,19.88357142857145,0,3,0,0,0,0,0,0
2024-07-25,-5.728158135625555,-6.471696060782066,14.069630477699327,13.331386367045885,8.34147234207377,6.85969030626382,0.5780651979166668,0.6844697613958333,NA,NA,1.1612156,1.2989190000000002,48,48,1,323.14495727740416,899.127,18.26972916666669,24.347000000000037,12.408000000000015,73.52243541666667,0.8749310847995837,1.6769765332325772,0,NA,19.13836111111114,0,3,0,0,0,0,0,0
2024-07-26,-3.9761468314659134,-5.942330333064737,12.924554012861922,13.721596573448533,8.948407181396009,7.779266240383795,0.7063441857708334,0.8585097076458333,NA,NA,1.3102388,1.511187,48,48,1,308.21956898696567,905.044,19.692604166666687,26.735000000000014,11.31800000000004,69.79538333333333,0.9636088103190621,1.9845883995917868,0,NA,19.06147916666669,0,3,0,0,0,0,0,0
2024-07-27,-3.836795837886871,-3.865688495280204,13.872970737793533,12.692334332360643,10.03617489990666,8.826645837080443,0.8338374249999999,1.0038340083333332,NA,NA,1.300959,1.54719,48,48,1,315.39432823064584,885.015,21.593041666666686,27.74000000000001,14.504999999999995,64.63318333333333,1.0430953876455402,2.0714860178470045,0,NA,19.471229166666692,0,3,0,0,0,0,0,0
2024-07-28,-4.558983871212004,-3.5390727421061925,15.204776780235976,13.338858766380001,10.645792909023971,9.799786024273809,0.5039847337500001,0.7027066120208333,NA,NA,1.1540466999999999,1.480027,48,48,1,215.67455504375002,847.753,21.15477083333336,27.986000000000047,13.451000000000022,76.97389583333333,0.824743572522837,1.6769554288819348,0,NA,19.80266666666669,0,3,0,0,0,0,0,0
2024-07-29,-1.4200713067823045,-0.689513679007399,13.368730619494666,12.98751933259862,11.948659312712362,12.298005653591225,0.17282508333333324,0.32465308354166666,NA,NA,0.5662343,1.0319103,48,48,1,172.57359144458337,664.099,23.673020833333357,28.882000000000005,21.363,90.81372291666666,0.49772447498207334,1.4944942349787511,14.6,NA,21.64770138888891,0,3,0,0,0,0,0,0
2024-07-30,-2.804759301618985,-3.058393760920668,15.315973377196785,17.282759173692806,12.5112140755778,14.224365412772139,0.19124591666666677,0.39320895233333336,NA,NA,0.3814734,0.8369291,48,48,1,278.8278004414583,847.731,23.115375000000025,27.977000000000032,19.662000000000035,88.677225,0.6511227477931614,1.2697307946901173,2.2,NA,22.312694444444467,0,3,0,0,0,0,0,0
2024-07-31,-2.2913513593546417,-3.4921752077336867,15.048748970198657,18.35823950724084,12.757397610844015,14.866064299507151,0.2502179795744682,0.52352301625,NA,NA,0.38232964,0.9233370000000001,47,47,1,285.4261361593617,842.835,23.899829787234065,28.196000000000026,19.076000000000022,84.81628723404255,0.5957612390230905,1.5241712013157116,0,NA,22.3296241134752,0,3,0,0,0,0,0,0
2024-08-01,-1.8777927927226523,-2.5010563286512277,13.98676453039001,17.129303477939704,12.108971737667362,14.628247149288475,0.059075037500000004,0.29124521125,NA,NA,0.21496428,0.744634,48,48,1,172.90108308000003,657.816,23.615895833333354,27.80400000000003,19.839,91.47119791666667,0.4896715770523171,0.9214567545890855,0.1,NA,22.607236111111135,0,3,0,0,0,0,0,0
2024-08-02,-1.016098706530797,-1.0753511837277339,12.538393539933836,15.530143367200674,11.522294833403034,14.454792183472946,0.25618341666666666,0.44017779006458324,NA,NA,0.29445570000000004,0.69815912,48,48,1,177.28172049833336,596.962,23.80660416666669,28.846000000000004,19.92100000000005,88.02952083333334,0.6835094709525679,1.5877119867243512,2.8,NA,22.741479166666682,0,3,0,0,0,0,0,0
2024-08-03,-3.6883072951664375,-3.8251005909481375,14.71613788022803,18.20943007329729,11.027830585061592,14.384329482349147,0.7094299833333334,0.9451014489583331,NA,NA,1.425535,1.762933,48,48,1,292.49008829104173,840.736,24.314895833333352,29.242999999999995,18.850000000000023,73.73977291666667,1.065581752769137,2.1385385440268556,0,NA,22.178048611111134,0,3,0,0,0,0,0,0
2024-08-04,-4.562462624649948,-4.684143275471366,14.525561494860222,18.391585456514765,9.963098870210272,13.707442181043401,0.6403031604166667,0.8588629670333334,NA,NA,1.0617163,1.4158986,48,48,1,234.7633862604167,777.803,22.358229166666696,28.584000000000003,15.788000000000011,74.37227708333333,0.9121949482365158,2.126054520766118,0,NA,21.56023611111113,0,3,0,0,0,0,0,0
2024-08-05,-0.4430733968700499,-2.58330252543871,9.638769597052246,15.84031369110457,9.195696200182198,13.257011165665856,0.22689808541666664,0.5057617979166666,NA,NA,0.167535723,0.5566145,48,48,1,119.28853812625003,466.358,22.05322916666669,26.451000000000022,18.479000000000042,82.11877916666667,0.5100540837130568,1.425840070174858,0,NA,21.588027777777803,0,3,0,0,0,0,0,0
2024-08-06,-1.7274751188526025,0.9808522943511033,9.47360149287665,9.949878066754932,7.746126374024048,10.930730361106036,0.24434745416666664,0.37501363964583334,NA,NA,0.0176803,0.1395573644,48,48,1,121.65499962520833,590.168,18.12064583333336,23.64300000000003,14.133000000000038,83.39694166666666,0.4356954191517767,0.8897763324077494,25.199999999999996,NA,19.67473611111113,0,3,0,0,0,0,0,0
2024-08-07,-5.460062958859063,-5.376222090046185,12.567686547160042,14.808514336502286,7.10762358830098,9.432292246456102,0.51854190875,0.655693670625,NA,NA,1.0140201,1.1711163,48,48,1,292.7206798695833,869.38,18.516458333333354,24.239000000000033,11.882000000000005,74.07659375,0.667150279431718,1.5562903102325787,0.1,NA,18.444666666666684,0,3,0,0,0,0,0,0
2024-08-08,-5.246208811701716,-5.094107411687092,11.747010717062057,13.105036922803189,6.500801905360341,8.010929511116096,0.4384231131249999,0.5956744484791667,NA,NA,0.8723647,1.0984918000000001,48,48,1,272.7692559773334,820.856,18.96920833333336,24.370000000000005,12.621000000000038,77.50743333333334,0.6366128847907471,1.3828132138392821,0,NA,18.939243055555572,0,3,0,0,0,0,0,0
2024-08-09,-3.9062620347643486,-3.2087221867628397,9.69978195419672,10.822222900145483,5.793519919432371,7.61350071338265,0.4044846270833333,0.5442318887500001,NA,NA,0.812679,0.9385669,48,48,1,250.99805005106253,886.224,18.427083333333357,21.640000000000043,14.462000000000046,74.24319583333333,0.5573043505240047,1.087584538696659,0,NA,19.24772916666669,0,3,0,0,0,0,0,0
2024-08-10,-4.607454647152731,-5.121363723963733,10.004378888089182,12.484763551689273,5.396924240936453,7.3633998277255435,0.27762375624999996,0.3916374458333334,NA,NA,0.4688761,0.5728811,48,48,1,155.48683340054166,542.548,15.66166666666669,18.192000000000007,12.591000000000008,78.49752708333334,0.40000667888600877,0.6160367453715243,0,NA,17.78075694444447,0,3,0,0,0,0,0,0
2024-08-11,-4.900836319632978,-4.0333399513930095,10.911774162028681,11.943653347382108,6.0109378423957,7.910313395989101,0.4513373340425532,0.5772688439583333,NA,NA,0.8692855555555555,1.0198007,47,47,1,234.56991546563833,782.992,17.84323404255321,22.247000000000014,13.584000000000003,75.60141276595745,0.5742911589435089,1.3660504961686637,0,0.26175764705882354,17.908070921985836,0.3617021276595744,3,0,0,0,0,0,0
2024-08-12,-5.80105564847282,-4.38056507491044,12.206434902762528,12.715581310289837,6.4053792542897074,8.335016235379396,0.5176880712500002,0.6558012140291667,NA,NA,1.0505461,1.2875922,48,48,1,274.63399520863743,891.355,19.083854166666686,25.64300000000003,11.65500000000003,76.33667708333333,0.832921071031942,1.77587946480856,0,0.2584350625,18.2416527777778,1,3,0,0,0,0,0,0
2024-08-13,-4.564948342579039,-3.7668417670611984,11.22440673433459,12.582813990503082,6.6594583917555505,8.81597222344188,0.6301233999999998,0.7826969672916667,NA,NA,1.346066,1.5823479999999999,48,48,1,285.258856184375,856.814,20.467541666666683,27.87700000000001,13.52600000000001,74.93249166666666,0.9199500296729892,2.2493642716215323,0,0.26369513541666667,18.752263888888915,1.8541666666666665,3,0,0,0,0,0,0
2024-08-14,-2.487059142692707,-4.942016701119689,9.253543525705007,14.085396931190596,6.766484383012302,9.143380230070912,0.6498237042553193,0.8328377890416667,NA,NA,1.3432816666666667,1.6221889999999999,47,47,1,254.8226505455319,856.357,20.856787234042574,28.248000000000047,13.636000000000024,74.93448510638298,1.109913951940479,2.169946071694634,0,0.26102505319148933,19.048567375886552,2,3,0,0,0,0,0,0
2024-08-15,-1.683375196013687,-2.613908384120067,8.357104473475893,11.858693221346002,6.673729277462203,9.244784837225934,0.32285216833333336,0.4850502141666667,NA,NA,0.8140374,1.0593199,48,48,1,135.82932086033335,540.203,19.83006250000002,24.914000000000044,15.128000000000043,80.90250416666667,0.5280768687768117,1.310859628678861,1.2,0.25680496875000003,19.063611111111133,2,3,0,0,0,0,0,0
2024-08-16,-1.5201086472719996,1.3994393705999986,8.420151262792293,8.071344277283938,6.900042615520294,9.470783647883938,0.013995552631578962,0.201921300875,NA,NA,0,0.16486241,42,42,1,131.4862831311905,708.786,19.644785714285735,25.579000000000008,18.021000000000015,96.45742619047618,0.2988610742661299,0.989520484212437,29.400000000000006,0.3106324404761905,19.25758730158733,2,3,0,0,0,0,0,0
2024-08-17,-1.087887356352,-1.6563127183461819,8.853428991126693,11.378314439941656,7.76554163477469,9.722001721595474,NA,0.24358252500000002,NA,NA,NA,0.38659372999999997,NA,NA,NA,NA,NA,NA,NA,NA,NA,NA,NA,NA,NA,NA,NA,NA,NA,NA,NA,NA,NA,NA
2024-08-18,-1.681010751155205,-2.7842893448399995,10.035816640333639,11.908144235092122,8.354805889178433,9.123854890252122,0.4064158,0.29695468166666666,NA,NA,0.39398316666666666,0.6042854,15,15,1,366.46361333333334,621.412,22.863200000000038,23.486000000000047,21.960000000000036,74.90542,0.7002109857457245,0.8077215712829524,0,0.3207834,21.151866666666688,2,3,0,0,0,0,0,0
2024-08-19,-2.9871722026789516,-2.0123835166079997,11.779010991352516,10.337345778749318,8.79183878867356,8.32496226214132,0.525058338888889,0.4715875310833334,NA,NA,0.8719209,0.9814857,36,36,1,302.05669063144444,834.564,18.90633333333336,21.29400000000004,15.475999999999999,73.03816388888889,0.6830452710049892,1.2060936908906443,0,0.31448744444444443,19.255527777777804,2,3,0,0,0,0,0,0
2024-08-20,-6.216618250023433,-2.304533591769122,15.271133335171783,10.046431304722217,9.054515085148353,7.741897712953094,0.468487754347826,0.5203538167083334,NA,NA,0.8190579,0.8670183,46,46,1,286.70255253119126,884.421,14.563673913043505,20.05600000000004,9.012,74.3660347826087,0.563133666457479,1.2986334945541103,0,0.30575247826086954,17.07068115942031,2,3,0,0,0,0,0,0
2024-08-21,-5.888428709372163,-3.1494425339691414,15.715837865285389,10.745736028200202,9.827409155913225,7.596293494231058,0.48356824020833344,0.5657144037916667,NA,NA,1.0650971,1.1544195000000002,48,48,1,262.9721328674583,833.901,14.95710416666669,21.647000000000048,7.073000000000036,74.22901041666667,0.6563194185479201,1.3670553855779415,0,0.29832744791666665,16.460520833333355,2,3,0,0,0,0,0,0
2024-08-22,-7.024328281704087,-2.6308240941489003,17.74890984304058,10.25217550171325,10.724581561336493,7.62135140756435,0.4737786354166666,0.5736099269374999,NA,NA,1.0300966,1.1844795,48,48,1,277.1513293132229,838.832,15.99762500000002,22.46700000000004,8.423000000000002,75.739,0.7111393222939703,1.4003131625236924,0,0.2924692291666667,16.594131944444467,2,3,0,0,0,0,0,0
2024-08-23,-8.012717203363069,-2.9789948536110744,18.080994919721697,10.565407187038387,10.06827771635863,7.586412333427315,0.39309078541666664,0.5064820947916666,NA,NA,0.7616122,0.9593994,48,48,1,221.30310173316977,802.98,16.885479166666688,23.90900000000005,9.14100000000002,79.58089583333333,0.5986058339319524,1.4002449438779196,0,0.2868972083333333,16.715194444444467,2,3,0,0,0,0,0,0
2024-08-24,-1.4483760419399987,-2.675428945801871,11.417102485265199,10.563390717446966,9.968726443325199,7.887961771645097,0.5448359041666667,0.6970575906382979,NA,NA,1.1410079,1.3595134444444446,48,48,1,244.75259796052086,842.728,19.90954166666669,26.843000000000018,12.66700000000003,75.63947083333333,0.7619724633759621,1.8238195154529901,0,0.28213002083333333,17.744034722222246,2,3,0,0,0,0,0,0
2024-08-25,1.4060129005388575,-2.1794406892466487,10.121542659819331,10.156183900247408,11.527555560358188,7.976743211000758,0.04056666785714285,0.7297474759166667,NA,NA,0.2408425,1.3977947,31,31,1,80.21450043258062,598.768,19.382741935483896,26.72800000000001,16.709000000000003,92.96872903225807,0.2080004785299275,0.8814513846377809,0,0.27837635483870965,18.14731182795701,2,3,0,0,0,0,0,0
2024-08-26,1.3768286382694275,-0.6853535181131846,11.555237332372728,8.480752040538569,12.932065970642153,7.795398522425378,NA,1.1225517708333332,NA,NA,NA,1.7843390000000001,NA,NA,NA,NA,NA,NA,NA,NA,NA,NA,NA,NA,NA,NA,NA,NA,NA,NA,NA,NA,NA,NA
2024-08-27,0.19692528076524676,4.868695165278002,13.768329188105405,2.6456703857241717,13.965254468870652,7.514365551002172,NA,0.6256058541666667,NA,NA,NA,1.1466812,NA,NA,NA,NA,NA,NA,NA,NA,NA,NA,NA,NA,NA,NA,NA,NA,NA,NA,NA,NA,NA,NA
2024-08-28,-1.8808976239640514,-0.44096311382976633,16.157162983831498,7.383530760622644,14.276265359867443,6.942567646792878,NA,0.5290689041666666,NA,NA,NA,0.959086,NA,NA,NA,NA,NA,NA,NA,NA,NA,NA,NA,NA,NA,NA,NA,NA,NA,NA,NA,NA,NA,NA
2024-08-29,-2.1437707927261616,-2.1592115098560005,17.393849377501258,9.042478844554738,15.250078584775096,6.883267334698735,NA,0.33299584687500006,NA,NA,NA,0.4978707,6,6,1,386.19225,600.21,25.00933333333336,25.74000000000001,23.883000000000038,71.52215,0.909487364422103,1.0948290276395376,0,0.288273,22.004777777777804,2,3,0,0,0,0,0,0
2024-08-30,-1.8423370656787714,-0.09042178633714285,14.166958464409605,6.8784430292325,12.32462139873084,6.788021242895358,0.036182099999999995,0.2535535659574468,NA,NA,NA,0.5939095,11,11,1,141.856495,360.86,23.265272727272738,24.29000000000002,22.016999999999996,87.58798181818182,0.35708590487451686,0.4931664063224561,0,0.28438868181818183,22.204363636363663,2,3,0,0,0,0,0,0
2024-08-31,-0.8953250667649055,-2.6190222865069104,9.362755090226159,9.200123716185322,8.467430023461253,6.581101429678411,1.235778888888889,0.6391365154166667,NA,NA,1.158135,1.211884,15,15,1,614.627524,814.112,24.34100000000002,25.259000000000015,22.14100000000002,59.62493333333333,1.2486603165793828,1.595846431455004,0,0.27942,21.03455555555559,2,3,0,0,0,0,0,0
2024-09-01,0.5545345023515639,-1.8297177900709098,4.058846940925867,8.080757774867447,4.613381443277434,6.251039984796537,0.9520299090909091,0.6276396458333333,NA,NA,1.063466,1.0994407,27,27,1,427.09321011000003,849.161,20.306555555555573,21.920000000000016,18.521000000000015,61.59451851851852,0.9323737841832752,1.3579323362917055,0,0.2731404074074074,19.560061728395084,2,3,0,0,0,0,0,0
2024-09-02,-3.347487696874092,-1.4370941983405725,4.99536824754437,7.234161469274185,1.647880550670278,5.7970672709336135,0.9599931607142856,0.7217897106818182,NA,NA,1.1439923,1.1274444,33,33,1,368.5917263400909,817.774,17.04454545454548,21.647000000000048,8.900000000000034,60.12793939393939,0.8856943507525584,1.6027030564704492,0,0.2669205,17.46518181818184,2,3,0,0,0,0,0,0
2024-09-03,-2.433394094242091,-1.64810058042,4.0098005121448965,7.375857027726536,1.5764064179028046,5.727756447306536,0.9794185357142856,0.7548407125,NA,NA,1.1028507,1.1744715000000001,34,34,1,365.2478903551765,800.991,18.546000000000024,23.487000000000023,11.475000000000023,59.3734,0.9539121497300944,1.6874351954898055,0,0.2619917352941177,17.08075490196081,2,3,0,0,0,0,0,0
2024-09-04,-2.5728555363801435,-3.6955671201212463,4.319026724652291,9.343163677364922,1.7461711882721473,5.6475965572436735,1.1212345555555556,0.72507674375,NA,NA,1.0880545555555556,1.3245101,22,22,1,482.65371438204545,768.505,21.081863636363654,25.590000000000032,13.975999999999999,57.28851818181818,1.1936148361216201,2.0670248590476956,0,0.2575366590909091,17.14639393939396,2,3,0,0,0,0,0,0
2024-09-05,-2.5872968126341713,-3.4184322982748583,4.483122085828672,8.92739194064519,1.8958252731945002,5.508959642370335,NA,0.8646847083333333,NA,NA,NA,1.5425897,NA,NA,NA,NA,NA,NA,NA,NA,NA,NA,NA,NA,NA,NA,NA,NA,NA,NA,NA,NA,NA,NA
2024-09-06,-2.981358386280593,-3.079467387647999,5.048047189202774,8.421592438078216,2.0666888029221804,5.342125050430216,NA,0.3155207156875,NA,NA,NA,0.6290676,NA,NA,NA,NA,NA,NA,NA,NA,NA,NA,NA,NA,NA,NA,NA,NA,NA,NA,NA,NA,NA,NA
2024-09-07,-2.256873445544662,-5.843361466568572,4.504360429289496,10.990880030459731,2.2474869837448344,5.14751856389116,NA,0.392256982,NA,NA,NA,0.6868163333333334,NA,NA,NA,NA,NA,NA,NA,NA,NA,NA,NA,NA,NA,NA,NA,NA,NA,NA,NA,NA,NA,NA
2024-09-08,-1.74479663879893,-3.7777449659862867,4.15031667209166,8.774760489065256,2.405520033292728,4.997015523078971,NA,0.4533387,NA,NA,NA,0.9739409,NA,NA,NA,NA,NA,NA,NA,NA,NA,NA,NA,NA,NA,NA,NA,NA,NA,NA,NA,NA,NA,NA
2024-09-09,-3.4380172034331427,-2.9413302049079997,5.948700025221258,7.847119583627704,2.5106828217881167,4.905789378719701,NA,0.6360780425531914,NA,NA,NA,1.0075091,NA,NA,NA,NA,NA,NA,NA,NA,NA,NA,NA,NA,NA,NA,NA,NA,NA,NA,NA,NA,NA,NA
2024-09-10,-3.4971081705514293,-4.157975182987325,6.15617831527214,8.89399191627579,2.659070144720711,4.736016733288465,1.2038886,0.6300482908333334,NA,NA,1.3330799999999998,1.1958354,11,11,1,370.79198181818185,670.823,23.808363636363662,25.13100000000003,20.563000000000045,52.67998181818182,1.4083015512143748,1.610771530034448,0,0.23015654545454545,18.19130303030305,2,3,0,0,0,0,0,0
2024-09-11,-3.4374995247553306,-2.338076721801237,6.270509722347109,6.89779531330157,2.8330101975917774,4.5597185915003315,0.7811710916666667,0.49698587647058823,NA,NA,1.3198734,1.299806,48,48,1,187.12428136187498,748.57,18.843645833333355,27.138000000000034,10.677000000000021,66.26853125,0.9131174407829655,2.206459071458907,0,0.2283124375,16.4400902777778,2,3,0,0,0,0,0,0
2024-09-12,-1.269921688244888,-3.197890494216902,4.274896088537507,7.588353143544227,3.0049744002926184,4.390462649327324,0.6799425737499998,NA,NA,NA,1.4398768,NA,48,48,1,219.2603543108333,717.542,19.19941666666669,28.810000000000002,11.248000000000047,75.09746041666666,1.0215847426181943,2.377269709965022,0,0.2248121875,16.732409722222247,2,3,0,0,0,0,0,0
2024-09-13,-2.140166747291087,-2.921486587334687,5.448284999809215,7.175941990205449,3.308118252518126,4.254455402870763,0.7755658999999999,NA,NA,NA,1.2912626,NA,48,48,1,214.40458377979172,724.482,21.251250000000027,28.837000000000046,15.329000000000008,68.327075,0.9696192847654497,2.5113507982237095,0,0.22036953125,17.32032638888891,2,3,0,0,0,0,0,0
2024-09-14,-1.4415514013111699,-2.28216321178475,4.901190792423024,6.487022957024894,3.459639391111853,4.204859745240143,0.7435198308958333,NA,NA,NA,1.3944893999999999,NA,48,48,1,219.08253424125002,733.452,21.178312500000022,29.185000000000002,14.609000000000037,70.6503,0.943901926630044,2.444298627289472,0,0.21610307291666667,17.681590277777797,2,3,0,0,0,0,0,0
2024-09-15,-1.2719223825851511,-1.4675170732741016,4.965038377400797,5.502633909423743,3.6931159948156442,4.035116836149642,0.8053492333333333,NA,NA,NA,1.5515034,NA,48,48,1,221.68321977003959,739.445,22.205583333333355,30.177999999999997,15.810000000000002,70.56303333333334,1.0375841205195486,2.628654045737683,0,0.21187532291666666,18.03500694444447,2,3,0,0,0,0,0,0
2024-09-16,-1.6762650309011071,-1.1759194276332139,5.552445052736056,5.035119570580266,3.8761800218349474,3.859200142947054,1.2270526458333333,2.54338625,NA,NA,1.990525,NA,48,48,1,225.2601340441021,736.676,22.743687500000018,29.50600000000003,13.77600000000001,56.439172916666664,1.4154472737552952,2.871984750999043,0,0.20698035416666666,18.126118055555576,2,3,0,0,0,0,0,0
2024-09-17,-1.3854388234155637,-1.430683528967443,5.134101515325214,5.085200824482627,3.7486626919096513,3.6545172955151832,0.9802608,1.078273943125,NA,NA,1.6031875,1.8005118,48,48,1,227.64116500254377,741.244,20.043562500000025,27.396000000000015,11.352000000000032,62.5238875,1.1893060460144789,2.5648807555300657,0,0.20191344791666666,17.43022222222224,2,3,0,0,0,0,0,0
2024-09-18,-1.442287946928928,-0.9494475979158656,5.131585708112672,4.312132863236716,3.689297761183744,3.3626852653208488,0.7005923208333332,0.8378661102765957,NA,NA,1.1492125,1.3918383,48,48,1,225.74328860962498,729.689,18.456812500000023,27.42900000000003,9.69500000000005,70.35001666666666,0.9844766307650956,2.245912302029521,0,0.19721634375,16.805034722222242,2,3,0,0,0,0,0,0
2024-09-19,-1.4157669076132517,-1.0119399174217896,5.305125027979281,4.288037973394966,3.8893581203660292,3.276098055973176,0.79988778125,0.9410682480854167,NA,NA,1.4829362000000001,1.752002,48,48,1,214.7594000496875,716.21,19.816875000000024,28.449000000000012,11.247000000000014,69.74149375,1.135985731247552,2.506988434265437,0,0.19249602083333334,17.027763888888913,2,3,0,0,0,0,0,0
2024-09-20,-0.29428995404353775,-0.7160182951002286,4.357302253290664,4.128622437422562,4.063012299247126,3.412604142322333,0.46172498333333334,0.671068625,NA,NA,0.8987628000000001,1.1734631,48,48,1,96.14024278474167,464.991,20.689229166666685,25.620000000000005,16.382000000000005,73.4274,0.6801537294587998,1.517835009471921,0.1,0.188223625,17.605180555555577,2,3,0,0,0,0,0,0
2024-09-21,-0.05972700941107255,0.3119980170066014,4.562123151523801,4.003488660779676,4.502396142112729,4.315486677786278,0.6404715208333333,0.7465429825,NA,NA,1.4357323,1.7229598,48,48,1,201.73054283348958,703.307,21.361833333333355,29.177999999999997,16.513000000000034,78.50262708333334,1.4862687584761793,2.7058527135858195,0.4,0.18518098958333334,17.84611805555558,2,3,0,0,0,0,0,0
2024-09-22,2.441059537670843,4.773999476257127,2.9111784109132492,0.20198985152602206,5.352237948584091,4.97598932778315,0.28260872916666663,0.3871518308333333,NA,NA,0.021585900000000005,0.141596209,48,48,1,29.529603305395835,164.661,18.608479166666687,20.355999999999995,16.726,81.83533125,0.5174883595375135,0.9822788249509271,13.500000000000002,0.2060171875,17.688708333333363,2,3,0,0,0,0,0,0
2024-09-23,0.3826220762487361,-0.4139397504100743,5.625437093950906,5.765459471444273,6.008059170199643,5.3515197210342,0.20613552916666666,0.283385746593617,NA,NA,0.4754023,0.5979922,48,48,1,162.40435269018337,790.478,15.266729166666687,20.388000000000034,10.309000000000026,86.27215416666667,0.3329499388241466,1.033822112091264,0.1,0.26945901041666664,16.72968055555558,2,3,0,0,0,0,0,0
2024-09-24,5.5858098205137034,3.6151590415090085,1.12297551987616,2.037378220641015,6.70878534038986,5.652537262150024,0,0.028640113125,NA,NA,0,0.059960432999999994,48,48,1,36.90627487361457,322.363,15.07589583333336,18.807000000000016,12.623000000000047,98.35591458333333,0.07417791477054672,0.18618428485075222,0.1,0.2889277083333333,16.106090277777803,2,3,0,0,0,0,0,0
2024-09-25,1.991057004365015,1.5665563861585357,5.02328270078537,4.718412243885917,7.0143397051503875,6.28496863004445,0.24916449130434784,0.304088514125,NA,NA,0.33553966,0.5366786,48,48,1,167.82064309829167,626.075,17.730000000000025,21.878000000000043,14.656000000000006,87.18610833333334,0.5729649238793354,1.1976291667048382,0,0.32059310416666664,17.151486111111133,2,3,0,0,0,0,0,0
2024-09-26,-0.37024117537379897,0.6219068202112531,6.869328260506079,5.46514281514413,6.49908708513228,6.087049635355383,0.4272803583333332,0.5105114215625,NA,NA,0.9745827,1.1625046,48,48,1,193.57939228075628,692.566,16.039958333333352,24.299000000000035,9.314999999999998,79.59399166666667,0.8070233725956434,1.654200860212829,0,0.302314625,15.941395833333353,2,3,0,0,0,0,0,0
2024-09-27,0.43113219336889963,-1.5490003126521636,5.993859512029831,7.515286507747608,6.424991705398729,5.966286195095445,0.5068109291666666,0.5541731496666665,NA,NA,1.01462,1.1265996999999999,48,48,1,165.37962322541665,595.582,16.803583333333357,23.587000000000046,11.451999999999998,77.61730208333333,0.8350210320676402,1.7998060406364123,0,0.2908183020833333,15.78247916666669,2,3,0,0,0,0,0,0
2024-09-28,1.1333162929085454,-0.7466484854159989,5.525783815307634,6.831641065837893,6.659100108216178,6.084992580421894,0.49481158333333336,0.6458434583333333,NA,NA,0.5413271,0.7704419,48,48,1,149.2259310318958,617.513,19.700125000000025,24.872000000000014,16.32800000000003,71.96187916666666,0.6736947292559529,1.1125524579242376,0,0.2795194166666667,16.35479166666669,2,3,0,0,0,0,0,0
2024-09-29,-0.21253514502095497,-0.259215682380787,6.791290159546966,6.272380967789716,6.578755014526009,6.013165285408928,0.8587561250000001,0.9799789791666667,NA,NA,1.1363305,1.3128786,48,48,1,201.60352097500004,681.261,20.604750000000024,25.67500000000001,14.938000000000045,61.6456375,1.0096257130386874,1.7878321473762482,0,0.2704262604166667,17.0219652777778,2,3,0,0,0,0,0,0
2024-09-30,0.5008223266040251,-0.9638717812492971,5.592191300497932,6.619596600279193,6.0930136271019535,5.6557248190298965,0.4444419958333333,0.5999040437500001,NA,NA,0.6876283,0.9597634,48,48,1,172.07552482027083,677.002,18.88566666666669,25.009000000000015,13.140000000000043,76.47907083333334,0.676336661592639,1.4399026014160592,0,0.2633532083333333,16.494923611111137,2,3,0,0,0,0,0,0
2024-10-01,2.0333665161948686,-0.3359915670681093,3.522459809487487,5.589764243994028,5.5558263256823555,5.253772676925921,0.30001131250000007,0.3355598789583334,NA,NA,0.5196805,0.5968901,48,48,1,126.55988828419999,643.733,16.28264583333335,21.254999999999995,12.70700000000005,81.41557291666666,0.5294495431825011,1.02313943952219,0,0.258925375,16.077270833333355,2,3,0,0,0,0,0,0
2024-10-02,-1.3795179953287033,-2.5641485209036694,5.96666712568501,7.047617736230126,4.587149130356308,4.4834692153264575,0.3851006410416667,0.41337998333333337,NA,NA,0.8670548,0.9300582,48,48,1,201.61215444245835,684.51,11.049333333333358,18.40100000000001,3.9570000000000505,76.418560416666665,0.5352835701420775,1.0476549074226735,0,0.254332125,13.847972222222245,2,3,0,0,0,0,0,0
2024-10-03,-1.1521496618238771,-2.0818777670170965,6.14505622238118,6.9237895089175465,4.992906560557305,4.841911741900449,0.53477215,0.5854754212765958,NA,NA,0.893262,1.0288122,48,48,1,184.7049369744348,651.152,15.50902083333336,22.53400000000005,10.990000000000009,69.16954166666666,0.6264435481671357,1.48619027419101,0,0.2503832395833333,13.984229166666687,2,3,0,0,0,0,0,0
2024-10-04,-0.22331569225216302,-1.6491454567268482,4.883979544365187,6.2450501743267814,4.660663852113024,4.595904717599933,0.47511643395833336,0.5342874166666667,NA,NA,0.7077034,0.7978565,48,48,1,151.66641308562498,660.699,14.314770833333354,19.37700000000001,10.860000000000014,69.38700416666667,0.5443645686786431,1.201091450442507,0,0.24696176041666668,14.208006944444469,2,3,0,0,0,0,0,0
2024-10-05,-1.1742456736205835,-2.2831633266345692,5.422448589058968,6.546311512961186,4.248202915438384,4.263148186326617,0.4999366189583333,0.5402128354166666,NA,NA,0.7790932,0.8748631,48,48,1,183.56086163087522,636.541,12.729916666666691,21.724000000000046,5.230000000000018,68.98013333333333,0.5575800762035031,1.2733922666688484,0,0.24316564583333333,13.010152777777792,2,3,0,0,0,0,0,0
2024-10-06,-0.667804517157599,-1.3581796270635003,5.567342160409426,6.048406374132426,4.899537643251827,4.690226747068927,0.7504276041666667,0.8113143541666666,NA,NA,1.160256,1.193314,48,48,1,165.36912832833332,642.913,17.908312500000022,22.055000000000007,13.685000000000002,59.623752083333336,0.8366341993520112,1.4245361606016678,0,0.23953110416666668,14.720138888888911,2,3,0,0,0,0,0,0
2024-10-07,-0.2290425286304518,-2.4389672194430054,4.741202198690863,6.3811702020500585,4.51215967006041,3.9422029826070517,0.6031681458333333,0.5963646875,NA,NA,0.7679684,0.8065182,48,48,1,192.7819038440229,669.816,12.31985416666669,15.867000000000019,7.117999999999995,58.5449875,0.6164710796377346,1.0333983999912728,0,0.23489909375,13.64542361111113,2,3,0,0,0,0,0,0
2024-10-08,-1.0118329814699663,-2.069871984630345,5.668192098516137,5.63414567957587,4.6563591170461684,3.5642736949455256,0.5029866541666667,0.506740988375,NA,NA,0.9107551,0.9487137999999999,48,48,1,180.8097198086896,701.474,10.99672916666669,17.66500000000002,3.3880000000000337,67.51496458333334,0.6121295640590148,1.2934731360129228,0,0.23088592708333333,12.277666666666692,2,3,0,0,0,0,0,0
2024-10-09,-1.7951887874928996,-2.1738405281530153,6.391454487302143,5.281349086771214,4.596265699809243,3.107508558618198,0.4084730374999999,0.41614953612500005,NA,NA,0.8835234,0.9135673,48,48,1,189.04109589827706,663.913,8.404666666666692,16.523000000000025,0.75,73.36569583333333,0.5389732741923726,1.114353431548062,0,0.22730071875,11.26507638888891,2,3,0,0,0,0,0,0
2024-10-10,-1.3153301044646255,-2.241461810074262,6.394226851057738,5.227620124396879,5.078896746593111,2.9861583143226156,0.4094276145833333,0.4353328272083333,NA,NA,0.7882483,0.8489017,48,48,1,185.04185426222082,650.189,9.531895833333358,18.233000000000004,1.94500000000005,72.62295,0.5255975864829643,1.312437952919337,0,0.22443935416666666,10.92000000000002,2,3,0,0,0,0,0,0
2024-10-11,-0.6442439531545159,-3.1691602436539346,6.797723186189101,6.263616778776279,6.153479233034587,3.094456535122343,0.500133078125,0.554764465625,NA,NA,0.8858254,1.0127176,48,48,1,146.15026605215212,541.239,14.237104166666693,22.66700000000003,6.037000000000035,72.421375,0.6424474891767663,1.419099877274929,0,0.22163751041666668,11.809645833333354,2,3,0,0,0,0,0,0
2024-10-12,0.4870400909893482,-3.185665810808384,5.603707294198596,5.969555119642932,6.090747385187946,2.7838893088345484,0.440605008125,0.463685049125,NA,NA,0.6389944,0.6816782,48,48,1,145.1773931372292,649.321,12.669854166666694,18.973000000000013,6.463000000000022,70.86330625,0.5171513228019115,1.0619296183287465,0.1,0.21823657291666668,12.603180555555584,2,3,0,0,0,0,0,0
2024-10-13,3.3111793385937656,0.08742977484831813,2.2761146138573607,2.3745633838826383,5.587293952451128,2.461993158730956,0.06427891291666665,0.08754711989583334,NA,NA,0.2748914,0.3375637,48,48,1,85.28881139774376,451.82,9.593187500000024,12.656000000000006,6.734000000000037,93.59943541666667,0.1846853114653883,0.45048123868349643,0,0.248579375,11.8982777777778,2,3,0,0,0,0,0,0
2024-10-14,-0.9139159406042849,-3.0465120611179066,6.019650444144311,5.3298810409231,5.105734503540026,2.2833689798051946,0.189610515,0.19686806914583335,NA,NA,0.40018529999999997,0.4257782,48,48,1,153.51800635970832,627.857,6.594375000000026,9.91500000000002,2.708000000000027,81.2908125,0.23493647606974635,0.6007457620300227,0,0.2611024895833333,10.593055555555576,2,3,0,0,0,0,0,0
2024-10-15,-1.5820777905185701,-1.299351510926824,6.3711502750588975,3.5821911649285894,4.789072484540327,2.2828396540017657,0.21496260291666666,0.21928323408333333,NA,NA,0.5268206,0.5167356,48,48,1,161.8930710679854,645.155,4.634958333333354,9.586000000000013,1.29200000000003,76.48050833333333,0.2298597056631182,0.636537913091282,0,0.25281521875,8.836875000000017,2,3,0,0,0,0,0,0
2024-10-16,-1.4044424810050224,-1.7851008211519015,6.659054574260923,4.388277626958434,5.254612093255902,2.603176805806533,0.2524869795833333,0.26883363314583336,NA,NA,0.5210868,0.5411228,48,48,1,174.8399568673979,612.447,7.006270833333357,12.62700000000001,3.129000000000019,76.92708125,0.28181210130270307,0.7429463936796805,0,0.24745660416666668,8.943430555555581,2,3,0,0,0,0,0,0
2024-10-17,-1.1457976646456831,-2.0984052019602784,5.900274231170399,4.796963822297095,4.754476566524715,2.698558620336816,0.30490771041666664,0.31505092808124996,NA,NA,0.6667851,0.7062044000000001,48,48,1,172.1378011178958,611.852,6.436687500000025,15.524000000000001,-1.4149999999999636,78.0499375,0.473587607974333,0.9893318706087488,0,0.24317257291666666,8.477444444444465,2,3,0,0,0,0,0,0
2024-10-18,-0.48442611784383743,-1.6012757869655736,5.205368232596621,4.779988529554569,4.720942114752783,3.178712742588996,0.5802673333333334,0.533048875,NA,NA,0.8263539,0.8659652,48,48,1,163.31541772941668,592.587,10.272312500000021,17.67100000000005,3.9020000000000437,58.99788958333333,0.5772486627015899,1.2679585332892254,0,0.23938319791666668,8.862138888888907,2,3,0,0,0,0,0,0
2024-10-19,-0.9738419994119796,-1.4544247073240735,5.040423305255064,4.834484198261856,4.066581305843086,3.380059490937783,0.42652985416666667,0.43662556135416664,NA,NA,0.7466837,0.8253720999999999,48,48,1,164.18557141327085,598.446,10.752208333333359,19.369000000000028,2.369000000000028,72.2715375,0.5134050883524746,1.191662604702491,0,0.23586217708333335,9.355180555555581,2,3,0,0,0,0,0,0
2024-10-20,0.03125337276409659,-1.4264312266422465,3.989708018317943,5.3434530883147815,4.020961391082039,3.9170218616725356,0.5720726800000001,0.6082580145833333,NA,NA,0.9773775,1.0673123,48,48,1,143.948997113,563.105,14.911708333333355,21.173000000000002,10.629999999999995,67.3608625,0.6356544238334931,1.382454350877984,0,0.23261010416666666,10.545743055555578,2,3,0,0,0,0,0,0
2024-10-21,0.6281250540486156,-1.2340915924721736,3.600218198413049,5.519053717853418,4.228343252461664,4.284962125381243,0.9567307708333334,0.9822951914893616,NA,NA,1.1836511,1.2956003,48,48,1,155.70871521781044,575.14,17.99958333333335,23.20300000000003,14.112000000000023,53.106914583333335,1.0125691686231728,1.7340126078805271,0,0.22813121875,12.085347222222246,2,3,0,0,0,0,0,0
2024-10-22,0.602403684902868,-0.781349766982266,3.3655906584585757,4.9747918420670505,3.9679943433614415,4.1934420750847865,0.9373048125,0.8855175833333333,NA,NA,1.187887,1.249426,48,48,1,125.02324457740416,609.469,16.622958333333354,22.201000000000022,11.725999999999999,51.8531,0.9595747891570221,1.6831121721711997,0,0.22354791666666668,12.019229166666687,2,3,0,0,0,0,0,0
2024-10-23,-0.1745763583715845,-0.9095707810856982,3.976804881149976,5.0106627685436695,3.8022285227783916,4.101091987457972,0.609501,0.633856,NA,NA,0.6160841,0.6522122,48,48,1,112.15032111027084,582.521,15.216583333333356,18.57800000000003,9.537000000000035,62.955125,0.6604502296032643,1.1634716010511548,0,0.21919167708333334,12.674236111111133,2,3,0,0,0,0,0,0
2024-10-24,-1.5504816462213467,-1.7697507693208792,4.545037052196502,5.1243182386142045,2.994555405975155,3.3545674692933263,0.27706812249999996,0.28958743129787234,NA,NA,0.6266352,0.6495120999999999,48,48,1,143.33349942469792,549.265,7.51872916666669,15.074000000000012,1.0649999999999977,80.57823958333333,0.47078118031385835,0.911378449380675,0.1,0.21594904166666667,10.335881944444465,2,3,0,0,0,0,0,0
2024-10-25,1.1794803178242943,-0.9146849089717799,2.037175636144864,4.4922711113397105,3.2166559539691586,3.5775862023679306,0.20941575,0.22001576081250002,NA,NA,0.23973809999999998,0.2808571385,48,48,1,78.73855259287498,553.63,9.623145833333353,15.198000000000036,7.0230000000000246,82.11874583333334,0.31834276472639833,0.6719007176971807,0,0.21390684375,10.451722222222243,2,3,0,0,0,0,0,0
2024-10-26,-1.6508865237636936,-1.0541268928673961,4.712537780521006,4.494693477614986,3.061651256757313,3.4405665847475895,0.406847175,0.39396720425531917,NA,NA,0.6626145,0.6611604,48,48,1,152.94902551696458,634.594,8.122895833333354,11.69300000000004,4.867000000000019,64.28484166666667,0.40848422379210775,0.8552452907316402,0,0.21511580208333334,9.33936805555558,2,3,0,0,0,0,0,0
2024-10-27,-0.3606788290985663,-0.6706432495677246,3.0516331212689396,3.754830166693838,2.6909542921703737,3.0841869171261123,0.42293085,0.39294278881666667,NA,NA,0.8066357,0.8051872,48,48,1,130.6975587913125,552.263,4.625854166666688,12.572000000000003,-2.9139999999999873,65.46935,0.5130753552029456,1.1012288452295105,0,0.21375026041666667,7.879006944444468,2,3,0,0,0,0,0,0
2024-10-28,-1.4814683466538496,-1.0909929375824006,4.561503194919706,4.56104419195593,3.0800348482658553,3.4700512543735287,0.5841550416666667,0.5331761666666667,NA,NA,0.8825694,0.8824513,48,48,1,125.18988401759374,585.252,8.568208333333356,16.43100000000004,3.5960000000000036,56.250795833333335,0.5644425810813287,1.2347374465495355,0,0.21235711458333334,8.13642361111113,2,3,0,0,0,0,0,0
2024-10-29,0.9605102331923668,0.10217053032795483,2.9135826596187884,4.14010669948723,3.874092892811154,4.242277229815185,0.6097187520833334,0.6868246089583333,NA,NA,0.941457,1.1077632,48,48,1,118.56795207291665,495.473,16.727791666666686,24.29200000000003,9.511000000000024,66.72769791666667,0.7068970252393082,1.3749435351231978,0.1,0.21055276041666668,10.62770138888891,2,3,0,0,0,0,0,0
2024-10-30,1.8741967533360004,1.2778645743359998,2.4934265173612014,3.529700557453502,4.3676232706972025,4.8075651317895,0.838029,0.9659967916666666,NA,NA,0.700794,0.8728943,48,48,1,83.03565568750001,375.138,21.616604166666686,23.108000000000004,20.168000000000006,61.4232875,1.0014741534117213,1.2974209228724913,0,0.2100995625,13.609555555555582,2,3,0,0,0,0,0,0
2024-10-31,4.054606036056001,2.3516996477039998,0.21698146576472777,2.328446999591647,4.2715875018207266,4.680146647295648,0.572981829787234,0.6750812708333334,NA,NA,0.4896624,0.6180706,47,47,1,44.208785751063836,193.94,18.6648936170213,21.263000000000034,11.918000000000006,68.06837446808511,0.7028341840154592,0.9696247226324213,0.1,0.20911894680851065,14.088234042553216,2,3,0,0,0,0,0,0
2024-11-01,0.38313768826779837,-0.09300996113167563,2.846300756065409,3.7129080829332763,3.229438444333207,3.619898121801602,0.261187584875,0.254630424106383,NA,NA,0.3199837,0.3188278,48,48,1,86.06342326774146,367.95,7.053333333333359,11.674000000000035,4.867000000000019,74.78874375,0.2971096812117409,0.5510381652929557,0,0.20815638541666667,11.456625000000022,2,3,0,0,0,0,0,0
2024-11-02,0.20384048858060744,0.3852122120110769,2.7364285576049348,2.8849238817043306,2.940269046185542,3.270136093715408,0.2582669602488889,0.2525072002,NA,NA,0.4920005,0.49257839999999997,46,45,0.9782608695652174,133.5296560970156,537.034,3.5103333333333544,11.04400000000004,-3.1649999999999636,76.05002444444445,0.43209483762602474,0.826401101313722,0,0.20687346666666667,8.614177777777803,1.9565217391304348,2.9347826086956523,0,0,0,0,0,0
2024-11-03,0.18078867383597114,0.47018490124172074,3.4128705123604774,3.342126967454611,3.593659186196449,3.8123118686963324,0.3840961521739131,0.38313841304347823,NA,NA,0.5390278,0.5331144,46,46,1,44.33712603794786,208.276,7.723739130434806,14.358000000000004,2.959000000000003,65.87317173913044,0.39979593105305633,0.9295042292821898,0,0.20582420652173913,8.50372463768118,2,3,0,0,0,0,0,0
2024-11-04,7.190760529230905,7.221283426992493,-2.5877174438350874,-2.5966148774364606,4.603043085395819,4.624668549556032,0.12738984508541668,0.12690545851458332,NA,NA,0.0012819798999999998,0.001441353,48,48,1,13.0419939704375,84.9366,14.281312500000025,17.72800000000001,10.088000000000022,90.33908958333333,0.20454614258362097,0.7196572220248952,0.1,0.20982103125,10.915638888888912,2,3,0,0,0,0,0,0
2024-11-05,6.5969031012647,3.373267489471613,-1.4206409011471044,1.4537270231985646,5.1762622001175975,4.8269945126701765,0.0964583964875,0.09468414222916667,NA,NA,0.2776025,0.2729817,48,48,1,24.109842277562493,189.298,17.458145833333358,19.411,16.595000000000027,95.36530833333333,0.17179097482885083,0.42822710531718045,0,0.28074576041666666,13.625347222222244,2,3,0,0,0,0,0,0
2024-11-06,2.829172778862074,3.432089274253072,1.712319599396794,0.6651286403489538,4.5414923782588685,4.097217914602027,0.08785739409166668,0.0865943014375,NA,NA,0.2722905,0.2699079,48,48,1,43.89884249375002,247.918,12.789395833333355,17.170000000000016,9.62700000000001,93.27292708333333,0.16605906425600592,0.32757817933916655,0,0.31293191666666664,13.555715277777805,2,3,0,0,0,0,0,0
2024-11-07,1.1987979280915884,0.9368818061609991,2.7476468634520095,2.5090237138795333,3.946444791543598,3.4459055200405335,0.23407309166666668,0.23276901458333332,NA,NA,0.4373618,0.433437,48,48,1,128.91957372000005,507.249,8.859500000000024,11.717000000000041,5.4500000000000455,79.93394583333334,0.23928127261118026,0.4906369174591373,0,0.2995764270833333,11.589930555555577,2,3,0,0,0,0,0,0
2024-11-08,0.7801166679876854,0.8456363541023431,3.0817780478019765,2.457475914236165,3.8618947157896604,3.3031122683385075,0.29054998447916663,0.29311679114893613,NA,NA,0.6074893,0.5977071,48,48,1,127.00461109374794,497.83,8.846500000000022,12.5,5.879000000000019,76.11766041666667,0.3066451944546815,0.7425894729853633,0,0.2922311354166667,9.948548611111134,2,3,0,0,0,0,0,0
2024-11-09,0.28529893615444835,0.7237829417909015,3.0662436584874557,2.544648236241218,3.3515425946419053,3.2684311780321202,0.24351196041666667,0.24452317708333332,NA,NA,0.45223830000000004,0.4531172,48,48,1,85.96583929405207,492.54,5.625666666666694,11.092000000000041,0.6160000000000423,75.55184583333333,0.2545260533467125,0.5433660697602449,0,0.28613754166666666,8.390694444444472,2,3,0,0,0,0,0,0
2024-11-10,1.8704864348237222,1.2404667970852479,1.6839151001376043,2.514735766538159,3.554401534961326,3.755202563623405,0.13345379033333335,0.313968,NA,NA,0.0993989159,NA,48,48,1,30.784597881791658,236.935,8.923687500000023,12.879999999999995,6.3940000000000055,88.30392916666666,0.21409036245370833,0.37230850927010006,0.1,0.29724920833333335,9.329701388888912,2,3,0,0,0,0,0,0
2024-11-11,1.9615393762616469,1.612665841718571,1.4749059052919027,2.6164398841320917,3.436445281553549,4.229105725850662,0.23528172352083332,0.28225331578947366,NA,NA,0.4397202,0.4316604,48,48,1,57.42281227897918,339.114,9.538729166666693,11.937000000000012,5.492000000000019,79.136025,0.27046322609038204,0.5080898404134218,0,0.312350875,9.968756944444467,2,3,0,0,0,0,0,0
2024-11-12,0.1908555380644511,0.45050520442793174,2.3785911446855956,3.388027082174722,2.5694466827500473,3.838532286602654,0.182281417,0.18232771118750002,NA,NA,0.3094897,0.3115539,48,48,1,121.30880347228957,500.517,3.1668750000000188,7.538000000000011,-2.2819999999999823,78.03280208333334,0.19703201362575132,0.4716927271316871,0,0.3011988125,7.607506944444465,2,3,0,0,0,0,0,0
2024-11-13,0.24096596009735077,0.3218020151886546,2.2661532737002155,3.5671397187671317,2.507119233797566,3.888941733955787,0.24229474583333332,0.24009849791666665,NA,NA,0.4226203,0.4183303,48,48,1,72.22005196026458,361.629,3.991854166666692,9.649000000000001,0.060000000000002274,73.13746875,0.25249898684392713,0.5972202252565072,0,0.29490615625,6.503638888888912,2,3,0,0,0,0,0,0
2024-11-14,2.030986557130982,4.176164259164683,0.6205691290248405,-0.08651304185881953,2.651555686155823,4.089651217305866,0.06318160693333334,0.052664301276595736,NA,NA,4.015917e-4,3.9690050000000017e-4,48,48,1,17.417117212802292,89.9845,6.720395833333361,9.113,5.455000000000041,93.93425208333333,0.24516752181330728,0.5552124141850368,0.1,0.3092201041666667,7.642152777777804,2,3,0,0,0,0,0,0
2024-11-15,1.4943062971696968,1.733306761652902,1.0937004419461631,2.2859814689644904,2.5880067391158605,4.019288230617391,0.050265009875,0.049458690437499994,NA,NA,0.14868921000000002,0.14623721,48,48,1,36.00714747764229,231.566,7.694979166666689,9.742999999999995,6.590000000000032,95.58577916666667,0.10228163333683274,0.20148280994911583,0,0.30782696875,8.647118055555579,2,3,0,0,0,0,0,0
2024-11-16,1.0827798228101724,1.602625391244306,1.3967438515386559,2.245531524095021,2.479523674348828,3.8481569153393265,0.19479656272708332,0.19405087802916665,NA,NA,0.3394495,0.3366895,48,48,1,35.29111252055208,188.224,7.916541666666687,9.286000000000001,6.5400000000000205,81.74711041666667,0.21597548470397376,0.37876098977327854,0,0.3016049375,8.884534722222247,2,3,0,0,0,0,0,0
2024-11-17,0.6127841287224,1.2713828353199998,2.06479433942183,2.346271283064993,2.677578468144229,3.617654118384993,0.163812449375,0.162334225,NA,NA,0.16182929999999998,0.1596043,48,48,1,30.3467221285,156.153,8.415562500000018,11.602000000000032,5.948000000000036,84.41501666666666,0.17547011813091787,0.3100109215609861,0,0.29677894791666665,8.691333333333356,2,3,0,0,0,0,0,0
2024-11-18,0.3688182281747484,1.3057848336316185,2.441080171564543,1.9076884996071417,2.8098983997392915,3.2134733332387597,0.1200145989361702,0.12004081334042552,NA,NA,0.29829474766666664,0.3213739383,48,48,1,65.22481110502291,432.843,7.082958333333352,11.732000000000028,0.010000000000047748,89.76377083333334,0.3995104062897593,0.5622254662759967,0.1,0.29326901041666664,8.313312500000022,2,3,0,0,0,0,0,0
2024-11-19,-0.004227284721310211,3.273221168288336,3.42564509004112,-0.036977756058941644,3.421417805319809,3.2362434122293937,0.08187378863157896,0.09111192456410257,NA,NA,0.18487553714285715,0.21848431875,38,38,1,16.967525139713157,172.738,10.54476315789476,14.944000000000017,8.2960000000000491,93.71578947368421,0.16236605729628859,0.4727450497366008,0,0.2986990789473684,9.100359649122833,2,3,0,0,0,0,0,0
2024-11-20,-0.30998004033976184,2.0216589740931434,3.401463896899378,0.5491923026209665,3.0914838565596163,2.570851276714109,0.293944,0.30161350000000003,NA,NA,NA,NA,7,7,1,73.26083479974604,173.97222222222223,5.0512857142857275,6.19,4.63,74.81534285714287,0.2220178958244012,0.36193789842319846,0.25,0.2957093333333333,8.412444444444475,0.8571428571428571,1.2857142857142858,4,4,4,0.5714285714285714,0.5714285714285714,0.5714285714285714
2024-11-21,0.506385159946295,1.1481324456087632,2.1702502252256886,1.0882264571321405,2.6766353851719833,2.236358902740904,0.038998705829787234,0.03766065760416667,NA,NA,0.0407475026,0.0404895413,48,48,1,46.683278927895834,240.011,1.334666666666691,4.525000000000034,0.07400000000001228,94.68892708333334,0.0842706693672623,0.2924094786547574,6.6000000000000005,0.30008372916666665,7.091125000000019,2,3,0,0,0,0,0,0
2024-11-22,1.0115163715095938,1.5297109779861813,1.9754174492280077,0.9194306398874537,2.9869338207376015,2.449141617873636,0.07050190670833334,0.07097001536170212,NA,NA,0.1890122,0.1866613,48,48,1,42.55737679336896,204.009,3.7752916666666927,7.822000000000003,-0.09199999999998454,91.92214375,0.08750999427974532,0.22767589087335816,0,0.30233401041666663,6.479083333333355,2,3,0,0,0,0,0,0
2024-11-23,2.571263967981512,1.2031704146573414,0.6421316552063159,1.4018795206741477,3.2133956231878273,2.605049935331489,0.09565307941666666,0.09467880214583332,NA,NA,0.1827893,0.1805658,48,48,1,28.112064747916673,144.401,5.1086666666666884,6.253000000000043,4.175000000000011,88.81480416666666,0.12766205614268286,0.21275427106442424,0.7,0.2986413229166667,7.207875000000024,2,3,0,0,0,0,0,0
2024-11-24,0.5518373295924576,0.8767120803920248,2.625049917801821,1.7279180411261665,3.176887247394279,2.6046301215181926,0.10919551072916667,0.10813681204166667,NA,NA,0.20453870000000002,0.2019464,48,48,1,54.784871627083334,263.838,4.891291666666691,7.271000000000015,2.8149999999999977,87.93498125,0.1282403705297209,0.2943926394714732,0,0.29554454166666666,7.205152777777793,2,3,0,0,0,0,0,0
2024-11-25,1.3284726704220602,2.979152017351816,1.6288530455109123,-0.36136864886511083,2.9573257159329738,2.617783368486706,0.036017470047916667,0.03574612930833333,NA,NA,0.0060842761,0.0060088968,48,48,1,13.691294133958335,101.502,5.312687500000026,6.4150000000000205,4.215000000000032,95.99681041666666,0.08579110670517562,0.21267971767835803,2.2,0.2941520729166667,7.211520833333352,2,3,0,0,0,0,0,0
2024-11-26,1.0060474854622126,1.3610843342159993,1.615632540308646,1.0818503151742478,2.621680025770859,2.4429346493902484,0.08175803087387097,0.10868894190479166,NA,NA,NA,0.16400977,31,31,1,17.305526603225804,249.582,2.443709677419376,6.0120000000000005,-0.4539999999999509,87.4576064516129,0.09439001795510354,0.1672372626177644,1.4000000000000001,0.29515837096774195,6.715139784946262,2,3,0,0,0,0,0,0
2024-11-27,1.1766133327843886,0.8497025312031143,1.4108870948526844,1.5682806634206954,2.587500427637073,2.417983194623809,NA,0.0807767375531915,NA,NA,NA,0.15694886,NA,NA,NA,NA,NA,NA,NA,NA,NA,NA,NA,NA,NA,NA,NA,NA,NA,NA,NA,NA,NA,NA
2024-11-28,1.2398890023865863,0.9722668473348001,1.2972055240629266,1.4077685355699294,2.537094526449513,2.380035382904729,NA,0.061776708270833335,NA,NA,NA,0.12977694,NA,NA,NA,NA,NA,NA,NA,NA,NA,NA,NA,NA,NA,NA,NA,NA,NA,NA,NA,NA,NA,NA
2024-11-29,1.4828382986145277,1.130117879736,1.135844221797137,1.3174931580614353,2.6186825204116646,2.4476110377974356,NA,0.014018788270833322,NA,NA,NA,2.3663569999999998e-4,NA,NA,NA,NA,NA,NA,NA,NA,NA,NA,NA,NA,NA,NA,NA,NA,NA,NA,NA,NA,NA,NA
2024-11-30,1.4271338981341886,1.2048058761551999,1.175884339751777,1.2330220551253812,2.603018237885965,2.437827931280581,NA,0.016850940833333335,NA,NA,NA,0.024994509,NA,NA,NA,NA,NA,NA,NA,NA,NA,NA,NA,NA,NA,NA,NA,NA,NA,NA,NA,NA,NA,NA
2024-12-01,0.6320970022472185,1.245018269893309,1.9252457701690335,1.158845675363683,2.557342772416252,2.4038639452569925,NA,0.03025451914893617,NA,NA,NA,0.03992917,NA,NA,NA,NA,NA,NA,NA,NA,NA,NA,NA,NA,NA,NA,NA,NA,NA,NA,NA,NA,NA,NA
2024-12-02,1.0086973528837908,0.902532636392509,1.4978531039388274,1.4633109359490215,2.506550456822619,2.365843572341531,NA,0.04878043913953488,NA,NA,NA,0.09003436,NA,NA,NA,NA,NA,NA,NA,NA,NA,NA,NA,NA,NA,NA,NA,NA,NA,NA,NA,NA,NA,NA
2024-12-03,1.3349078483682602,1.8897771936616057,1.0042850802101844,0.34339655538829383,2.3391929285784445,2.2331737490498993,NA,0.004807629229166667,NA,NA,NA,7.80563e-5,NA,NA,NA,NA,NA,NA,NA,NA,NA,NA,NA,NA,NA,NA,NA,NA,NA,NA,NA,NA,NA,NA
2024-12-04,1.3725292134532314,-0.07504600665599973,0.8618023167523815,2.2246133630985456,2.234331530205613,2.1495673564425455,NA,0.01816153340425532,NA,NA,NA,0.008317186,NA,NA,NA,NA,NA,NA,NA,NA,NA,NA,NA,NA,NA,NA,NA,NA,NA,NA,NA,NA,NA,NA
2024-12-05,1.3449830978328952,2.955455176464,0.8126057097174301,-0.8651874687538109,2.1575888075503253,2.0902677077101885,NA,0.027013518125000004,NA,NA,NA,0.07597122,NA,NA,NA,NA,NA,NA,NA,NA,NA,NA,NA,NA,NA,NA,NA,NA,NA,NA,NA,NA,NA,NA
2024-12-06,1.3519685848263616,1.855077503996361,0.6542008622419613,0.11074839279233421,2.0061694470683227,1.9658258967886952,NA,0.06270784166666667,NA,NA,NA,0.1294595,NA,NA,NA,NA,NA,NA,NA,NA,NA,NA,NA,NA,NA,NA,NA,NA,NA,NA,NA,NA,NA,NA
2024-12-07,1.0455423653412437,1.8620306180098285,0.24256762160447895,-0.5145763671314713,1.288109986945722,1.3474542508783576,NA,0.09494013374999999,NA,NA,NA,0.12840543,NA,NA,NA,NA,NA,NA,NA,NA,NA,NA,NA,NA,NA,NA,NA,NA,NA,NA,NA,NA,NA,NA
2024-12-08,-0.14911516442828598,0.9211893955616499,1.701698570587103,0.7036008590970424,1.5525834061588175,1.624790254658692,NA,0.2111485159574468,NA,NA,NA,0.2432262,NA,NA,NA,NA,NA,NA,NA,NA,NA,NA,NA,NA,NA,NA,NA,NA,NA,NA,NA,NA,NA,NA
2024-12-09,1.2642676407952678,1.7640387385494547,0.5617649695922087,0.0690861239914633,1.8260326103874764,1.8331248625409184,NA,0.055432258482978725,NA,NA,NA,0.089068807,NA,NA,NA,NA,NA,NA,NA,NA,NA,NA,NA,NA,NA,NA,NA,NA,NA,NA,NA,NA,NA,NA
2024-12-10,1.4709898152634278,2.089895306688935,0.4027787105941892,-0.2188849398764352,1.8737685258576173,1.8710103668125004,NA,0.10054859104166666,NA,NA,NA,0.12524824,NA,NA,NA,NA,NA,NA,NA,NA,NA,NA,NA,NA,NA,NA,NA,NA,NA,NA,NA,NA,NA,NA
2024-12-11,1.4158322751508896,6.1553443698504005,0.353803554662415,-4.37284536452383,1.7696358298133046,1.7824990053265712,NA,0.011653013027777782,NA,NA,NA,0.09911434225000001,NA,NA,NA,NA,NA,NA,NA,NA,NA,NA,NA,NA,NA,NA,NA,NA,NA,NA,NA,NA,NA,NA
2024-12-12,1.2071644834355362,1.6180321183920001,-0.06375108663362863,-0.38985612495524474,1.143413396801908,1.2281759934367553,NA,0.004717357787234043,NA,NA,NA,0.007338067,NA,NA,NA,NA,NA,NA,NA,NA,NA,NA,NA,NA,NA,NA,NA,NA,NA,NA,NA,NA,NA,NA
2024-12-13,0.45478114622228544,1.095265792672111,0.6733943526024354,0.12099779337407274,1.128175498824721,1.2162635860461835,0.078666525,0.03867345258333334,NA,NA,NA,0.08539598999999999,4,4,1,0.7090432675,2.79553,-10.461499999999972,-9.58099999999996,-11.113,69.0097,0.08584181362356422,0.10267635844217296,0,0.2752025,3.225500000000025,2,3,0,0,0,0,0,0
2024-12-14,0.146382145344,0.9913977478648419,1.0208146504176197,0.262105041269631,1.1671967957616196,1.2535027891344734,0.0937859475,0.08774890791666667,NA,NA,0.20022174999999998,0.12777958,40,40,1,31.929507934475,312.887,-8.391499999999974,-0.8249999999999886,-11.98399999999998,72.562725,0.09763434109279177,0.2144115594746479,0,0.2725585875,2.941133333333356,2,3,0,0,0,0,0,0
2024-12-15,-0.5172566552189131,2.8833185849334027,2.271056205918757,-1.0913541288198023,1.7537995506998454,1.7919644561136012,0.0455613852,0.039425098347826086,NA,NA,-3.243452e-4,-3.226537e-4,47,47,1,22.94291123859574,116.767,0.9528297872340659,2.951000000000022,-0.9479999999999791,93.20232127659574,0.14678206589996154,0.22784473897091134,1.2000000000000004,0.2902216595744681,2.7697375886525037,2,3,0,0,0,0,0,0
2024-12-16,3.8680973471579954,0.4680394226994371,-1.8015120715246842,1.5834285814551488,2.0665852756333125,2.0514680041545854,1.5285845454545454e-4,0.002916987604166667,NA,NA,-6.326258571428572e-4,0.0090674793,44,44,1,6.817583081518181,47.9311,5.621613636363662,8.448000000000036,3.04200000000003,99.98925681818181,0.005916498207253129,0.01273390909128147,3.3000000000000007,0.3077931818181818,3.5706893939394138,2,3,0,0,0,0,0,0
2024-12-17,1.7033224573766976,1.5664887164928,0.01642007728468544,0.20401106626940943,1.7197425346613835,1.7704997827622095,0.14008539885416668,0.13873712477083333,NA,NA,0.1562111,0.1546382,48,48,1,13.303735062072917,56.7575,2.8061041666666893,5.757000000000005,0.7090000000000032,80.31213125,0.14430358999957354,0.20032836087394468,0.30000000000000004,0.29406073958333334,4.333361111111133,2,3,0,0,0,0,0,0
2024-12-18,1.1872031378035386,0.9176968494940414,0.19829063161737426,0.5901173386364931,1.3854937694209128,1.5078141881305342,0.1060574375,0.104949325,NA,NA,0.1379867,0.1363585,48,48,1,14.217949334575,78.2262,0.1294166666666912,0.7160000000000082,-1.30499999999995,82.26296041666667,0.10892378184260501,0.16872515064077176,0,0.2854837604166667,3.4589861111111317,2,3,0,0,0,0,0,0
2024-12-19,0.6803648237436192,0.6724700356504286,0.3866005741648609,0.5769254669468967,1.0669653979084806,1.249395502597326,0.09435471297291667,0.09336715877083333,NA,NA,0.07816935,0.0775027,48,48,1,20.148678732915833,150.43,-2.968416666666644,-1.294999999999959,-3.7059999999999604,80.48667708333333,0.09924941519834259,0.1904382525760545,0,0.28020341666666665,2.547215277777801,2,3,0,0,0,0,0,0
2024-12-20,0.2198499762082723,0.8742432766320002,0.7016918325040133,0.2789848143084204,0.9215418087122856,1.1532280909404202,0.0540787863627907,0.05029116595106383,NA,NA,0.13261592857142857,0.11273749,43,43,1,43.71576142297209,271.242,-3.3980697674418345,-1.561999999999955,-4.157999999999959,88.85382558139536,0.05619394109764412,0.17735104817062286,0.8999999999999999,0.27770062790697675,2.3521240310077753,2,3,0,0,0,0,0,0
2024-12-21,0.7131384735398822,1.0720703254424426,0.0038653127557039192,-0.08919069239662056,0.7170037862955867,0.982879633045822,0.10913563243243243,0.11101712916666667,NA,NA,0.182504,0.1249913,37,37,1,19.685973836838652,243.199,-5.882729729729702,-3.953999999999951,-8.928999999999974,70.6896027027027,0.11580155149897424,0.18575800517228658,0,0.27738145945945947,2.5932882882883095,2,3,0,0,0,0,0,0
2024-12-22,0.7076820278891481,0.7790974117181299,-0.2306269923877966,-0.0030570081902827617,0.47705503550135153,0.7760404035278472,0.058995397297297296,0.05589234875,NA,NA,0.0839015,0.05037726,37,37,1,10.543445954211352,96.272,-10.790513513513494,-3.113999999999976,-14.449999999999989,78.87587837837837,0.06178306709505181,0.1481359691486071,0,0.2754695405405405,2.3330000000000255,2,3,0,0,0,0,0,0
2024-12-23,1.0693207605729556,1.114346069719178,-0.32583323896991057,0.044048374453989916,0.7434875216030449,1.1583944441731682,0.1176885565,0.11517732655319149,NA,NA,0.14926609,0.14752621999999999,48,48,1,15.170990018670832,111.507,-1.726645833333306,0.44500000000005,-3.342999999999961,77.0372375,0.1418699335937839,0.18755418255414869,0.1,0.2738299791666667,2.160263888888912,2,3,0,0,0,0,0,0
2024-12-24,0.8786628313796578,0.5332573777875503,0.03701919696553726,0.7621590023239012,0.915682028345195,1.2954163801114518,0.07674748243749999,0.07781659772340425,NA,NA,0.1551724,0.1528071,48,48,1,40.54581063946249,260.618,-0.0023541666666441288,1.3670000000000186,-1.2099999999999795,87.34759375,0.11408817164087443,0.2235584040835244,2.8000000000000003,0.2766571666666667,2.427458333333359,2,3,0,0,0,0,0,0
2024-12-25,0.6778576623274775,0.7493006178588877,0.3374760601521633,0.5865914262137953,1.0153337224796408,1.335892044072683,0.1923035319148936,0.19206852083333334,NA,NA,0.25078133333333336,0.250631,48,48,1,59.54967302974806,386.168,-0.10520833333331356,2.2060000000000173,-1.339999999999975,67.52548541666667,0.19921693452417735,0.3087618660630012,0,0.27981294791666667,2.5747847222222418,2,3,0,0,0,0,0,0
2024-12-26,0.7994296842078957,0.4012473551911024,0.39804328965642666,1.0795047887638596,1.197472973864322,1.4807521439549625,0.018907120431250004,0.018785842727083335,NA,NA,-3.921632e-4,-3.901573e-4,48,48,1,20.533045438318336,110.801,1.4328125000000185,5.0090000000000146,-0.44899999999995543,96.80967708333334,0.08568798862308313,0.17589643461935134,0.30000000000000004,0.2882651770833333,2.762840277777804,2,3,0,0,0,0,0,0
2024-12-27,1.1864059291112123,0.6924105631492142,0.320074308217434,1.15945027379938,1.5064802373286463,1.8518608369485936,0.0067004784680851056,0.006500200124999998,NA,NA,0.031431742,0.031191629,48,48,1,17.790412472916664,84.8958,5.051562500000022,6.2830000000000155,3.869000000000028,99.25528333333334,0.024353893485543242,0.06388066557238015,6.799999999999999,0.3024347291666667,4.11888888888891,2,3,0,0,0,0,0,0
2024-12-28,1.3842536967300187,1.6917921680278014,0.42103747608952075,0.5420006575938445,1.8052911728195393,2.2337928256216455,0.07269995847916666,0.07181170870833334,NA,NA,0.1656228,0.1635595,48,48,1,20.796423186374994,117.952,8.041375000000025,10.462000000000046,6.0400000000000205,93.07606875,0.11291050987439086,0.18897407188306625,4.3999999999999995,0.3036186875,5.629333333333356,2,3,0,0,0,0,0,0
2024-12-29,1.5923591269846127,4.445960354525582,0.06608687126910133,-2.2416129507704,1.6584459982537134,2.2043474037551825,0.002768391208333333,0.002745368979166666,NA,NA,0.0105924291,0.010511061899999999,48,48,1,8.564691464583332,60.1816,4.7935833333333555,5.8629999999999995,3.0780000000000314,99.66459166666667,0.012220938499834015,0.051850002110320204,20.6,0.30269801041666666,4.953027777777798,2,3,0,0,0,0,0,0
2024-12-30,0.14473648520125515,0.8364305263414923,1.4420045205577885,1.3232590642865911,1.5867410057590439,2.1596895906280835,0.11293224863363832,0.10873492008627084,NA,NA,0.3540918,0.346002,48,48,1,90.15300263704167,406.17,3.7101458333333546,7.885000000000048,1.5190000000000055,88.13891041666666,0.17016259635444808,0.4978235536809985,2.8000000000000007,0.3068771979166667,4.398701388888914,2,3,0,0,0,0,0,0
2024-12-31,1.2168170108894876,1.3252925809176466,0.16522512407772955,0.5968258725700054,1.3820421349672172,1.922118453487652,0.04690090033333334,0.04679161475,NA,NA,0.07929187,0.07922297,48,48,1,23.08198448549584,107.824,0.4429166666666927,2.2530000000000427,-1.801999999999964,92.7420875,0.09313894180506771,0.16473615381156126,0,0.29151904166666665,3.1705625000000213,2,3,0,0,0,0,0,0
2025-01-01,NA,NA,NA,NA,NA,NA,0.11178634444444445,0.11067885555555555,NA,NA,NA,NA,9,9,1,5.3418e-6,4.80762e-5,1.209888888888909,1.725999999999999,0.6539999999999964,82.70172222222222,0.11596841036972699,0.15986275420457485,0,0.28921122222222223,3.1207407407407572,2,3,0,0,0,0,0,0
