site,DateTime,NEE_umol,GPP_umol,Reco_umol,Rg,Ustar,flag_negative_GPP,flag_nighttime_GPP,flag_winter_night_negative_NEE
LD,2024-01-01T13:00:00Z,2.034995,-1.2701248247150514,0.7648701752849485,0.0867082,0.477713,TRUE,FALSE,FALSE
LD,2024-01-01T23:00:00Z,1.517887,-0.753794895240302,0.764092104759698,0.331755,0.403979,TRUE,FALSE,FALSE
LD,2024-01-01T23:30:00Z,1.2926565,-0.5294590735879042,0.7631974264120959,9.61775e-4,0.32937,TRUE,FALSE,FALSE
LD,2024-01-02T00:30:00Z,1.292258,-0.5195636883462795,0.7726943116537204,0,0.313401,TRUE,FALSE,FALSE
LD,2024-01-02T02:30:00Z,1.449979,-0.6588029055014607,0.7911760944985392,0,0.361945,TRUE,FALSE,FALSE
LD,2024-01-02T21:30:00Z,1.5428706,-0.6375847939629188,0.9052858060370813,12.1988,0.59611,TRUE,FALSE,FALSE
LD,2024-01-02T23:00:00Z,1.4585313,-0.5545443441376422,0.9039869558623578,0.0666704,0.572716,TRUE,FALSE,FALSE
LD,2024-01-02T23:30:00Z,1.597375,-0.7050355017232636,0.8923394982767364,1.18095e-4,0.447815,TRUE,FALSE,FALSE
LD,2024-01-03T00:30:00Z,1.922297,-1.0377455348098654,0.8845514651901344,0,0.53726,TRUE,FALSE,FALSE
LD,2024-01-03T01:30:00Z,1.4742372000000001,-0.6015587870155554,0.8726784129844447,0,0.531882,TRUE,FALSE,FALSE
LD,2024-01-03T03:30:00Z,1.4317236,-0.5970045913228964,0.8347190086771036,0,0.462241,TRUE,FALSE,FALSE
LD,2024-01-03T04:30:00Z,1.4995859,-0.6748589033163226,0.8247269966836774,0,0.526802,TRUE,FALSE,FALSE
LD,2024-01-03T05:00:00Z,1.4495873,-0.6264660543715852,0.8231212456284147,0,0.408916,TRUE,FALSE,FALSE
LD,2024-01-03T06:30:00Z,1.3280524,-0.5042653831303746,0.8237870168696254,0,0.383662,TRUE,FALSE,FALSE
LD,2024-01-03T08:00:00Z,-2.234805,3.0634494168625417,0.8286444168625416,0,0.345095,FALSE,TRUE,FALSE
LD,2024-01-03T09:00:00Z,-2.2730400000000004,3.103957127567303,0.8309171275673026,0,0.311172,FALSE,TRUE,FALSE
LD,2024-01-03T09:30:00Z,-0.9480390000000001,1.7803278020151607,0.8322888020151608,0,0.229848,FALSE,TRUE,FALSE
LD,2024-01-03T15:00:00Z,-1.2942390000000001,2.1433527832390444,0.8491137832390441,5.7912,0.262999,FALSE,TRUE,FALSE
LD,2024-01-03T15:30:00Z,7.165809,-6.31402637965728,0.8517826203427206,10.2206,0.393335,TRUE,FALSE,FALSE
LD,2024-01-03T16:00:00Z,4.9528300000000005,-4.102067876492627,0.850762123507374,19.7303,0.495333,TRUE,FALSE,FALSE
LD,2024-01-03T16:30:00Z,10.316899000000001,-9.473870318017154,0.843028681982848,22.0524,0.419832,TRUE,FALSE,FALSE
LD,2024-01-03T17:00:00Z,8.07202,-7.227188985948345,0.8448310140516552,67.8849,0.356361,TRUE,FALSE,FALSE
LD,2024-01-03T17:30:00Z,2.5415,-1.6967120964019846,0.8447879035980155,68.8787,0.302811,TRUE,FALSE,FALSE
LD,2024-01-03T18:00:00Z,3.2135740000000004,-2.3641106459049075,0.849463354095093,60.7966,0.30174,TRUE,FALSE,FALSE
LD,2024-01-03T19:00:00Z,2.44397,-1.5960870427589833,0.8478829572410169,53.9229,0.249887,TRUE,FALSE,FALSE
LD,2024-01-03T19:30:00Z,4.149229,-3.296149349369771,0.8530796506302292,69.4401,0.275866,TRUE,FALSE,FALSE
LD,2024-01-03T22:30:00Z,-0.215901,1.06018325946762,0.8442822594676199,2.66585,0.357785,FALSE,TRUE,FALSE
LD,2024-01-03T23:00:00Z,3.3259499999999997,-2.4812038635819773,0.8447461364180222,0.264407,0.253786,TRUE,FALSE,FALSE
LD,2024-01-04T23:30:00Z,1.3274755,-0.5945857236014035,0.7328897763985965,6.20063e-4,0.342908,TRUE,FALSE,FALSE
LD,2024-01-05T06:00:00Z,1.4016433000000001,-0.6345161158728634,0.7671271841271368,0,0.252174,TRUE,FALSE,FALSE
LD,2024-01-05T13:30:00Z,-0.141198,1.0075549936282224,0.8663569936282225,1.85653,0.357393,FALSE,TRUE,FALSE
LD,2024-01-06T01:00:00Z,1.346935,-0.6021695403637731,0.7447654596362269,NA,0.306124,TRUE,FALSE,FALSE
LD,2024-01-06T02:00:00Z,1.452044,-0.7068769648324484,0.7451670351675515,NA,0.260407,TRUE,FALSE,FALSE
LD,2024-01-06T02:30:00Z,1.312578,-0.5659301673346756,0.7466478326653244,NA,0.234786,TRUE,FALSE,FALSE
LD,2024-01-06T03:00:00Z,1.382311,-0.6334227307127028,0.7488882692872972,NA,0.090959,TRUE,FALSE,FALSE
LD,2024-01-06T08:00:00Z,1.4800758,-0.6753209345347463,0.8047548654652538,NA,0.252772,TRUE,FALSE,FALSE
LD,2024-01-06T21:00:00Z,2.0165467571428572,-1.0402795019244984,0.9762672552183589,NA,0.213785,TRUE,FALSE,FALSE
LD,2024-01-06T21:30:00Z,2.2661437571428573,-1.2897331605482352,0.976410596594622,NA,0.228965,TRUE,FALSE,FALSE
LD,2024-01-06T22:00:00Z,2.4938629000000003,-1.5184009914384096,0.9754619085615908,NA,0.279613,TRUE,FALSE,FALSE
LD,2024-01-06T23:00:00Z,1.5081763833333333,-0.5373579413622062,0.9708184419711271,NA,0.164633,TRUE,FALSE,FALSE
LD,2024-01-07T03:00:00Z,1.3292893333333333,-0.5602301549176666,0.7690591784156667,NA,0.160969,TRUE,FALSE,FALSE
LD,2024-01-07T04:00:00Z,1.2983226333333333,-0.5222254284748667,0.7760972048584666,NA,0.120145,TRUE,FALSE,FALSE
LD,2024-01-07T20:00:00Z,2.7284267333333334,-1.7322566029204554,0.9961701304128779,NA,NA,TRUE,FALSE,FALSE
LD,2024-01-07T20:30:00Z,5.32345,-4.281590266021412,1.0418597339785884,NA,NA,TRUE,FALSE,FALSE
LD,2024-01-07T21:00:00Z,10.1361,-9.08263887556293,1.0534611244370709,200.868,0.466615,TRUE,FALSE,FALSE
LD,2024-01-07T22:00:00Z,2.56163,-1.5354676112229417,1.0261623887770583,11.8718,0.355319,TRUE,FALSE,FALSE
LD,2024-01-07T22:30:00Z,1.7240280000000001,-0.7060710475165046,1.0179569524834955,5.46183,0.347404,TRUE,FALSE,FALSE
LD,2024-01-07T23:00:00Z,1.574733,-0.5640156405693759,1.010717359430624,0.270228,0.289266,TRUE,FALSE,FALSE
LD,2024-01-08T01:00:00Z,1.4495624,-0.6452677710569518,0.8042946289430483,NA,0.379727,TRUE,FALSE,FALSE
LD,2024-01-08T01:30:00Z,1.3945573,-0.5907677521259164,0.8037895478740836,NA,0.354254,TRUE,FALSE,FALSE
LD,2024-01-08T02:00:00Z,1.4220598500000001,-0.62016792605048,0.8018919239495201,NA,0.15709,TRUE,FALSE,FALSE
LD,2024-01-08T03:00:00Z,1.3292893333333333,-0.5438036261862836,0.7854857071470497,NA,0.166075,TRUE,FALSE,FALSE
LD,2024-01-08T05:00:00Z,1.5280818999999999,-0.7631114348496929,0.764970465150307,NA,0.239348,TRUE,FALSE,FALSE
LD,2024-01-08T06:00:00Z,1.33597795,-0.5511722314753396,0.7848057185246604,NA,0.183052,TRUE,FALSE,FALSE
LD,2024-01-08T20:00:00Z,2.7284267333333334,-1.850765134588511,0.8776615987448223,NA,NA,TRUE,FALSE,FALSE
LD,2024-01-08T20:30:00Z,5.32345,-4.25477712582445,1.0686728741755498,NA,NA,TRUE,FALSE,FALSE
LD,2024-01-08T21:00:00Z,4.402843333333333,-3.339546248230428,1.063297085102905,NA,NA,TRUE,FALSE,FALSE
LD,2024-01-08T21:30:00Z,3.7331395,-2.6744986307560383,1.0586408692439617,NA,NA,TRUE,FALSE,FALSE
LD,2024-01-08T22:00:00Z,3.3014582,-2.246988758712474,1.0544694412875257,NA,NA,TRUE,FALSE,FALSE
LD,2024-01-08T23:00:00Z,1.66050946,-0.6187127690470484,1.0417966909529517,NA,NA,TRUE,FALSE,FALSE
LD,2024-01-09T01:30:00Z,1.3415062,-0.517140769597058,0.824365430402942,NA,NA,TRUE,FALSE,FALSE
LD,2024-01-09T02:00:00Z,1.4220598500000001,-0.5996515614868425,0.8224082885131576,NA,NA,TRUE,FALSE,FALSE
LD,2024-01-09T04:00:00Z,1.2983226333333333,-0.5161238730273957,0.7821987603059376,NA,NA,TRUE,FALSE,FALSE
LD,2024-01-09T04:30:00Z,1.2983226333333333,-0.5267345916930006,0.7715880416403327,NA,NA,TRUE,FALSE,FALSE
LD,2024-01-09T05:00:00Z,1.2983226333333333,-0.523153384485581,0.7751692488477523,NA,NA,TRUE,FALSE,FALSE
LD,2024-01-09T06:00:00Z,1.33597795,-0.5463663927076912,0.7896115572923088,NA,NA,TRUE,FALSE,FALSE
LD,2024-01-09T12:30:00Z,1.316363569375,-0.5694101096819649,0.7469534596930351,NA,NA,TRUE,FALSE,FALSE
LD,2024-01-09T13:00:00Z,1.363761033939394,-0.6195200649828335,0.7442409689565604,NA,NA,TRUE,FALSE,FALSE
LD,2024-01-09T20:00:00Z,3.4815176,-2.413840841427141,1.067676758572859,NA,NA,TRUE,FALSE,FALSE
LD,2024-01-09T20:30:00Z,2.5338731833333332,-1.4618427138583585,1.0720304694749747,NA,NA,TRUE,FALSE,FALSE
LD,2024-01-09T21:00:00Z,2.3768110375,-1.3022875719410079,1.0745234655589921,NA,NA,TRUE,FALSE,FALSE
LD,2024-01-09T21:30:00Z,2.186760477777778,-1.1096995809498578,1.07706089682792,NA,NA,TRUE,FALSE,FALSE
LD,2024-01-09T22:00:00Z,2.283799477777778,-1.206392844643543,1.077406633134235,NA,NA,TRUE,FALSE,FALSE
LD,2024-01-10T04:00:00Z,1.30927938,-0.5107743078195269,0.7985050721804731,NA,NA,TRUE,FALSE,FALSE
LD,2024-01-10T04:30:00Z,1.30927938,-0.5248249324725232,0.7844544475274768,NA,NA,TRUE,FALSE,FALSE
LD,2024-01-10T05:00:00Z,1.30927938,-0.518601516174068,0.790677863825932,NA,NA,TRUE,FALSE,FALSE
LD,2024-01-10T06:00:00Z,1.33597795,-0.5244117754099376,0.8115661745900624,NA,NA,TRUE,FALSE,FALSE
LD,2024-01-10T06:30:00Z,1.3445798318181819,-0.5230696677255837,0.8215101640925981,NA,NA,TRUE,FALSE,FALSE
LD,2024-01-10T13:00:00Z,1.2933995333333332,-0.5229045900767441,0.7704949432565892,NA,NA,TRUE,FALSE,FALSE
LD,2024-01-10T13:30:00Z,1.4263613,-0.6393507723222607,0.7870105276777393,NA,NA,TRUE,FALSE,FALSE
LD,2024-01-11T04:00:00Z,1.3257144999999997,-0.5217959855896046,0.8039185144103951,NA,NA,TRUE,FALSE,FALSE
LD,2024-01-11T04:30:00Z,1.3257144999999997,-0.5421812901496721,0.7835332098503276,NA,NA,TRUE,FALSE,FALSE
LD,2024-01-11T05:00:00Z,1.3257144999999997,-0.5308305536086371,0.7948839463913626,NA,NA,TRUE,FALSE,FALSE
LD,2024-01-11T13:30:00Z,1.4263613,-0.5594229547401709,0.866938345259829,NA,NA,TRUE,FALSE,FALSE
LD,2024-01-11T20:00:00Z,1.94054,-0.7295667633596621,1.2109732366403378,168.669,0.397911,TRUE,FALSE,FALSE
LD,2024-01-12T02:00:00Z,-0.6545350000000001,1.831335991690011,1.1768009916900108,0,0.237659,FALSE,TRUE,FALSE
LD,2024-01-12T04:00:00Z,3.1503699999999997,-2.2404300621825364,0.9099399378174631,NA,0.264983,TRUE,FALSE,FALSE
LD,2024-01-12T13:30:00Z,1.4263613,-0.5000834467069056,0.9262778532930943,NA,0.431017,TRUE,FALSE,FALSE
LD,2024-01-12T14:00:00Z,1.4950245999999998,-0.5705892359215073,0.9244353640784925,NA,0.301613,TRUE,FALSE,FALSE
LD,2024-01-12T16:30:00Z,1.5336393,-0.5688575409450102,0.9647817590549898,NA,0.560885,TRUE,FALSE,FALSE
LD,2024-01-13T12:00:00Z,8.040237000000001,-7.023763337155213,1.0164736628447884,0.05555555555555556,0.505252,TRUE,FALSE,FALSE
LD,2024-01-13T12:30:00Z,-0.12156100000000003,1.139314420546978,1.017753420546978,0.05555555555555556,0.528546,FALSE,TRUE,FALSE
LD,2024-01-13T13:00:00Z,1.9937949000000001,-1.00929704803821,0.9844978519617902,0.19444444444444445,0.534402,TRUE,FALSE,FALSE
LD,2024-01-14T07:00:00Z,1.5035624,-0.5641118340773202,0.9394505659226798,0.08333333333333333,0.40481,TRUE,FALSE,FALSE
LD,2024-01-14T08:00:00Z,-2.726699,3.6528008909283836,0.9261018909283835,0.11111111111111112,0.358078,FALSE,TRUE,FALSE
LD,2024-01-14T09:00:00Z,1.6280569999999999,-0.7475213279721085,0.8805356720278914,0.11111111111111112,0.6251,TRUE,FALSE,FALSE
LD,2024-01-14T11:00:00Z,-0.9568669999999999,1.804793768170033,0.8479267681700331,0.11111111111111112,0.536879,FALSE,TRUE,FALSE
LD,2024-01-14T12:30:00Z,2.0156589,-1.1836325636659586,0.8320263363340415,0.08333333333333333,0.686258,TRUE,FALSE,FALSE
LD,2024-01-14T13:00:00Z,1.872366,-1.082771972542687,0.789594027457313,0.1388888888888889,0.860854,TRUE,FALSE,FALSE
LD,2024-01-14T13:30:00Z,1.337766,-0.5472367342270296,0.7905292657729704,0.1388888888888889,0.767669,TRUE,FALSE,FALSE
LD,2024-01-14T14:00:00Z,1.940918,-1.192369392379253,0.7485486076207468,3.25,0.731325,TRUE,FALSE,FALSE
LD,2024-01-14T21:00:00Z,1.554544,-0.9475167921459948,0.6070272078540051,41.361111111111114,0.474864,TRUE,FALSE,FALSE
LD,2024-01-14T23:00:00Z,1.7157408,-1.1273002988577767,0.5884405011422232,1.8333333333333333,0.407176,TRUE,FALSE,FALSE
LD,2024-01-15T01:00:00Z,1.3477894,-0.7626568886479779,0.585132511352022,0.11111111111111112,0.38329,TRUE,FALSE,FALSE
LD,2024-01-15T02:00:00Z,-7.711454,8.300301958739988,0.5888479587399883,0.11111111111111112,0.54363,FALSE,TRUE,TRUE
LD,2024-01-15T02:30:00Z,-0.794508,1.3832609107008706,0.5887529107008707,0.11111111111111112,0.439709,FALSE,TRUE,FALSE
LD,2024-01-15T03:30:00Z,-0.7939149999999999,1.3276306270975948,0.5337156270975949,0.1388888888888889,0.429435,FALSE,TRUE,FALSE
LD,2024-01-15T04:00:00Z,0.9621452,-0.5371041821258268,0.42504101787417325,0.19444444444444445,0.373043,TRUE,FALSE,FALSE
LD,2024-01-15T06:00:00Z,1.4139119999999998,-0.9226600025330118,0.491251997466988,0.1388888888888889,0.374008,TRUE,FALSE,FALSE
LD,2024-01-15T06:30:00Z,1.446387,-0.9552143997879486,0.49117260021205145,0.1388888888888889,0.327395,TRUE,FALSE,FALSE
LD,2024-01-15T07:30:00Z,10.845995,-10.355901637178075,0.49009336282192595,0.11111111111111112,0.463839,TRUE,FALSE,FALSE
LD,2024-01-15T08:00:00Z,-1.440124,1.8650529760827843,0.42492897608278435,0.1388888888888889,0.384652,FALSE,TRUE,FALSE
LD,2024-01-15T08:30:00Z,2.106264,-1.6814037463242488,0.42486025367575103,0.1388888888888889,0.378981,TRUE,FALSE,FALSE
LD,2024-01-15T09:00:00Z,-2.702772,3.0893362584947117,0.38656425849471193,0.16666666666666666,0.441094,FALSE,TRUE,FALSE
LD,2024-01-15T10:00:00Z,3.200914,-2.8398552587016166,0.36105874129838367,0.16666666666666666,0.464766,TRUE,FALSE,FALSE
LD,2024-01-15T10:30:00Z,1.566094,-1.2050936893786637,0.3610003106213363,0.16666666666666666,0.464652,TRUE,FALSE,FALSE
LD,2024-01-15T11:00:00Z,1.2610652,-0.9070715981773492,0.35399360182265077,0.1388888888888889,0.421662,TRUE,FALSE,FALSE
LD,2024-01-15T11:30:00Z,-0.9213269999999999,1.2752632959599226,0.35393629595992265,0.1388888888888889,0.487144,FALSE,TRUE,FALSE
LD,2024-01-15T12:00:00Z,2.2333905,-1.890430717686747,0.342959782313253,0.1388888888888889,0.411133,TRUE,FALSE,FALSE
LD,2024-01-15T12:30:00Z,-1.476528,1.8194322446668922,0.34290424466689223,0.1388888888888889,0.380231,FALSE,TRUE,FALSE
LD,2024-01-15T13:00:00Z,1.415576,-1.0751339912722668,0.3404420087277331,0.19444444444444445,0.341113,TRUE,FALSE,FALSE
LD,2024-01-15T13:30:00Z,7.6919439999999994,-7.351557139060489,0.3403868609395108,0.19444444444444445,0.350536,TRUE,FALSE,FALSE
LD,2024-01-15T14:30:00Z,4.171262,-3.816245079077049,0.3550169209229509,NA,NA,TRUE,FALSE,FALSE
LD,2024-01-16T06:30:00Z,2.86017028,-2.382190662159006,0.47797961784099435,NA,NA,TRUE,FALSE,FALSE
LD,2024-01-16T07:00:00Z,2.43946128,-1.9659095132765405,0.4735517667234596,NA,NA,TRUE,FALSE,FALSE
LD,2024-01-16T07:30:00Z,2.57793168,-2.1176903642384435,0.4602413157615566,NA,NA,TRUE,FALSE,FALSE
LD,2024-01-16T08:00:00Z,1.74809988,-1.3088962233886274,0.43920365661137256,NA,NA,TRUE,FALSE,FALSE
LD,2024-01-16T08:30:00Z,1.8095864000000002,-1.3908842292536852,0.418702170746315,NA,NA,TRUE,FALSE,FALSE
LD,2024-01-16T09:30:00Z,0.8818138,-0.5010714896604711,0.3807423103395288,NA,NA,TRUE,FALSE,FALSE
LD,2024-01-16T10:30:00Z,1.06906304,-0.7086658368265493,0.36039720317345086,NA,NA,TRUE,FALSE,FALSE
LD,2024-01-16T11:00:00Z,1.4680273400000001,-1.1162186974987096,0.35180864250129057,NA,NA,TRUE,FALSE,FALSE
LD,2024-01-16T12:30:00Z,1.7886111,-1.4471758881615542,0.3414352118384458,NA,NA,TRUE,FALSE,FALSE
LD,2024-01-16T13:00:00Z,2.1029925,-1.7584137486600926,0.3445787513399075,NA,NA,TRUE,FALSE,FALSE
LD,2024-01-16T13:30:00Z,2.070393,-1.7247681228522502,0.3456248771477498,NA,NA,TRUE,FALSE,FALSE
LD,2024-01-16T14:00:00Z,3.2527,-2.9052913728231244,0.3474086271768757,NA,NA,TRUE,FALSE,FALSE
LD,2024-01-16T14:30:00Z,4.171262,-3.8190068417085015,0.35225515829149806,NA,NA,TRUE,FALSE,FALSE
LD,2024-01-17T06:30:00Z,2.86017028,-2.3859283657321297,0.4742419142678704,NA,NA,TRUE,FALSE,FALSE
LD,2024-01-17T07:00:00Z,2.43946128,-1.9696131953287277,0.46984808467127254,NA,NA,TRUE,FALSE,FALSE
LD,2024-01-17T07:30:00Z,2.57793168,-2.1212905309143526,0.45664114908564735,NA,NA,TRUE,FALSE,FALSE
LD,2024-01-17T08:00:00Z,1.74809988,-1.3123323861981209,0.4357674938018791,NA,NA,TRUE,FALSE,FALSE
LD,2024-01-17T08:30:00Z,1.8095864000000002,-1.3941605302256128,0.41542586977438734,NA,NA,TRUE,FALSE,FALSE
LD,2024-01-17T09:30:00Z,0.8818138,-0.504051730339476,0.377762069660524,NA,NA,TRUE,FALSE,FALSE
LD,2024-01-17T10:30:00Z,1.06906304,-0.7114877475831713,0.35757529241682867,NA,NA,TRUE,FALSE,FALSE
LD,2024-01-17T11:00:00Z,1.4680273400000001,-1.1189738092373478,0.3490535307626522,NA,NA,TRUE,FALSE,FALSE
LD,2024-01-17T12:30:00Z,1.7886111,-1.4498510720494129,0.3387600279505872,NA,NA,TRUE,FALSE,FALSE
LD,2024-01-17T13:00:00Z,2.1029925,-1.7611140033057822,0.3418784966942179,NA,NA,TRUE,FALSE,FALSE
LD,2024-01-17T13:30:00Z,2.070393,-1.7274770176005627,0.34291598239943744,NA,NA,TRUE,FALSE,FALSE
LD,2024-01-17T14:00:00Z,3.2527,-2.9080146926976638,0.34468530730233615,NA,NA,TRUE,FALSE,FALSE
LD,2024-01-17T14:30:00Z,4.171262,-3.8217686043399546,0.3494933956600451,NA,NA,TRUE,FALSE,FALSE
LD,2024-01-18T06:30:00Z,1.90328045,-1.005935373243581,0.8973450767564191,NA,NA,TRUE,FALSE,FALSE
LD,2024-01-18T11:00:00Z,1.4245583958,-0.6190750315854874,0.8054833642145127,NA,NA,TRUE,FALSE,FALSE
LD,2024-01-18T12:00:00Z,1.3044843941176472,-0.5223404800232603,0.7821439140943869,NA,NA,TRUE,FALSE,FALSE
LD,2024-01-18T12:30:00Z,1.8130868100000002,-1.0391794134753884,0.7739073965246117,NA,NA,TRUE,FALSE,FALSE
LD,2024-01-18T13:00:00Z,1.5729431878947369,-0.8078203677877865,0.7651228201069503,NA,NA,TRUE,FALSE,FALSE
LD,2024-01-18T14:00:00Z,1.3257777713333332,-0.5203911876941192,0.805386583639214,NA,NA,TRUE,FALSE,FALSE
LD,2024-01-19T06:30:00Z,1.90328045,-0.9457274585943984,0.9575529914056016,NA,NA,TRUE,FALSE,FALSE
LD,2024-01-19T11:00:00Z,1.4245583958,-0.5416875404929891,0.882870855307011,NA,NA,TRUE,FALSE,FALSE
LD,2024-01-19T12:30:00Z,1.8130868100000002,-0.9541871709186587,0.8588996390813415,NA,NA,TRUE,FALSE,FALSE
LD,2024-01-19T13:00:00Z,1.5729431878947369,-0.7205362868910826,0.8524069010036542,NA,NA,TRUE,FALSE,FALSE
LD,2024-01-20T06:30:00Z,1.90328045,-0.9063756611678133,0.9969047888321867,NA,NA,TRUE,FALSE,FALSE
LD,2024-01-20T11:00:00Z,1.5720072670000003,-0.6419676946517643,0.930039572348236,NA,NA,TRUE,FALSE,FALSE
LD,2024-01-20T12:30:00Z,1.9442979121428572,-1.0351827749233857,0.9091151372194713,NA,NA,TRUE,FALSE,FALSE
LD,2024-01-20T13:00:00Z,1.625357623125,-0.7217206182342442,0.9036370048907558,NA,NA,TRUE,FALSE,FALSE
LD,2024-01-21T06:30:00Z,1.90328045,-0.8900317283138419,1.013248721686158,NA,NA,TRUE,FALSE,FALSE
LD,2024-01-21T12:30:00Z,1.6203378599999998,-0.6635926281921741,0.9567452318078257,NA,NA,TRUE,FALSE,FALSE
LD,2024-01-22T06:30:00Z,1.827521685,-0.7667093322473075,1.0608123527526925,NA,NA,TRUE,FALSE,FALSE
LD,2024-01-22T07:00:00Z,1.677180925,-0.6168570278412702,1.0603238971587299,NA,NA,TRUE,FALSE,FALSE
LD,2024-01-22T07:30:00Z,1.7580352750000001,-0.6994840493734455,1.0585512256265546,NA,NA,TRUE,FALSE,FALSE
LD,2024-01-28T23:30:00Z,1.7070561,-0.5312113246414476,1.1758447753585524,12.194444444444445,0.323995,TRUE,FALSE,FALSE
LD,2024-01-29T10:00:00Z,1.6372471,-0.5332366813104961,1.104010418689504,0.05555555555555556,0.340453,TRUE,FALSE,FALSE
LD,2024-01-29T19:00:00Z,2.037432,-0.8855127255556732,1.1519192744443267,167.33333333333334,0.389605,TRUE,FALSE,FALSE
LD,2024-01-30T01:00:00Z,1.8676792999999998,-0.8038675835641012,1.0638117164358987,0.08333333333333333,0.332967,TRUE,FALSE,FALSE
LD,2024-01-30T01:30:00Z,2.447463,-1.3839083457999042,1.0635546542000958,0.08333333333333333,0.436416,TRUE,FALSE,FALSE
LD,2024-01-30T02:30:00Z,1.6039755,-0.5401803308628781,1.063795169137122,NA,NA,TRUE,FALSE,FALSE
LD,2024-01-31T01:30:00Z,1.582873825,-0.5239451638484833,1.0589286611515167,NA,NA,TRUE,FALSE,FALSE
LD,2024-01-31T02:00:00Z,1.6918767666666665,-0.6404207911563891,1.0514559755102775,NA,NA,TRUE,FALSE,FALSE
LD,2024-01-31T02:30:00Z,1.6039755,-0.5525280774768839,1.051447422523116,NA,NA,TRUE,FALSE,FALSE
LD,2024-02-01T01:30:00Z,1.582873825,-0.5363746849570743,1.0464991400429258,NA,NA,TRUE,FALSE,FALSE
LD,2024-02-01T02:00:00Z,1.6918767666666665,-0.6527656179559149,1.0391111487107516,NA,NA,TRUE,FALSE,FALSE
LD,2024-02-01T02:30:00Z,1.6039755,-0.5648758240908898,1.0390996759091102,NA,NA,TRUE,FALSE,FALSE
LD,2024-02-02T00:30:00Z,2.4360332714285713,-1.2886757447229369,1.1473575267056344,NA,NA,TRUE,FALSE,FALSE
LD,2024-02-02T01:00:00Z,2.0102910466666666,-0.8818666930701535,1.128424353596513,NA,NA,TRUE,FALSE,FALSE
LD,2024-02-02T01:30:00Z,1.6495441333333334,-0.530970128069296,1.1185740052640374,NA,NA,TRUE,FALSE,FALSE
LD,2024-02-02T02:00:00Z,1.70011160625,-0.592522362471201,1.1075892437787989,NA,NA,TRUE,FALSE,FALSE
LD,2024-02-02T02:30:00Z,2.897849088235294,-1.7980462702290894,1.0998028180062047,NA,NA,TRUE,FALSE,FALSE
LD,2024-02-02T03:00:00Z,2.541242175235294,-1.4525185868934634,1.0887235883418305,NA,NA,TRUE,FALSE,FALSE
LD,2024-02-02T03:30:00Z,3.186753437722222,-2.106179299576568,1.080574138145654,NA,NA,TRUE,FALSE,FALSE
LD,2024-02-02T04:00:00Z,2.9678138673157894,-1.895408261691471,1.0724056056243185,NA,NA,TRUE,FALSE,FALSE
LD,2024-02-02T04:30:00Z,3.0404026932777777,-1.972181461672902,1.0682212316048756,NA,NA,TRUE,FALSE,FALSE
LD,2024-02-02T05:00:00Z,1.8321460071666666,-0.7692536188875618,1.0628923882791048,NA,NA,TRUE,FALSE,FALSE
LD,2024-02-02T05:30:00Z,1.9739215805555557,-0.9098362673028331,1.0640853132527226,NA,NA,TRUE,FALSE,FALSE
LD,2024-02-03T00:30:00Z,2.4360332714285713,-1.2954479336603997,1.1405853377681716,NA,0.174342,TRUE,FALSE,FALSE
LD,2024-02-03T01:00:00Z,2.0102910466666666,-0.8902573288632938,1.1200337178033728,NA,0.0853206,TRUE,FALSE,FALSE
LD,2024-02-03T01:30:00Z,1.6495441333333334,-0.539553798835473,1.1099903344978603,NA,0.161878,TRUE,FALSE,FALSE
LD,2024-02-03T02:00:00Z,1.70011160625,-0.6018333652315018,1.0982782410184981,NA,0.111581,TRUE,FALSE,FALSE
LD,2024-02-03T02:30:00Z,2.897849088235294,-1.8075670341616754,1.0902820540736187,NA,0.128123,TRUE,FALSE,FALSE
LD,2024-02-03T03:00:00Z,2.541242175235294,-1.46268970071943,1.078552474515864,NA,0.060791,TRUE,FALSE,FALSE
LD,2024-02-03T03:30:00Z,3.186753437722222,-2.1170154360121973,1.0697380017100249,NA,0.149506,TRUE,FALSE,FALSE
LD,2024-02-03T04:00:00Z,2.967813867315789,-1.9076666332199057,1.0601472340958833,NA,0.117538,TRUE,FALSE,FALSE
LD,2024-02-03T04:30:00Z,3.0404026932777777,-1.9856626140760285,1.0547400792017492,NA,0.146382,TRUE,FALSE,FALSE
LD,2024-02-03T05:00:00Z,1.8321460071666666,-0.7845586574534826,1.047587349713184,NA,0.135473,TRUE,FALSE,FALSE
LD,2024-02-03T05:30:00Z,1.9739215805555554,-0.9258916697873933,1.048029910768162,NA,0.133135,TRUE,FALSE,FALSE
LD,2024-02-04T00:30:00Z,2.4360332714285713,-1.2348817042860005,1.2011515671425708,NA,0.0665094,TRUE,FALSE,FALSE
LD,2024-02-04T01:00:00Z,1.6827195,-0.5303688868295924,1.1523506131704075,NA,0.0884357,TRUE,FALSE,FALSE
LD,2024-02-05T00:30:00Z,2.4360332714285713,-1.249667598861896,1.1863656725666754,NA,0.0435243,TRUE,FALSE,FALSE
LD,2024-02-05T01:00:00Z,1.6827195,-0.5445576918555344,1.1381618081444655,NA,0.080035,TRUE,FALSE,FALSE
LD,2024-02-06T02:00:00Z,2.646203,-1.6223729785107466,1.0238300214892533,0,0.241977,TRUE,FALSE,FALSE
LD,2024-02-07T08:00:00Z,1.60818935,-0.6469879118694231,0.9612014381305769,NA,0.19335,TRUE,FALSE,FALSE
LD,2024-02-07T08:30:00Z,1.4921836,-0.5273172418879307,0.9648663581120692,NA,0.252567,TRUE,FALSE,FALSE
LD,2024-02-07T09:00:00Z,1.7241951,-0.7566009681387657,0.9675941318612343,NA,0.249908,TRUE,FALSE,FALSE
LD,2024-02-07T09:30:00Z,1.60818935,-0.6376538143864512,0.9705355356135488,NA,0.187693,TRUE,FALSE,FALSE
LD,2024-02-07T10:00:00Z,1.80930855,-0.8353440253708682,0.9739645246291317,NA,0.156871,TRUE,FALSE,FALSE
LD,2024-02-07T10:30:00Z,1.48659,-0.5088455194331499,0.9777444805668501,NA,0.18822,TRUE,FALSE,FALSE
LD,2024-02-07T11:00:00Z,1.894422,-0.9129397331712409,0.9814822668287592,NA,0.267676,TRUE,FALSE,FALSE
LD,2024-02-08T03:00:00Z,2.103028,-0.7542769837067251,1.348751016293275,0,0.297322,TRUE,FALSE,FALSE
LD,2024-02-08T03:30:00Z,2.0058084999999997,-0.6556903861110777,1.350118113888922,0,0.32698,TRUE,FALSE,FALSE
LD,2024-02-08T10:00:00Z,1.6250796,-0.5089643761399614,1.1161152238600387,NA,0.324255,TRUE,FALSE,FALSE
LD,2024-02-08T11:00:00Z,1.8686085,-0.7447441793919838,1.123864320608016,NA,0.34148,TRUE,FALSE,FALSE
LD,2024-02-08T22:30:00Z,2.1493349,-0.5129189787372426,1.6364159212627574,NA,0.637227,TRUE,FALSE,FALSE
LD,2024-02-08T23:30:00Z,8.4459,-6.880894911419368,1.5650050885806317,NA,0.534464,TRUE,FALSE,FALSE
LD,2024-02-09T00:00:00Z,7.73744,-6.204773535198717,1.532666464801283,NA,0.556548,TRUE,FALSE,FALSE
LD,2024-02-09T01:00:00Z,2.0513507,-0.5466504901536924,1.5047002098463076,NA,0.494248,TRUE,FALSE,FALSE
LD,2024-02-09T01:30:00Z,2.632749,-1.124420876821462,1.508328123178538,NA,0.592771,TRUE,FALSE,FALSE
LD,2024-02-09T02:00:00Z,2.796165,-1.2735657659068425,1.5225992340931573,NA,0.772999,TRUE,FALSE,FALSE
LD,2024-02-09T02:30:00Z,2.5348374000000002,-1.0035037623490806,1.5313336376509197,NA,0.717461,TRUE,FALSE,FALSE
LD,2024-02-09T03:00:00Z,2.097734,-0.5685714221090559,1.5291625778909441,NA,0.659666,TRUE,FALSE,FALSE
LD,2024-02-09T03:30:00Z,24.11213,-22.584092161510252,1.5280378384897468,NA,0.632295,TRUE,FALSE,FALSE
LD,2024-02-09T04:30:00Z,17.164877999999998,-15.869300180735747,1.2955778192642506,NA,0.561403,TRUE,FALSE,FALSE
LD,2024-02-09T05:30:00Z,2.5266400000000004,-1.2595036108090532,1.2671363891909473,NA,0.584529,TRUE,FALSE,FALSE
LD,2024-02-09T06:00:00Z,2.780174,-1.5112535070858746,1.2689204929141256,NA,0.536243,TRUE,FALSE,FALSE
LD,2024-02-09T06:30:00Z,2.60143525,-1.3292718726432102,1.27216337735679,NA,NA,TRUE,FALSE,FALSE
LD,2024-02-09T07:00:00Z,2.1905,-0.9103141200977087,1.2801858799022914,NA,0.824016,TRUE,FALSE,FALSE
LD,2024-02-09T07:30:00Z,2.908427,-1.7167387238210898,1.1916882761789103,NA,0.859638,TRUE,FALSE,FALSE
LD,2024-02-09T08:00:00Z,1.7676660000000002,-0.5816801757167904,1.1859858242832098,NA,0.834854,TRUE,FALSE,FALSE
LD,2024-02-09T08:30:00Z,2.0632710000000003,-0.8795159484870099,1.1837550515129904,NA,0.71486,TRUE,FALSE,FALSE
LD,2024-02-09T09:00:00Z,2.544025,-1.3627119852821916,1.1813130147178084,NA,0.710145,TRUE,FALSE,FALSE
LD,2024-02-09T09:30:00Z,2.628769,-1.4446913370005547,1.1840776629994454,NA,0.708709,TRUE,FALSE,FALSE
LD,2024-02-09T10:00:00Z,3.285119,-2.100778543599522,1.184340456400478,NA,0.816662,TRUE,FALSE,FALSE
LD,2024-02-09T11:30:00Z,1.933171,-0.754733940225419,1.178437059774581,NA,0.553656,TRUE,FALSE,FALSE
LD,2024-02-09T12:00:00Z,1.7454528999999999,-0.5689251901295871,1.1765277098704128,NA,0.584304,TRUE,FALSE,FALSE
LD,2024-02-09T12:30:00Z,2.0314449999999997,-0.8543741610945825,1.1770708389054172,NA,0.518323,TRUE,FALSE,FALSE
LD,2024-02-09T13:00:00Z,3.770355,-2.589223890426292,1.181131109573708,NA,0.505515,TRUE,FALSE,FALSE
LD,2024-02-09T14:00:00Z,2.192454,-0.9766724864385452,1.215781513561455,NA,0.587802,TRUE,FALSE,FALSE
LD,2024-02-10T00:30:00Z,4.36752934,-2.6701547054477732,1.6973746345522267,NA,NA,TRUE,FALSE,FALSE
LD,2024-02-10T01:00:00Z,3.23758234,-1.5553706015234878,1.682211738476512,NA,NA,TRUE,FALSE,FALSE
LD,2024-02-10T01:30:00Z,2.19706182,-0.5112304345974423,1.6858313854025577,NA,NA,TRUE,FALSE,FALSE
LD,2024-02-10T02:00:00Z,2.42256722,-0.721223498813891,1.7013437211861089,NA,NA,TRUE,FALSE,FALSE
LD,2024-02-10T02:30:00Z,6.83472308,-5.124058179098374,1.7106649009016255,NA,NA,TRUE,FALSE,FALSE
LD,2024-02-10T03:00:00Z,5.92836668,-4.2205629265310405,1.7078037534689592,NA,NA,TRUE,FALSE,FALSE
LD,2024-02-10T03:30:00Z,8.80210928,-7.09599506529114,1.7061142147088595,NA,NA,TRUE,FALSE,FALSE
LD,2024-02-10T04:00:00Z,8.4038358,-6.6923251902346506,1.7115106097653487,NA,NA,TRUE,FALSE,FALSE
LD,2024-02-10T04:30:00Z,8.489616999999999,-7.176470446045098,1.313146553954901,NA,NA,TRUE,FALSE,FALSE
LD,2024-02-10T05:00:00Z,4.2232258,-2.924853908832281,1.2983718911677185,NA,NA,TRUE,FALSE,FALSE
LD,2024-02-10T05:30:00Z,5.7537905,-4.455870923093769,1.2979195769062308,NA,NA,TRUE,FALSE,FALSE
LD,2024-02-10T06:00:00Z,2.010196,-0.7177681975927068,1.2924278024072933,NA,NA,TRUE,FALSE,FALSE
LD,2024-02-10T06:30:00Z,2.60143525,-1.3141332770804384,1.2873019729195618,NA,NA,TRUE,FALSE,FALSE
LD,2024-02-10T07:00:00Z,2.41169175,-1.1350289698015827,1.2766627801984174,NA,NA,TRUE,FALSE,FALSE
LD,2024-02-10T07:30:00Z,2.232466,-0.9621586240394777,1.2703073759605223,NA,NA,TRUE,FALSE,FALSE
LD,2024-02-10T08:00:00Z,2.2947778000000003,-1.0331415303071538,1.2616362696928465,NA,NA,TRUE,FALSE,FALSE
LD,2024-02-10T08:30:00Z,2.3824316000000003,-1.1244251293621226,1.2580064706378777,NA,NA,TRUE,FALSE,FALSE
LD,2024-02-10T09:00:00Z,2.45777,-1.203374331705957,1.254395668294043,NA,NA,TRUE,FALSE,FALSE
LD,2024-02-10T09:30:00Z,2.4324638,-1.1766933004955988,1.255770499504401,NA,NA,TRUE,FALSE,FALSE
LD,2024-02-10T10:00:00Z,2.3151424,-1.0605874740843706,1.2545549259156294,NA,NA,TRUE,FALSE,FALSE
LD,2024-02-10T10:30:00Z,2.1929716,-0.9400857382018102,1.2528858617981897,NA,NA,TRUE,FALSE,FALSE
LD,2024-02-10T11:00:00Z,2.01630838,-0.7681781558392686,1.2481302241607313,NA,NA,TRUE,FALSE,FALSE
LD,2024-02-10T11:30:00Z,1.7655735799999999,-0.5215704793289822,1.2440031006710177,NA,NA,TRUE,FALSE,FALSE
LD,2024-02-10T12:00:00Z,2.19141758,-0.9506039102787007,1.2408136697212993,NA,NA,TRUE,FALSE,FALSE
LD,2024-02-10T12:30:00Z,2.2266269199999997,-0.9864011501073009,1.2402257698926988,NA,NA,TRUE,FALSE,FALSE
LD,2024-02-10T13:00:00Z,2.27848352,-1.0349083368953949,1.2435751831046051,NA,NA,TRUE,FALSE,FALSE
LD,2024-02-10T13:30:00Z,1.93254894,-0.6659864243233886,1.2665625156766114,NA,NA,TRUE,FALSE,FALSE
LD,2024-02-11T00:30:00Z,4.36752934,-2.7970762849344872,1.5704530550655127,NA,NA,TRUE,FALSE,FALSE
LD,2024-02-11T01:00:00Z,3.23758234,-1.6900132851171303,1.5475690548828696,NA,NA,TRUE,FALSE,FALSE
LD,2024-02-11T01:30:00Z,2.19706182,-0.6693054112121322,1.527756408787868,NA,NA,TRUE,FALSE,FALSE
LD,2024-02-11T02:00:00Z,2.42256722,-0.9084783425144085,1.5140888774855914,NA,NA,TRUE,FALSE,FALSE
LD,2024-02-11T02:30:00Z,6.83472308,-5.332312466506313,1.5024106134936874,NA,NA,TRUE,FALSE,FALSE
LD,2024-02-11T03:00:00Z,5.92836668,-4.4468515933512816,1.4815150866487183,NA,NA,TRUE,FALSE,FALSE
LD,2024-02-11T03:30:00Z,8.80210928,-7.336782173179224,1.4653271068207756,NA,NA,TRUE,FALSE,FALSE
LD,2024-02-11T04:00:00Z,8.4038358,-6.951977108023529,1.4518586919764702,NA,NA,TRUE,FALSE,FALSE
LD,2024-02-11T04:30:00Z,8.489616999999999,-7.045827247782408,1.4437897522175913,NA,NA,TRUE,FALSE,FALSE
LD,2024-02-11T05:00:00Z,4.2232258,-2.7930855562098644,1.4301402437901352,NA,NA,TRUE,FALSE,FALSE
LD,2024-02-11T05:30:00Z,5.7537905,-4.464427229613401,1.2893632703865994,NA,NA,TRUE,FALSE,FALSE
LD,2024-02-11T06:00:00Z,2.010196,-0.6979436287451675,1.3122523712548326,NA,NA,TRUE,FALSE,FALSE
LD,2024-02-11T06:30:00Z,2.60143525,-1.2764027786017424,1.3250324713982577,NA,NA,TRUE,FALSE,FALSE
LD,2024-02-11T07:00:00Z,2.41169175,-1.0860335031549782,1.325658246845022,NA,NA,TRUE,FALSE,FALSE
LD,2024-02-11T07:30:00Z,2.232466,-0.9000296975997342,1.332436302400266,NA,NA,TRUE,FALSE,FALSE
LD,2024-02-11T08:00:00Z,2.2947778000000003,-0.9479861095903359,1.3467916904096644,NA,NA,TRUE,FALSE,FALSE
LD,2024-02-11T08:30:00Z,3.3967346666666667,-2.050253177375877,1.3464814892907897,NA,NA,TRUE,FALSE,FALSE
LD,2024-02-11T09:00:00Z,3.4595166666666666,-2.095292179693485,1.3642244869731814,NA,NA,TRUE,FALSE,FALSE
LD,2024-02-11T09:30:00Z,3.4384281666666667,-2.0482478871149556,1.390180279551711,NA,NA,TRUE,FALSE,FALSE
LD,2024-02-11T10:00:00Z,3.340660333333333,-1.9175739222748032,1.42308641105853,NA,NA,TRUE,FALSE,FALSE
LD,2024-02-11T10:30:00Z,3.2388513333333333,-1.7903987960692587,1.4484525372640746,NA,NA,TRUE,FALSE,FALSE
LD,2024-02-11T11:00:00Z,2.01630838,-0.5469936118604966,1.4693147681395033,NA,NA,TRUE,FALSE,FALSE
LD,2024-02-11T12:30:00Z,2.0132842666666666,-0.5226181000896009,1.4906661665770657,NA,NA,TRUE,FALSE,FALSE
LD,2024-02-11T13:00:00Z,2.0564980999999998,-0.557131103719654,1.4993669962803458,NA,NA,TRUE,FALSE,FALSE
LD,2024-02-12T02:30:00Z,2.5014112348148148,-1.0056909749849596,1.4957202598298551,NA,NA,TRUE,FALSE,FALSE
LD,2024-02-12T03:00:00Z,2.8560577136,-1.3765623461052034,1.4794953674947964,NA,NA,TRUE,FALSE,FALSE
LD,2024-02-12T03:30:00Z,3.361730151538461,-1.898167498477949,1.463562653060512,NA,NA,TRUE,FALSE,FALSE
LD,2024-02-12T04:00:00Z,3.090807705,-1.642737653737372,1.4480700512626281,NA,NA,TRUE,FALSE,FALSE
LD,2024-02-12T04:30:00Z,2.985096117586207,-1.5441070919014956,1.4409890256847113,NA,NA,TRUE,FALSE,FALSE
LD,2024-02-12T05:00:00Z,2.1815920946,-0.767988704577784,1.413603390022216,NA,NA,TRUE,FALSE,FALSE
LD,2024-02-12T05:30:00Z,1.8428117111875,-0.5295641644764764,1.3132475467110236,NA,NA,TRUE,FALSE,FALSE
LD,2024-02-13T02:30:00Z,2.5014112348148148,-0.9913200106933184,1.5100912241214963,NA,0.0631972,TRUE,FALSE,FALSE
LD,2024-02-13T03:00:00Z,2.8560577136,-1.3623501163219898,1.49370759727801,NA,0.0608331,TRUE,FALSE,FALSE
LD,2024-02-13T03:30:00Z,3.3617301515384614,-1.8841111335432184,1.477619017995243,NA,0.0812915,TRUE,FALSE,FALSE
LD,2024-02-13T06:00:00Z,1.85133898036,-0.5252262586813896,1.3261127216786104,0.05555555555555556,0.0727032,TRUE,FALSE,FALSE
LD,2024-02-13T06:30:00Z,1.85133898036,-0.5249637040902144,1.3263752762697856,0.05555555555555556,0.0953642,TRUE,FALSE,FALSE
LD,2024-02-13T09:30:00Z,8.46825,-7.08032136147863,1.3879286385213692,0.05555555555555556,0.270116,TRUE,FALSE,FALSE
LD,2024-02-14T15:30:00Z,6.415626,-4.8403904721641,1.5752355278358994,NA,NA,TRUE,FALSE,FALSE
LD,2024-02-14T16:00:00Z,5.960273333333333,-4.343900991480632,1.6163723418527005,NA,NA,TRUE,FALSE,FALSE
LD,2024-02-14T16:30:00Z,3.1266183999999995,-1.4754779934226607,1.6511404065773387,NA,NA,TRUE,FALSE,FALSE
LD,2024-02-15T05:00:00Z,0.32154499999999997,1.3905010174928762,1.7120460174928762,0,0.348562,FALSE,TRUE,FALSE
LD,2024-02-15T05:30:00Z,-0.41568700000000003,2.1652766501658416,1.7495896501658417,0,0.344962,FALSE,TRUE,FALSE
LD,2024-02-15T06:00:00Z,0.651351,1.1240487996256638,1.7753997996256639,0,0.306804,FALSE,TRUE,FALSE
LD,2024-02-15T10:00:00Z,0.567492,1.1675167654722136,1.7350087654722135,0.02777777777777778,0.310913,FALSE,TRUE,FALSE
LD,2024-02-15T11:00:00Z,-1.381173,3.050653402391249,1.6694804023912488,0.05555555555555556,0.507851,FALSE,TRUE,FALSE
LD,2024-02-15T12:30:00Z,-0.5064040000000001,2.0586613618198335,1.5522573618198332,0.08333333333333333,0.590376,FALSE,TRUE,FALSE
LD,2024-02-15T16:00:00Z,17.02151,-15.38651880221011,1.6349911977898894,17.694444444444446,0.311754,TRUE,FALSE,FALSE
LD,2024-02-16T00:30:00Z,2.126889,-0.5134412203901559,1.6134477796098439,7.79083e-5,0.712424,TRUE,FALSE,FALSE
LD,2024-02-16T01:30:00Z,2.2108594,-0.6165238600087868,1.5943355399912131,0,0.608364,TRUE,FALSE,FALSE
LD,2024-02-16T03:00:00Z,2.33284161,-0.7647019890075426,1.5681396209924574,0,0.678498,TRUE,FALSE,FALSE
LD,2024-02-16T15:00:00Z,6.3699268,-4.899372336704003,1.4705544632959968,NA,NA,TRUE,FALSE,FALSE
LD,2024-02-16T15:30:00Z,8.983835,-7.375565691605447,1.608269308394552,NA,NA,TRUE,FALSE,FALSE
LD,2024-02-16T16:00:00Z,5.960273333333333,-4.3422947044481175,1.6179786288852156,NA,NA,TRUE,FALSE,FALSE
LD,2024-02-16T16:30:00Z,4.6275355,-3.004595093977059,1.6229404060229404,NA,NA,TRUE,FALSE,FALSE
LD,2024-02-16T17:00:00Z,3.5618061999999995,-1.9217762988639988,1.6400299011360007,NA,NA,TRUE,FALSE,FALSE
LD,2024-02-17T00:00:00Z,1.84951,-0.6335085680934123,1.2160014319065877,NA,NA,TRUE,FALSE,FALSE
LD,2024-02-17T00:30:00Z,2.23308,-1.017285909775409,1.2157940902245912,0.00106952,0.400989,TRUE,FALSE,FALSE
LD,2024-02-17T02:30:00Z,1.734399054413793,-0.5194197818076831,1.21497927260611,0.00027884300000000003,0.168781,TRUE,FALSE,FALSE
LD,2024-02-17T03:00:00Z,1.8298406665833333,-0.6282991662884989,1.2015415002948344,1.64199e-4,0.108744,TRUE,FALSE,FALSE
LD,2024-02-17T04:00:00Z,11.800733,-10.636552783937825,1.1641802160621741,1.70363e-4,0.406215,TRUE,FALSE,FALSE
LD,2024-02-17T04:30:00Z,3.005099,-1.8458510391698864,1.1592479608301136,1.53845e-4,0.554655,TRUE,FALSE,FALSE
LD,2024-02-17T06:30:00Z,1.6316168,-0.5511868272182785,1.0804299727817215,0,0.528288,TRUE,FALSE,FALSE
LD,2024-02-17T07:00:00Z,-6.602527,7.6743568410844905,1.0718298410844904,0,0.570854,FALSE,TRUE,TRUE
LD,2024-02-17T07:30:00Z,1.58952,-0.5338708561696759,1.0556491438303242,0,0.528339,TRUE,FALSE,FALSE
LD,2024-02-17T08:00:00Z,1.5568106,-0.518480386319587,1.038330213680413,0,0.433682,TRUE,FALSE,FALSE
LD,2024-02-17T09:00:00Z,1.545777499904762,-0.5232392293470358,1.0225382705577262,0,0.367287,TRUE,FALSE,FALSE
LD,2024-02-17T13:30:00Z,1.5573446,-0.6199604844896532,0.9373841155103467,33.2822,0.541094,TRUE,FALSE,FALSE
LD,2024-02-17T15:30:00Z,8.983835,-7.501280481327237,1.4825545186727616,NA,NA,TRUE,FALSE,FALSE
LD,2024-02-17T16:00:00Z,5.960273333333333,-4.468974747670342,1.4912985856629917,NA,NA,TRUE,FALSE,FALSE
LD,2024-02-17T16:30:00Z,4.6275355,-3.1318712273876295,1.4956642726123701,NA,NA,TRUE,FALSE,FALSE
LD,2024-02-17T17:00:00Z,3.5618061999999995,-2.050603124013527,1.511203075986472,NA,NA,TRUE,FALSE,FALSE
LD,2024-02-18T00:00:00Z,2.100682,-0.9371966148014272,1.1634853851985727,0.150341,0.6396,TRUE,FALSE,FALSE
LD,2024-02-18T00:30:00Z,-0.144021,1.3501208429698472,1.2060998429698473,8.94222e-4,0.683083,FALSE,TRUE,FALSE
LD,2024-02-18T02:30:00Z,2.0051262,-0.7076345946813312,1.2974916053186687,3.23468e-4,0.945855,TRUE,FALSE,FALSE
LD,2024-02-18T03:30:00Z,1.9035251,-0.6031976025322716,1.3003274974677284,2.11783e-4,0.86484,TRUE,FALSE,FALSE
LD,2024-02-18T04:00:00Z,2.726464,-1.4327978381200122,1.2936661618799878,2.88952e-4,0.942368,TRUE,FALSE,FALSE
LD,2024-02-18T04:30:00Z,2.16756,-0.8764177370712514,1.2911422629287486,2.31013e-4,0.955606,TRUE,FALSE,FALSE
LD,2024-02-18T05:30:00Z,2.19493308,-0.8982375191956429,1.2966955608043573,3.10648e-5,0.951465,TRUE,FALSE,FALSE
LD,2024-02-18T22:00:00Z,2.68173,-1.3061205187299436,1.3756094812700563,136.654,0.564993,TRUE,FALSE,FALSE
LD,2024-02-18T23:30:00Z,2.1680942,-0.8446262828783786,1.3234679171216215,8.74044,0.356128,TRUE,FALSE,FALSE
LD,2024-02-19T05:00:00Z,1.4394693537692307,-0.5079768969862624,0.9314924567829683,5.72233e-4,0.0350631,TRUE,FALSE,FALSE
LD,2024-02-19T11:00:00Z,1.495208564925926,-0.7931553709768755,0.7020531939490504,0,0.0455764,TRUE,FALSE,FALSE
LD,2024-02-20T10:30:00Z,1.8410929999999999,-0.6618763422324838,1.179216657767516,0,0.286919,TRUE,FALSE,FALSE
LD,2024-02-21T07:30:00Z,2.444963,-0.8160683396602575,1.6288946603397425,4.98269e-4,0.365835,TRUE,FALSE,FALSE
LD,2024-02-21T08:30:00Z,2.701311,-1.098866973083482,1.602444026916518,4.98515e-4,0.32431,TRUE,FALSE,FALSE
LD,2024-02-21T12:00:00Z,-3.7356999999999996,5.27044158480871,1.5347415848087098,9.13698e-4,0.361127,FALSE,TRUE,FALSE
LD,2024-02-21T12:30:00Z,5.211069,-3.650770127304581,1.560298872695419,0.369598,0.45648,TRUE,FALSE,FALSE
LD,2024-02-21T17:30:00Z,6.974411,-5.075702286143276,1.8987087138567236,273.947,0.379364,TRUE,FALSE,FALSE
LD,2024-02-22T01:00:00Z,2.2645143777777776,-0.5012743102816446,1.763240067496133,4.49946e-4,0.104462,TRUE,FALSE,FALSE
LD,2024-02-22T06:30:00Z,2.135469976111111,-0.796852950475867,1.338617025635244,0.00141739,0.0612424,TRUE,FALSE,FALSE
LD,2024-02-22T07:00:00Z,2.1780969379166666,-0.8642869476262385,1.313809990290428,0.00118441,0.0263765,TRUE,FALSE,FALSE
LD,2024-02-22T07:30:00Z,1.8386703500000001,-0.5779326349994836,1.2607377150005166,0.00115137,0.0223236,TRUE,FALSE,FALSE
LD,2024-02-22T08:00:00Z,2.1429505004,-0.8437139447296338,1.2992365556703662,0.00116197,0.162475,TRUE,FALSE,FALSE
LD,2024-02-22T08:30:00Z,2.497290886470588,-1.174803182615905,1.322487703854683,6.71837e-4,0.0190082,TRUE,FALSE,FALSE
LD,2024-02-22T09:00:00Z,2.22514184826087,-0.9143590299770676,1.3107828182838022,5.51523e-4,0.0344358,TRUE,FALSE,FALSE
LD,2024-02-22T10:00:00Z,2.4240746705,-1.1093830903698763,1.3146915801301238,1.38066e-4,0.205318,TRUE,FALSE,FALSE
LD,2024-02-22T10:30:00Z,1.8233461688679244,-0.5808253570202602,1.2425208118476643,3.09661e-4,0.0416034,TRUE,FALSE,FALSE
LD,2024-02-22T13:00:00Z,6.20722,-5.030121266732651,1.1770987332673495,14.8276,0.055567,TRUE,FALSE,FALSE
LD,2024-02-23T00:00:00Z,2.2371232375,-0.5100390498485217,1.7270841876514784,0.767759,0.138321,TRUE,FALSE,FALSE
LD,2024-02-23T04:00:00Z,2.47526,-1.0108519066815262,1.4644080933184738,0.00174283,0.238217,TRUE,FALSE,FALSE
LD,2024-02-23T04:30:00Z,2.296818,-0.8348445044321131,1.461973495567887,0.00171374,0.265592,TRUE,FALSE,FALSE
LD,2024-02-23T05:00:00Z,2.221454,-0.7717714510767542,1.4496825489232459,0.00181606,0.275383,TRUE,FALSE,FALSE
LD,2024-02-23T05:30:00Z,2.055405,-0.6353388403042941,1.4200661596957058,0.00177291,0.312926,TRUE,FALSE,FALSE
LD,2024-02-23T12:00:00Z,1.8217640176470589,-0.568706920440496,1.2530570972065629,0.00429877,0.182199,TRUE,FALSE,FALSE
LD,2024-02-23T13:00:00Z,1.8741744,-0.6118523399066917,1.2623220600933083,21.6307,0.21149,TRUE,FALSE,FALSE
LD,2024-02-24T07:30:00Z,1.2659770592222221,-0.5721097378563088,0.6938673213659133,0.0025981,0.496712,TRUE,FALSE,FALSE
LD,2024-02-24T08:00:00Z,1.2397177237619048,-0.5651693369956003,0.6745483867663045,0.00247483,0.449448,TRUE,FALSE,FALSE
LD,2024-02-24T08:30:00Z,1.215685168368421,-0.5512780671043882,0.6644071012640329,0.00236536,0.416441,TRUE,FALSE,FALSE
LD,2024-02-24T09:00:00Z,1.2109416555,-0.5621572979508566,0.6487843575491435,0.00223666,0.309944,TRUE,FALSE,FALSE
LD,2024-02-24T09:30:00Z,1.2231423705294118,-0.5835000777155627,0.6396422928138491,0.00185575,0.383416,TRUE,FALSE,FALSE
LD,2024-02-24T10:00:00Z,1.2468966132666666,-0.6175038507988236,0.6293927624678429,0.00175935,0.284526,TRUE,FALSE,FALSE
LD,2024-02-24T10:30:00Z,1.2037336314615386,-0.5873987050456596,0.616334926415879,0.00131877,0.186685,TRUE,FALSE,FALSE
LD,2024-02-24T11:00:00Z,1.2146089133333333,-0.6113351633423442,0.6032737499909891,0.00114052,0.21942,TRUE,FALSE,FALSE
LD,2024-02-24T11:30:00Z,1.2146089133333333,-0.6152873177146446,0.5993215956186887,9.28245e-4,0.270482,TRUE,FALSE,FALSE
LD,2024-02-24T12:00:00Z,1.3526862114974094,-0.773096841949375,0.5795893695480344,0.00649549,0.227443,TRUE,FALSE,FALSE
LD,2024-02-24T12:30:00Z,1.152097385,-0.5698484383605404,0.5822489466394596,1.98489,0.218949,TRUE,FALSE,FALSE
LD,2024-02-26T08:30:00Z,1.8390403,-0.7657791170303754,1.0732611829696246,0.00118391,0.064433,TRUE,FALSE,FALSE
LD,2024-02-26T09:00:00Z,1.8207710933333334,-0.7167163436005572,1.1040547497327762,0.00110773,0.176171,TRUE,FALSE,FALSE
LD,2024-02-26T10:00:00Z,1.9198302153846154,-0.816578956503982,1.1032512588806334,7.72921e-4,0.113438,TRUE,FALSE,FALSE
LD,2024-02-26T10:30:00Z,1.921598546153846,-0.8087914021731883,1.1128071439806577,7.42842e-4,0.238664,TRUE,FALSE,FALSE
LD,2024-02-26T11:30:00Z,1.921598546153846,-0.8111328345541136,1.1104657115997325,4.53151e-4,0.313469,TRUE,FALSE,FALSE
LD,2024-02-26T12:00:00Z,1.9174182818181817,-0.8125774217636677,1.104840860054514,0.0114304,0.288785,TRUE,FALSE,FALSE
LD,2024-02-26T12:30:00Z,1.7054695305555556,-0.6110083942109883,1.0944611363445673,2.62254,0.302399,TRUE,FALSE,FALSE
LD,2024-02-27T02:00:00Z,2.168139,-0.5823564700341621,1.585782529965838,0,0.457458,TRUE,FALSE,FALSE
LD,2024-02-27T02:30:00Z,2.458099,-0.8692760317492292,1.5888229682507706,0,0.479836,TRUE,FALSE,FALSE
LD,2024-02-27T04:00:00Z,2.7503390999999997,-1.1879825896401208,1.5623565103598789,0,0.351732,TRUE,FALSE,FALSE
LD,2024-02-27T04:30:00Z,2.337657,-0.76880565769706255,1.5688513423029375,0,0.405605,TRUE,FALSE,FALSE
LD,2024-02-28T00:00:00Z,2.665654972307692,-0.850223523694384,1.815431448613308,0.630956,0.172611,TRUE,FALSE,FALSE
LD,2024-02-28T01:00:00Z,2.328953938787879,-0.5544277011879462,1.7745262375999327,0,0.117398,TRUE,FALSE,FALSE
LD,2024-02-28T02:00:00Z,3.242874,-1.4847736000354874,1.7581003999645126,0,0.23849,TRUE,FALSE,FALSE
LD,2024-02-28T02:30:00Z,2.7701525,-0.9937529545072341,1.776399545492766,0,0.279603,TRUE,FALSE,FALSE
LD,2024-02-28T05:00:00Z,2.2935518494117644,-0.5150326466122861,1.7785192027994783,0,0.757539,TRUE,FALSE,FALSE
LD,2024-02-28T05:30:00Z,-9.38808,11.0974273784119,1.7093473784119007,0,0.501348,FALSE,TRUE,TRUE
LD,2024-02-28T06:30:00Z,-7.289589999999999,8.875574642413667,1.5859846424136683,0,0.380884,FALSE,TRUE,TRUE
LD,2024-02-28T08:30:00Z,7.6838359999999994,-6.151956748182868,1.5318792518171316,0,0.595478,TRUE,FALSE,FALSE
LD,2024-02-28T10:00:00Z,1.9198302153846154,-0.8277404587462893,1.092089756638326,0,0.72267,TRUE,FALSE,FALSE
LD,2024-02-28T10:30:00Z,1.780111425,-0.752337162079602,1.027774262920398,0,0.838265,TRUE,FALSE,FALSE
LD,2024-02-28T13:30:00Z,3.1223710000000002,-2.29016184197489,0.8322091580251103,20.5707,0.872192,TRUE,FALSE,FALSE
LD,2024-02-28T14:00:00Z,1.3849090000000002,-0.5996330338419609,0.7852759661580393,66.5298,0.960827,TRUE,FALSE,FALSE
LD,2024-02-29T01:00:00Z,1.2635428,-0.5093681613015506,0.7541746386984494,0,0.521088,TRUE,FALSE,FALSE
LD,2024-02-29T02:30:00Z,1.4288373,-0.6800193334082035,0.7488179665917966,0,0.434086,TRUE,FALSE,FALSE
LD,2024-02-29T03:30:00Z,1.3831386,-0.6379916640453732,0.7451469359546269,0,0.351485,TRUE,FALSE,FALSE
LD,2024-02-29T04:00:00Z,1.8163441,-1.0611911186002712,0.7551529813997289,0,0.379986,TRUE,FALSE,FALSE
LD,2024-02-29T04:30:00Z,1.5106324999999998,-0.7465722710267578,0.764060228973242,0,0.423811,TRUE,FALSE,FALSE
LD,2024-02-29T05:00:00Z,1.538497,-0.7686241905426217,0.7698728094573783,9.61532e-6,0.470762,TRUE,FALSE,FALSE
LD,2024-02-29T06:00:00Z,1.7176074000000001,-0.9693932664677091,0.748214133532291,5.91707e-5,0.726094,TRUE,FALSE,FALSE
LD,2024-02-29T06:30:00Z,1.3792434,-0.651605925845045,0.727637474154955,1.36833e-4,0.579123,TRUE,FALSE,FALSE
LD,2024-02-29T07:00:00Z,1.3010684000000001,-0.5802347113614623,0.7208336886385378,2.57394e-4,0.527484,TRUE,FALSE,FALSE
LD,2024-02-29T08:00:00Z,1.428403,-0.727908012823651,0.7004949871763491,4.03349e-4,0.602907,TRUE,FALSE,FALSE
LD,2024-02-29T08:30:00Z,1.6373422,-0.9478877217437484,0.6894544782562516,4.45262e-4,0.512946,TRUE,FALSE,FALSE
LD,2024-02-29T09:00:00Z,1.457215159,-0.7762746114176727,0.6809405475823272,2.70707e-4,0.466335,TRUE,FALSE,FALSE
LD,2024-02-29T11:00:00Z,1.3128482,-0.647920008151583,0.6649281918484169,2.94129e-4,0.362432,TRUE,FALSE,FALSE
LD,2024-02-29T11:30:00Z,1.7859529,-1.123560926617063,0.6623919733829372,3.33083e-4,0.414934,TRUE,FALSE,FALSE
LD,2024-02-29T12:00:00Z,1.3148251,-0.6613634567500597,0.6534616432499403,0.0473807,0.283469,TRUE,FALSE,FALSE
LD,2024-02-29T12:30:00Z,1.3251880005294119,-0.683062550549739,0.6421254499796729,4.45197,0.188052,TRUE,FALSE,FALSE
LD,2024-02-29T13:00:00Z,1.78547802,-1.1371522850984,0.6483257349016,NA,NA,TRUE,FALSE,FALSE
LD,2024-02-29T22:00:00Z,1.948569,-0.8751288222793727,1.0734401777206273,283.044,0.462282,TRUE,FALSE,FALSE
LD,2024-03-01T04:00:00Z,2.891288,-1.8826582300764325,1.0086297699235673,0,0.310124,TRUE,FALSE,FALSE
LD,2024-03-01T04:30:00Z,1.738906,-0.7001036197653692,1.038802380234631,0,0.441652,TRUE,FALSE,FALSE
LD,2024-03-01T05:00:00Z,1.9385899999999998,-0.8576921473030776,1.0808978526969222,0,0.509004,TRUE,FALSE,FALSE
LD,2024-03-01T05:30:00Z,1.8433599999999999,-0.7414874162613811,1.1018725837386187,0,0.457214,TRUE,FALSE,FALSE
LD,2024-03-01T07:00:00Z,2.0051538,-0.8940341354442962,1.1111196645557038,0,0.361273,TRUE,FALSE,FALSE
LD,2024-03-01T07:30:00Z,1.7487689999999998,-0.6670670704994999,1.0817019295005,0,0.269141,TRUE,FALSE,FALSE
LD,2024-03-01T11:00:00Z,2.62147,-1.6011233200543902,1.0203466799456098,1.13411e-4,0.297082,TRUE,FALSE,FALSE
LD,2024-03-01T11:30:00Z,2.0176347,-0.9904073305951449,1.027227369404855,2.55915e-4,0.344693,TRUE,FALSE,FALSE
LD,2024-03-01T12:00:00Z,1.848557,-0.8207762272083972,1.0277807727916028,0.0718355,0.329662,TRUE,FALSE,FALSE
LD,2024-03-01T13:00:00Z,1.5526425000000001,-0.5349125140673046,1.0177299859326956,NA,NA,TRUE,FALSE,FALSE
LD,2024-03-02T01:30:00Z,2.887648,-1.4212621591975074,1.4663858408024926,0,0.394066,TRUE,FALSE,FALSE
LD,2024-03-03T00:00:00Z,2.618337377777778,-0.8287893427270008,1.789548035050777,2.60253,0.0315527,TRUE,FALSE,FALSE
LD,2024-03-03T12:30:00Z,0.21301399999999998,1.4278985075630597,1.6409125075630597,2.4344,0.469325,FALSE,TRUE,FALSE
LD,2024-03-04T11:30:00Z,3.298072,-1.1485008621553283,2.1495711378446716,8.87589e-6,0.252865,TRUE,FALSE,FALSE
LD,2024-03-04T12:00:00Z,3.269066,-1.1386887309132394,2.1303772690867606,0.140909,0.237093,TRUE,FALSE,FALSE
LD,2024-03-04T12:30:00Z,2.917093,-0.8024072124735819,2.114685787526418,6.38953,0.282889,TRUE,FALSE,FALSE
LD,2024-03-04T23:30:00Z,3.2929815000000002,-0.5658715757263302,2.72710992427367,12.0751,0.355933,TRUE,FALSE,FALSE
LD,2024-03-05T00:00:00Z,1.5338985,1.1710440416432715,2.7049425416432715,1.60936,0.351033,FALSE,TRUE,FALSE
LD,2024-03-05T02:30:00Z,0.844656,1.8470359454291199,2.69169194542912,0,0.345406,FALSE,TRUE,FALSE
LD,2024-03-05T03:00:00Z,0.19346200000000002,2.4530954963872666,2.646557496387267,0,0.263996,FALSE,TRUE,FALSE
LD,2024-03-05T05:30:00Z,18.15918,-15.622103049853948,2.537076950146052,0,0.292404,TRUE,FALSE,FALSE
LD,2024-03-05T06:30:00Z,-3.233046,5.616430576030926,2.3833845760309265,0,0.237799,FALSE,TRUE,FALSE
LD,2024-03-05T07:00:00Z,1.4066899999999998,1.044851827243809,2.4515418272438088,0,0.415563,FALSE,TRUE,FALSE
LD,2024-03-05T07:30:00Z,8.301527,-5.883005654541819,2.418521345458181,0,0.286255,TRUE,FALSE,FALSE
LD,2024-03-05T08:30:00Z,2.6156893906666667,-0.521738268248332,2.0939511224183347,0,0.126574,TRUE,FALSE,FALSE
LD,2024-03-05T11:00:00Z,2.628659477736842,-0.5290204218316141,2.099639055905228,0,0.254209,TRUE,FALSE,FALSE
LD,2024-03-06T00:00:00Z,2.6840503882631577,-0.5772021729794563,2.1068482152837014,2.2452,0.245121,TRUE,FALSE,FALSE
LD,2024-03-06T00:30:00Z,2.6840503882631577,-0.5780726087764032,2.1059777794867545,0.00694445,0.36251,TRUE,FALSE,FALSE
LD,2024-03-06T01:00:00Z,2.6840503882631577,-0.5878188119840453,2.0962315762791124,0,0.285694,TRUE,FALSE,FALSE
LD,2024-03-06T13:30:00Z,2.9002071630434783,-1.144013891460718,1.7561932715827602,49.3212,0.330312,TRUE,FALSE,FALSE
LD,2024-03-07T13:00:00Z,3.0638368194444445,-1.3389888573959734,1.7248479620484711,32.3208,0.324658,TRUE,FALSE,FALSE
LD,2024-03-07T13:30:00Z,3.0684579305555557,-1.305019854270154,1.7634380762854016,38.96,0.327324,TRUE,FALSE,FALSE
LD,2024-03-07T14:00:00Z,4.771107518181818,-2.977279607583177,1.7938279105986412,95.6211,0.332881,TRUE,FALSE,FALSE
LD,2024-03-07T14:30:00Z,2.78208,-0.9651830178753249,1.8168969821246752,127.246,0.351919,TRUE,FALSE,FALSE
LD,2024-03-09T12:00:00Z,-2.00252,3.818780775152802,1.8162607751528015,0.216675,0.450942,FALSE,TRUE,FALSE
LD,2024-03-09T13:00:00Z,7.597803000000001,-5.782798076081828,1.815004923918173,19.5591,0.501233,TRUE,FALSE,FALSE
LD,2024-03-09T13:30:00Z,4.09929,-2.2784830674924725,1.8208069325075271,37.9702,0.551005,TRUE,FALSE,FALSE
LD,2024-03-09T14:00:00Z,6.6609300000000005,-4.830074858395912,1.8308551416040886,86.2118,0.531368,TRUE,FALSE,FALSE
LD,2024-03-09T14:30:00Z,4.6069379999999995,-2.7642248862136594,1.8427131137863402,84.3336,0.51241,TRUE,FALSE,FALSE
LD,2024-03-09T15:00:00Z,32.28353,-30.45401109946543,1.8295189005345684,61.9739,0.588097,TRUE,FALSE,FALSE
LD,2024-03-09T15:30:00Z,11.536950000000001,-9.713045565898492,1.8239044341015087,108.436,0.578358,TRUE,FALSE,FALSE
LD,2024-03-09T16:30:00Z,10.08878,-8.194527664486923,1.8942523355130774,193.969,0.538333,TRUE,FALSE,FALSE
LD,2024-03-09T17:00:00Z,16.69339,-14.772102586862667,1.9212874131373334,278.039,0.5417,TRUE,FALSE,FALSE
LD,2024-03-10T00:30:00Z,2.6243380000000003,-0.81175150103783,1.8125864989621703,0.029669,0.518551,TRUE,FALSE,FALSE
LD,2024-03-10T01:00:00Z,0.774049,1.0005641757591115,1.7746131757591115,0,0.541222,FALSE,TRUE,FALSE
LD,2024-03-10T08:00:00Z,2.3330184,-0.7140949675018486,1.6189234324981512,0,0.635104,TRUE,FALSE,FALSE
LD,2024-03-10T15:30:00Z,2.691276709090909,-0.6283399754710879,2.062936733619821,NA,NA,TRUE,FALSE,FALSE
LD,2024-03-10T16:00:00Z,3.7802306,-1.6277300494450708,2.152500550554929,NA,NA,TRUE,FALSE,FALSE
LD,2024-03-10T23:30:00Z,2.7817186894736845,-0.7046130695073085,2.077105619966376,58.16,0.639665,TRUE,FALSE,FALSE
LD,2024-03-11T19:00:00Z,12.019278,-9.060263092900282,2.9590149070997187,686.498,0.752068,TRUE,FALSE,FALSE
LD,2024-03-11T21:00:00Z,3.9302967,-0.8597991412254942,3.070497558774506,485.677,0.86077,TRUE,FALSE,FALSE
LD,2024-03-11T21:30:00Z,3.9824646999999995,-0.8798838432543281,3.1025808567456714,406.556,0.756458,TRUE,FALSE,FALSE
LD,2024-03-11T23:00:00Z,4.190374,-1.0764721663763415,3.113901833623659,136.538,0.731696,TRUE,FALSE,FALSE
LD,2024-03-12T00:00:00Z,4.517745,-1.506196071176726,3.0115489288232737,4.71126,0.519902,TRUE,FALSE,FALSE
LD,2024-03-12T00:30:00Z,4.093832,-1.153399508989955,2.940432491010045,0.0773283,0.407139,TRUE,FALSE,FALSE
LD,2024-03-12T01:00:00Z,1.562002,1.3076621091437681,2.869664109143768,0,0.368573,FALSE,TRUE,FALSE
LD,2024-03-12T01:30:00Z,0.711673,2.091119171855718,2.802792171855718,0,0.358442,FALSE,TRUE,FALSE
LD,2024-03-12T21:00:00Z,10.517798999999998,-7.121844352819773,3.395954647180225,475.589,0.802895,TRUE,FALSE,FALSE
LD,2024-03-12T22:00:00Z,6.183796200000001,-2.7879790995929055,3.395817100407095,264.798,0.672489,TRUE,FALSE,FALSE
LD,2024-03-13T00:00:00Z,5.023041,-1.7254050776194827,3.2976359223805174,4.00264,0.49008,TRUE,FALSE,FALSE
LD,2024-03-13T00:30:00Z,4.6856808,-1.4072194670594498,3.2784613329405503,0.0827329,0.462566,TRUE,FALSE,FALSE
LD,2024-03-13T01:00:00Z,4.633615,-1.3669248487158971,3.2666901512841027,0,0.43996,TRUE,FALSE,FALSE
LD,2024-03-13T05:00:00Z,1.696329,1.0924902316465999,2.7888192316466,0,0.265732,FALSE,TRUE,FALSE
LD,2024-03-13T05:30:00Z,3.4949350000000003,-0.7536211244272706,2.7413138755727298,0,0.331033,TRUE,FALSE,FALSE
LD,2024-03-13T13:30:00Z,18.382929999999998,-15.97730345179393,2.405626548206068,208.2,0.0619024,TRUE,FALSE,FALSE
LD,2024-03-13T21:00:00Z,6.602360849999999,-3.067688677449301,3.534672172550698,429.58,0.113138,TRUE,FALSE,FALSE
LD,2024-03-14T00:30:00Z,3.7677801366666666,-0.5446463150386762,3.2231338216279903,0.0301437,0.0982595,TRUE,FALSE,FALSE
LD,2024-03-14T01:00:00Z,3.8749179742857143,-0.6644909572127458,3.2104270170729685,0,0.0640841,TRUE,FALSE,FALSE
LD,2024-03-14T01:30:00Z,3.780646602,-0.6400399471760423,3.1406066548239577,0,0.274729,TRUE,FALSE,FALSE
LD,2024-03-14T02:00:00Z,3.7873662775,-0.6186250037207817,3.168741273779218,0,0.147241,TRUE,FALSE,FALSE
LD,2024-03-14T02:30:00Z,3.7873662775,-0.6359414057344042,3.1514248717655957,0,0.337393,TRUE,FALSE,FALSE
LD,2024-03-14T03:00:00Z,3.7873662775,-0.6234514249868468,3.163914852513153,0,0.0711666,TRUE,FALSE,FALSE
LD,2024-03-14T03:30:00Z,3.780646602,-0.6637963914346208,3.1168502105653793,0,0.23791,TRUE,FALSE,FALSE
LD,2024-03-14T04:00:00Z,3.780646602,-0.6921977529630134,3.0884488490369866,0,0.418921,TRUE,FALSE,FALSE
LD,2024-03-14T15:30:00Z,5.8949,-3.2581689533030596,2.6367310466969403,27.3813,0.35085,TRUE,FALSE,FALSE
LD,2024-03-14T16:30:00Z,18.591359999999998,-16.147315937721167,2.444044062278831,73.5969,0.312026,TRUE,FALSE,FALSE
LD,2024-03-14T20:30:00Z,3.1852927962962965,-0.8643176025454684,2.320975193750828,40.7622,0.660411,TRUE,FALSE,FALSE
LD,2024-03-15T13:30:00Z,2.5592656607142854,-0.7295291904944536,1.8297364702198318,71.1338,0.329003,TRUE,FALSE,FALSE
LD,2024-03-16T05:00:00Z,3.4861370000000003,-1.6186974963274672,1.867439503672533,0,0.262537,TRUE,FALSE,FALSE
LD,2024-03-16T06:00:00Z,2.400361,-0.555584421544953,1.8447765784550472,0,0.232548,TRUE,FALSE,FALSE
LD,2024-03-16T06:30:00Z,2.4325040000000002,-0.6060766387934582,1.826427361206542,0,0.25537,TRUE,FALSE,FALSE
LD,2024-03-16T07:00:00Z,2.5443951,-0.67064473832694,1.87375036167306,0,0.331441,TRUE,FALSE,FALSE
LD,2024-03-16T08:00:00Z,3.058837,-1.0843551025374014,1.9744818974625986,0,0.362716,TRUE,FALSE,FALSE
LD,2024-03-16T08:30:00Z,2.597198,-0.5721899636697709,2.025008036330229,0,0.430686,TRUE,FALSE,FALSE
LD,2024-03-16T19:00:00Z,14.288148,-11.727416036853112,2.5607319631468872,459.602,0.786241,TRUE,FALSE,FALSE
LD,2024-03-16T21:30:00Z,3.0816955,-0.547682399767718,2.534013100232282,72.5009,0.642417,TRUE,FALSE,FALSE
LD,2024-03-16T22:30:00Z,23.618775000000003,-21.183424833632458,2.435350166367544,68.8175,0.580908,TRUE,FALSE,FALSE
LD,2024-03-16T23:00:00Z,3.0788199999999994,-0.6427287824439043,2.436091217556095,51.6439,0.588953,TRUE,FALSE,FALSE
LD,2024-03-17T01:00:00Z,3.4467656,-1.129500069649945,2.317265530350055,4.87668e-4,0.570742,TRUE,FALSE,FALSE
LD,2024-03-17T01:30:00Z,3.8884274000000003,-1.644595945540658,2.2438314544593423,0,0.600709,TRUE,FALSE,FALSE
LD,2024-03-17T02:30:00Z,-8.12752,10.207595897251986,2.0800758972519855,0,0.561568,FALSE,TRUE,TRUE
LD,2024-03-17T03:00:00Z,4.7857400000000005,-2.745664175485983,2.0400758245140174,4.36384e-5,0.358422,TRUE,FALSE,FALSE
LD,2024-03-17T03:30:00Z,-0.72184,2.731456272781939,2.009616272781939,9.86183e-6,0.264843,FALSE,TRUE,FALSE
LD,2024-03-17T04:30:00Z,4.202189,-2.198452827274481,2.0037361727255187,0,0.404195,TRUE,FALSE,FALSE
LD,2024-03-17T05:00:00Z,2.6150320000000002,-0.612622081814878,2.0024099181851223,0,0.39067,TRUE,FALSE,FALSE
LD,2024-03-17T07:00:00Z,2.9300405,-1.0035428575404437,1.9264976424595563,0,0.361074,TRUE,FALSE,FALSE
LD,2024-03-17T09:30:00Z,2.6948791,-0.8368927045820469,1.8579863954179532,0,0.466894,TRUE,FALSE,FALSE
LD,2024-03-17T10:00:00Z,2.6578656,-0.7952326988262042,1.8626329011737959,0,0.577093,TRUE,FALSE,FALSE
LD,2024-03-17T10:30:00Z,2.5394003,-0.7033405740910614,1.8360597259089386,0,0.565007,TRUE,FALSE,FALSE
LD,2024-03-17T12:30:00Z,2.3151948,-0.5491434441575056,1.7660513558424944,11.115,0.377968,TRUE,FALSE,FALSE
LD,2024-03-18T01:30:00Z,2.0592243,-0.5063575373116762,1.5528667626883237,2.77611e-4,0.454137,TRUE,FALSE,FALSE
LD,2024-03-18T12:30:00Z,2.2537891,-0.8135587523054733,1.4402303476945268,18.6428,0.405509,TRUE,FALSE,FALSE
LD,2024-03-18T13:00:00Z,4.874681,-3.4265309950140317,1.4481500049859681,43.22,0.357285,TRUE,FALSE,FALSE
LD,2024-03-18T14:30:00Z,3.0800864,-1.5224043959798126,1.5576820040201873,173.408,0.462097,TRUE,FALSE,FALSE
LD,2024-03-18T16:30:00Z,2.3567859882352944,-0.7861084842559556,1.5706775039793388,193.458,0.571439,TRUE,FALSE,FALSE
LD,2024-03-18T17:00:00Z,4.756150757142856,-3.161891058734951,1.594259698407905,314.294,0.703659,TRUE,FALSE,FALSE
LD,2024-03-18T18:00:00Z,2.9479826785714285,-1.353729156001638,1.5942535225697905,242.464,0.454697,TRUE,FALSE,FALSE
LD,2024-03-18T19:00:00Z,6.226183049999999,-4.647220941333546,1.5789621086664525,308.076,0.682035,TRUE,FALSE,FALSE
LD,2024-03-19T01:00:00Z,2.2754733,-0.7658802071991748,1.509593092800825,8.47378e-4,0.36503,TRUE,FALSE,FALSE
LD,2024-03-19T08:30:00Z,2.1692857,-0.5739029150336779,1.5953827849663222,0,0.477549,TRUE,FALSE,FALSE
LD,2024-03-20T00:30:00Z,2.6131334,-0.8054788931468653,1.807654506853135,0.652766,0.525548,TRUE,FALSE,FALSE
LD,2024-03-20T17:00:00Z,11.920238999999999,-10.710782828654827,1.209456171345172,345.146,0.671594,TRUE,FALSE,FALSE
LD,2024-03-20T19:00:00Z,11.920238999999999,-10.71080793279417,1.2094310672058293,316.216,0.58476,TRUE,FALSE,FALSE
LD,2024-03-20T19:30:00Z,21.1158285,-19.889012130389535,1.2268163696104657,402.549,0.681365,TRUE,FALSE,FALSE
LD,2024-03-20T20:00:00Z,21.1158285,-19.890570495759423,1.2252580042405754,391.831,0.568984,TRUE,FALSE,FALSE
LD,2024-03-20T20:30:00Z,19.91238,-18.70913119276199,1.2032488072380088,332.678,0.584995,TRUE,FALSE,FALSE
LD,2024-03-20T21:30:00Z,5.16763709,-3.9500236498738412,1.2176134401261591,210.38,0.637366,TRUE,FALSE,FALSE
LD,2024-03-21T00:00:00Z,1.7293397287999999,-0.5494670509129198,1.17987267788708,20.1759,0.501685,TRUE,FALSE,FALSE
LD,2024-03-21T00:30:00Z,1.7987338999999998,-0.6550319837374139,1.1437019162625859,0.976551,0.315217,TRUE,FALSE,FALSE
LD,2024-03-21T01:00:00Z,1.8682172388888887,-0.7442198518887897,1.123997387000099,0.00356727,0.362383,TRUE,FALSE,FALSE
LD,2024-03-21T01:30:00Z,1.874274994117647,-0.7690814433177073,1.1051935507999398,9.06795e-4,0.321389,TRUE,FALSE,FALSE
LD,2024-03-21T02:00:00Z,1.8939097062499999,-0.8096076018155693,1.0843021044344305,9.47229e-4,0.220341,TRUE,FALSE,FALSE
LD,2024-03-21T02:30:00Z,1.966036218181818,-0.9133392634698017,1.0526969547120164,0.00105127,0.113835,TRUE,FALSE,FALSE
LD,2024-03-21T03:00:00Z,2.0602544899999997,-1.0137882354264574,1.0464662545735424,0.00104733,0.126416,TRUE,FALSE,FALSE
LD,2024-03-21T04:00:00Z,1.6284246899425288,-0.6473015520519131,0.9811231378906157,8.92742e-4,0.0501692,TRUE,FALSE,FALSE
LD,2024-03-21T04:30:00Z,1.6290244974285715,-0.702587343082208,0.9264371543463634,9.51913e-4,0.0425881,TRUE,FALSE,FALSE
LD,2024-03-21T05:00:00Z,1.6269736764204545,-0.7176375642499454,0.9093361121705091,8.79182e-4,0.0487092,TRUE,FALSE,FALSE
LD,2024-03-21T05:30:00Z,1.6247728014124294,-0.7166055410698076,0.9081672603426219,8.69074e-4,0.161988,TRUE,FALSE,FALSE
LD,2024-03-21T06:00:00Z,1.6214090025280898,-0.7105304462834847,0.9108785562446051,8.36283e-4,0.0834327,TRUE,FALSE,FALSE
LD,2024-03-21T06:30:00Z,1.6214090025280898,-0.6800305378839135,0.9413784646441763,6.41758e-4,0.0798663,TRUE,FALSE,FALSE
LD,2024-03-21T07:00:00Z,1.6214090025280898,-0.6652880275233916,0.9561209750046983,6.06749e-4,0.0697997,TRUE,FALSE,FALSE
LD,2024-03-21T07:30:00Z,1.6192622924581006,-0.6609044972126157,0.9583577952454849,5.49304e-4,0.108642,TRUE,FALSE,FALSE
LD,2024-03-21T08:00:00Z,1.617521931388889,-0.6485555279843469,0.968966403404542,5.32786e-4,0.143676,TRUE,FALSE,FALSE
LD,2024-03-21T08:30:00Z,1.617521931388889,-0.6730946008789003,0.9444273305099886,5.16513e-4,0.0668293,TRUE,FALSE,FALSE
LD,2024-03-21T09:00:00Z,1.617521931388889,-0.6680207921931346,0.9495011391957543,2.89691e-4,0.104479,TRUE,FALSE,FALSE
LD,2024-03-21T09:30:00Z,1.617521931388889,-0.6514103794639126,0.9661115519249763,5.96641e-5,0.0859857,TRUE,FALSE,FALSE
LD,2024-03-21T10:30:00Z,2.136500122222222,-1.107963765029886,1.028536357192336,3.69816e-6,0.09792,TRUE,FALSE,FALSE
LD,2024-03-21T11:00:00Z,1.617521931388889,-0.6243063992159299,0.993215532172959,4.57589e-4,0.0456345,TRUE,FALSE,FALSE
LD,2024-03-21T11:30:00Z,1.617521931388889,-0.6754941789652144,0.9420277524236745,0.151026,0.056226,TRUE,FALSE,FALSE
LD,2024-03-21T12:00:00Z,1.6014569896825397,-0.6565050318909228,0.9449519577916169,9.11838,0.0603654,TRUE,FALSE,FALSE
LD,2024-03-21T12:30:00Z,2.988831666666666,-2.0453108632459998,0.9435208034206666,NA,NA,TRUE,FALSE,FALSE
LD,2024-03-21T13:00:00Z,2.40981175,-1.2058647683056718,1.203946981694328,NA,NA,TRUE,FALSE,FALSE
LD,2024-03-21T16:00:00Z,10.958032719999999,-9.64847466355632,1.3095580564436797,NA,NA,TRUE,FALSE,FALSE
LD,2024-03-21T16:30:00Z,16.0184611,-14.713623150482928,1.3048379495170728,NA,NA,TRUE,FALSE,FALSE
LD,2024-03-21T21:30:00Z,11.823253,-10.356077460293038,1.4671755397069615,421.503,0.515729,TRUE,FALSE,FALSE
LD,2024-03-22T02:30:00Z,1.7987338999999998,-0.6550950639000206,1.1436388360999792,0.00118025,0.0776352,TRUE,FALSE,FALSE
LD,2024-03-22T03:00:00Z,1.7987338999999998,-0.6394030633189349,1.1593308366810648,0.00100443,0.0854254,TRUE,FALSE,FALSE
LD,2024-03-22T09:00:00Z,1.7987338999999998,-0.6468376870684946,1.1518962129315051,1.02563e-4,0.1267,TRUE,FALSE,FALSE
LD,2024-03-22T09:30:00Z,1.7987338999999998,-0.6460254118530644,1.1527084881469354,6.48415e-5,0.136169,TRUE,FALSE,FALSE
LD,2024-03-22T10:00:00Z,1.7987338999999998,-0.638388957631697,1.1603449423683028,2.7835e-4,0.128196,TRUE,FALSE,FALSE
LD,2024-03-22T10:30:00Z,1.7987338999999998,-0.6344892650820568,1.164244634917943,1.41271e-4,0.104013,TRUE,FALSE,FALSE
LD,2024-03-22T11:00:00Z,1.7245985291666666,-0.5555320561426873,1.1690664730239793,1.71842e-4,0.20128,TRUE,FALSE,FALSE
LD,2024-03-22T11:30:00Z,1.7245985291666666,-0.551167413177758,1.1734311159889086,0.025086,0.138527,TRUE,FALSE,FALSE
LD,2024-03-22T12:00:00Z,1.7149364953333333,-0.5349666422927544,1.1799698530405789,1.18402,0.21324,TRUE,FALSE,FALSE
LD,2024-03-22T12:30:00Z,8.451977999999999,-7.261840451031308,1.1901375489686912,13.4458,0.373976,TRUE,FALSE,FALSE
LD,2024-03-22T16:30:00Z,11.162021,-9.830066084961802,1.3319549150381975,213.707,0.218134,TRUE,FALSE,FALSE
LD,2024-03-22T17:00:00Z,45.4047,-44.062557556665716,1.34214244333428,241.972,0.265314,TRUE,FALSE,FALSE
LD,2024-03-22T17:30:00Z,46.2957,-44.933122553377316,1.3625774466226834,356.209,0.276466,TRUE,FALSE,FALSE
LD,2024-03-22T18:30:00Z,3.9889952285714285,-2.598883844469423,1.3901113841020054,345.836,0.24257,TRUE,FALSE,FALSE
LD,2024-03-22T19:00:00Z,8.325436833333333,-6.942603529623732,1.3828333037096017,387.108,0.181592,TRUE,FALSE,FALSE
LD,2024-03-22T19:30:00Z,2.858671099999999,-1.500525865423197,1.3581452345768021,315.413,0.149956,TRUE,FALSE,FALSE
LD,2024-03-22T20:00:00Z,2.1926542875,-0.8437134722830999,1.3489408152169,244.417,0.164509,TRUE,FALSE,FALSE
LD,2024-03-22T20:30:00Z,3.322633825,-1.9695151723407587,1.3531186526592414,329.045,0.144346,TRUE,FALSE,FALSE
LD,2024-03-23T11:30:00Z,1.7245985291666666,-0.5492683196195784,1.1753302095470881,0.207121,0.201913,TRUE,FALSE,FALSE
LD,2024-03-23T12:00:00Z,1.7513159416666666,-0.5968018992417934,1.1545140424248732,12.2845,0.148514,TRUE,FALSE,FALSE
LD,2024-03-23T12:30:00Z,1.7499524552380952,-0.5886469906848941,1.161305464553201,49.9797,0.200064,TRUE,FALSE,FALSE
LD,2024-03-23T22:00:00Z,6.374726399999999,-4.855777295398502,1.5189491046014978,395.448,0.328483,TRUE,FALSE,FALSE
LD,2024-03-24T01:00:00Z,2.3610545999999997,-1.01527959930186,1.3457750006981397,0.00531799,0.31582,TRUE,FALSE,FALSE
LD,2024-03-24T01:30:00Z,2.0153697,-0.7055410882317312,1.3098286117682687,9.76567e-4,0.289328,TRUE,FALSE,FALSE
LD,2024-03-24T03:30:00Z,1.7245985291666666,-0.5481112597682547,1.1764872693984119,0.00158997,0.0844231,TRUE,FALSE,FALSE
LD,2024-03-24T04:00:00Z,1.7987338999999998,-0.631307578231803,1.1674263217681968,0.00178302,0.0770487,TRUE,FALSE,FALSE
LD,2024-03-24T04:30:00Z,1.7245985291666666,-0.5516165470948493,1.1729819820718173,0.0017628,0.122869,TRUE,FALSE,FALSE
LD,2024-03-24T05:00:00Z,1.7987338999999998,-0.6463780259659389,1.152355874034061,0.00184293,0.11443,TRUE,FALSE,FALSE
LD,2024-03-24T05:30:00Z,1.874274994117647,-0.7496248073741796,1.1246501867434675,0.00177414,0.0722575,TRUE,FALSE,FALSE
LD,2024-03-24T06:00:00Z,1.874274994117647,-0.7507123237703395,1.1235626703473076,0.00151798,0.0799108,TRUE,FALSE,FALSE
LD,2024-03-24T06:30:00Z,1.878270242105263,-0.7466312482737381,1.131638993831525,0.00160008,0.0859018,TRUE,FALSE,FALSE
LD,2024-03-24T07:00:00Z,1.878270242105263,-0.7466718655037579,1.1315983766015052,0.00146596,0.065264,TRUE,FALSE,FALSE
LD,2024-03-24T07:30:00Z,1.878270242105263,-0.7441575367371325,1.1341127053681306,0.00124456,0.0718591,TRUE,FALSE,FALSE
LD,2024-03-24T08:00:00Z,1.7987338999999998,-0.6494441140873324,1.1492897859126674,0.00112573,0.0502179,TRUE,FALSE,FALSE
LD,2024-03-24T08:30:00Z,1.7987338999999998,-0.6453466131312644,1.1533872868687354,9.77092e-4,0.0784983,TRUE,FALSE,FALSE
LD,2024-03-24T09:00:00Z,1.7987338999999998,-0.6432842632130233,1.1554496367869764,7.79577e-4,0.0894623,TRUE,FALSE,FALSE
LD,2024-03-24T09:30:00Z,1.7987338999999998,-0.6513380297417275,1.1473958702582723,9.86676e-4,0.166606,TRUE,FALSE,FALSE
LD,2024-03-24T10:00:00Z,1.7987338999999998,-0.65085324010081,1.1478806598991897,2.77117e-4,0.207797,TRUE,FALSE,FALSE
LD,2024-03-24T10:30:00Z,1.7987338999999998,-0.6355804030777128,1.163153496922287,1.49653e-4,0.216146,TRUE,FALSE,FALSE
LD,2024-03-24T11:00:00Z,1.7987338999999998,-0.631672259871686,1.1670616401283138,4.51672e-4,0.1727,TRUE,FALSE,FALSE
LD,2024-03-24T11:30:00Z,1.7245985291666666,-0.551584818161819,1.1730137110048475,0.216472,0.124897,TRUE,FALSE,FALSE
LD,2024-03-26T03:00:00Z,1.402977,1.0714299473297224,2.4744069473297223,0,0.320367,FALSE,TRUE,FALSE
LD,2024-03-26T06:30:00Z,13.392389999999999,-11.04303788935407,2.3493521106459294,0,0.590668,TRUE,FALSE,FALSE
LD,2024-03-26T07:00:00Z,-2.48943,4.752255689413396,2.2628256894133956,0,0.68091,FALSE,TRUE,FALSE
LD,2024-03-26T07:30:00Z,-0.31797200000000003,2.485614709865246,2.167642709865246,0,0.349909,FALSE,TRUE,FALSE
LD,2024-03-26T08:00:00Z,-0.7236379999999998,2.8350878034874722,2.1114498034874725,0,0.485193,FALSE,TRUE,FALSE
LD,2024-03-26T08:30:00Z,-0.47138199999999947,2.5334650535183445,2.062083053518345,0,0.672102,FALSE,TRUE,FALSE
LD,2024-03-26T09:00:00Z,-0.47138199999999947,2.4793188119951117,2.0079368119951124,0,0.603487,FALSE,TRUE,FALSE
LD,2024-03-26T09:30:00Z,3.6678779999999995,-1.6475421028198816,2.020335897180118,0,0.712142,TRUE,FALSE,FALSE
LD,2024-03-26T10:00:00Z,0.3195000000000001,1.6919502877042505,2.0114502877042506,0,0.725698,FALSE,TRUE,FALSE
LD,2024-03-26T10:30:00Z,8.41581,-6.402233750575763,2.0135762494242373,0,0.720685,TRUE,FALSE,FALSE
LD,2024-03-26T11:00:00Z,6.164388000000001,-4.1352822713760045,2.0291057286239966,0,0.668148,TRUE,FALSE,FALSE
LD,2024-03-26T11:30:00Z,3.797962,-1.7520665124057717,2.0458954875942283,0.0220471,0.743887,TRUE,FALSE,FALSE
LD,2024-03-26T12:00:00Z,-0.47138199999999947,2.5362120618432447,2.0648300618432454,0.659168,0.818412,FALSE,TRUE,FALSE
LD,2024-03-26T12:30:00Z,-0.47138199999999947,2.553243272035246,2.0818612720352467,2.38314,0.862835,FALSE,TRUE,FALSE
LD,2024-03-26T13:00:00Z,-0.47138199999999947,2.5567650397354056,2.0853830397354063,7.26895,0.81253,FALSE,TRUE,FALSE
LD,2024-03-26T14:30:00Z,5.106999999999999,-2.9375052257504017,2.1694947742495976,79.957,0.725561,TRUE,FALSE,FALSE
LD,2024-03-26T15:00:00Z,6.7481089999999995,-4.539770346461339,2.208338653538661,52.5667,0.749526,TRUE,FALSE,FALSE
LD,2024-03-27T02:00:00Z,0.5661307556000001,1.3342088563870997,1.9003396119870999,0,0.791552,FALSE,TRUE,FALSE
LD,2024-03-27T02:30:00Z,-9.842839999999999,11.695178864118024,1.8523388641180247,0,0.760674,FALSE,TRUE,TRUE
LD,2024-03-27T03:30:00Z,-2.096098,3.904603498968724,1.8085054989687237,0,0.77169,FALSE,TRUE,FALSE
LD,2024-03-27T04:00:00Z,-2.7872,4.553193208881772,1.7659932088817718,0,0.758621,FALSE,TRUE,FALSE
LD,2024-03-27T04:30:00Z,6.2398299999999995,-4.523132290094692,1.7166977099053073,8.38256e-6,0.823811,TRUE,FALSE,FALSE
LD,2024-03-27T05:00:00Z,6.10352,-4.415513025167664,1.6880069748323354,0,0.686737,TRUE,FALSE,FALSE
LD,2024-03-27T05:30:00Z,0.2995620000000001,1.3830734185351627,1.6826354185351629,0,0.610072,FALSE,TRUE,FALSE
LD,2024-03-27T06:00:00Z,13.6515605,-11.96980023026718,1.6817602697328191,0,0.818699,TRUE,FALSE,FALSE
LD,2024-03-30T00:30:00Z,-0.38944529937499994,1.696266737281135,1.3068214379061351,1.95392,0.133747,FALSE,TRUE,FALSE
LD,2024-03-30T02:00:00Z,0.14482500183673477,1.0700032349570294,1.2148282367937642,0,0.0952729,FALSE,TRUE,FALSE
LD,2024-03-30T20:30:00Z,1.7985836489473683,-0.7897785157392563,1.008805133208112,85.7695,0.174254,TRUE,FALSE,FALSE
LD,2024-03-30T21:00:00Z,2.7273778768750003,-1.7230844228130704,1.00429345406193,72.3157,0.0590377,TRUE,FALSE,FALSE
LD,2024-03-30T22:00:00Z,2.0815188652941177,-1.1023539473036847,0.9791649179904329,40.162,0.239846,TRUE,FALSE,FALSE
LD,2024-03-30T22:30:00Z,2.086134171142857,-1.115790245290567,0.97034392585229,35.0986,0.270953,TRUE,FALSE,FALSE
LD,2024-03-30T23:00:00Z,1.8145628055882352,-0.8524149672834416,0.9621478383047937,25.898,0.124904,TRUE,FALSE,FALSE
LD,2024-03-31T22:30:00Z,1.880575003,-1.1911561210529338,0.6894188819470661,87.8635,0.146385,TRUE,FALSE,FALSE
LD,2024-03-31T23:00:00Z,3.6302035099999994,-2.9491787072225666,0.6810248027774327,51.7599,0.154156,TRUE,FALSE,FALSE
LD,2024-03-31T23:30:00Z,1.5597744930769233,-0.888279610571859,0.6714948825050643,21.8156,0.156874,TRUE,FALSE,FALSE
LD,2024-04-01T23:30:00Z,2.2064487674358975,-1.8453703720544055,0.3610783953814921,9.15637,0.403569,TRUE,FALSE,FALSE
LD,2024-04-02T08:30:00Z,0.7327167152542373,-0.5320781694660471,0.20063854578819015,0,0.355058,TRUE,FALSE,FALSE
LD,2024-04-02T12:30:00Z,0.8149632338983049,-0.6606185663551162,0.15434466754318873,9.6009,0.429488,TRUE,FALSE,FALSE
LD,2024-04-02T13:00:00Z,0.7763022633333334,-0.6277330549842899,0.14856920834904355,10.8261,0.434022,TRUE,FALSE,FALSE
LD,2024-04-02T13:30:00Z,1.2573606555555554,-1.1138637262540727,0.14349692930148275,26.6029,0.457336,TRUE,FALSE,FALSE
LD,2024-04-02T17:30:00Z,14.555667999999999,-14.456019443462447,0.0996485565375526,50.2214,0.455009,TRUE,FALSE,FALSE
LD,2024-04-02T21:30:00Z,2.738161095652174,-2.6895050750761915,0.04865602057598246,28.4762,0.548217,TRUE,FALSE,FALSE
LD,2024-04-02T22:00:00Z,6.27621,-6.233646294009145,0.04256370599085482,23.5693,0.478041,TRUE,FALSE,FALSE
LD,2024-04-02T22:30:00Z,0.7387864875000003,-0.7024572353374962,0.03632925216250411,13.0244,0.394949,TRUE,FALSE,FALSE
LD,2024-04-02T23:00:00Z,4.55694289375,-4.527057188951466,0.029885704798533162,53.1806,0.492652,TRUE,FALSE,FALSE
LD,2024-04-02T23:30:00Z,23.2038,-23.180344758046722,0.023455241953278617,9.61695,0.452001,TRUE,FALSE,FALSE
LD,2024-04-03T00:30:00Z,-1.504695,1.5267369202637469,0.022041920263747,0.407997,0.342665,FALSE,TRUE,FALSE
LD,2024-04-03T01:00:00Z,-19.43556,19.46276463083321,0.02720463083320978,0.00240752,0.380971,FALSE,TRUE,FALSE
LD,2024-04-03T02:30:00Z,-3.75768,3.7987607326589075,0.04108073265890737,0,0.633371,FALSE,TRUE,FALSE
LD,2024-04-03T03:00:00Z,-13.225249999999999,13.270032622334181,0.04478262233418269,0,0.620409,FALSE,TRUE,FALSE
LD,2024-04-03T03:30:00Z,0.9300339631578948,-0.881097116723346,0.04893684643454874,0,0.73437,TRUE,FALSE,FALSE
LD,2024-04-03T04:00:00Z,5.5812539999999995,-5.528749716396311,0.05250428360368915,0,0.667544,TRUE,FALSE,FALSE
LD,2024-04-03T05:00:00Z,3.401306,-3.340983490474512,0.06032250952548778,0,0.55405,TRUE,FALSE,FALSE
LD,2024-04-03T05:30:00Z,0.9954370000000001,-0.931235345326201,0.06420165467379911,0,0.667167,TRUE,FALSE,FALSE
LD,2024-04-03T06:30:00Z,-10.81804,10.889629976377412,0.07158997637741142,0,0.50529,FALSE,TRUE,FALSE
LD,2024-04-03T07:00:00Z,-25.347649999999998,25.423278365966404,0.07562836596640458,0,0.515894,FALSE,TRUE,FALSE
LD,2024-04-03T07:30:00Z,1.764152,-1.6844225458515694,0.07972945414843047,0,0.466326,TRUE,FALSE,FALSE
LD,2024-04-03T08:00:00Z,1.7007700000000001,-1.6169843275084617,0.08378567249153854,0,0.494239,TRUE,FALSE,FALSE
LD,2024-04-03T08:30:00Z,12.810079,-12.722487827700666,0.08759117229933337,0,0.540617,TRUE,FALSE,FALSE
LD,2024-04-03T09:00:00Z,3.89141,-3.8010677839020537,0.09034221609794656,0,0.442018,TRUE,FALSE,FALSE
LD,2024-04-03T09:30:00Z,-3.248323,3.3426346369102213,0.09431163691022122,0,0.611044,FALSE,TRUE,FALSE
LD,2024-04-03T10:00:00Z,10.85278,-10.753379657950019,0.09940034204997997,0,0.602616,TRUE,FALSE,FALSE
LD,2024-04-03T10:30:00Z,-4.709677,4.813242804965928,0.10356580496592822,0,0.546594,FALSE,TRUE,FALSE
LD,2024-04-03T11:30:00Z,-4.024092,4.135671174164557,0.11157917416455712,0.833473,0.518155,FALSE,TRUE,FALSE
LD,2024-04-03T12:00:00Z,-25.205579,25.321153289159042,0.1155742891590405,7.3496,0.54088,FALSE,TRUE,FALSE
LD,2024-04-03T12:30:00Z,0.98133,-0.8613084702192803,0.12002152978071978,24.8325,0.50394,TRUE,FALSE,FALSE
LD,2024-04-03T15:30:00Z,2.3410029999999997,-2.1805044294666405,0.16049857053335934,249.504,0.65071,TRUE,FALSE,FALSE
LD,2024-04-03T16:30:00Z,3.5456590000000006,-3.3700405559907662,0.1756184440092343,282.91,0.589221,TRUE,FALSE,FALSE
LD,2024-04-03T17:30:00Z,5.6884500000000005,-5.50198438081936,0.18646561918063986,196.877,0.522703,TRUE,FALSE,FALSE
LD,2024-04-03T20:30:00Z,11.945821,-11.728118065702011,0.21770293429798854,194.704,0.363551,TRUE,FALSE,FALSE
LD,2024-04-03T22:00:00Z,4.77393,-4.544331326902016,0.22959867309798396,114.273,0.345773,TRUE,FALSE,FALSE
LD,2024-04-03T23:30:00Z,0.9213797187500005,-0.6833403681744779,0.23803935057552258,58.131,0.225426,TRUE,FALSE,FALSE
LD,2024-04-04T00:00:00Z,2.642848489473684,-2.401158705921862,0.24168978355182197,30.633,0.229673,TRUE,FALSE,FALSE
LD,2024-04-04T08:30:00Z,2.6902507,-2.3884399963182847,0.3018107036817151,0,0.26167,TRUE,FALSE,FALSE
LD,2024-04-04T09:00:00Z,2.465349,-2.1598822841884897,0.30546671581151,0,0.275164,TRUE,FALSE,FALSE
LD,2024-04-04T09:30:00Z,2.6224314,-2.3108431936698546,0.31158820633014533,0,0.362378,TRUE,FALSE,FALSE
LD,2024-04-04T10:00:00Z,2.1236751,-1.8062921170168946,0.31738298298310513,0,0.342155,TRUE,FALSE,FALSE
LD,2024-04-04T10:30:00Z,1.7431329,-1.4199439101085165,0.32318898989148337,0,0.364568,TRUE,FALSE,FALSE
LD,2024-04-04T11:00:00Z,5.449999,-5.119765874855269,0.33023312514473074,0.0140053,0.367533,TRUE,FALSE,FALSE
LD,2024-04-04T12:00:00Z,4.875536,-4.533001853365582,0.34253414663441806,10.1246,0.362412,TRUE,FALSE,FALSE
LD,2024-04-04T12:30:00Z,5.073685,-4.724970450090215,0.3487145499097857,52.6832,0.400537,TRUE,FALSE,FALSE
LD,2024-04-04T13:00:00Z,10.26723,-9.914678723173802,0.3525512768261984,56.1251,0.407124,TRUE,FALSE,FALSE
LD,2024-04-04T23:00:00Z,2.4807861888888887,-1.9829209476456788,0.4978652412432099,87.9543,0.410335,TRUE,FALSE,FALSE
LD,2024-04-04T23:30:00Z,2.6671574066666666,-2.1664686592987183,0.5006887473679482,44.4579,0.426196,TRUE,FALSE,FALSE
LD,2024-04-05T01:00:00Z,-0.5290555906250001,1.016850515554653,0.48779492492965304,0.0192039,0.338733,FALSE,TRUE,FALSE
LD,2024-04-05T11:00:00Z,-0.475450434375,1.005212568271097,0.529762133896097,0.0622738,0.130574,FALSE,TRUE,FALSE
LD,2024-04-06T00:30:00Z,2.175838,-1.3922656870191,0.7835723129809002,7.22334,0.387374,TRUE,FALSE,FALSE
LD,2024-04-06T01:00:00Z,2.4781220671875004,-1.7136153332532587,0.7645067339342416,0.106342,0.299682,TRUE,FALSE,FALSE
LD,2024-04-06T01:30:00Z,2.5193531241379312,-1.7698759459002886,0.7494771782376425,1.96743e-4,0.233449,TRUE,FALSE,FALSE
LD,2024-04-06T02:00:00Z,2.4276587029411765,-1.686048952144835,0.7416097507963414,0,0.343454,TRUE,FALSE,FALSE
LD,2024-04-06T03:30:00Z,-0.40794129459459466,1.1245472135181607,0.7166059189235661,0,0.23164,FALSE,TRUE,FALSE
LD,2024-04-06T05:00:00Z,-0.304836786842105,1.0386216876839318,0.7337849008418268,0,0.307977,FALSE,TRUE,FALSE
LD,2024-04-06T05:30:00Z,-0.40794129459459466,1.144273635798182,0.7363323412035873,0,0.302213,FALSE,TRUE,FALSE
LD,2024-04-06T06:30:00Z,-0.475450434375,1.1825732272291396,0.7071227928541397,0,0.199143,FALSE,TRUE,FALSE
LD,2024-04-06T07:00:00Z,-0.475450434375,1.1790662940365322,0.7036158596615322,0,0.185123,FALSE,TRUE,FALSE
LD,2024-04-06T07:30:00Z,-0.475450434375,1.1759212191456803,0.7004707847706803,0,0.140268,FALSE,TRUE,FALSE
LD,2024-04-06T09:30:00Z,-0.37324071071428594,1.056651026610677,0.683410315896391,0,0.0551403,FALSE,TRUE,FALSE
LD,2024-04-06T10:00:00Z,-1.157845027272727,1.8324121466033154,0.6745671193305883,0,0.0643692,FALSE,TRUE,FALSE
LD,2024-04-06T10:30:00Z,-1.7576307944444443,2.4251679866455107,0.6675371922010663,1.2993e-4,0.118523,FALSE,TRUE,FALSE
LD,2024-04-06T11:00:00Z,-1.7576307944444443,2.428308388361643,0.6706775939171989,0.0991282,0.125105,FALSE,TRUE,FALSE
LD,2024-04-06T11:30:00Z,-3.214630769230769,3.884489340847901,0.6698585716171318,7.41018,0.125603,FALSE,TRUE,FALSE
LD,2024-04-07T00:30:00Z,2.142044,-0.8994535403648445,1.2425904596351554,9.61901,0.276834,TRUE,FALSE,FALSE
LD,2024-04-07T01:00:00Z,3.0841267916,-1.8646794715115014,1.2194473200884988,0.263646,0.202585,TRUE,FALSE,FALSE
LD,2024-04-07T01:30:00Z,3.0077186792592587,-1.7985094833180877,1.209209195941171,5.6385e-4,0.177455,TRUE,FALSE,FALSE
LD,2024-04-07T02:00:00Z,2.8531858696666665,-1.6640976185303429,1.1890882511363237,0,0.100231,TRUE,FALSE,FALSE
LD,2024-04-07T02:30:00Z,2.718837675483871,-1.5395225585396335,1.1793151169442373,0,0.0831513,TRUE,FALSE,FALSE
LD,2024-04-07T03:00:00Z,2.9797334012903227,-1.7943881096703107,1.185345291620012,0,0.0784641,TRUE,FALSE,FALSE
LD,2024-04-07T03:30:00Z,2.7061739996296295,-1.54247436550329,1.1636996341263395,0,0.144639,TRUE,FALSE,FALSE
LD,2024-04-07T04:30:00Z,-0.15861355675675673,1.215591158267554,1.0569776015107972,0,0.043876,FALSE,TRUE,FALSE
LD,2024-04-07T05:30:00Z,-0.6307998166666666,1.6682458341534694,1.0374460174868028,0,0.0562994,FALSE,TRUE,FALSE
LD,2024-04-07T06:00:00Z,-0.4509896333333333,1.4513861759298305,1.0003965425964974,0,0.0553883,FALSE,TRUE,FALSE
LD,2024-04-07T06:30:00Z,-0.4509896333333333,1.4465438383962748,0.9955542050629413,0,0.0770453,FALSE,TRUE,FALSE
LD,2024-04-07T07:00:00Z,-0.7132610956521737,1.6933424242105986,0.980081328558425,0,0.0380756,FALSE,TRUE,FALSE
LD,2024-04-07T07:30:00Z,-0.6380427785714288,1.7056625876653606,1.0676198090939317,0,0.031839,FALSE,TRUE,FALSE
LD,2024-04-07T10:30:00Z,2.6960110988636363,-1.4550448899487456,1.2409662089148907,3.55765e-4,0.177851,TRUE,FALSE,FALSE
LD,2024-04-07T11:00:00Z,2.459702523333333,-1.2164616976254783,1.2432408257078549,0.186876,0.126523,TRUE,FALSE,FALSE
LD,2024-04-08T00:00:00Z,-13.911351,15.826401855953064,1.9150508559530646,2.88512,0.509115,FALSE,TRUE,FALSE
LD,2024-04-08T00:30:00Z,-14.211590000000001,15.977318433573727,1.7657284335737258,0.517823,0.577563,FALSE,TRUE,FALSE
LD,2024-04-08T01:00:00Z,-6.07897,7.807215492546754,1.728245492546754,0.0237202,0.409989,FALSE,TRUE,FALSE
LD,2024-04-08T01:30:00Z,3.0117399999999996,-1.2585104344078102,1.7532295655921895,0,0.351275,TRUE,FALSE,FALSE
LD,2024-04-08T02:00:00Z,3.561697,-1.7866927797550292,1.775004220244971,0,0.564166,TRUE,FALSE,FALSE
LD,2024-04-08T02:30:00Z,3.0333428000000002,-1.2472574804220553,1.786085319577945,0,0.488835,TRUE,FALSE,FALSE
LD,2024-04-08T03:00:00Z,2.4472849,-0.6594785698780421,1.787806330121958,0,0.437399,TRUE,FALSE,FALSE
LD,2024-04-08T03:30:00Z,2.5188284,-0.7185713165604874,1.8002570834395124,0,0.501684,TRUE,FALSE,FALSE
LD,2024-04-08T04:00:00Z,2.3417999999999997,-0.528477008862265,1.8133229911377347,0,0.571578,TRUE,FALSE,FALSE
LD,2024-04-08T05:00:00Z,2.346789,-0.5248120893527066,1.8219769106472932,0,0.534642,TRUE,FALSE,FALSE
LD,2024-04-08T05:30:00Z,3.410854,-1.5874952879418747,1.8233587120581254,0,0.4359,TRUE,FALSE,FALSE
LD,2024-04-08T06:30:00Z,2.730706,-0.9158272050732585,1.8148787949267415,0,0.349731,TRUE,FALSE,FALSE
LD,2024-04-08T07:30:00Z,2.4012303999999998,-0.5485950429649131,1.8526353570350866,0,0.34446,TRUE,FALSE,FALSE
LD,2024-04-08T08:30:00Z,3.08364428,-1.1951492860082706,1.8884949939917295,0,0.363897,TRUE,FALSE,FALSE
LD,2024-04-08T09:00:00Z,2.4595553,-0.5828492980973394,1.8767060019026605,0,0.315391,TRUE,FALSE,FALSE
LD,2024-04-08T09:30:00Z,3.0893949999999997,-1.219850531956514,1.8695444680434856,0,0.298989,TRUE,FALSE,FALSE
LD,2024-04-08T10:30:00Z,2.582486,-0.721196852401405,1.8612891475985949,1.50393e-4,0.32842,TRUE,FALSE,FALSE
LD,2024-04-08T11:00:00Z,2.59314,-0.7274698776308921,1.865670122369108,0.134994,0.385238,TRUE,FALSE,FALSE
LD,2024-04-09T01:00:00Z,3.9434729999999996,-1.184818466013425,2.7586545339865745,0.228492,0.0706527,TRUE,FALSE,FALSE
LD,2024-04-09T01:30:00Z,-1.3252267500000001,4.03604803291885,2.71082128291885,1.0922e-4,0.109772,FALSE,TRUE,FALSE
LD,2024-04-09T02:00:00Z,-2.6423643333333335,5.31701050651618,2.674646173182847,0,0.0986662,FALSE,TRUE,FALSE
LD,2024-04-09T02:30:00Z,-2.6423643333333335,5.330733785744247,2.6883694524109134,0,0.0827458,FALSE,TRUE,FALSE
LD,2024-04-09T03:00:00Z,1.5815059999999999,1.052001161020604,2.633507161020604,0,0.0692218,FALSE,TRUE,FALSE
LD,2024-04-09T03:30:00Z,-2.6423643333333335,5.353964550862138,2.7116002175288036,0,0.0711054,FALSE,TRUE,FALSE
LD,2024-04-09T04:00:00Z,1.189891625,1.5021000824466197,2.6919917074466198,0,0.0441618,FALSE,TRUE,FALSE
LD,2024-04-09T05:00:00Z,0.9997798714285714,1.5607780486884053,2.5605579201169766,0,0.177063,FALSE,TRUE,FALSE
LD,2024-04-09T05:30:00Z,3.0077186792592587,-0.6802641353805874,2.3274545438786713,0,0.127308,TRUE,FALSE,FALSE
LD,2024-04-09T06:00:00Z,3.5101146265384617,-1.1352650990971185,2.3748495274413433,0,0.0634958,TRUE,FALSE,FALSE
LD,2024-04-09T06:30:00Z,3.0077186792592587,-0.6664433686046172,2.3412753106546416,0,0.122386,TRUE,FALSE,FALSE
LD,2024-04-09T07:00:00Z,1.5296390530769233,1.0291969059431878,2.558835959020111,0,0.0538933,FALSE,TRUE,FALSE
LD,2024-04-09T07:30:00Z,0.7759378000000002,1.8710787542275638,2.647016554227564,0,0.140776,FALSE,TRUE,FALSE
LD,2024-04-09T08:00:00Z,1.2869973749999999,1.339636378324411,2.626633753324411,0,0.170359,FALSE,TRUE,FALSE
LD,2024-04-09T08:30:00Z,1.5773917761904763,1.0374528452168414,2.6148446214073178,0,0.202855,FALSE,TRUE,FALSE
LD,2024-04-09T09:00:00Z,4.714421,-2.0960056510989316,2.618415348901068,0,0.233296,TRUE,FALSE,FALSE
LD,2024-04-09T09:30:00Z,5.6236440000000005,-2.974565592782271,2.6490784072177296,0,0.281823,TRUE,FALSE,FALSE
LD,2024-04-09T10:00:00Z,3.2991,-0.6362026713948383,2.662897328605162,0,0.287124,TRUE,FALSE,FALSE
LD,2024-04-09T11:00:00Z,0.7759378000000002,1.9489853072817707,2.724923107281771,0.0873262,0.204367,FALSE,TRUE,FALSE
LD,2024-04-09T11:30:00Z,5.260759999999999,-2.3967275829746026,2.864032417025397,3.93615,0.30245,TRUE,FALSE,FALSE
LD,2024-04-10T01:00:00Z,1.6079161410000002,1.3344110027892893,2.9423271437892895,0.398934,0.137764,FALSE,TRUE,FALSE
LD,2024-04-10T02:00:00Z,3.4342424975999997,-0.5762747693628536,2.857967728237146,0,0.0684292,TRUE,FALSE,FALSE
LD,2024-04-10T05:00:00Z,3.582739407954546,-1.0019086501117918,2.580830757842754,0,0.121318,TRUE,FALSE,FALSE
LD,2024-04-10T05:30:00Z,3.2272565098305086,-0.5607443958789347,2.666512113951574,0,0.179843,TRUE,FALSE,FALSE
LD,2024-04-10T06:00:00Z,-18.15819,20.812066035993624,2.6538760359936218,0,0.267351,FALSE,TRUE,FALSE
LD,2024-04-10T07:00:00Z,1.3185472586206899,1.1362205011979958,2.4547677598186857,0,0.0259311,FALSE,TRUE,FALSE
LD,2024-04-10T08:00:00Z,-2.98142,5.656263970483328,2.6748439704833284,0,0.239459,FALSE,TRUE,FALSE
LD,2024-04-10T08:30:00Z,5.84952,-3.155593011383468,2.693926988616532,0,0.299324,TRUE,FALSE,FALSE
LD,2024-04-10T09:00:00Z,3.3009993036,-0.612098272498645,2.688901031101355,0,0.21794,TRUE,FALSE,FALSE
LD,2024-04-10T09:30:00Z,3.3382690000000004,-0.6297437920259132,2.708525207974087,0,0.247328,TRUE,FALSE,FALSE
LD,2024-04-10T10:00:00Z,3.3009993036,-0.5899067295641545,2.7110925740358454,0,0.202299,TRUE,FALSE,FALSE
LD,2024-04-10T10:30:00Z,3.3009993036,-0.581629640178845,2.719369663421155,8.25435e-4,0.213665,TRUE,FALSE,FALSE
LD,2024-04-10T11:00:00Z,3.293842788076923,-0.5535422902348204,2.7403004978421026,0.363835,0.174745,TRUE,FALSE,FALSE
LD,2024-04-10T11:30:00Z,3.51003,-0.7761430294581904,2.7338869705418096,11.2219,0.202637,TRUE,FALSE,FALSE
LD,2024-04-10T12:00:00Z,4.179834,-1.404366984389172,2.7754670156108276,68.4887,0.281435,TRUE,FALSE,FALSE
LD,2024-04-11T02:00:00Z,3.99803032,-0.7259196053522832,3.2721107146477166,NA,NA,TRUE,FALSE,FALSE
LD,2024-04-11T02:30:00Z,3.9099557,-0.6623334957418354,3.2476222042581644,NA,NA,TRUE,FALSE,FALSE
LD,2024-04-11T03:00:00Z,4.427072519999999,-1.2015329141604951,3.2255396058395043,NA,NA,TRUE,FALSE,FALSE
LD,2024-04-11T03:30:00Z,4.63064548,-1.3890643351705054,3.2415811448294947,NA,NA,TRUE,FALSE,FALSE
LD,2024-04-11T04:00:00Z,4.6414279999999994,-0.9394862649373041,3.7019417350626953,NA,NA,TRUE,FALSE,FALSE
LD,2024-04-11T14:00:00Z,6.696400000000001,-2.9830191264073727,3.713380873592628,108.209,0.31315,TRUE,FALSE,FALSE
LD,2024-04-12T08:00:00Z,31.251199000000003,-27.606680657222093,3.6445183427779098,0,0.674018,TRUE,FALSE,FALSE
LD,2024-04-12T08:30:00Z,22.34814,-18.694861461729715,3.653278538270284,0,0.662113,TRUE,FALSE,FALSE
LD,2024-04-12T09:00:00Z,8.295721,-4.6321372658173825,3.6635837341826174,0,0.643248,TRUE,FALSE,FALSE
LD,2024-04-12T09:30:00Z,-1.4961499999999999,5.1714660618987525,3.6753160618987524,0,0.606858,FALSE,TRUE,FALSE
LD,2024-04-12T10:00:00Z,13.481121499999999,-9.783573755037335,3.6975477449626633,0,0.595088,TRUE,FALSE,FALSE
LD,2024-04-12T11:00:00Z,-17.11309,20.805205275089754,3.6921152750897552,0.100832,0.705964,FALSE,TRUE,FALSE
LD,2024-04-12T11:30:00Z,0.305809,3.365945442270256,3.671754442270256,2.55536,0.642736,FALSE,TRUE,FALSE
LD,2024-04-12T12:00:00Z,11.296686,-7.636549690053533,3.6601363099464668,10.5801,0.721019,TRUE,FALSE,FALSE
LD,2024-04-12T14:00:00Z,7.31953,-3.520616594608104,3.7989134053918963,94.5996,0.701282,TRUE,FALSE,FALSE
LD,2024-04-12T14:30:00Z,18.768530000000002,-14.95678643099528,3.811743569004722,90.5373,0.735048,TRUE,FALSE,FALSE
LD,2024-04-12T15:00:00Z,9.40409,-5.584004441069311,3.8200855589306886,110.967,0.752903,TRUE,FALSE,FALSE
LD,2024-04-12T15:30:00Z,11.687719999999999,-7.853318682416225,3.834401317583774,122.247,0.793402,TRUE,FALSE,FALSE
LD,2024-04-13T04:00:00Z,6.2278180999999995,-2.1215372513230335,4.106280848676966,0,0.63525,TRUE,FALSE,FALSE
LD,2024-04-13T04:30:00Z,4.9275916,-0.8058652710101839,4.1217263289898165,0,0.633783,TRUE,FALSE,FALSE
LD,2024-04-13T09:30:00Z,2.498542,1.3181361678842531,3.816678167884253,0,0.317247,FALSE,TRUE,FALSE
LD,2024-04-13T10:00:00Z,2.6988833000000003,1.089410055514176,3.7882933555141762,0,0.339484,FALSE,TRUE,FALSE
LD,2024-04-13T10:30:00Z,2.2120432,1.568092061730085,3.780135261730085,0.0024657,0.301716,FALSE,TRUE,FALSE
LD,2024-04-13T11:00:00Z,2.0078152,1.7483154931848035,3.7561306931848035,0.731999,0.252214,FALSE,TRUE,FALSE
LD,2024-04-16T01:00:00Z,3.754989,2.4924040227934237,6.247393022793424,0.984747,0.178805,FALSE,TRUE,FALSE
LD,2024-04-16T01:30:00Z,3.9744292023809527,2.1675058786147687,6.141935080995721,0.00379557,0.108387,FALSE,TRUE,FALSE
LD,2024-04-16T02:00:00Z,3.6051210179999997,2.4895094860010034,6.094630504001003,1.40038e-4,0.181296,FALSE,TRUE,FALSE
LD,2024-04-16T02:30:00Z,3.6010216981481484,2.4394874110396643,6.040509109187813,4.73368e-5,0.238888,FALSE,TRUE,FALSE
LD,2024-04-16T03:00:00Z,3.831986825025,2.0851157491371266,5.917102574162127,1.69131e-4,0.125136,FALSE,TRUE,FALSE
LD,2024-04-16T03:30:00Z,4.0944789612448975,1.699465719657157,5.7939446809020545,2.21892e-5,0.131694,FALSE,TRUE,FALSE
LD,2024-04-16T04:00:00Z,4.202995594529412,1.4101801854251343,5.613175779954546,4.09266e-5,0.112531,FALSE,TRUE,FALSE
LD,2024-04-16T04:30:00Z,4.207226157571428,1.2514727272941188,5.458698884865547,2.49011e-5,0.132382,FALSE,TRUE,FALSE
LD,2024-04-16T07:30:00Z,3.973414602580645,1.0286551766250165,5.002069779205661,0,0.125802,FALSE,TRUE,FALSE
LD,2024-04-16T08:00:00Z,3.9282881620338985,1.03193295601762,4.9602211180515186,0,0.114023,FALSE,TRUE,FALSE
LD,2024-04-16T08:30:00Z,3.8971416059016395,1.0172040593334177,4.914345665235057,0,0.0925254,FALSE,TRUE,FALSE
LD,2024-04-16T10:00:00Z,3.7498981486440677,1.0381293242936431,4.788027472937711,0,0.200884,FALSE,TRUE,FALSE
LD,2024-04-17T00:30:00Z,13.406379,-7.160216441409587,6.246162558590412,1.98107,0.386803,TRUE,FALSE,FALSE
LD,2024-04-17T01:00:00Z,4.925624539655172,1.0279441522882307,5.953568691943403,0.090676,0.48538,FALSE,TRUE,FALSE
LD,2024-04-17T01:30:00Z,4.66084,1.2464961809934252,5.9073361809934255,9.39092e-4,0.589527,FALSE,TRUE,FALSE
LD,2024-04-17T02:00:00Z,4.8498807,1.0390164874203789,5.888897187420379,0,0.582949,FALSE,TRUE,FALSE
LD,2024-04-17T03:30:00Z,3.8823993,1.9441616557881312,5.826560955788131,0,0.503504,FALSE,TRUE,FALSE
LD,2024-04-17T04:00:00Z,3.7964466,1.987508154845544,5.783954754845544,6.06502e-5,0.450679,FALSE,TRUE,FALSE
LD,2024-04-17T04:30:00Z,4.0969238,1.6088949228446818,5.705818722844682,0,0.495894,FALSE,TRUE,FALSE
LD,2024-04-17T05:00:00Z,4.4400656,1.1663998619219162,5.606465461921916,0,0.413061,FALSE,TRUE,FALSE
LD,2024-04-17T05:30:00Z,4.0653880000000004,1.44845608527445,5.51384408527445,0,0.37254,FALSE,TRUE,FALSE
LD,2024-04-17T06:00:00Z,7.166562000000001,-1.7738892786632334,5.392672721336767,0,0.344419,TRUE,FALSE,FALSE
LD,2024-04-17T06:30:00Z,13.552529999999999,-8.344646192299496,5.207883807700503,0,0.322811,TRUE,FALSE,FALSE
LD,2024-04-17T07:00:00Z,3.36985,1.6505707414057107,5.020420741405711,0,0.312879,FALSE,TRUE,FALSE
LD,2024-04-17T07:30:00Z,3.103752,1.994481549020147,5.098233549020147,0,0.333418,FALSE,TRUE,FALSE
LD,2024-04-17T08:00:00Z,3.242397,1.9735137519628485,5.2159107519628485,0,0.320508,FALSE,TRUE,FALSE
LD,2024-04-17T09:00:00Z,4.1831977,1.1718176122703712,5.355015312270371,0,0.459325,FALSE,TRUE,FALSE
LD,2024-04-17T10:00:00Z,4.086617,1.3160244132688552,5.402641413268856,0,0.401369,FALSE,TRUE,FALSE
LD,2024-04-17T10:30:00Z,3.91142725,1.542006724304109,5.453433974304109,0.00139397,0.39988,FALSE,TRUE,FALSE
LD,2024-04-17T11:30:00Z,4.0743111999999995,1.4668533899311136,5.541164589931113,3.75667,0.371175,FALSE,TRUE,FALSE
LD,2024-04-17T17:00:00Z,12.50025,-6.7193419734790485,5.780908026520951,76.7916,0.558349,TRUE,FALSE,FALSE
LD,2024-04-17T17:30:00Z,7.670085,-1.8751911149469427,5.794893885053058,130.612,0.364775,TRUE,FALSE,FALSE
LD,2024-04-17T23:00:00Z,8.03975,-2.4305129227004265,5.609237077299573,29.4579,0.709161,TRUE,FALSE,FALSE
LD,2024-04-18T00:00:00Z,8.04299,-2.8047102035081037,5.238279796491896,8.20555,0.577376,TRUE,FALSE,FALSE
LD,2024-04-18T00:30:00Z,-0.21736000000000022,5.414409593119975,5.197049593119975,2.43005,0.538562,FALSE,TRUE,FALSE
LD,2024-04-18T01:00:00Z,3.3383800000000003,1.8049781560458436,5.143358156045844,0.487749,0.477373,FALSE,TRUE,FALSE
LD,2024-04-18T02:00:00Z,9.438922,-4.34949615232721,5.08942584767279,0,0.603998,TRUE,FALSE,FALSE
LD,2024-04-18T02:30:00Z,2.4133800000000005,2.6757711450391306,5.089151145039131,0,0.727782,FALSE,TRUE,FALSE
LD,2024-04-18T06:00:00Z,5.3439223899999995,-0.5145448388422214,4.829377551157778,0,0.622146,TRUE,FALSE,FALSE
LD,2024-04-18T10:00:00Z,3.08675,1.3202671850804815,4.407017185080481,0,0.319417,FALSE,TRUE,FALSE
LD,2024-04-18T10:30:00Z,3.0114518,1.3959072504695196,4.40735905046952,0.00810667,0.317562,FALSE,TRUE,FALSE
LD,2024-04-18T11:00:00Z,2.5042114,1.864909638436723,4.369121038436723,2.12523,0.282511,FALSE,TRUE,FALSE
LD,2024-04-18T19:00:00Z,8.8191,-4.131103858553984,4.687996141446017,165.884,0.220833,TRUE,FALSE,FALSE
LD,2024-04-19T01:30:00Z,9.074956,-4.498506852648485,4.576449147351515,0.00149062,0.311714,TRUE,FALSE,FALSE
LD,2024-04-19T08:30:00Z,4.854609999999999,-0.6883484268933593,4.16626157310664,0,0.342127,TRUE,FALSE,FALSE
LD,2024-04-19T09:00:00Z,7.13634,-2.9279023109100946,4.208437689089905,0,0.372555,TRUE,FALSE,FALSE
LD,2024-04-19T09:30:00Z,-3.309754,7.571573099999638,4.261819099999638,0,0.583893,FALSE,TRUE,FALSE
LD,2024-04-19T11:00:00Z,-7.907850000000001,11.965275696750712,4.057425696750711,2.06283,0.543122,FALSE,TRUE,FALSE
LD,2024-04-20T01:30:00Z,2.96891299,1.4204888476159465,4.389401837615947,0.00889069,0.362517,FALSE,TRUE,FALSE
LD,2024-04-20T07:00:00Z,4.6037406,-0.9577238827765009,3.646016717223499,3.4689e-4,0.675693,TRUE,FALSE,FALSE
LD,2024-04-20T11:30:00Z,2.2891101,1.342417009825219,3.631527109825219,7.21192,0.523867,FALSE,TRUE,FALSE
LD,2024-04-21T03:30:00Z,2.11793,1.619967724579821,3.737897724579821,3.72284e-4,0.243763,FALSE,TRUE,FALSE
LD,2024-04-21T05:00:00Z,2.7371891,1.0078594868489708,3.745048586848971,1.90826e-4,0.310247,FALSE,TRUE,FALSE
LD,2024-04-21T07:00:00Z,2.4859914,1.2307815986964763,3.7167729986964764,1.3708e-4,0.280794,FALSE,TRUE,FALSE
LD,2024-04-22T04:00:00Z,2.457107,1.6308190801493718,4.087926080149372,0.00111192,0.288942,FALSE,TRUE,FALSE
LD,2024-04-22T04:30:00Z,2.8819706000000003,1.178276629456486,4.060247229456486,0.00119895,0.251334,FALSE,TRUE,FALSE
LD,2024-04-22T05:00:00Z,2.4620043000000003,1.5980611120018153,4.060065412001816,0.0010959,0.259902,FALSE,TRUE,FALSE
LD,2024-04-22T05:30:00Z,2.8481894000000003,1.2259762864205332,4.074165686420534,0.00120881,0.281632,FALSE,TRUE,FALSE
LD,2024-04-22T06:00:00Z,2.8215168,1.2386168547170722,4.060133654717072,0.00117873,0.246837,FALSE,TRUE,FALSE
LD,2024-04-22T08:30:00Z,2.787268,1.3005422556868407,4.087810255686841,4.95064e-4,0.241583,FALSE,TRUE,FALSE
LD,2024-04-22T09:00:00Z,2.8275509999999997,1.2891899653994905,4.11674096539949,3.55026e-4,0.231673,FALSE,TRUE,FALSE
LD,2024-04-22T09:30:00Z,2.7031136,1.4387217524647014,4.141835352464701,1.95757e-4,0.238346,FALSE,TRUE,FALSE
LD,2024-04-23T01:00:00Z,4.120703,1.829575789810833,5.950278789810833,1.34039,0.348198,FALSE,TRUE,FALSE
LD,2024-04-23T01:30:00Z,3.276767,2.654296462614432,5.931063462614432,0.0111759,0.369453,FALSE,TRUE,FALSE
LD,2024-04-23T02:00:00Z,4.443584,1.4517370049895586,5.895321004989559,3.96199e-4,0.361869,FALSE,TRUE,FALSE
LD,2024-04-23T02:30:00Z,3.7611804,2.087829325229675,5.849009725229675,4.77559e-4,0.337358,FALSE,TRUE,FALSE
LD,2024-04-23T03:00:00Z,3.4229878,2.397485174223624,5.820472974223624,9.5216e-4,0.389673,FALSE,TRUE,FALSE
LD,2024-04-23T03:30:00Z,3.6894080000000002,2.1240859069467044,5.813493906946705,0.00103031,0.46747,FALSE,TRUE,FALSE
LD,2024-04-23T04:00:00Z,3.822389,2.0117697262683776,5.834158726268377,6.48662e-4,0.436027,FALSE,TRUE,FALSE
LD,2024-04-23T04:30:00Z,4.1932782,1.654772128656825,5.848050328656825,7.38158e-4,0.43238,FALSE,TRUE,FALSE
LD,2024-04-23T05:00:00Z,3.4772469999999998,2.4464352008573402,5.92368220085734,4.64261e-4,0.507678,FALSE,TRUE,FALSE
LD,2024-04-23T05:30:00Z,3.925623,2.087945354033878,6.013568354033878,4.10499e-4,0.66204,FALSE,TRUE,FALSE
LD,2024-04-23T06:00:00Z,14.540378,-8.514377336782415,6.0260006632175855,2.94129e-4,0.690444,TRUE,FALSE,FALSE
LD,2024-04-23T06:30:00Z,41.477340000000005,-35.633130857176326,5.84420914282368,0,0.548377,TRUE,FALSE,FALSE
LD,2024-04-23T07:00:00Z,0.2290000000000001,5.506486975945332,5.735486975945332,0,0.382158,FALSE,TRUE,FALSE
LD,2024-04-23T07:30:00Z,-9.982949999999999,15.802040592075656,5.819090592075656,6.65671e-6,0.605482,FALSE,TRUE,FALSE
LD,2024-04-23T08:00:00Z,20.261541,-14.471745558989149,5.789795441010852,0,0.631309,TRUE,FALSE,FALSE
LD,2024-04-23T08:30:00Z,2.2209269999999997,3.5739559062341018,5.794882906234101,3.92008e-5,0.688675,FALSE,TRUE,FALSE
LD,2024-04-23T09:00:00Z,4.5066158,1.2658620739343789,5.7724778739343785,0,0.583665,FALSE,TRUE,FALSE
LD,2024-04-23T09:30:00Z,14.778080000000001,-9.045364640559264,5.732715359440737,0,0.491746,TRUE,FALSE,FALSE
LD,2024-04-23T10:00:00Z,-5.710913,11.339661615918,5.628748615918002,0,0.528941,FALSE,TRUE,FALSE
LD,2024-04-23T10:30:00Z,1.63128,4.005851283764302,5.637131283764302,0.0208935,0.535594,FALSE,TRUE,FALSE
LD,2024-04-23T11:00:00Z,3.2453602,2.3590695625833384,5.604429762583338,1.46546,0.487878,FALSE,TRUE,FALSE
LD,2024-04-24T05:00:00Z,5.99178304,-0.6948131510226778,5.296969888977322,NA,NA,TRUE,FALSE,FALSE
LD,2024-04-24T05:30:00Z,13.522773240000001,-8.277859396493296,5.244913843506705,NA,NA,TRUE,FALSE,FALSE
LD,2024-04-24T06:00:00Z,12.729917600000002,-7.547983051895942,5.18193454810406,NA,NA,TRUE,FALSE,FALSE
LD,2024-04-24T06:30:00Z,10.037878200000002,-4.896661593724592,5.141216606275409,NA,NA,TRUE,FALSE,FALSE
LD,2024-04-24T07:00:00Z,13.3050618,-8.22543715095337,5.079624649046631,NA,NA,TRUE,FALSE,FALSE
LD,2024-04-24T07:30:00Z,10.841171600000001,-5.831632184856555,5.009539415143446,NA,NA,TRUE,FALSE,FALSE
LD,2024-04-24T08:30:00Z,6.35684276,-1.4174804368275247,4.9393623231724755,NA,NA,TRUE,FALSE,FALSE
LD,2024-04-24T09:00:00Z,7.2112501600000005,-2.3151768251515534,4.896073334848447,NA,NA,TRUE,FALSE,FALSE
LD,2024-04-25T01:30:00Z,6.897247,-1.4580612457091116,5.439185754290889,0.0352908,0.256631,TRUE,FALSE,FALSE
LD,2024-04-25T02:00:00Z,7.6345877,-2.3195351104304907,5.315052589569509,7.44568e-5,0.37389,TRUE,FALSE,FALSE
LD,2024-04-25T03:30:00Z,3.377151066396552,1.5654355431529465,4.942586609549498,3.00786e-4,0.135947,FALSE,TRUE,FALSE
LD,2024-04-25T04:00:00Z,3.1667160471346154,1.6624404221270037,4.829156469261619,4.47234e-4,0.0892527,FALSE,TRUE,FALSE
LD,2024-04-25T04:30:00Z,3.275177251108696,1.4010664392603358,4.676243690369032,4.99009e-4,0.173109,FALSE,TRUE,FALSE
LD,2024-04-25T05:00:00Z,3.2608210167037037,1.109899425042769,4.370720441746473,6.47183e-4,0.147578,FALSE,TRUE,FALSE
LD,2024-04-25T05:30:00Z,3.232474146576923,1.1287096165586856,4.3611837631356085,6.57045e-4,0.103096,FALSE,TRUE,FALSE
LD,2024-04-25T06:00:00Z,3.2640479518214285,1.12564950856218,4.3896974603836085,7.90179e-4,0.25602,FALSE,TRUE,FALSE
LD,2024-04-25T06:30:00Z,3.226840110047619,1.0370399854864276,4.263880095534047,7.65278e-4,0.224587,FALSE,TRUE,FALSE
LD,2024-04-25T07:00:00Z,2.777414157142857,1.3599693729864937,4.137383530129351,8.73265e-4,0.127086,FALSE,TRUE,FALSE
LD,2024-04-25T07:30:00Z,5.203845591061111,-1.1426059105797064,4.061239680481405,7.25584e-4,0.106322,TRUE,FALSE,FALSE
LD,2024-04-25T08:00:00Z,5.205372129391061,-1.2354032340917662,3.969968895299295,8.15573e-4,0.12478,TRUE,FALSE,FALSE
LD,2024-04-25T08:30:00Z,5.206992613825843,-1.2881995160489423,3.9187930977769008,6.08475e-4,0.14175,TRUE,FALSE,FALSE
LD,2024-04-25T09:00:00Z,5.209402594694915,-1.3264039959646476,3.8829985987302678,5.25142e-4,0.121321,TRUE,FALSE,FALSE
LD,2024-04-25T09:30:00Z,5.209402594694915,-1.341203088929447,3.8681995057654683,3.97925e-4,0.168797,TRUE,FALSE,FALSE
LD,2024-04-25T10:00:00Z,5.209402594694915,-1.383669900930769,3.8257326937641465,0.00117652,0.104776,TRUE,FALSE,FALSE
LD,2024-04-25T10:30:00Z,5.221463120801136,-1.4733817355008405,3.7480813853002957,0.231489,0.0848117,TRUE,FALSE,FALSE
LD,2024-04-26T01:30:00Z,6.995147294615385,-0.7904793338533986,6.204667960761986,0.0454946,0.157624,TRUE,FALSE,FALSE
LD,2024-04-26T02:00:00Z,6.717329073421053,-0.596989884139397,6.120339189281656,1.2204e-4,0.13736,TRUE,FALSE,FALSE
LD,2024-04-26T02:30:00Z,6.9063019402702706,-0.8632207787888868,6.043081161481384,0,0.152448,TRUE,FALSE,FALSE
LD,2024-04-26T03:30:00Z,3.6217285156,2.1412007673098223,5.762929282909822,0,0.036791,FALSE,TRUE,FALSE
LD,2024-04-26T04:00:00Z,3.3126419,2.3803372782689154,5.692979178268915,1.45463e-5,0.251555,FALSE,TRUE,FALSE
LD,2024-04-26T04:30:00Z,4.284295999999999,1.4016377298011058,5.685933729801105,7.98809e-5,0.301049,FALSE,TRUE,FALSE
LD,2024-04-26T05:00:00Z,4.4845935,1.1161877608430233,5.600781260843023,3.96939e-5,0.386515,FALSE,TRUE,FALSE
LD,2024-04-26T05:30:00Z,4.2828409999999995,1.2023251779443473,5.485166177944347,2.9265e-4,0.338373,FALSE,TRUE,FALSE
LD,2024-04-26T06:00:00Z,4.032409199999999,1.3588039040552333,5.3912131040552325,3.27166e-4,0.255761,FALSE,TRUE,FALSE
LD,2024-04-26T06:30:00Z,3.2244118,2.074193042752768,5.298604842752768,5.52262e-4,0.277648,FALSE,TRUE,FALSE
LD,2024-04-26T07:00:00Z,3.4733916,1.7419666636522249,5.215358263652225,4.67944e-4,0.286128,FALSE,TRUE,FALSE
LD,2024-04-26T07:30:00Z,3.1667160471346154,1.9700940790838253,5.136810126218441,4.59315e-4,0.217835,FALSE,TRUE,FALSE
LD,2024-04-26T08:00:00Z,3.140875312764706,1.905680574343811,5.046555887108517,4.31702e-4,0.206596,FALSE,TRUE,FALSE
LD,2024-04-26T08:30:00Z,3.275177251108696,1.7072351691480367,4.982412420256733,3.30618e-4,0.201883,FALSE,TRUE,FALSE
LD,2024-04-26T09:00:00Z,3.275177251108696,1.6425317857968276,4.917709036905523,2.87719e-4,0.165107,FALSE,TRUE,FALSE
LD,2024-04-26T09:30:00Z,3.1981206546744185,1.6736997491271963,4.871820403801615,3.51821e-4,0.149736,FALSE,TRUE,FALSE
LD,2024-04-26T10:00:00Z,3.1981206546744185,1.6485390814061582,4.846659736080577,0.00161783,0.131975,FALSE,TRUE,FALSE
LD,2024-04-26T10:30:00Z,3.1974946750238096,1.5956585510377086,4.793153226061518,0.389121,0.141157,FALSE,TRUE,FALSE
LD,2024-04-26T11:00:00Z,3.161908398860465,1.6681350799547605,4.8300434788152256,8.91536,0.201344,FALSE,TRUE,FALSE
LD,2024-04-27T01:00:00Z,4.880414,2.953276543590486,7.833690543590486,0.654189,0.760343,FALSE,TRUE,FALSE
LD,2024-04-27T01:30:00Z,5.603797,2.1297925243002025,7.733589524300203,0.00651966,0.549304,FALSE,TRUE,FALSE
LD,2024-04-27T02:00:00Z,-1.7943800000000003,9.04984823142453,7.25546823142453,0,0.523145,FALSE,TRUE,FALSE
LD,2024-04-27T03:00:00Z,-0.2620849999999999,6.928425023289096,6.666340023289096,0,0.324843,FALSE,TRUE,FALSE
LD,2024-04-27T03:30:00Z,43.78099,-37.05759784876362,6.723392151236379,0,0.405394,TRUE,FALSE,FALSE
LD,2024-04-27T04:00:00Z,7.340074814285714,-0.5581014598832006,6.781973354402513,0,0.394671,TRUE,FALSE,FALSE
LD,2024-04-27T05:00:00Z,35.79845,-28.941116148982033,6.857333851017969,0,0.364674,TRUE,FALSE,FALSE
LD,2024-04-27T05:30:00Z,11.329899999999999,-4.349757477037118,6.980142522962881,0,0.436814,TRUE,FALSE,FALSE
LD,2024-04-27T06:00:00Z,-9.29468,16.37884801474972,7.084168014749723,0,0.460927,FALSE,TRUE,FALSE
LD,2024-04-27T06:30:00Z,17.65503,-10.535398401745248,7.119631598254753,0,0.420933,TRUE,FALSE,FALSE
LD,2024-04-27T07:00:00Z,-2.9239800000000002,10.094478258166639,7.170498258166638,0,0.381442,FALSE,TRUE,FALSE
LD,2024-04-27T07:30:00Z,15.629529999999999,-8.456180753744608,7.17334924625539,0,0.401601,TRUE,FALSE,FALSE
LD,2024-04-27T08:00:00Z,-8.905626,16.14691727321069,7.241291273210688,0,0.390112,FALSE,TRUE,FALSE
LD,2024-04-27T08:30:00Z,10.50591,-3.3026161817971227,7.203293818202877,0,0.344407,TRUE,FALSE,FALSE
LD,2024-04-27T09:00:00Z,8.142306,-0.915260362841865,7.227045637158135,0,0.348784,TRUE,FALSE,FALSE
LD,2024-04-27T09:30:00Z,8.8544,-1.496044621923387,7.358355378076613,0,0.334557,TRUE,FALSE,FALSE
LD,2024-04-27T10:30:00Z,5.612634,1.8423112403252428,7.454945240325243,0.0312302,0.278877,FALSE,TRUE,FALSE
LD,2024-04-27T11:00:00Z,-35.00549,42.53212563259739,7.526635632597393,0.794618,0.400455,FALSE,TRUE,FALSE
LD,2024-04-27T11:30:00Z,21.6823,-14.005058366629264,7.677241633370738,18.2839,0.402904,TRUE,FALSE,FALSE
LD,2024-04-27T12:30:00Z,38.954139999999995,-30.987324311415293,7.966815688584702,73.0046,0.539828,TRUE,FALSE,FALSE
LD,2024-04-28T01:30:00Z,7.530609,1.831468714307519,9.36207771430752,0.0244376,0.49172,FALSE,TRUE,FALSE
LD,2024-04-28T04:00:00Z,8.070265000000001,1.3534440317041625,9.423709031704163,0,0.609233,FALSE,TRUE,FALSE
LD,2024-04-28T04:30:00Z,8.1362056,1.2874838005821054,9.423689400582106,0,0.704743,FALSE,TRUE,FALSE
LD,2024-04-28T07:00:00Z,7.499069,1.5401123073373029,9.039181307337303,0,0.611142,FALSE,TRUE,FALSE
LD,2024-04-28T07:30:00Z,7.312005,1.6994909835896896,9.01149598358969,0,0.516352,FALSE,TRUE,FALSE
LD,2024-04-28T08:00:00Z,7.551424,1.366071418562636,8.917495418562636,0,0.465095,FALSE,TRUE,FALSE
LD,2024-04-28T09:00:00Z,6.010868,2.7814469819079513,8.792314981907952,0,0.314236,FALSE,TRUE,FALSE
LD,2024-04-28T09:30:00Z,6.129021,2.6042049339579414,8.733225933957941,0,0.373538,FALSE,TRUE,FALSE
LD,2024-04-28T10:00:00Z,4.225965,4.4404184635107615,8.666383463510762,0,0.292225,FALSE,TRUE,FALSE
LD,2024-04-28T10:30:00Z,7.08847,1.5021705794921276,8.590640579492128,0.0256827,0.34067,FALSE,TRUE,FALSE
LD,2024-04-28T11:00:00Z,7.146157,1.3944234008651,8.5405804008651,1.05322,0.267045,FALSE,TRUE,FALSE
LD,2024-04-28T11:30:00Z,1.633617,6.942263124805273,8.575880124805273,7.02492,0.277622,FALSE,TRUE,FALSE
LD,2024-04-28T12:00:00Z,-17.619,26.156289450566696,8.537289450566698,8.25155,0.245162,FALSE,TRUE,FALSE
LD,2024-04-28T13:00:00Z,20.78794,-12.261586396123855,8.526353603876144,39.7837,0.394877,TRUE,FALSE,FALSE
LD,2024-04-28T14:30:00Z,10.660910000000001,-2.0958481765549024,8.565061823445099,80.5521,0.121782,TRUE,FALSE,FALSE
LD,2024-04-28T19:30:00Z,28.8038,-19.957160934940596,8.846639065059403,103.844,0.151754,TRUE,FALSE,FALSE
LD,2024-04-29T00:30:00Z,6.255197391139241,1.646135282153474,7.901332673292715,2.4463,0.288396,FALSE,TRUE,FALSE
LD,2024-04-29T01:00:00Z,6.452815062820513,1.3243581774777988,7.777173240298312,0.728173,0.297423,FALSE,TRUE,FALSE
LD,2024-04-29T01:30:00Z,6.501006790909091,1.1672919955012393,7.668298786410331,0.0126875,0.379996,FALSE,TRUE,FALSE
LD,2024-04-29T02:00:00Z,8.577299,-1.003778795569266,7.573520204430734,0,0.314992,TRUE,FALSE,FALSE
LD,2024-04-29T04:30:00Z,6.23981,1.2465020930956774,7.486312093095678,0,0.276836,FALSE,TRUE,FALSE
LD,2024-04-29T05:00:00Z,5.6786,1.818243701801026,7.496843701801026,0,0.246681,FALSE,TRUE,FALSE
LD,2024-04-29T06:30:00Z,5.950431999999999,1.5527074329680532,7.5031394329680525,0,0.264124,FALSE,TRUE,FALSE
LD,2024-04-29T07:00:00Z,12.722904,-5.230444762916478,7.492459237083522,0,0.264844,TRUE,FALSE,FALSE
LD,2024-04-29T08:00:00Z,5.8561499999999995,1.586161815365279,7.4423118153652785,0,0.229118,FALSE,TRUE,FALSE
LD,2024-04-29T09:00:00Z,5.508933,1.9124020705868663,7.421335070586866,0,0.282959,FALSE,TRUE,FALSE
LD,2024-04-29T09:30:00Z,-2.97951,10.437766856717827,7.458256856717828,0,0.280376,FALSE,TRUE,FALSE
LD,2024-04-29T11:00:00Z,13.762910000000002,-6.191597957673227,7.571312042326775,3.82407,0.288833,TRUE,FALSE,FALSE
LD,2024-04-29T16:30:00Z,43.40213,-34.69449601856038,8.70763398143962,326.83,0.331388,TRUE,FALSE,FALSE
LD,2024-04-29T17:30:00Z,27.505202,-17.99821613867273,9.506985861327271,638.601,0.61435,TRUE,FALSE,FALSE
LD,2024-04-30T01:00:00Z,7.043663,2.1743821373694994,9.218045137369499,7.7253,0.403722,FALSE,TRUE,FALSE
LD,2024-04-30T01:30:00Z,10.801851108695653,-1.6967928524854354,9.105058256210217,0.105116,0.189238,TRUE,FALSE,FALSE
LD,2024-04-30T02:00:00Z,10.497442347826087,-1.476235964204374,9.021206383621713,6.55565e-4,0.219486,TRUE,FALSE,FALSE
LD,2024-04-30T02:30:00Z,7.387087999999999,1.6304493052362679,9.017537305236267,0,0.249677,FALSE,TRUE,FALSE
LD,2024-04-30T03:00:00Z,5.1089899999999995,3.889631497127012,8.998621497127012,0,0.243755,FALSE,TRUE,FALSE
LD,2024-04-30T03:30:00Z,9.718818181818182,-0.7618233502619702,8.956994831556212,0,0.226092,TRUE,FALSE,FALSE
LD,2024-04-30T04:00:00Z,7.052181,1.9410766449447818,8.993257644944782,0,0.335401,FALSE,TRUE,FALSE
LD,2024-04-30T04:30:00Z,7.79117,1.0138455202312153,8.805015520231215,0,0.548633,FALSE,TRUE,FALSE
LD,2024-04-30T05:30:00Z,10.686276000000001,-2.395055891012884,8.291220108987117,0,0.515206,TRUE,FALSE,FALSE
LD,2024-04-30T06:00:00Z,6.411899,1.7762203301984876,8.188119330198488,0,0.355919,FALSE,TRUE,FALSE
LD,2024-04-30T06:30:00Z,5.472026,2.6740834724699685,8.146109472469968,0,0.32912,FALSE,TRUE,FALSE
LD,2024-04-30T07:00:00Z,4.9267416,3.1089679063749163,8.035709506374916,0,0.337636,FALSE,TRUE,FALSE
LD,2024-04-30T07:30:00Z,3.2938330000000002,4.505255434224948,7.799088434224948,0,0.250511,FALSE,TRUE,FALSE
LD,2024-04-30T09:00:00Z,8.06272569,-0.737555771103092,7.325169918896909,0,0.118735,TRUE,FALSE,FALSE
LD,2024-04-30T09:30:00Z,8.469123895833333,-1.2372439894565685,7.231879906376764,0,0.14368,TRUE,FALSE,FALSE
LD,2024-04-30T10:30:00Z,4.7641431,2.2944814561237052,7.058624556123705,0.32736,0.173869,FALSE,TRUE,FALSE
LD,2024-04-30T11:00:00Z,4.737577830769231,2.29622450524053,7.033802336009761,6.44586,0.203757,FALSE,TRUE,FALSE
LD,2024-05-01T02:00:00Z,6.582005156451613,1.9094283050054006,8.491433461457014,1.8343e-4,0.0863893,FALSE,TRUE,FALSE
LD,2024-05-01T02:30:00Z,6.582005156451613,1.9255953148170981,8.507600471268711,0,0.0950254,FALSE,TRUE,FALSE
LD,2024-05-01T03:00:00Z,6.896127060655738,1.5430411365154804,8.439168197171218,0,0.0932619,FALSE,TRUE,FALSE
LD,2024-05-01T04:00:00Z,6.652462456451612,1.5022798286456283,8.15474228509724,0,0.0972911,FALSE,TRUE,FALSE
LD,2024-05-01T06:00:00Z,2.98793,5.435978224601991,8.423908224601991,0,0.332922,FALSE,TRUE,FALSE
LD,2024-05-01T06:30:00Z,6.108682,2.318923996422818,8.427605996422818,0,0.352372,FALSE,TRUE,FALSE
LD,2024-05-01T07:00:00Z,5.870667,2.5576956055033433,8.428362605503343,0,0.3429,FALSE,TRUE,FALSE
LD,2024-05-01T07:30:00Z,5.171374,3.321419616096769,8.492793616096769,0,0.29949,FALSE,TRUE,FALSE
LD,2024-05-01T08:00:00Z,4.647893,3.9051713937140633,8.553064393714063,0,0.32856,FALSE,TRUE,FALSE
LD,2024-05-01T08:30:00Z,5.8860258,2.75443769813356,8.64046349813356,0,0.346407,FALSE,TRUE,FALSE
LD,2024-05-01T09:00:00Z,10.59059,-1.902811909480505,8.687778090519496,0,0.411826,TRUE,FALSE,FALSE
LD,2024-05-01T09:30:00Z,10.079124,-1.3667297640836384,8.712394235916362,0,0.312959,TRUE,FALSE,FALSE
LD,2024-05-01T10:00:00Z,5.488777,3.319527933123889,8.808304933123889,3.84611e-5,0.278779,FALSE,TRUE,FALSE
LD,2024-05-01T11:00:00Z,11.237786,-1.9070056444766657,9.330780355523334,2.51926,0.455834,TRUE,FALSE,FALSE
LD,2024-05-02T03:30:00Z,6.387390850724637,2.37211266959771,8.759503520322347,0,0.0850497,FALSE,TRUE,FALSE
LD,2024-05-02T04:00:00Z,6.497098317808219,2.152564398344418,8.649662716152637,0,0.167318,FALSE,TRUE,FALSE
LD,2024-05-02T04:30:00Z,6.656578567142857,2.050309394361568,8.706887961504425,0,0.167469,FALSE,TRUE,FALSE
LD,2024-05-02T05:00:00Z,6.526238653246753,2.0485205408262326,8.574759194072985,0,0.0583583,FALSE,TRUE,FALSE
LD,2024-05-02T05:30:00Z,7.063667482608696,1.189439603774276,8.253107086382972,0,0.0991424,FALSE,TRUE,FALSE
LD,2024-05-02T06:00:00Z,6.794802690322581,1.3830503870991935,8.177853077421775,0,0.0860397,FALSE,TRUE,FALSE
LD,2024-05-02T09:00:00Z,4.460135836363636,3.0167710022077756,7.476906838571412,0,0.0432191,FALSE,TRUE,FALSE
LD,2024-05-02T09:30:00Z,4.07935632,3.308053334697383,7.387409654697382,3.94468e-6,0.053322,FALSE,TRUE,FALSE
LD,2024-05-02T10:00:00Z,3.8706549999999997,3.392829647013864,7.263484647013864,0.00500857,0.0500621,FALSE,TRUE,FALSE
LD,2024-05-02T10:30:00Z,3.9368655666666665,3.4475330187346342,7.384398585401301,1.22778,0.0533948,FALSE,TRUE,FALSE
LD,2024-05-03T00:30:00Z,17.361779,-6.133759747016311,11.228019252983687,5.9167,0.624307,TRUE,FALSE,FALSE
LD,2024-05-03T01:00:00Z,3.4531140000000002,7.145490000287292,10.598604000287292,0.985524,0.625671,FALSE,TRUE,FALSE
LD,2024-05-03T01:30:00Z,6.78803,3.6858292400996584,10.473859240099658,0.0180538,0.589231,FALSE,TRUE,FALSE
LD,2024-05-03T02:30:00Z,2.18804,8.304025168387877,10.492065168387878,0,0.418477,FALSE,TRUE,FALSE
LD,2024-05-03T03:00:00Z,7.56253,2.9612414091693653,10.523771409169365,0,0.386301,FALSE,TRUE,FALSE
LD,2024-05-03T03:30:00Z,9.230385,1.385613456723572,10.615998456723572,0,0.43861,FALSE,TRUE,FALSE
LD,2024-05-03T04:00:00Z,7.768959000000001,2.816770392652101,10.585729392652102,0,0.453548,FALSE,TRUE,FALSE
LD,2024-05-03T04:30:00Z,6.792042,3.808053341780397,10.600095341780397,0,0.387252,FALSE,TRUE,FALSE
LD,2024-05-03T05:00:00Z,8.19849,2.3682577964532285,10.566747796453228,0,0.428326,FALSE,TRUE,FALSE
LD,2024-05-03T05:30:00Z,4.123379,6.341083791711741,10.46446279171174,0,0.308953,FALSE,TRUE,FALSE
LD,2024-05-03T06:00:00Z,19.945714,-9.554705443862268,10.39100855613773,0,0.509956,TRUE,FALSE,FALSE
LD,2024-05-03T06:30:00Z,49.576010000000004,-39.54518262562366,10.030827374376342,0,0.317784,TRUE,FALSE,FALSE
LD,2024-05-03T07:00:00Z,47.302640000000004,-37.40430800782505,9.89833199217495,0,0.232727,TRUE,FALSE,FALSE
LD,2024-05-03T09:00:00Z,11.65767,-1.9829001416307932,9.674769858369206,0,0.239666,TRUE,FALSE,FALSE
LD,2024-05-03T09:30:00Z,14.816220000000001,-5.0948350372865505,9.72138496271345,0,0.437103,TRUE,FALSE,FALSE
LD,2024-05-03T10:00:00Z,33.75439,-23.983051272637418,9.771338727362584,3.01279e-4,0.415486,TRUE,FALSE,FALSE
LD,2024-05-03T10:30:00Z,44.63195,-34.843961033249734,9.787988966750271,0.139997,0.316921,TRUE,FALSE,FALSE
LD,2024-05-03T11:00:00Z,0.719707,9.063911505818432,9.783618505818431,4.20073,0.31754,FALSE,TRUE,FALSE
LD,2024-05-03T11:30:00Z,20.99774,-11.209778036880644,9.787961963119356,12.9256,0.260711,TRUE,FALSE,FALSE
LD,2024-05-03T12:00:00Z,15.36114,-5.573974203483479,9.787165796516522,26.8404,0.170069,TRUE,FALSE,FALSE
LD,2024-05-03T14:00:00Z,18.931189999999997,-9.14240450264911,9.788785497350887,51.3632,0.428407,TRUE,FALSE,FALSE
LD,2024-05-04T02:00:00Z,8.51531565737705,1.143104843196486,9.658420500573536,0.00104807,0.0355955,FALSE,TRUE,FALSE
LD,2024-05-04T02:30:00Z,8.334842676666668,1.2304627439863616,9.56530542065303,0,0.0500477,FALSE,TRUE,FALSE
LD,2024-05-04T03:00:00Z,6.746375749397591,2.3056136191601313,9.051989368557722,0,0.0413857,FALSE,TRUE,FALSE
LD,2024-05-04T03:30:00Z,6.891671581578947,1.9813506183011125,8.87302219988006,0,0.0594535,FALSE,TRUE,FALSE
LD,2024-05-04T04:00:00Z,6.36794645925926,2.6538286285948853,9.021775087854145,0,0.060377,FALSE,TRUE,FALSE
LD,2024-05-04T04:30:00Z,6.434461041558442,2.385675664951015,8.820136706509457,0,0.0635033,FALSE,TRUE,FALSE
LD,2024-05-04T05:00:00Z,6.938398216,1.8439181031522436,8.782316319152244,0,0.050601,FALSE,TRUE,FALSE
LD,2024-05-04T05:30:00Z,6.048092765789474,2.824366557032616,8.87245932282209,0,0.0380765,FALSE,TRUE,FALSE
LD,2024-05-04T06:00:00Z,5.4838347625,3.4626297906295997,8.9464645531296,0,0.068461,FALSE,TRUE,FALSE
LD,2024-05-04T06:30:00Z,5.689695614457832,3.374283707007664,9.063979321465496,0,0.13049,FALSE,TRUE,FALSE
LD,2024-05-04T07:00:00Z,5.681216,3.3319710811040517,9.013187081104052,0,0.246432,FALSE,TRUE,FALSE
LD,2024-05-04T07:30:00Z,6.545711000000001,2.498624158088921,9.044335158088922,0,0.29699,FALSE,TRUE,FALSE
LD,2024-05-04T08:30:00Z,5.657007207792208,3.185862419242164,8.842869627034371,0,0.213029,FALSE,TRUE,FALSE
LD,2024-05-04T09:00:00Z,5.4379019756756755,3.2954906408527727,8.733392616528448,0,0.192663,FALSE,TRUE,FALSE
LD,2024-05-04T09:30:00Z,5.809184131818182,2.776984820481336,8.586168952299518,0,0.222242,FALSE,TRUE,FALSE
LD,2024-05-04T10:00:00Z,5.5936379953125,2.9457798403569964,8.539417835669497,0.0058313,0.267703,FALSE,TRUE,FALSE
LD,2024-05-04T10:30:00Z,6.7020391,1.7984027535550844,8.500441853555085,0.542047,0.362853,FALSE,TRUE,FALSE
LD,2024-05-04T11:00:00Z,4.093356,4.43764304928696,8.53099904928696,6.181,0.349973,FALSE,TRUE,FALSE
LD,2024-05-05T01:00:00Z,8.696987173636364,2.0024304054264714,10.699417579062835,7.13158,0.135235,FALSE,TRUE,FALSE
LD,2024-05-05T01:30:00Z,8.3574483928,2.2471673012163595,10.60461569401636,0.155451,0.124906,FALSE,TRUE,FALSE
LD,2024-05-05T02:00:00Z,11.805726,-1.3631979642727998,10.4425280357272,1.67158e-4,0.23741,TRUE,FALSE,FALSE
LD,2024-05-05T02:30:00Z,11.734313100000001,-1.4067189217503344,10.327594178249667,0,0.329538,TRUE,FALSE,FALSE
LD,2024-05-05T03:00:00Z,35.469095,-25.751835995283237,9.717259004716764,0,0.671273,TRUE,FALSE,FALSE
LD,2024-05-05T03:30:00Z,-6.28596,15.64981873301111,9.363858733011108,0,0.320561,FALSE,TRUE,FALSE
LD,2024-05-05T04:00:00Z,10.64667748292683,-1.349463736026646,9.297213746900184,0,0.095279,TRUE,FALSE,FALSE
LD,2024-05-05T04:30:00Z,10.675343762790698,-1.4389050507735277,9.23643871201717,0,0.0844538,TRUE,FALSE,FALSE
LD,2024-05-05T05:00:00Z,10.930681733333333,-1.7470130128391919,9.183668720494142,0,0.112914,TRUE,FALSE,FALSE
LD,2024-05-05T05:30:00Z,10.930681733333333,-1.752707918758004,9.17797381457533,0,0.0852593,TRUE,FALSE,FALSE
LD,2024-05-05T06:00:00Z,10.930681733333333,-1.770823146404723,9.15985858692861,0,0.0799918,TRUE,FALSE,FALSE
LD,2024-05-05T06:30:00Z,17.39876,-8.23424845314443,9.16451154685557,0,0.281363,TRUE,FALSE,FALSE
LD,2024-05-05T07:00:00Z,5.601929999999999,3.4605481061982015,9.062478106198201,0,0.417619,FALSE,TRUE,FALSE
LD,2024-05-05T07:30:00Z,-7.050458,15.737260668135207,8.686802668135206,0,0.5477,FALSE,TRUE,FALSE
LD,2024-05-05T08:00:00Z,12.5293537,-4.056503865734253,8.472849834265746,0,0.415431,TRUE,FALSE,FALSE
LD,2024-05-05T08:30:00Z,6.179505152941177,2.186992281405743,8.36649743434692,0,0.488278,FALSE,TRUE,FALSE
LD,2024-05-05T09:00:00Z,5.874198505882353,2.4000255015332037,8.274224007415556,0,0.571201,FALSE,TRUE,FALSE
LD,2024-05-05T09:30:00Z,5.744580756756757,2.405465153449147,8.150045910205904,0,0.357607,FALSE,TRUE,FALSE
LD,2024-05-05T10:00:00Z,5.82898388,2.225345602400787,8.054329482400787,0.00152538,0.415538,FALSE,TRUE,FALSE
LD,2024-05-05T10:30:00Z,6.009859673972603,1.9135124010244668,7.9233720749970695,0.260233,0.471728,FALSE,TRUE,FALSE
LD,2024-05-05T11:00:00Z,5.795140531884058,1.9505077888579496,7.745648320742007,3.1176,0.419268,FALSE,TRUE,FALSE
LD,2024-05-06T01:00:00Z,6.943415,1.5628773588634939,8.506292358863494,7.73862,0.281085,FALSE,TRUE,FALSE
LD,2024-05-06T01:30:00Z,9.890664000000001,-1.5698801295083005,8.3207838704917,0.511418,0.263668,TRUE,FALSE,FALSE
LD,2024-05-06T02:00:00Z,10.114399,-2.0214490756653554,8.092949924334645,0.00170634,0.23896,TRUE,FALSE,FALSE
LD,2024-05-06T02:30:00Z,8.81154308909091,-0.9049688630237958,7.9065742260671135,0,0.134973,TRUE,FALSE,FALSE
LD,2024-05-06T03:30:00Z,5.781335077142857,1.7733709816867824,7.554706058829639,0,0.116504,FALSE,TRUE,FALSE
LD,2024-05-06T04:00:00Z,5.578789741666667,1.8956312017051875,7.474420943371855,0,0.113673,FALSE,TRUE,FALSE
LD,2024-05-06T04:30:00Z,5.5631439788732395,1.909175688147216,7.4723196670204555,0,0.0694263,FALSE,TRUE,FALSE
LD,2024-05-06T05:00:00Z,5.793609586363637,1.4246097280128547,7.2182193143764914,0,0.0639823,FALSE,TRUE,FALSE
LD,2024-05-06T05:30:00Z,5.1744767914893615,1.7608818532864747,6.935358644775836,0,0.0865748,FALSE,TRUE,FALSE
LD,2024-05-06T06:00:00Z,5.136416830434783,1.7793929743425325,6.915809804777315,0,0.0481936,FALSE,TRUE,FALSE
LD,2024-05-06T06:30:00Z,5.280221717857143,1.766851916515649,7.047073634372792,0,0.0556973,FALSE,TRUE,FALSE
LD,2024-05-06T07:00:00Z,5.219385559259259,1.7829763755331012,7.0023619347923605,0,0.0528418,FALSE,TRUE,FALSE
LD,2024-05-06T07:30:00Z,5.076010426923077,1.9019630254314048,6.977973452354481,0,0.04481,FALSE,TRUE,FALSE
LD,2024-05-06T08:00:00Z,5.20921564,1.7991623938037788,7.008378033803779,0,0.0727635,FALSE,TRUE,FALSE
LD,2024-05-06T08:30:00Z,5.116281701886792,1.8600189665959155,6.976300668482708,0,0.0946634,FALSE,TRUE,FALSE
LD,2024-05-06T09:00:00Z,5.034277258823529,1.9091423265882668,6.943419585411796,0,0.147871,FALSE,TRUE,FALSE
LD,2024-05-06T09:30:00Z,5.024784144,1.9038846414855541,6.928668785485554,0,0.1857,FALSE,TRUE,FALSE
LD,2024-05-06T10:00:00Z,5.188137085714286,1.7216512525226557,6.909788338236941,0.0109881,0.256434,FALSE,TRUE,FALSE
LD,2024-05-06T10:30:00Z,5.188137085714286,1.7053822471106388,6.8935193328249245,1.47154,0.238038,FALSE,TRUE,FALSE
LD,2024-05-07T01:00:00Z,11.382903697826087,-3.4707916789685473,7.91211201885754,9.10127,0.0848078,TRUE,FALSE,FALSE
LD,2024-05-07T01:30:00Z,11.769162340476191,-4.3202333363720955,7.448929004104095,0.302086,0.0745612,TRUE,FALSE,FALSE
LD,2024-05-07T02:00:00Z,8.976266609259259,-1.808110753209255,7.168155856050004,0.00117874,0.056674,TRUE,FALSE,FALSE
LD,2024-05-07T02:30:00Z,9.052991133898306,-1.9690684673303487,7.0839226665679575,0,0.0186482,TRUE,FALSE,FALSE
LD,2024-05-07T03:00:00Z,7.555567719642856,-0.560986120915226,6.99458159872763,0,0.0505932,TRUE,FALSE,FALSE
LD,2024-05-07T03:30:00Z,7.728255303508772,-0.7430778256260098,6.985177477882762,0,0.156082,TRUE,FALSE,FALSE
LD,2024-05-07T04:00:00Z,8.517423794736843,-1.5336755554277852,6.983748239309057,0,0.227953,TRUE,FALSE,FALSE
LD,2024-05-07T05:00:00Z,5.5577300358490564,1.1843424068842294,6.742072442733286,0,0.0916107,FALSE,TRUE,FALSE
LD,2024-05-07T05:30:00Z,5.480111836206897,1.1221784933665173,6.602290329573414,0,0.0926188,FALSE,TRUE,FALSE
LD,2024-05-07T08:30:00Z,5.0287505,1.2706713787755728,6.299421878775573,0,0.278133,FALSE,TRUE,FALSE
LD,2024-05-07T10:00:00Z,4.817831155555556,1.2115805901576984,6.029411745713254,0.0152689,0.21696,FALSE,TRUE,FALSE
LD,2024-05-07T17:30:00Z,20.73686,-13.592070375418526,7.144789624581475,17.5515,0.216752,TRUE,FALSE,FALSE
LD,2024-05-07T18:00:00Z,13.51547,-6.736200114561463,6.779269885438538,85.6655,0.248319,TRUE,FALSE,FALSE
LD,2024-05-07T19:30:00Z,19.3136,-12.273021409969543,7.040578590030458,618.334,0.645485,TRUE,FALSE,FALSE
LD,2024-05-07T23:00:00Z,20.48528,-13.529169402114205,6.956110597885795,111.875,0.507868,TRUE,FALSE,FALSE
LD,2024-05-07T23:30:00Z,22.70073,-15.80874411781838,6.89198588218162,59.5736,0.468946,TRUE,FALSE,FALSE
LD,2024-05-08T01:00:00Z,11.268163971428573,-4.537636241646706,6.730527729781866,15.9518,0.232528,TRUE,FALSE,FALSE
LD,2024-05-08T01:30:00Z,12.904280903030303,-6.281319979513657,6.622960923516646,0.225614,0.0687446,TRUE,FALSE,FALSE
LD,2024-05-08T02:00:00Z,12.788192462500001,-6.165929026361415,6.622263436138587,0.00169969,0.0977338,TRUE,FALSE,FALSE
LD,2024-05-08T02:30:00Z,12.230601305405406,-5.722289945567377,6.508311359838029,0,0.0504399,TRUE,FALSE,FALSE
LD,2024-05-08T03:00:00Z,11.393538665789475,-4.953424831138476,6.440113834650998,0,0.11947,TRUE,FALSE,FALSE
LD,2024-05-08T03:30:00Z,11.272242853846155,-4.846005139483145,6.42623771436301,0,0.12631,TRUE,FALSE,FALSE
LD,2024-05-08T04:00:00Z,10.380020000000002,-3.9250350291697753,6.4549849708302265,0,0.394335,TRUE,FALSE,FALSE
LD,2024-05-08T04:30:00Z,-2.185544,8.44456623370249,6.25902223370249,0,0.676985,FALSE,TRUE,FALSE
LD,2024-05-08T05:00:00Z,15.759229999999999,-9.732197551651161,6.027032448348837,0,0.353465,TRUE,FALSE,FALSE
LD,2024-05-08T05:30:00Z,6.785766,-0.8688764501127713,5.9168895498872285,0,0.302059,TRUE,FALSE,FALSE
LD,2024-05-08T06:00:00Z,7.801677,-1.9435197385876188,5.858157261412381,0,0.328019,TRUE,FALSE,FALSE
LD,2024-05-08T07:30:00Z,0.36868000000000034,5.205754184486446,5.574434184486447,0,0.235608,FALSE,TRUE,FALSE
LD,2024-05-08T08:30:00Z,-0.82525,6.322043844961893,5.496793844961893,0,0.352859,FALSE,TRUE,FALSE
LD,2024-05-08T10:00:00Z,6.04674,-0.7080173541202477,5.338722645879752,0.0128963,0.301413,TRUE,FALSE,FALSE
LD,2024-05-08T10:30:00Z,6.08281,-0.7888329978500455,5.293977002149955,1.71099,0.32484,TRUE,FALSE,FALSE
LD,2024-05-08T11:00:00Z,5.948726,-0.676333607318643,5.272392392681357,28.5947,0.204968,TRUE,FALSE,FALSE
LD,2024-05-09T01:00:00Z,11.85677343902439,-5.5213813892995,6.335392049724891,12.9733,0.171286,TRUE,FALSE,FALSE
LD,2024-05-09T01:30:00Z,12.038447371428573,-5.8716288826952185,6.166818488733354,0.697538,0.135448,TRUE,FALSE,FALSE
LD,2024-05-09T02:00:00Z,11.617818071428571,-5.721821684054718,5.895996387373853,0.00421913,0.0944623,TRUE,FALSE,FALSE
LD,2024-05-09T02:30:00Z,9.9531974860465109,-4.2210806461663966,5.732116839880114,0,0.0901266,TRUE,FALSE,FALSE
LD,2024-05-09T03:00:00Z,8.283608265853658,-2.5817841830502415,5.701824082803417,0,0.106224,TRUE,FALSE,FALSE
LD,2024-05-09T04:00:00Z,8.0239864725,-2.3555668818597892,5.6684195906402115,0,0.217466,TRUE,FALSE,FALSE
LD,2024-05-09T04:30:00Z,7.814189999999999,-2.1817853057026033,5.632404694297396,0,0.309253,TRUE,FALSE,FALSE
LD,2024-05-09T05:00:00Z,7.895163999999999,-2.323562761444684,5.571601238555315,0,0.342364,TRUE,FALSE,FALSE
LD,2024-05-09T05:30:00Z,6.981136,-1.5024437181405812,5.478692281859419,0,0.266329,TRUE,FALSE,FALSE
LD,2024-05-09T07:30:00Z,8.4598336,-3.1065016586604184,5.353331941339581,0,0.472646,TRUE,FALSE,FALSE
LD,2024-05-09T08:00:00Z,8.079963900000001,-2.7361518106765166,5.343812089323484,0,0.343305,TRUE,FALSE,FALSE
LD,2024-05-09T08:30:00Z,7.493365,-2.1515262870047156,5.341838712995284,0,0.404945,TRUE,FALSE,FALSE
LD,2024-05-09T09:00:00Z,6.846227,-1.529615687772731,5.316611312227269,0,0.349414,TRUE,FALSE,FALSE
LD,2024-05-09T09:30:00Z,9.9889745,-4.695653469907789,5.29332103009221,0,0.43553,TRUE,FALSE,FALSE
LD,2024-05-09T10:00:00Z,7.7849309,-2.5007740763268673,5.284156823673133,0.015044,0.403375,TRUE,FALSE,FALSE
LD,2024-05-09T11:30:00Z,5.88496512173913,-0.7442418273813676,5.1407232943577625,40.5232,0.265277,TRUE,FALSE,FALSE
LD,2024-05-10T00:30:00Z,11.259402277777777,-5.651695444965017,5.60770683281276,29.0572,0.0472001,TRUE,FALSE,FALSE
LD,2024-05-10T01:00:00Z,8.0239864725,-2.5060217498442396,5.517964722655761,4.08497,0.154107,TRUE,FALSE,FALSE
LD,2024-05-10T04:00:00Z,5.637741606666666,-0.5237908051743192,5.113950801492347,0,0.102165,TRUE,FALSE,FALSE
LD,2024-05-10T07:00:00Z,3.518140091666667,1.2354564926703935,4.7535965843370604,0,0.0450432,FALSE,TRUE,FALSE
LD,2024-05-10T08:00:00Z,5.67850924,-1.06037811105345,4.61813112894655,0,0.0597689,TRUE,FALSE,FALSE
LD,2024-05-10T08:30:00Z,6.9812449999999995,-2.5487036731399364,4.432541326860063,0,0.0259404,TRUE,FALSE,FALSE
LD,2024-05-10T09:00:00Z,6.9812449999999995,-2.5651166691554463,4.416128330844553,0,0.0296557,TRUE,FALSE,FALSE
LD,2024-05-10T09:30:00Z,7.362306017647059,-3.109258210727095,4.253047806919964,1.25985e-4,0.0557786,TRUE,FALSE,FALSE
LD,2024-05-10T10:00:00Z,7.273568946428572,-2.9515313310096554,4.322037615418917,0.0215972,0.0647941,TRUE,FALSE,FALSE
LD,2024-05-10T10:30:00Z,7.011946999999999,-2.661909434628721,4.350037565371278,2.0436,0.113077,TRUE,FALSE,FALSE
LD,2024-05-10T11:30:00Z,6.950850699999999,-2.510379600862384,4.440471099137615,111.258,0.0405223,TRUE,FALSE,FALSE
LD,2024-05-11T01:00:00Z,6.56519924375,-1.0578883147443596,5.507310929005641,5.88205,0.20539,TRUE,FALSE,FALSE
LD,2024-05-11T01:30:00Z,7.105045338461538,-1.6971553785069213,5.407889959954617,0.581153,0.122656,TRUE,FALSE,FALSE
LD,2024-05-11T04:00:00Z,9.48778,-4.223180090045436,5.264599909954565,1.03796e-4,0.299504,TRUE,FALSE,FALSE
LD,2024-05-11T04:30:00Z,5.9796700000000005,-0.6368957752984734,5.342774224701527,0,0.423384,TRUE,FALSE,FALSE
LD,2024-05-11T05:30:00Z,7.12762614054054,-1.7695376005210308,5.3580885400195095,0,0.292275,TRUE,FALSE,FALSE
LD,2024-05-11T06:00:00Z,-21.973489999999998,26.94806618507846,4.97457618507846,0,0.539193,FALSE,TRUE,FALSE
LD,2024-05-11T06:30:00Z,-5.36788,10.261909837725561,4.894029837725561,0,0.338013,FALSE,TRUE,FALSE
LD,2024-05-11T08:30:00Z,3.0525800000000003,1.6778183122134194,4.73039831221342,0,0.44103,FALSE,TRUE,FALSE
LD,2024-05-11T09:00:00Z,-3.27332,8.013899307631737,4.740579307631737,0,0.476848,FALSE,TRUE,FALSE
LD,2024-05-11T09:30:00Z,12.6432,-7.94389353079012,4.69930646920988,0,0.644235,TRUE,FALSE,FALSE
LD,2024-05-11T10:00:00Z,7.014499,-2.3818989754658473,4.6326000245341525,0.00950803,0.658616,TRUE,FALSE,FALSE
LD,2024-05-11T10:30:00Z,6.886587,-2.2781707841054075,4.608416215894592,0.405596,0.571534,TRUE,FALSE,FALSE
LD,2024-05-11T11:00:00Z,6.135215,-1.5578231355029883,4.577391864497011,5.48232,0.581232,TRUE,FALSE,FALSE
LD,2024-05-11T11:30:00Z,7.888679,-3.3323888092281173,4.5562901907718825,8.81194,0.574806,TRUE,FALSE,FALSE
LD,2024-05-11T12:00:00Z,13.14752,-8.613381727279144,4.534138272720855,38.2433,0.590764,TRUE,FALSE,FALSE
LD,2024-05-11T12:30:00Z,17.69945,-13.181812406907692,4.517637593092306,41.8718,0.605238,TRUE,FALSE,FALSE
LD,2024-05-11T14:00:00Z,8.330547,-3.722605119840229,4.60794188015977,155.689,0.695959,TRUE,FALSE,FALSE
LD,2024-05-11T14:30:00Z,31.910642,-27.298130551338332,4.612511448661666,142.52,0.726399,TRUE,FALSE,FALSE
LD,2024-05-12T04:00:00Z,3.347271231818182,1.205193148335129,4.552464380153311,0,0.0366103,FALSE,TRUE,FALSE
LD,2024-05-12T04:30:00Z,5.7167541625,-1.2594689560229098,4.45728520647709,0,0.0767637,TRUE,FALSE,FALSE
LD,2024-05-12T05:00:00Z,5.660163661538462,-1.2359049805243094,4.424258681014153,0,0.119449,TRUE,FALSE,FALSE
LD,2024-05-12T05:30:00Z,5.627948966666667,-1.2307302225980061,4.3972187440686605,0,0.10786,TRUE,FALSE,FALSE
LD,2024-05-12T06:00:00Z,5.58191625,-1.2219049766685721,4.360011273331428,0,0.0809015,TRUE,FALSE,FALSE
LD,2024-05-12T06:30:00Z,8.113636,-3.803655812839378,4.309980187160622,0,0.0854213,TRUE,FALSE,FALSE
LD,2024-05-12T07:00:00Z,8.113636,-3.7995985075029077,4.314037492497092,0,0.0691907,TRUE,FALSE,FALSE
LD,2024-05-12T07:30:00Z,6.9812449999999995,-2.7222266315881916,4.259018368411808,0,0.0508598,TRUE,FALSE,FALSE
LD,2024-05-12T08:00:00Z,6.140513739705883,-1.9825453810745897,4.157968358631293,0,0.0574681,TRUE,FALSE,FALSE
LD,2024-05-12T08:30:00Z,6.064773097058824,-1.9243478757325514,4.1404252213262724,0,0.0575299,TRUE,FALSE,FALSE
LD,2024-05-12T09:00:00Z,6.107908447826087,-2.196206875438917,3.9117015723871704,0,0.0358216,TRUE,FALSE,FALSE
LD,2024-05-12T09:30:00Z,6.137047855714286,-2.290915655203635,3.846132200510651,1.16616e-4,0.0313227,TRUE,FALSE,FALSE
LD,2024-05-12T10:00:00Z,6.194402885915493,-2.3859581935474496,3.8084446923680435,0.0370055,0.0482861,TRUE,FALSE,FALSE
LD,2024-05-12T10:30:00Z,6.167349395890411,-2.390634442248094,3.776714953642317,2.87443,0.0367627,TRUE,FALSE,FALSE
LD,2024-05-12T11:00:00Z,6.395875,-2.573649938135892,3.822225061864108,36.1985,0.036439,TRUE,FALSE,FALSE
LD,2024-05-12T12:00:00Z,20.1205945,-15.719303095751965,4.401291404248034,190.553,0.0544535,TRUE,FALSE,FALSE
LD,2024-05-12T12:30:00Z,25.0597,-20.32666155351432,4.733038446485681,270.324,0.196778,TRUE,FALSE,FALSE
LD,2024-05-13T01:00:00Z,7.312967407692308,-0.5843547645561333,6.728612643136175,9.91747,0.216654,TRUE,FALSE,FALSE
LD,2024-05-13T01:30:00Z,7.410823023076923,-0.7785452782513449,6.632277744825578,0.636605,0.21789,TRUE,FALSE,FALSE
LD,2024-05-13T02:00:00Z,8.031393,-1.4048903091386977,6.626502690861302,0.0042539,0.320805,TRUE,FALSE,FALSE
LD,2024-05-13T02:30:00Z,8.770241,-2.145265112338828,6.624975887661172,0,0.460329,TRUE,FALSE,FALSE
LD,2024-05-13T03:00:00Z,7.268595,-0.7105034629745646,6.558091537025436,0,0.344961,TRUE,FALSE,FALSE
LD,2024-05-13T03:30:00Z,4.979742,1.5116230292226804,6.49136502922268,0,0.288645,FALSE,TRUE,FALSE
LD,2024-05-13T04:30:00Z,7.997429278947368,-1.7788734411177476,6.21855583782962,0,0.203836,TRUE,FALSE,FALSE
LD,2024-05-13T05:30:00Z,12.140008,-6.17784185648956,5.96216614351044,0,0.232832,TRUE,FALSE,FALSE
LD,2024-05-13T06:00:00Z,7.064577268421052,-1.1921732190265377,5.872404049394515,0,0.349889,TRUE,FALSE,FALSE
LD,2024-05-13T06:30:00Z,6.574426172222222,-0.6397312686515164,5.934694903570706,0,0.106139,TRUE,FALSE,FALSE
LD,2024-05-13T07:00:00Z,6.574426172222222,-0.6214186261540666,5.9530075460681555,0,0.212702,TRUE,FALSE,FALSE
LD,2024-05-13T07:30:00Z,8.853057,-2.9127867805906114,5.940270219409388,0,0.249535,TRUE,FALSE,FALSE
LD,2024-05-13T08:00:00Z,7.219519623809524,-1.3570549411545088,5.862464682655015,0,0.228608,TRUE,FALSE,FALSE
LD,2024-05-13T08:30:00Z,9.90825,-4.052833999820548,5.855416000179453,0,0.310271,TRUE,FALSE,FALSE
LD,2024-05-13T09:00:00Z,-10.29045,16.174916345657252,5.88446634565725,0,0.333272,FALSE,TRUE,FALSE
LD,2024-05-13T09:30:00Z,6.574426172222222,-0.5847411710485266,5.9896850011736955,0,0.317681,TRUE,FALSE,FALSE
LD,2024-05-13T10:00:00Z,1.6383999999999999,4.359745837710541,5.998145837710541,0.0344898,0.286199,FALSE,TRUE,FALSE
LD,2024-05-13T10:30:00Z,6.519459857894737,-0.5231093485662051,5.996350509328532,2.95987,0.19315,TRUE,FALSE,FALSE
LD,2024-05-14T01:00:00Z,6.884848361111111,-0.5330008662629337,6.351847494848177,6.76771,0.047161,TRUE,FALSE,FALSE
LD,2024-05-14T03:00:00Z,6.7093375150000005,-0.5087498430692747,6.200587671930726,0,0.0882142,TRUE,FALSE,FALSE
LD,2024-05-14T03:30:00Z,7.176418515,-0.9606951315139343,6.215723383486066,0,0.106472,TRUE,FALSE,FALSE
LD,2024-05-14T04:00:00Z,7.12314215,-0.9214136102533894,6.20172853974661,0,0.244753,TRUE,FALSE,FALSE
LD,2024-05-14T04:30:00Z,7.17190415,-0.9698654855095015,6.202038664490498,0,0.0950926,TRUE,FALSE,FALSE
LD,2024-05-14T05:00:00Z,7.387136179166667,-1.209847301405853,6.177288877760814,0,0.149064,TRUE,FALSE,FALSE
LD,2024-05-14T05:30:00Z,7.201982970833333,-0.9956434710021691,6.206339499831164,0,0.281287,TRUE,FALSE,FALSE
LD,2024-05-14T06:00:00Z,7.589144934615384,-1.418330955408904,6.17081397920648,0,0.222772,TRUE,FALSE,FALSE
LD,2024-05-14T06:30:00Z,7.393269837931034,-1.2989631150596814,6.0943067228713526,0,0.227614,TRUE,FALSE,FALSE
LD,2024-05-14T07:00:00Z,7.120998493103448,-1.0814024532191784,6.03959603988427,0,0.253508,TRUE,FALSE,FALSE
LD,2024-05-14T07:30:00Z,7.182445148275862,-1.2045379357485144,5.977907212527348,0,0.286726,TRUE,FALSE,FALSE
LD,2024-05-14T08:00:00Z,7.397619067647058,-1.4858139095259606,5.911805158121098,0,0.220149,TRUE,FALSE,FALSE
LD,2024-05-14T09:00:00Z,6.481896177142857,-0.5910092386118668,5.89088693853099,0,0.240955,TRUE,FALSE,FALSE
LD,2024-05-14T09:30:00Z,7.428084727777778,-1.5060191624318584,5.922065565345919,0,0.262379,TRUE,FALSE,FALSE
LD,2024-05-14T10:00:00Z,7.47826788,-1.5132818904770922,5.964985989522908,0.0121488,0.282666,TRUE,FALSE,FALSE
LD,2024-05-14T10:30:00Z,7.552657048648649,-1.5925919397654242,5.960065108883224,0.541212,0.336767,TRUE,FALSE,FALSE
LD,2024-05-14T11:00:00Z,7.477787571794872,-1.530774893634037,5.947012678160835,4.46216,0.285174,TRUE,FALSE,FALSE
LD,2024-05-14T11:30:00Z,7.290014855,-1.3506352194108322,5.939379635589168,12.2852,0.306665,TRUE,FALSE,FALSE
LD,2024-05-15T01:00:00Z,7.24025362972973,-0.92092588368872,6.31932774604101,13.402,0.219618,TRUE,FALSE,FALSE
LD,2024-05-15T01:30:00Z,7.50112398,-1.232773764608619,6.268350215391381,1.39377,0.279576,TRUE,FALSE,FALSE
LD,2024-05-15T02:00:00Z,7.509948597058823,-1.2933119001447775,6.216636696914046,0.00705491,0.240771,TRUE,FALSE,FALSE
LD,2024-05-15T02:30:00Z,7.550578778378378,-1.385032664588988,6.16554611378939,0,0.336419,TRUE,FALSE,FALSE
LD,2024-05-15T03:00:00Z,7.530051437837838,-1.4202562990407213,6.109795138797117,0,0.386031,TRUE,FALSE,FALSE
LD,2024-05-15T07:30:00Z,4.736008914814815,1.092932110565382,5.828941025380197,0,0.269184,FALSE,TRUE,FALSE
LD,2024-05-15T08:00:00Z,4.500279695833333,1.318958755050594,5.819238450883927,0,0.295793,FALSE,TRUE,FALSE
LD,2024-05-15T10:30:00Z,4.650361135000001,1.1843420816996577,5.834703216699658,1.43494,0.222606,FALSE,TRUE,FALSE
LD,2024-05-16T02:30:00Z,7.558681,-0.6707632959312795,6.8879177040687205,1.8269e-4,0.239794,TRUE,FALSE,FALSE
LD,2024-05-16T03:00:00Z,7.83347503939394,-1.0970401027284442,6.736434936665495,0,0.20827,TRUE,FALSE,FALSE
LD,2024-05-16T03:30:00Z,7.615956533333334,-1.1782196931237952,6.4377368402095385,0,0.0766622,TRUE,FALSE,FALSE
LD,2024-05-16T05:00:00Z,4.532880089473684,1.5209554607755162,6.0538355502492,3.35302e-5,0.0851754,FALSE,TRUE,FALSE
LD,2024-05-16T05:30:00Z,4.291081817647059,1.4917482401808524,5.782830057827911,0,0.0609447,FALSE,TRUE,FALSE
LD,2024-05-16T06:00:00Z,4.12295343125,1.5379215630997525,5.6608749943497525,0,0.0648331,FALSE,TRUE,FALSE
LD,2024-05-16T06:30:00Z,4.186435817647059,1.6474650809515579,5.833900898598617,0,0.0441767,FALSE,TRUE,FALSE
LD,2024-05-16T07:00:00Z,4.12295343125,1.6813761823783908,5.804329613628391,0,0.0567993,FALSE,TRUE,FALSE
LD,2024-05-16T07:30:00Z,4.12295343125,1.6603644531458626,5.783317884395863,0,0.0847379,FALSE,TRUE,FALSE
LD,2024-05-16T08:00:00Z,3.9193484562500003,1.9365623510363421,5.855910807286342,0,0.153203,FALSE,TRUE,FALSE
LD,2024-05-16T08:30:00Z,3.6419740933333333,2.2390491338428866,5.88102322717622,0,0.160895,FALSE,TRUE,FALSE
LD,2024-05-16T09:00:00Z,3.2256994153846152,2.4757466082061352,5.7014460235907505,0,0.131238,FALSE,TRUE,FALSE
LD,2024-05-16T09:30:00Z,2.923988783333334,2.7826858158022327,5.7066745991355665,9.76074e-4,0.118802,FALSE,TRUE,FALSE
LD,2024-05-16T10:00:00Z,1.731396,3.8806892848891836,5.612085284889184,0.112484,0.0758659,FALSE,TRUE,FALSE
LD,2024-05-16T10:30:00Z,3.9539581,1.6114633463985757,5.565421446398576,4.79694,0.0444678,FALSE,TRUE,FALSE
LD,2024-05-16T11:00:00Z,7.005459999999999,-1.3511641084724646,5.654295891527535,36.888,0.0935644,TRUE,FALSE,FALSE
LD,2024-05-17T05:00:00Z,7.987457632352941,-0.5463817861803664,7.441075846172574,1.01084e-4,0.132161,TRUE,FALSE,FALSE
LD,2024-05-17T05:30:00Z,7.917017237142857,-0.5477797845253933,7.3692374526174635,0,0.150683,TRUE,FALSE,FALSE
LD,2024-05-17T06:00:00Z,7.961990597058824,-0.6000500426796105,7.361940554379213,0,0.171444,TRUE,FALSE,FALSE
LD,2024-05-17T06:30:00Z,7.961990597058824,-0.5832593896171208,7.378731207441703,0,0.202228,TRUE,FALSE,FALSE
LD,2024-05-17T07:00:00Z,9.736081299999999,-2.3723249987677226,7.363756301232276,0,0.247324,TRUE,FALSE,FALSE
LD,2024-05-17T10:00:00Z,7.961990597058824,-0.5380745271923226,7.423916069866501,0.028924,0.145374,TRUE,FALSE,FALSE
LD,2024-05-17T10:30:00Z,7.961990597058824,-0.5121975831346841,7.44979301392414,2.12919,0.196288,TRUE,FALSE,FALSE
LD,2024-05-17T12:00:00Z,9.13308,-1.5700746153930218,7.563005384606978,47.7775,0.241141,TRUE,FALSE,FALSE
LD,2024-05-18T04:30:00Z,5.194877428571429,1.9627842790842527,7.157661707655682,3.0547e-4,0.0314876,FALSE,TRUE,FALSE
LD,2024-05-18T05:00:00Z,5.1460555,1.8940774923496617,7.040132992349662,2.14002e-4,0.0231082,FALSE,TRUE,FALSE
LD,2024-05-18T05:30:00Z,3.5997270769230774,3.3777038181858696,6.977430895108947,1.13165e-4,0.0437028,FALSE,TRUE,FALSE
LD,2024-05-18T06:00:00Z,0.9435799999999998,5.9089139885538815,6.852493988553881,2.52463e-4,0.0495618,FALSE,TRUE,FALSE
LD,2024-05-18T06:30:00Z,4.4489604,2.3107282881476747,6.7596886881476745,4.61041e-5,0.018086,FALSE,TRUE,FALSE
LD,2024-05-18T07:00:00Z,5.539720444444445,1.1319037692302896,6.671624213674734,6.21297e-5,0.065541,FALSE,TRUE,FALSE
LD,2024-05-18T07:30:00Z,5.539720444444445,1.1183089838569389,6.658029428301384,0,0.0347299,FALSE,TRUE,FALSE
LD,2024-05-18T09:30:00Z,8.113636,-1.8312545202562882,6.282381479743711,7.10053e-4,0.0286298,TRUE,FALSE,FALSE
LD,2024-05-18T10:00:00Z,6.9812449999999995,-0.7465799962753215,6.234665003724678,0.170604,0.0563788,TRUE,FALSE,FALSE
LD,2024-05-18T10:30:00Z,6.970160333333333,-0.7256051045076921,6.244555228825641,5.38454,0.111871,TRUE,FALSE,FALSE
LD,2024-05-18T11:00:00Z,9.3560678,-2.713387302071874,6.642680497928126,24.8836,0.11936,TRUE,FALSE,FALSE
LD,2024-05-19T01:30:00Z,10.921726254545455,-1.176815767520484,9.74491048702497,1.60147,0.0684709,TRUE,FALSE,FALSE
LD,2024-05-19T02:00:00Z,10.88123408,-1.2456708897279665,9.635563190272034,0.0293003,0.0676799,TRUE,FALSE,FALSE
LD,2024-05-19T03:00:00Z,10.194432294444445,-0.6745933399112509,9.519838954533194,1.60255e-4,0.121445,TRUE,FALSE,FALSE
LD,2024-05-19T08:30:00Z,7.378990000000001,1.8468535003460262,9.225843500346027,0,0.238263,FALSE,TRUE,FALSE
LD,2024-05-19T09:30:00Z,8.147667,1.2226510174362346,9.370318017436235,1.86389e-4,0.298182,FALSE,TRUE,FALSE
LD,2024-05-19T10:00:00Z,10.209255,-0.8825355680853342,9.326719431914666,0.170893,0.328801,TRUE,FALSE,FALSE
LD,2024-05-20T01:30:00Z,11.141722426086957,-1.6908044865711318,9.450917939515826,1.81693,0.104441,TRUE,FALSE,FALSE
LD,2024-05-20T05:00:00Z,6.428733897916667,1.0377444045918969,7.4664783025085635,5.9023e-4,0.0491461,FALSE,TRUE,FALSE
LD,2024-05-20T06:00:00Z,4.578163887096774,2.6039985921454365,7.18216247924221,2.11783e-4,0.0950532,FALSE,TRUE,FALSE
LD,2024-05-20T06:30:00Z,5.308813430555555,1.959776830304972,7.2685902608605275,3.17797e-4,0.100758,FALSE,TRUE,FALSE
LD,2024-05-20T07:30:00Z,9.07750363076923,-1.070793232984963,8.006710397784268,2.09564e-4,0.0842876,TRUE,FALSE,FALSE
LD,2024-05-20T10:30:00Z,5.5300662,2.9846725438146784,8.514738743814679,3.49045,0.29118,FALSE,TRUE,FALSE
LD,2024-05-21T03:00:00Z,10.317013,-0.6454395013659351,9.671573498634064,0,0.229775,TRUE,FALSE,FALSE
LD,2024-05-21T03:30:00Z,15.32129,-5.728900386143986,9.592389613856014,0,0.41203,TRUE,FALSE,FALSE
LD,2024-05-21T04:00:00Z,7.201087,2.1572675223503053,9.358354522350306,4.73366e-5,0.303049,FALSE,TRUE,FALSE
LD,2024-05-21T04:30:00Z,11.389777,-2.180236191468282,9.209540808531719,0,0.369607,TRUE,FALSE,FALSE
LD,2024-05-21T05:00:00Z,3.6220799999999995,5.39435214164788,9.01643214164788,0,0.307437,FALSE,TRUE,FALSE
LD,2024-05-21T05:30:00Z,11.44362,-2.5360274475204534,8.907592552479546,0,0.308657,TRUE,FALSE,FALSE
LD,2024-05-21T06:30:00Z,9.700485,-0.8684832791874904,8.83200172081251,0,0.340466,TRUE,FALSE,FALSE
LD,2024-05-21T08:00:00Z,9.918456,-1.0998417158689584,8.818614284131042,0,0.32428,TRUE,FALSE,FALSE
LD,2024-05-21T08:30:00Z,11.683971,-2.8904700354610195,8.79350096453898,0,0.324365,TRUE,FALSE,FALSE
LD,2024-05-21T10:00:00Z,9.58151003488372,-0.7178909377151701,8.86361909716855,0.0574651,0.215567,TRUE,FALSE,FALSE
LD,2024-05-21T10:30:00Z,10.862708,-1.9734900800547752,8.889217919945224,2.85118,0.258138,TRUE,FALSE,FALSE
LD,2024-05-22T01:30:00Z,9.00414,2.5729814732869034,11.577121473286903,1.88613,0.245498,FALSE,TRUE,FALSE
LD,2024-05-22T03:00:00Z,14.370936,-3.0747728915592205,11.29616310844078,0,0.343886,TRUE,FALSE,FALSE
LD,2024-05-22T03:30:00Z,11.988086,-0.6549721475438623,11.333113852456137,1.06015e-4,0.32121,TRUE,FALSE,FALSE
LD,2024-05-22T04:00:00Z,12.75928,-1.2063527600862844,11.552927239913716,0,0.533023,TRUE,FALSE,FALSE
LD,2024-05-22T04:30:00Z,10.042864,1.516013109360573,11.558877109360573,6.4102e-5,0.530926,FALSE,TRUE,FALSE
LD,2024-05-22T05:00:00Z,13.542754,-2.0061458000520016,11.536608199947999,0,0.643271,TRUE,FALSE,FALSE
LD,2024-05-22T06:30:00Z,12.646794,-1.042212844302595,11.604581155697405,0,0.641649,TRUE,FALSE,FALSE
LD,2024-05-22T07:00:00Z,12.1853336,-0.6509033703418154,11.534430229658184,0,0.6345,TRUE,FALSE,FALSE
LD,2024-05-22T07:30:00Z,12.453329,-0.9239268300138406,11.52940216998616,0,0.582516,TRUE,FALSE,FALSE
LD,2024-05-22T08:00:00Z,12.712237,-1.219277213937625,11.492959786062375,0,0.587011,TRUE,FALSE,FALSE
LD,2024-05-22T08:30:00Z,8.132023,3.3929254437804985,11.524948443780499,0,0.757673,FALSE,TRUE,FALSE
LD,2024-05-22T09:00:00Z,13.543975999999999,-2.0813184956688815,11.462657504331117,0,0.785707,TRUE,FALSE,FALSE
LD,2024-05-22T09:30:00Z,14.136639,-2.8160966290103495,11.320542370989651,0,0.844846,TRUE,FALSE,FALSE
LD,2024-05-22T10:00:00Z,13.35693,-2.248233307922888,11.108696692077112,0.10947,0.852807,TRUE,FALSE,FALSE
LD,2024-05-22T10:30:00Z,12.045171999999999,-1.230265903750528,10.814906096249471,4.31898,0.738073,TRUE,FALSE,FALSE
LD,2024-05-23T01:30:00Z,7.3961760000000005,2.2267019025425157,9.622877902542516,3.4619,0.230711,FALSE,TRUE,FALSE
LD,2024-05-23T02:00:00Z,7.869318,1.592913757472326,9.462231757472326,0.0728288,0.234494,FALSE,TRUE,FALSE
LD,2024-05-23T02:30:00Z,11.288015999999999,-1.9784666610800645,9.309549338919934,6.65427e-4,0.259,TRUE,FALSE,FALSE
LD,2024-05-23T03:30:00Z,7.993728000000001,1.0886448551039312,9.082372855103932,5.47578e-4,0.229065,FALSE,TRUE,FALSE
LD,2024-05-23T06:30:00Z,9.386185978125,-0.883155238687781,8.50303073943722,6.89342e-4,0.13523,TRUE,FALSE,FALSE
LD,2024-05-23T07:00:00Z,9.127038637142858,-0.5163104940789136,8.610728143063945,5.50044e-4,0.13759,TRUE,FALSE,FALSE
LD,2024-05-23T07:30:00Z,9.386185978125,-0.8466305040541897,8.539555474070811,6.29184e-4,0.115323,TRUE,FALSE,FALSE
LD,2024-05-23T08:00:00Z,9.36402011,-0.9006931895328307,8.46332692046717,4.76326e-4,0.091449,TRUE,FALSE,FALSE
LD,2024-05-23T08:30:00Z,9.36402011,-0.9090794675627265,8.454940642437274,2.67502e-4,0.120279,TRUE,FALSE,FALSE
LD,2024-05-23T09:00:00Z,9.528844896428572,-1.1097232079751347,8.419121688453437,3.74751e-5,0.131158,TRUE,FALSE,FALSE
LD,2024-05-23T09:30:00Z,9.519420042307692,-1.1517352642104353,8.367684778097257,0.00180595,0.142124,TRUE,FALSE,FALSE
LD,2024-05-23T10:00:00Z,9.801026241176471,-1.5569832104126888,8.244043030763782,0.374775,0.147002,TRUE,FALSE,FALSE
LD,2024-05-23T10:30:00Z,10.082288473333334,-1.8863993042188358,8.195889169114498,8.42999,0.0942273,TRUE,FALSE,FALSE
LD,2024-05-24T01:30:00Z,13.633063286666667,-3.3779285367626404,10.255134749904027,3.83812,0.0446936,TRUE,FALSE,FALSE
LD,2024-05-24T04:30:00Z,9.629423604,-1.259487722745396,8.369935881254603,2.89445e-4,0.0494808,TRUE,FALSE,FALSE
LD,2024-05-24T05:00:00Z,10.17208514,-1.9550278144271704,8.21705732557283,4.068e-4,0.0386848,TRUE,FALSE,FALSE
LD,2024-05-24T05:30:00Z,11.136588145454546,-3.025781914105604,8.110806231348942,4.82983e-4,0.0180848,TRUE,FALSE,FALSE
LD,2024-05-24T06:00:00Z,11.136588145454546,-3.1921852619660207,7.944402883488525,4.46494e-4,0.0231484,TRUE,FALSE,FALSE
LD,2024-05-24T06:30:00Z,11.136588145454546,-3.189694936564953,7.946893208889593,4.78052e-4,0.0455727,TRUE,FALSE,FALSE
LD,2024-05-24T07:00:00Z,11.136588145454546,-3.2256935399936326,7.910894605460913,5.10842e-4,0.0655349,TRUE,FALSE,FALSE
LD,2024-05-24T07:30:00Z,9.400358428571428,-1.5870617605003714,7.8132966680710565,4.22086e-4,0.039455,TRUE,FALSE,FALSE
LD,2024-05-24T08:30:00Z,1.731396,5.985879250347762,7.717275250347762,4.80518e-4,0.0392643,FALSE,TRUE,FALSE
LD,2024-05-24T09:00:00Z,1.731396,5.946971024836001,7.678367024836001,3.03498e-4,0.0488153,FALSE,TRUE,FALSE
LD,2024-05-24T09:30:00Z,1.731396,5.93565756339527,7.66705356339527,0.00283281,0.0654718,FALSE,TRUE,FALSE
LD,2024-05-24T10:30:00Z,9.2262487,-1.4023910800778836,7.823857619922116,9.48628,0.0624307,TRUE,FALSE,FALSE
LD,2024-05-25T01:00:00Z,13.305379163636363,-2.1207536152519797,11.184625548384384,8.02811,0.0771603,TRUE,FALSE,FALSE
LD,2024-05-25T01:30:00Z,13.353675527272728,-2.286574316484886,11.067101210787841,0.846531,0.101019,TRUE,FALSE,FALSE
LD,2024-05-25T05:30:00Z,20.299978999999997,-10.075207114066192,10.224771885933805,0,0.303843,TRUE,FALSE,FALSE
LD,2024-05-25T09:30:00Z,18.51603,-8.81268995505489,9.703340044945111,0,0.300706,TRUE,FALSE,FALSE
LD,2024-05-25T10:00:00Z,-11.24621,20.763583738273994,9.517373738273992,0.0162047,0.440643,FALSE,TRUE,FALSE
LD,2024-05-25T10:30:00Z,21.9877,-12.505465100866864,9.482234899133136,0.475954,0.427467,TRUE,FALSE,FALSE
LD,2024-05-26T01:30:00Z,7.557939742372882,1.5785971960017315,9.136536938374613,3.85628,0.0963871,FALSE,TRUE,FALSE
LD,2024-05-26T02:00:00Z,7.384907891071428,1.5234716775718038,8.908379568643232,0.0858482,0.108738,FALSE,TRUE,FALSE
LD,2024-05-26T03:30:00Z,9.136762244117648,-0.8058449595384776,8.33091728457917,0,0.12889,TRUE,FALSE,FALSE
LD,2024-05-26T04:00:00Z,9.546500640909091,-1.3484886247031103,8.19801201620598,0,0.167321,TRUE,FALSE,FALSE
LD,2024-05-26T04:30:00Z,11.136588145454546,-3.304120866859722,7.832467278594824,0,0.095547000000000007,TRUE,FALSE,FALSE
LD,2024-05-26T05:00:00Z,9.2262487,-1.4905136351400836,7.735735064859916,0,0.0762421,TRUE,FALSE,FALSE
LD,2024-05-26T07:00:00Z,8.593065386868687,-1.0032713534504882,7.589794033418199,1.38066e-4,0.054933,TRUE,FALSE,FALSE
LD,2024-05-26T07:30:00Z,8.653315433,-1.187022199063767,7.4662932339362325,2.61831e-4,0.0176904,TRUE,FALSE,FALSE
LD,2024-05-26T08:00:00Z,8.653315433,-1.180012031664213,7.473303401335786,1.56556e-4,0.0477889,TRUE,FALSE,FALSE
LD,2024-05-26T08:30:00Z,8.63296432970297,-1.1026392646773244,7.530325065025646,2.49011e-4,0.0464581,TRUE,FALSE,FALSE
LD,2024-05-26T09:00:00Z,8.695447973267326,-1.265359542850864,7.430088430416462,1.25738e-4,0.0463604,TRUE,FALSE,FALSE
LD,2024-05-26T10:00:00Z,11.136588145454546,-3.228758174182775,7.907829971271771,0.355247,0.0349977,TRUE,FALSE,FALSE
LD,2024-05-26T21:30:00Z,54.94637,-44.33605679240284,10.610313207597159,20.2497,0.319647,TRUE,FALSE,FALSE
LD,2024-05-26T23:00:00Z,15.50656,-6.095880494485735,9.410679505514265,57.148,0.218828,TRUE,FALSE,FALSE
LD,2024-05-27T01:00:00Z,6.91888,2.591107791077908,9.509987791077908,7.44554,0.242227,FALSE,TRUE,FALSE
LD,2024-05-27T01:30:00Z,12.1060625,-2.634480894190453,9.471581605809547,2.13706,0.263762,TRUE,FALSE,FALSE
LD,2024-05-27T02:00:00Z,2.2125699999999995,7.235407244401371,9.44797724440137,0.0645437,0.284571,FALSE,TRUE,FALSE
LD,2024-05-27T02:30:00Z,12.628577,-3.150801202767944,9.477775797232056,8.94962e-5,0.349568,TRUE,FALSE,FALSE
LD,2024-05-27T03:00:00Z,11.10084,-1.617267438934185,9.483572561065815,0,0.43182,TRUE,FALSE,FALSE
LD,2024-05-27T03:30:00Z,12.79384,-3.3576098091678936,9.436230190832106,0,0.360365,TRUE,FALSE,FALSE
LD,2024-05-27T04:00:00Z,11.727145,-2.308399682385497,9.418745317614503,0,0.351713,TRUE,FALSE,FALSE
LD,2024-05-27T04:30:00Z,11.2445697,-1.8376615555617253,9.406908144438274,0,0.429427,TRUE,FALSE,FALSE
LD,2024-05-27T05:00:00Z,6.15578,3.244470377167728,9.400250377167728,0,0.435117,FALSE,TRUE,FALSE
LD,2024-05-27T05:30:00Z,10.787977,-1.3981502184686256,9.389826781531374,0,0.515019,TRUE,FALSE,FALSE
LD,2024-05-27T06:00:00Z,7.9164069999999995,1.4604065538461288,9.376813553846128,0,0.432449,FALSE,TRUE,FALSE
LD,2024-05-27T06:30:00Z,6.475152,2.9065425021158227,9.381694502115822,0,0.301052,FALSE,TRUE,FALSE
LD,2024-05-27T07:30:00Z,10.07329,-0.7251528965344445,9.348137103465556,0,0.300124,TRUE,FALSE,FALSE
LD,2024-05-27T08:00:00Z,7.336479,1.985686911976523,9.322165911976523,0,0.32364,FALSE,TRUE,FALSE
LD,2024-05-27T08:30:00Z,7.075570000000001,1.929400749099095,9.004970749099096,0,0.365934,FALSE,TRUE,FALSE
LD,2024-05-27T09:00:00Z,9.602251,-0.7888439125152829,8.813407087484718,0,0.365363,TRUE,FALSE,FALSE
LD,2024-05-27T09:30:00Z,6.084988,2.6347326434574443,8.719720643457444,3.93487e-4,0.31375,FALSE,TRUE,FALSE
LD,2024-05-27T10:30:00Z,7.149344,1.4830610655153178,8.632405065515318,1.33915,0.439079,FALSE,TRUE,FALSE
LD,2024-05-27T11:00:00Z,7.0474065,1.5346932174836683,8.582099717483668,3.51359,0.381182,FALSE,TRUE,FALSE
LD,2024-05-27T12:30:00Z,12.451979999999999,-3.8784100372972024,8.573569962702797,109.626,0.457993,TRUE,FALSE,FALSE
LD,2024-05-28T01:00:00Z,6.995766,1.6251129428034456,8.620878942803445,7.43235,0.570538,FALSE,TRUE,FALSE
LD,2024-05-28T02:00:00Z,9.069187,-0.5884742801643217,8.480712719835678,0.0645074,0.447915,TRUE,FALSE,FALSE
LD,2024-05-28T02:30:00Z,6.81287,1.6362611034492556,8.449131103449256,4.46494e-4,0.311966,FALSE,TRUE,FALSE
LD,2024-05-28T03:00:00Z,9.043305239473684,-0.7621868730325652,8.281118366441119,0,0.221215,TRUE,FALSE,FALSE
LD,2024-05-28T03:30:00Z,9.246056063636363,-1.0939126661054228,8.15214339753094,0,0.228274,TRUE,FALSE,FALSE
LD,2024-05-28T04:30:00Z,7.0351360000000005,1.0579079954679864,8.093043995467987,0,0.258683,FALSE,TRUE,FALSE
LD,2024-05-28T05:00:00Z,8.641415,-0.6032396547057566,8.038175345294244,0,0.30022,TRUE,FALSE,FALSE
LD,2024-05-28T05:30:00Z,9.378291629166666,-1.3880831172949604,7.990208511871706,0,0.220243,TRUE,FALSE,FALSE
LD,2024-05-28T06:30:00Z,6.017036999999999,1.9995629530787093,8.016599953078709,0,0.289084,FALSE,TRUE,FALSE
LD,2024-05-28T07:00:00Z,6.655312,1.3601984974191286,8.015510497419129,0,0.265155,FALSE,TRUE,FALSE
LD,2024-05-28T07:30:00Z,9.343304789285714,-1.3134607650317687,8.029844024253945,0,0.118764,TRUE,FALSE,FALSE
LD,2024-05-28T08:00:00Z,9.27707965862069,-1.1961979126465234,8.080881745974166,0,0.126206,TRUE,FALSE,FALSE
LD,2024-05-28T08:30:00Z,9.57317,-1.5118971560374295,8.06127284396257,0,0.247117,TRUE,FALSE,FALSE
LD,2024-05-28T09:00:00Z,9.164180855555555,-1.1118517069907519,8.052329148564803,0,0.17573,TRUE,FALSE,FALSE
LD,2024-05-28T09:30:00Z,20.78736,-12.748229762220047,8.039130237779952,1.18588e-4,0.286504,TRUE,FALSE,FALSE
LD,2024-05-28T10:00:00Z,38.38174,-30.280630535891262,8.101109464108736,0.0627706,0.362302,TRUE,FALSE,FALSE
LD,2024-05-28T11:00:00Z,1.7807699999999995,6.294639208444596,8.075409208444595,6.2785,0.330674,FALSE,TRUE,FALSE
LD,2024-05-29T01:00:00Z,6.177682626415094,2.6000156420482723,8.777698268463366,7.26576,0.046859,FALSE,TRUE,FALSE
LD,2024-05-29T01:30:00Z,6.238160520754716,2.398762271431572,8.636922792186288,0.67355,0.0744085,FALSE,TRUE,FALSE
LD,2024-05-29T02:00:00Z,6.576741752083334,1.927279015690579,8.504020767773913,0.0341885,0.0530713,FALSE,TRUE,FALSE
LD,2024-05-29T02:30:00Z,9.072490256410257,-0.6605731185927546,8.411917137817502,0,0.090266,TRUE,FALSE,FALSE
LD,2024-05-29T03:00:00Z,7.294076888888889,1.1413419585816245,8.435418847470514,0,0.0849853,FALSE,TRUE,FALSE
LD,2024-05-29T08:30:00Z,9.090667262962963,-1.0195334117157397,8.071133851247223,0,0.187377,TRUE,FALSE,FALSE
LD,2024-05-29T09:00:00Z,9.168171003846155,-1.1592663148984759,8.008904688947679,0,0.133281,TRUE,FALSE,FALSE
LD,2024-05-29T09:30:00Z,9.249498629166666,-1.3475122094142487,7.901986419752418,0.00202266,0.122777,TRUE,FALSE,FALSE
LD,2024-05-29T10:00:00Z,9.111614444,-1.2864562945555926,7.825158149444408,0.283737,0.192973,TRUE,FALSE,FALSE
LD,2024-05-29T10:30:00Z,9.190632395652173,-1.4287231383429413,7.761909257309232,7.65706,0.222285,TRUE,FALSE,FALSE
LD,2024-05-30T01:30:00Z,6.052693089130435,2.608941018393746,8.661634107524181,6.20059,0.214344,FALSE,TRUE,FALSE
LD,2024-05-30T02:00:00Z,5.974711796078431,2.3920434787590263,8.366755274837457,0.264018,0.197005,FALSE,TRUE,FALSE
LD,2024-05-30T03:30:00Z,9.199267804,-1.4197625577009374,7.779505246299062,0,0.168092,TRUE,FALSE,FALSE
LD,2024-05-30T04:00:00Z,9.760032283333333,-2.2096623839202065,7.550369899413126,0,0.172202,TRUE,FALSE,FALSE
LD,2024-05-30T04:30:00Z,10.91165655,-3.484809303280299,7.426847246719701,0,0.208797,TRUE,FALSE,FALSE
LD,2024-05-30T05:00:00Z,11.136588145454546,-3.8332023453449553,7.303385800109591,0,0.157771,TRUE,FALSE,FALSE
LD,2024-05-30T05:30:00Z,9.2262487,-2.0909709102070337,7.135277789792966,0,0.145367,TRUE,FALSE,FALSE
LD,2024-05-30T06:00:00Z,8.591634987096775,-1.6524652142741445,6.9391697728226305,0,0.123593,TRUE,FALSE,FALSE
LD,2024-05-30T06:30:00Z,8.591634987096775,-1.8195968053629805,6.7720381817337945,0,0.095679,TRUE,FALSE,FALSE
LD,2024-05-30T07:00:00Z,8.591634987096775,-1.9357201525806067,6.655914834516168,0,0.167727,TRUE,FALSE,FALSE
LD,2024-05-30T07:30:00Z,8.563527912765958,-2.0771042239930058,6.486423688772952,0,0.0921974,TRUE,FALSE,FALSE
LD,2024-05-30T08:00:00Z,8.553452850526316,-2.3538696277035642,6.199583222822752,0,0.0724516,TRUE,FALSE,FALSE
LD,2024-05-30T08:30:00Z,8.495656935416667,-2.375494855257549,6.120162080159118,0,0.0693158,TRUE,FALSE,FALSE
LD,2024-05-30T09:00:00Z,8.475209451546391,-2.215480438104783,6.259729013441608,2.38903e-4,0.0628254,TRUE,FALSE,FALSE
LD,2024-05-30T09:30:00Z,8.403499720408163,-2.146064103669042,6.257435616739121,0.0060734,0.0869358,TRUE,FALSE,FALSE
LD,2024-05-30T10:00:00Z,8.928191535294118,-2.694881229359801,6.233310305934317,0.689232,0.0602354,TRUE,FALSE,FALSE
LD,2024-05-31T01:30:00Z,6.639422324074074,1.8336948388432717,8.473117162917346,6.2687,0.183734,FALSE,TRUE,FALSE
LD,2024-05-31T02:00:00Z,6.474983823333333,1.7226475308176488,8.197631354150982,0.168347,0.102399,FALSE,TRUE,FALSE
LD,2024-05-31T03:00:00Z,9.015068196153846,-1.4084102310340931,7.606657965119753,0,0.0808273,TRUE,FALSE,FALSE
LD,2024-05-31T03:30:00Z,9.015068196153846,-1.4471864663656246,7.567881729788222,0,0.109012,TRUE,FALSE,FALSE
LD,2024-05-31T04:00:00Z,9.526308305,-2.125840120966611,7.4004681840333895,0,0.167107,TRUE,FALSE,FALSE
LD,2024-05-31T04:30:00Z,9.760032283333333,-2.4195415193875025,7.34049076394583,0,0.0750141,TRUE,FALSE,FALSE
LD,2024-05-31T05:00:00Z,10.91165655,-3.7213743035413076,7.190282246458692,0,0.0961406,TRUE,FALSE,FALSE
LD,2024-05-31T05:30:00Z,8.35266859,-1.5254253306895418,6.827243259310459,0,0.0817991,TRUE,FALSE,FALSE
LD,2024-05-31T06:00:00Z,8.35857653063063,-1.5852881454533083,6.773288385177322,0,0.0752554,TRUE,FALSE,FALSE
LD,2024-05-31T06:30:00Z,8.344172061607143,-1.7910840367104095,6.553088024896733,0,0.040543,TRUE,FALSE,FALSE
LD,2024-05-31T07:00:00Z,8.331377282300885,-1.9411573819743815,6.390219900326503,0,0.0568698,TRUE,FALSE,FALSE
LD,2024-05-31T07:30:00Z,8.314510060526317,-2.031962793624392,6.282547266901925,0,0.0193079,TRUE,FALSE,FALSE
LD,2024-05-31T08:00:00Z,8.314510060526317,-2.1609261816143475,6.153583878911969,0,0.0524511,TRUE,FALSE,FALSE
LD,2024-05-31T08:30:00Z,8.314510060526317,-2.2878791507132865,6.02663090981303,0,0.0407641,TRUE,FALSE,FALSE
LD,2024-05-31T09:00:00Z,8.290820677391304,-2.3395453556072514,5.951275321784053,1.26724e-4,0.045288,TRUE,FALSE,FALSE
LD,2024-05-31T09:30:00Z,8.263526337068965,-2.2183952260118165,6.045131111057149,0.00577583,0.0455172,TRUE,FALSE,FALSE
LD,2024-05-31T10:00:00Z,8.728614866386554,-2.5232033817316744,6.20541148465488,0.716047,0.11521,TRUE,FALSE,FALSE
LD,2024-05-31T10:30:00Z,8.09856216946565,-1.6963377301569604,6.402224439308689,12.8372,0.145663,TRUE,FALSE,FALSE
LD,2024-06-01T01:30:00Z,7.430319366666667,1.3121425876499435,8.74246195431661,4.71266,0.123796,FALSE,TRUE,FALSE
LD,2024-06-01T02:00:00Z,6.844239526153847,1.3243052447200414,8.168544770873888,0.13479,0.0295736,FALSE,TRUE,FALSE
LD,2024-06-01T03:30:00Z,8.275995025581395,-0.8156804683856791,7.460314557195716,0,0.0417704,TRUE,FALSE,FALSE
LD,2024-06-01T04:00:00Z,8.191492126470589,-0.8889417173633962,7.302550409107193,0,0.039534,TRUE,FALSE,FALSE
LD,2024-06-01T04:30:00Z,8.817572013636363,-1.723267509927929,7.094304503708434,0,0.0615737,TRUE,FALSE,FALSE
LD,2024-06-01T05:00:00Z,9.87088672,-2.857690533581331,7.013196186418669,0,0.0376763,TRUE,FALSE,FALSE
LD,2024-06-01T05:30:00Z,10.2474906,-3.3057453167205697,6.941745283279431,0,0.0351917,TRUE,FALSE,FALSE
LD,2024-06-01T06:00:00Z,9.436585175,-2.41580036234327,7.020784812656729,0,0.127995,TRUE,FALSE,FALSE
LD,2024-06-01T06:30:00Z,6.552699314473684,1.3431673066200762,7.89586662109376,0,0.133341,FALSE,TRUE,FALSE
LD,2024-06-01T07:00:00Z,6.904266582666667,1.1264752676121983,8.030741850278865,0,0.228587,FALSE,TRUE,FALSE
LD,2024-06-01T07:30:00Z,6.681956932,1.2339026641046562,7.9158595961046565,0,0.146092,FALSE,TRUE,FALSE
LD,2024-06-01T09:30:00Z,6.42812,1.1463487818762292,7.574468781876229,0.00537544,0.230121,FALSE,TRUE,FALSE
LD,2024-06-01T10:00:00Z,8.437409,-0.9778039960876423,7.459605003912358,0.549399,0.279672,TRUE,FALSE,FALSE
LD,2024-06-01T10:30:00Z,7.99360511875,-0.5436221861677177,7.449982932582282,8.14006,0.227213,TRUE,FALSE,FALSE
LD,2024-06-01T23:30:00Z,28.52625,-20.44519296107113,8.081057038928874,42.4866,0.187784,TRUE,FALSE,FALSE
LD,2024-06-02T00:30:00Z,-10.73232,18.82517275235813,8.092852752358132,9.9089,0.45773200000000003,FALSE,TRUE,FALSE
LD,2024-06-02T01:00:00Z,-6.701249999999999,14.793784242995727,8.092534242995727,1.90019,0.383611,FALSE,TRUE,FALSE
LD,2024-06-02T01:30:00Z,-11.060740000000001,19.144630701289863,8.08389070128986,0.560328,0.397067,FALSE,TRUE,FALSE
LD,2024-06-02T02:00:00Z,-18.67679,26.772520845595082,8.095730845595082,0.0337163,0.448194,FALSE,TRUE,FALSE
LD,2024-06-02T02:30:00Z,6.830012436842106,1.271859924799104,8.10187236164121,5.3747e-5,0.427879,FALSE,TRUE,FALSE
LD,2024-06-02T03:00:00Z,6.780088961818182,1.3311445744258368,8.111233536244018,0,0.397032,FALSE,TRUE,FALSE
LD,2024-06-02T03:30:00Z,6.7821475537037035,1.353170455472526,8.13531800917623,0,0.505966,FALSE,TRUE,FALSE
LD,2024-06-02T04:00:00Z,2.038499999999999,6.108940097036429,8.147440097036428,0,0.403271,FALSE,TRUE,FALSE
LD,2024-06-02T04:30:00Z,6.7821475537037035,1.3582370876849286,8.140384641388632,0,0.349284,FALSE,TRUE,FALSE
LD,2024-06-02T05:00:00Z,-5.479899999999999,13.643845560319003,8.163945560319004,0,0.440574,FALSE,TRUE,FALSE
LD,2024-06-02T05:30:00Z,6.583283960377359,1.6336890395258363,8.216972999903195,0,0.476817,FALSE,TRUE,FALSE
LD,2024-06-02T06:00:00Z,8.730693333333333,-0.598780773098774,8.131912560234559,NA,NA,TRUE,FALSE,FALSE
LD,2024-06-02T06:30:00Z,11.519413166666666,-3.4419875625293024,8.077425604137364,NA,NA,TRUE,FALSE,FALSE
LD,2024-06-02T07:00:00Z,6.739519980357143,1.2800312575991768,8.01955123795632,0,0.204871,FALSE,TRUE,FALSE
LD,2024-06-02T07:30:00Z,14.618069999999998,-6.62729441351013,7.9907755864898675,0,0.267801,TRUE,FALSE,FALSE
LD,2024-06-02T08:00:00Z,6.725502681666667,1.2433660499532797,7.9688687316199465,0,0.21424,FALSE,TRUE,FALSE
LD,2024-06-02T08:30:00Z,6.597854,1.3446800170614912,7.942534017061491,0,0.284762,FALSE,TRUE,FALSE
LD,2024-06-02T09:00:00Z,13.689838,-5.820075180556537,7.869762819443463,0,0.388918,TRUE,FALSE,FALSE
LD,2024-06-02T09:30:00Z,1.7464400000000002,6.041773880969124,7.788213880969125,0.00111315,0.425586,FALSE,TRUE,FALSE
LD,2024-06-02T10:00:00Z,4.001563,3.753854501892836,7.755417501892836,0.145276,0.38045,FALSE,TRUE,FALSE
LD,2024-06-02T11:30:00Z,8.3163625,-0.526170673817429,7.790191826182571,27.5755,0.281264,TRUE,FALSE,FALSE
LD,2024-06-03T01:30:00Z,6.9555636622222226,1.2736357612425353,8.229199423464758,5.79418,0.0892418,FALSE,TRUE,FALSE
LD,2024-06-03T02:00:00Z,6.7187111999999996,1.3280129074941502,8.04672410749415,0.24447,0.171177,FALSE,TRUE,FALSE
LD,2024-06-03T02:30:00Z,6.8161703037037045,1.0510684609803569,7.867238764684061,0.00144106,0.0286423,FALSE,TRUE,FALSE
LD,2024-06-03T03:00:00Z,6.630690952727273,1.1600779690184524,7.790768921745725,0,0.0658588,FALSE,TRUE,FALSE
LD,2024-06-03T03:30:00Z,6.611869127692308,1.0572731806773987,7.669142308369707,0,0.0843387,FALSE,TRUE,FALSE
LD,2024-06-03T05:30:00Z,8.655187733333333,-1.4047799902915195,7.250407743041814,0,0.058447,TRUE,FALSE,FALSE
LD,2024-06-03T06:00:00Z,8.572320879032258,-1.4347788811554203,7.137541997876838,0,0.0668504,TRUE,FALSE,FALSE
LD,2024-06-03T06:30:00Z,8.850753346551723,-1.780918244593801,7.069835101957922,0,0.12562,TRUE,FALSE,FALSE
LD,2024-06-03T07:00:00Z,8.612480865079364,-1.4658790374159114,7.146601827663453,0,0.110922,TRUE,FALSE,FALSE
LD,2024-06-03T07:30:00Z,8.885876019298246,-1.825911637838077,7.059964381460169,0,0.11348,TRUE,FALSE,FALSE
LD,2024-06-03T08:00:00Z,9.081605910909092,-2.0632394367063567,7.018366474202735,0,0.0685245,TRUE,FALSE,FALSE
LD,2024-06-03T08:30:00Z,9.263492439622642,-2.293736062186108,6.969756377436534,0,0.053709,TRUE,FALSE,FALSE
LD,2024-06-03T09:00:00Z,9.260531451111111,-2.4185395344201055,6.841991916691006,0,0.118777,TRUE,FALSE,FALSE
LD,2024-06-03T09:30:00Z,9.309723239534884,-2.4948581473009286,6.814865092233956,0.00439887,0.0913282,TRUE,FALSE,FALSE
LD,2024-06-03T10:00:00Z,9.246342506818182,-2.412564710839595,6.8337777959785875,0.560566,0.0542984,TRUE,FALSE,FALSE
LD,2024-06-03T10:30:00Z,8.847060642222223,-2.02109152937427,6.825969112847953,11.5792,0.0423923,TRUE,FALSE,FALSE
LD,2024-06-04T02:00:00Z,10.547488636363637,-0.6206878283195092,9.926800808044128,0.140685,0.221753,TRUE,FALSE,FALSE
LD,2024-06-04T02:30:00Z,7.7249929999999996,2.259432878276554,9.984425878276554,3.29631e-4,0.256486,FALSE,TRUE,FALSE
LD,2024-06-04T03:00:00Z,14.352358,-4.394006096204194,9.958351903795807,0,0.25302,TRUE,FALSE,FALSE
LD,2024-06-04T03:30:00Z,14.207537,-4.288442449848445,9.919094550151556,0,0.302778,TRUE,FALSE,FALSE
LD,2024-06-04T04:00:00Z,14.067273,-4.182147813976766,9.885125186023235,0,0.30457,TRUE,FALSE,FALSE
LD,2024-06-04T04:30:00Z,5.177201,4.687032893120993,9.864233893120993,0,0.271184,FALSE,TRUE,FALSE
LD,2024-06-04T05:00:00Z,18.005394,-8.156270700735877,9.849123299264122,0,0.383904,TRUE,FALSE,FALSE
LD,2024-06-04T05:30:00Z,11.270177,-1.4702090370896865,9.799967962910314,0,0.283261,TRUE,FALSE,FALSE
LD,2024-06-04T06:00:00Z,8.140323,1.6494644589050385,9.789787458905039,0,0.278645,FALSE,TRUE,FALSE
LD,2024-06-04T07:00:00Z,11.129865,-1.3222464884516718,9.807618511548329,0,0.356717,TRUE,FALSE,FALSE
LD,2024-06-04T07:30:00Z,14.639743000000001,-4.87541409278359,9.764328907216411,0,0.278225,TRUE,FALSE,FALSE
LD,2024-06-04T08:00:00Z,5.173362,4.569789798937033,9.743151798937033,0,0.388656,FALSE,TRUE,FALSE
LD,2024-06-04T08:30:00Z,15.160551,-5.423007404019868,9.737543595980132,0,0.391126,TRUE,FALSE,FALSE
LD,2024-06-04T09:00:00Z,12.263461,-2.5603530446609195,9.70310795533908,0,0.298762,TRUE,FALSE,FALSE
LD,2024-06-04T09:30:00Z,11.89759,-2.2402395107525965,9.657350489247403,0.00244623,0.358825,TRUE,FALSE,FALSE
LD,2024-06-04T10:00:00Z,6.581082599999999,3.0192309962627766,9.600313596262776,0.406767,0.249809,FALSE,TRUE,FALSE
LD,2024-06-05T04:30:00Z,41.0154,-29.053836506166398,11.9615634938336,0,0.262819,TRUE,FALSE,FALSE
LD,2024-06-05T05:00:00Z,5.0612699999999995,6.9340179607504675,11.995287960750467,0,0.29339,FALSE,TRUE,FALSE
LD,2024-06-05T05:30:00Z,8.901636,3.1074513463280677,12.009087346328068,0,0.345482,FALSE,TRUE,FALSE
LD,2024-06-05T06:00:00Z,10.764719000000001,1.1478185228041724,11.912537522804174,0,0.302854,FALSE,TRUE,FALSE
LD,2024-06-05T06:30:00Z,8.690967,3.1784276134480898,11.86939461344809,0,0.342864,FALSE,TRUE,FALSE
LD,2024-06-05T07:00:00Z,9.524280000000001,2.32164522417753,11.845925224177531,0,0.288925,FALSE,TRUE,FALSE
LD,2024-06-05T07:30:00Z,6.359093,5.432620248883433,11.791713248883433,0,0.239764,FALSE,TRUE,FALSE
LD,2024-06-05T08:00:00Z,9.182166,2.5571122133434265,11.739278213343427,0,0.234955,FALSE,TRUE,FALSE
LD,2024-06-05T08:30:00Z,7.852791000000001,3.910711802449417,11.763502802449418,0,0.313829,FALSE,TRUE,FALSE
LD,2024-06-05T09:00:00Z,10.337984769230768,1.4016074598115775,11.739592229042346,0,0.343038,FALSE,TRUE,FALSE
LD,2024-06-05T09:30:00Z,9.068677904,2.4923265783965487,11.561004482396548,0.00074308900000000005,0.220772,FALSE,TRUE,FALSE
LD,2024-06-05T10:00:00Z,9.068677904,2.5455110008495136,11.614188904849513,0.226869,0.209187,FALSE,TRUE,FALSE
LD,2024-06-05T10:30:00Z,9.465549907692308,2.146972608630108,11.612522516322416,3.19858,0.198521,FALSE,TRUE,FALSE
LD,2024-06-05T11:00:00Z,-15.693639999999998,27.275256888862998,11.581616888863,8.31002,0.253551,FALSE,TRUE,FALSE
LD,2024-06-05T11:30:00Z,19.38735,-7.870671605170973,11.516678394829029,20.5694,0.427341,TRUE,FALSE,FALSE
LD,2024-06-06T01:30:00Z,7.33956205925926,4.283442496957747,11.623004556217007,5.16155,0.0388759,FALSE,TRUE,FALSE
LD,2024-06-06T02:00:00Z,6.272591958823529,5.2499707663717174,11.522562725195247,0.3957,0.184326,FALSE,TRUE,FALSE
LD,2024-06-06T02:30:00Z,5.95947334054054,5.44302492547109,11.40249826601163,0.00309045,0.158225,FALSE,TRUE,FALSE
LD,2024-06-06T03:00:00Z,6.304552534146341,4.932052957848022,11.236605491994363,0,0.17267,FALSE,TRUE,FALSE
LD,2024-06-06T03:30:00Z,6.22599283095238,4.947617185794444,11.173610016746824,0,0.207462,FALSE,TRUE,FALSE
LD,2024-06-06T04:00:00Z,12.8064,-1.56626180382208,11.24013819617792,0,0.342382,TRUE,FALSE,FALSE
LD,2024-06-06T04:30:00Z,17.428910000000002,-6.229445219681843,11.19946478031816,0,0.679338,TRUE,FALSE,FALSE
LD,2024-06-06T05:00:00Z,29.643860000000004,-18.75957701015443,10.884282989845573,0,0.536031,TRUE,FALSE,FALSE
LD,2024-06-06T06:00:00Z,7.2638296803571425,3.2394224606494806,10.503252141006623,0,0.123187,FALSE,TRUE,FALSE
LD,2024-06-06T06:30:00Z,7.06628685,3.325487459895478,10.391774309895478,0,0.172035,FALSE,TRUE,FALSE
LD,2024-06-06T07:00:00Z,7.06628685,3.3113759241921192,10.37766277419212,0,0.160726,FALSE,TRUE,FALSE
LD,2024-06-06T07:30:00Z,5.94957,4.460584422035481,10.41015442203548,0,0.245406,FALSE,TRUE,FALSE
LD,2024-06-06T08:00:00Z,7.606397,2.794604454184614,10.401001454184614,0,0.235981,FALSE,TRUE,FALSE
LD,2024-06-06T08:30:00Z,3.005045,7.468778952362386,10.473823952362386,0,0.322718,FALSE,TRUE,FALSE
LD,2024-06-06T09:00:00Z,6.512251,3.999065044581129,10.511316044581129,0,0.345929,FALSE,TRUE,FALSE
LD,2024-06-06T09:30:00Z,1.4476558000000002,8.961107294839886,10.408763094839886,0.00541612,0.351326,FALSE,TRUE,FALSE
LD,2024-06-06T10:00:00Z,6.99645,3.3074355553841555,10.303885555384156,0.769261,0.270254,FALSE,TRUE,FALSE
LD,2024-06-07T01:30:00Z,9.128490999999999,1.5755761818961052,10.704067181896104,4.68603,0.550051,FALSE,TRUE,FALSE
LD,2024-06-07T02:00:00Z,5.827394,4.775635697234959,10.603029697234959,0.289216,0.507712,FALSE,TRUE,FALSE
LD,2024-06-07T02:30:00Z,5.312016,5.242665102042643,10.554681102042643,0.00236265,0.481406,FALSE,TRUE,FALSE
LD,2024-06-07T03:00:00Z,8.368403899999999,2.0729909896347056,10.441394889634704,0,0.517164,FALSE,TRUE,FALSE
LD,2024-06-07T04:00:00Z,7.557917,2.6366869847190735,10.194603984719073,0,0.244968,FALSE,TRUE,FALSE
LD,2024-06-07T05:00:00Z,13.525030000000001,-3.4822182225897063,10.042811777410295,0,0.584353,TRUE,FALSE,FALSE
LD,2024-06-07T05:30:00Z,4.74116,5.119039404946883,9.860199404946883,0,0.403319,FALSE,TRUE,FALSE
LD,2024-06-07T06:30:00Z,6.7452760000000005,2.9988170338695728,9.744093033869573,0,0.342466,FALSE,TRUE,FALSE
LD,2024-06-07T07:00:00Z,6.8983620000000005,2.8200110448421007,9.718373044842101,0,0.316565,FALSE,TRUE,FALSE
LD,2024-06-07T07:30:00Z,6.408513999999999,3.2254364069218004,9.6339504069218,0,0.29618,FALSE,TRUE,FALSE
LD,2024-06-07T09:00:00Z,5.590231,3.873873628267897,9.464104628267897,0,0.231538,FALSE,TRUE,FALSE
LD,2024-06-07T09:30:00Z,5.1246772,4.395712078958787,9.520389278958787,0.00767053,0.266633,FALSE,TRUE,FALSE
LD,2024-06-08T02:00:00Z,6.112986290384616,4.066491941654772,10.179478232039388,0.680986,0.166197,FALSE,TRUE,FALSE
LD,2024-06-08T02:30:00Z,16.935950000000002,-7.056225714573364,9.879724285426638,0.00589737,0.325692,TRUE,FALSE,FALSE
LD,2024-06-08T03:00:00Z,3.6766769999999998,5.938969343155355,9.615646343155355,0,0.239204,FALSE,TRUE,FALSE
LD,2024-06-08T06:30:00Z,9.784177,-0.5363817065247289,9.24779529347527,0,0.235453,TRUE,FALSE,FALSE
LD,2024-06-09T02:00:00Z,7.776814668421053,1.2864397342483835,9.063254402669436,0.620685,0.285785,FALSE,TRUE,FALSE
LD,2024-06-09T02:30:00Z,40.59646,-31.60352146829578,8.992938531704219,0.00519644,0.24991,TRUE,FALSE,FALSE
LD,2024-06-09T03:00:00Z,43.34113,-34.30265838454035,9.038471615459652,0,0.38773,TRUE,FALSE,FALSE
LD,2024-06-09T04:30:00Z,11.87482,-3.1194275748082116,8.755392425191788,0,0.294409,TRUE,FALSE,FALSE
LD,2024-06-09T05:00:00Z,-9.277877,18.04206910764298,8.764192107642979,0,0.300205,FALSE,TRUE,FALSE
LD,2024-06-09T05:30:00Z,-5.8206,14.461785371525405,8.641185371525406,0,0.231356,FALSE,TRUE,FALSE
LD,2024-06-09T06:30:00Z,9.181086431578947,-0.7038895339811759,8.477196897597771,0,0.100355,TRUE,FALSE,FALSE
LD,2024-06-09T07:00:00Z,9.334524482352942,-0.9439559811895144,8.390568501163427,0,0.0924919,TRUE,FALSE,FALSE
LD,2024-06-09T08:00:00Z,5.38158,3.188747349172216,8.570327349172215,0,0.300957,FALSE,TRUE,FALSE
LD,2024-06-09T08:30:00Z,9.181086431578947,-0.7344305105970754,8.446655920981872,0,0.212689,TRUE,FALSE,FALSE
LD,2024-06-09T09:00:00Z,18.01081,-9.534875654936496,8.475934345063504,0,0.259185,TRUE,FALSE,FALSE
LD,2024-06-09T09:30:00Z,18.052300000000002,-9.487232147998489,8.565067852001514,0.00514467,0.289013,TRUE,FALSE,FALSE
LD,2024-06-09T10:00:00Z,-2.10708,10.720254635195905,8.613174635195906,0.568573,0.283998,FALSE,TRUE,FALSE
LD,2024-06-09T13:00:00Z,44.12652,-34.94097973784673,9.185540262153266,387.79,0.528671,TRUE,FALSE,FALSE
LD,2024-06-10T01:30:00Z,8.025921315,1.1686118092657782,9.194533124265778,7.56432,0.636598,FALSE,TRUE,FALSE
LD,2024-06-10T04:30:00Z,9.181086431578947,-1.1157125955316527,8.065373836047295,0,0.579681,TRUE,FALSE,FALSE
LD,2024-06-10T05:00:00Z,9.334524482352942,-1.3631218956162892,7.9714025867366525,0,0.604837,TRUE,FALSE,FALSE
LD,2024-06-10T06:00:00Z,4.876699016666667,2.9227370887625366,7.799436105429203,0,0.516435,FALSE,TRUE,FALSE
LD,2024-06-10T06:30:00Z,4.854155545454545,2.892561933214229,7.746717478668774,0,0.472674,FALSE,TRUE,FALSE
LD,2024-06-10T07:00:00Z,4.854155545454545,2.884799748198212,7.738955293652757,0,0.404449,FALSE,TRUE,FALSE
LD,2024-06-10T07:30:00Z,4.854155545454545,2.858863019967349,7.713018565421894,0,0.345896,FALSE,TRUE,FALSE
LD,2024-06-10T08:00:00Z,4.224589222222222,3.46882179971806,7.693411021940282,0,0.345244,FALSE,TRUE,FALSE
LD,2024-06-10T08:30:00Z,4.224589222222222,3.4262583023660422,7.650847524588264,0,0.277873,FALSE,TRUE,FALSE
LD,2024-06-10T09:00:00Z,4.224589222222222,3.404061187235655,7.628650409457877,0,0.345141,FALSE,TRUE,FALSE
LD,2024-06-10T09:30:00Z,4.435935,3.123924850792319,7.559859850792319,0.00792817,0.332702,FALSE,TRUE,FALSE
LD,2024-06-10T10:00:00Z,8.448085907692308,-1.078344823833687,7.369741083858621,0.937161,0.358381,TRUE,FALSE,FALSE
LD,2024-06-10T10:30:00Z,8.08115265467626,-0.8158330570812504,7.265319597595009,11.6629,0.310758,TRUE,FALSE,FALSE
LD,2024-06-11T02:00:00Z,14.511953285714286,-5.785540922206449,8.726412363507837,NA,NA,TRUE,FALSE,FALSE
LD,2024-06-11T02:30:00Z,23.57248275,-14.956201401584359,8.61628134841564,NA,NA,TRUE,FALSE,FALSE
LD,2024-06-11T03:00:00Z,29.771287333333333,-21.257603184670465,8.513684148662868,NA,NA,TRUE,FALSE,FALSE
LD,2024-06-11T03:30:00Z,19.23391,-10.813204920722873,8.420705079277129,NA,NA,TRUE,FALSE,FALSE
LD,2024-06-11T04:00:00Z,10.3276265,-1.9954256449710979,8.332200855028901,NA,NA,TRUE,FALSE,FALSE
LD,2024-06-11T04:30:00Z,9.167186333333333,-0.9154842188438757,8.251702114489458,NA,NA,TRUE,FALSE,FALSE
LD,2024-06-11T05:00:00Z,9.167186333333333,-0.9789217214759773,8.188264611857356,NA,NA,TRUE,FALSE,FALSE
LD,2024-06-11T05:30:00Z,9.167186333333333,-1.034030057066655,8.133156276266678,NA,NA,TRUE,FALSE,FALSE
LD,2024-06-11T06:00:00Z,10.123156999999999,-2.0317578994148846,8.091399100585114,NA,NA,TRUE,FALSE,FALSE
LD,2024-06-11T06:30:00Z,10.168751,-2.1171418832017164,8.051609116798284,NA,NA,TRUE,FALSE,FALSE
LD,2024-06-11T08:00:00Z,8.540837,-0.6179733424502727,7.922863657549727,NA,NA,TRUE,FALSE,FALSE
LD,2024-06-11T08:30:00Z,9.8884918875,-2.005675075697651,7.88281681180235,NA,NA,TRUE,FALSE,FALSE
LD,2024-06-12T04:30:00Z,10.623284,-2.3022338090740693,8.32105019092593,0,0.288876,TRUE,FALSE,FALSE
LD,2024-06-12T05:00:00Z,10.031968999999998,-1.7525931745304995,8.279375825469499,0,0.357109,TRUE,FALSE,FALSE
LD,2024-06-12T05:30:00Z,6.846306,1.4294689877619788,8.275774987761979,0,0.27867,FALSE,TRUE,FALSE
LD,2024-06-12T07:00:00Z,13.491196,-5.277028039166201,8.2141679608338,0,0.241963,TRUE,FALSE,FALSE
LD,2024-06-12T08:30:00Z,8.82824991904762,-0.8486995882470705,7.979550330800549,0,0.12949,TRUE,FALSE,FALSE
LD,2024-06-12T10:00:00Z,6.112721,1.9329304532110525,8.045651453211052,0.524177,0.261695,FALSE,TRUE,FALSE
LD,2024-06-13T01:30:00Z,7.158406663636364,2.022225539049102,9.180632202685466,5.74227,0.115203,FALSE,TRUE,FALSE
LD,2024-06-13T02:00:00Z,7.011471408333334,2.069414653663502,9.080886061996836,0.332758,0.15753,FALSE,TRUE,FALSE
LD,2024-06-13T02:30:00Z,5.376271999999999,3.6296296623653523,9.005901662365352,0.00216935,0.244366,FALSE,TRUE,FALSE
LD,2024-06-13T03:00:00Z,6.7423776906976745,2.226292506071827,8.968670196769502,0,0.165753,FALSE,TRUE,FALSE
LD,2024-06-13T03:30:00Z,6.692280064285715,2.220714800259099,8.912994864544814,0,0.161093,FALSE,TRUE,FALSE
LD,2024-06-13T04:00:00Z,6.654291760465116,2.240790663605215,8.895082424070331,0,0.208049,FALSE,TRUE,FALSE
LD,2024-06-13T04:30:00Z,3.591494,5.2860623980407455,8.877556398040745,0,0.249514,FALSE,TRUE,FALSE
LD,2024-06-13T05:00:00Z,6.722656458536585,2.0792372870329565,8.801893745569542,0,0.198428,FALSE,TRUE,FALSE
LD,2024-06-13T05:30:00Z,9.74566,-0.8401819893033018,8.905478010696699,0,0.274869,TRUE,FALSE,FALSE
LD,2024-06-13T06:00:00Z,5.679709,3.241324349466306,8.921033349466306,0,0.260861,FALSE,TRUE,FALSE
LD,2024-06-13T06:30:00Z,9.410378000000001,-0.5244862639438139,8.885891736056188,0,0.344889,TRUE,FALSE,FALSE
LD,2024-06-13T07:00:00Z,2.4263899999999996,6.370395599023926,8.796785599023925,0,0.351044,FALSE,TRUE,FALSE
LD,2024-06-13T07:30:00Z,6.99147,1.6727113267211617,8.664181326721161,0,0.303267,FALSE,TRUE,FALSE
LD,2024-06-13T08:00:00Z,4.572469999999999,4.122629722165019,8.695099722165018,0,0.296755,FALSE,TRUE,FALSE
LD,2024-06-13T10:00:00Z,5.214977,3.3032508251499246,8.518227825149925,0.609101,0.384473,FALSE,TRUE,FALSE
LD,2024-06-14T01:30:00Z,9.341709999999999,-0.8585251242172749,8.483184875782724,12.4327,0.158443,TRUE,FALSE,FALSE
LD,2024-06-14T02:00:00Z,13.670029,-5.347436039589345,8.322592960410654,0.996091,0.295442,TRUE,FALSE,FALSE
LD,2024-06-14T02:30:00Z,6.579791123076923,1.624338426610171,8.204129549687094,0.0108263,0.193802,FALSE,TRUE,FALSE
LD,2024-06-14T03:00:00Z,6.628327394594595,1.414459238249603,8.042786632844198,0,0.11229600000000001,FALSE,TRUE,FALSE
LD,2024-06-14T03:30:00Z,6.550737135294118,1.3739425442622641,7.924679679556382,0,0.225545,FALSE,TRUE,FALSE
LD,2024-06-14T04:00:00Z,6.357004159375,1.4781574118849505,7.835161571259951,0,0.150315,FALSE,TRUE,FALSE
LD,2024-06-14T04:30:00Z,-2.297444,10.000359814945265,7.702915814945264,0,0.254491,FALSE,TRUE,FALSE
LD,2024-06-14T05:00:00Z,5.897989804545454,1.741852751661182,7.639842556206636,0,0.202699,FALSE,TRUE,FALSE
LD,2024-06-14T05:30:00Z,5.752029422222222,1.678484017405145,7.430513439627367,0,0.107002,FALSE,TRUE,FALSE
LD,2024-06-14T07:00:00Z,10.46879661,-3.624441081048854,6.844355528951146,0,0.0767124,TRUE,FALSE,FALSE
LD,2024-06-14T09:00:00Z,10.860638,-3.9804026634947745,6.880235336505225,0,0.0773144,TRUE,FALSE,FALSE
LD,2024-06-14T09:30:00Z,10.444801658823529,-3.679184121504142,6.765617537319387,0.0155807,0.0954988,TRUE,FALSE,FALSE
LD,2024-06-14T10:00:00Z,10.149568421052631,-3.4866483391065755,6.662920081946056,1.27111,0.160023,TRUE,FALSE,FALSE
LD,2024-06-14T10:30:00Z,9.485216941176471,-3.0079271459261845,6.477289795250287,16.9357,0.148169,TRUE,FALSE,FALSE
LD,2024-06-15T02:30:00Z,5.87050605,1.4022636231169772,7.2727696731169775,0.00891115,0.180082,FALSE,TRUE,FALSE
LD,2024-06-15T03:00:00Z,6.0248051625,1.131260392977862,7.156065555477862,4.33921e-5,0.180707,FALSE,TRUE,FALSE
LD,2024-06-15T03:30:00Z,6.029976682352941,1.0442382646229476,7.074214946975888,0,0.276079,FALSE,TRUE,FALSE
LD,2024-06-15T06:00:00Z,12.745291153846154,-6.220324342488478,6.524966811357675,0,0.119065,TRUE,FALSE,FALSE
LD,2024-06-15T06:30:00Z,12.745291153846154,-6.22556485406987,6.519726299776283,0,0.154683,TRUE,FALSE,FALSE
LD,2024-06-15T07:00:00Z,12.992050666666668,-6.4799854351130595,6.512065231553608,0,0.0957762,TRUE,FALSE,FALSE
LD,2024-06-15T07:30:00Z,11.733302923076923,-5.299050903801535,6.434252019275388,0,0.106316,TRUE,FALSE,FALSE
LD,2024-06-15T08:00:00Z,12.166942,-5.914616789375538,6.252325210624463,0,0.115372,TRUE,FALSE,FALSE
LD,2024-06-15T08:30:00Z,10.577913500000001,-4.4109094214249875,6.1670040785750135,0,0.0955298,TRUE,FALSE,FALSE
LD,2024-06-15T09:00:00Z,10.577913500000001,-4.508310672106343,6.069602827893658,1.77266e-4,0.128519,TRUE,FALSE,FALSE
LD,2024-06-15T09:30:00Z,11.08717209090909,-5.24531873608717,5.841853354821921,0.0169594,0.0604402,TRUE,FALSE,FALSE
LD,2024-06-15T10:00:00Z,11.08717209090909,-5.236428428566027,5.8507436623430635,1.45822,0.0797804,TRUE,FALSE,FALSE
LD,2024-06-16T02:30:00Z,8.700227,-1.155492415376032,7.544734584623968,0.00444004,0.42658,TRUE,FALSE,FALSE
LD,2024-06-16T03:00:00Z,12.676,-5.16370538642384,7.51229461357616,0,0.292377,TRUE,FALSE,FALSE
LD,2024-06-16T03:30:00Z,8.411271686956521,-1.0305311771678562,7.380740509788665,0,0.177514,TRUE,FALSE,FALSE
LD,2024-06-16T04:00:00Z,8.529905612195122,-1.2412046430929795,7.288700969102143,0,0.163708,TRUE,FALSE,FALSE
LD,2024-06-16T04:30:00Z,8.542414607894738,-1.3230262275445908,7.219388380350147,0,0.181566,TRUE,FALSE,FALSE
LD,2024-06-16T05:00:00Z,5.6305201,1.595455185869728,7.225975285869728,0,0.232278,FALSE,TRUE,FALSE
LD,2024-06-16T05:30:00Z,8.768653207692308,-1.5658425441113257,7.2028106635809825,0,0.197869,TRUE,FALSE,FALSE
LD,2024-06-16T07:00:00Z,5.462021,1.5993450364933652,7.061366036493365,0,0.302214,FALSE,TRUE,FALSE
LD,2024-06-16T07:30:00Z,4.847829,2.1818849440778854,7.029713944077885,0,0.267288,FALSE,TRUE,FALSE
LD,2024-06-16T08:00:00Z,5.017547,1.959464878911695,6.9770118789116955,0,0.289891,FALSE,TRUE,FALSE
LD,2024-06-16T08:30:00Z,5.755111,1.1853889626428025,6.940499962642803,0,0.401229,FALSE,TRUE,FALSE
LD,2024-06-16T09:30:00Z,4.164623000000001,2.676996699183597,6.841619699183598,0.00412249,0.382994,FALSE,TRUE,FALSE
LD,2024-06-16T10:00:00Z,4.8962520000000005,1.8997568878473592,6.79600888784736,0.527872,0.293852,FALSE,TRUE,FALSE
LD,2024-06-16T10:30:00Z,4.134710999999999,2.6129706691396253,6.747681669139625,7.19769,0.258243,FALSE,TRUE,FALSE
LD,2024-06-17T01:30:00Z,10.254294,-1.8946141081819068,8.359679891818093,8.90444,0.258506,TRUE,FALSE,FALSE
LD,2024-06-17T02:00:00Z,8.898354999999999,-0.539229644989895,8.359125355010104,1.33474,0.566295,TRUE,FALSE,FALSE
LD,2024-06-17T02:30:00Z,10.97617,-2.726076358760782,8.250093641239218,0.0104974,0.370706,TRUE,FALSE,FALSE
LD,2024-06-17T03:00:00Z,10.346822,-2.242307555437188,8.104514444562811,0,0.365775,TRUE,FALSE,FALSE
LD,2024-06-17T03:30:00Z,8.776248,-0.8568711952184866,7.919376804781514,0,0.421239,TRUE,FALSE,FALSE
LD,2024-06-17T04:00:00Z,9.654271,-1.8211017288747389,7.833169271125261,0,0.384117,TRUE,FALSE,FALSE
LD,2024-06-17T06:00:00Z,6.490514999999999,1.0158198506851805,7.50633485068518,0,0.331989,FALSE,TRUE,FALSE
LD,2024-06-17T06:30:00Z,5.276866,2.21768242125738,7.49454842125738,0,0.31728,FALSE,TRUE,FALSE
LD,2024-06-17T07:00:00Z,6.359276,1.1174903876406859,7.476766387640686,0,0.350319,FALSE,TRUE,FALSE
LD,2024-06-17T07:30:00Z,5.870545,1.5525539671414492,7.423098967141449,0,0.336746,FALSE,TRUE,FALSE
LD,2024-06-17T08:00:00Z,6.162805,1.2413907841132845,7.404195784113284,0,0.42043,FALSE,TRUE,FALSE
LD,2024-06-17T08:30:00Z,6.305219,1.0868817111222455,7.392100711122246,0,0.377749,FALSE,TRUE,FALSE
LD,2024-06-17T09:00:00Z,2.7506173,4.622265257493102,7.372882557493102,0,0.493644,FALSE,TRUE,FALSE
LD,2024-06-17T09:30:00Z,10.806303000000002,-3.4323678046254518,7.37393519537455,0.00824671,0.584427,TRUE,FALSE,FALSE
LD,2024-06-18T02:00:00Z,5.705071,2.648156544171666,8.353227544171666,0.619155,0.308452,FALSE,TRUE,FALSE
LD,2024-06-18T02:30:00Z,13.84002,-5.601629908177745,8.238390091822255,0.00537223,0.241596,TRUE,FALSE,FALSE
LD,2024-06-18T05:30:00Z,5.282430000000001,2.914644573146144,8.197074573146145,0,0.446056,FALSE,TRUE,FALSE
LD,2024-06-18T06:00:00Z,8.712153221538461,-0.8502988683194186,7.861854353219043,0,0.592385,TRUE,FALSE,FALSE
LD,2024-06-18T06:30:00Z,-19.085279999999997,27.03048088167808,7.945200881678085,0,0.281619,FALSE,TRUE,FALSE
LD,2024-06-18T07:00:00Z,-4.7919,12.876560632916917,8.084660632916917,0,0.286731,FALSE,TRUE,FALSE
LD,2024-06-18T07:30:00Z,9.36279,-1.285192255320693,8.077597744679307,0,0.237945,TRUE,FALSE,FALSE
LD,2024-06-18T08:00:00Z,12.151803000000001,-4.042565385657115,8.109237614342886,0,0.268839,TRUE,FALSE,FALSE
LD,2024-06-18T09:00:00Z,8.842379844444444,-0.7910363872240929,8.051343457220351,0,0.157056,TRUE,FALSE,FALSE
LD,2024-06-18T09:30:00Z,10.185110199999999,-2.1280869909995097,8.057023209000489,0.00421914,0.291594,TRUE,FALSE,FALSE
LD,2024-06-18T10:00:00Z,6.360465,1.7024849966195834,8.062949996619583,0.584259,0.258511,FALSE,TRUE,FALSE
LD,2024-06-18T10:30:00Z,14.089849000000001,-5.960035199221268,8.129813800778733,12.0185,0.3497,TRUE,FALSE,FALSE
LD,2024-06-19T02:00:00Z,7.593997,1.7249692713982299,9.31896627139823,2.11007,0.343262,FALSE,TRUE,FALSE
LD,2024-06-19T02:30:00Z,7.808644999999999,1.4734275078264618,9.282072507826461,0.00884064,0.328889,FALSE,TRUE,FALSE
LD,2024-06-19T04:00:00Z,10.295063,-0.9647635211173498,9.330299478882651,0,0.476176,TRUE,FALSE,FALSE
LD,2024-06-19T04:30:00Z,7.182396000000001,2.1254601987406883,9.307856198740689,0,0.398083,FALSE,TRUE,FALSE
LD,2024-06-19T05:00:00Z,10.300468,-1.0623436367158074,9.238124363284193,0,0.345275,TRUE,FALSE,FALSE
LD,2024-06-19T05:30:00Z,8.1164591,1.1095912533039822,9.226050353303982,0,0.377165,FALSE,TRUE,FALSE
LD,2024-06-19T09:00:00Z,8.216407,1.0626576386831381,9.279064638683138,0,0.51789,FALSE,TRUE,FALSE
LD,2024-06-19T09:30:00Z,10.7045809,-1.407071382788006,9.297509517211994,0.0035192,0.490226,TRUE,FALSE,FALSE
LD,2024-06-19T10:00:00Z,7.682067000000001,1.6840076179161558,9.366074617916157,0.652955,0.465923,FALSE,TRUE,FALSE
LD,2024-06-19T10:30:00Z,10.27086,-0.9007127187740327,9.370147281225968,6.60603,0.46112,TRUE,FALSE,FALSE
LD,2024-06-20T01:30:00Z,9.04556362,1.1041535177072372,10.149717137707237,7.25867,0.171204,FALSE,TRUE,FALSE
LD,2024-06-20T02:00:00Z,8.151451264444445,1.6770001923749582,9.828451456819403,0.427496,0.0292355,FALSE,TRUE,FALSE
LD,2024-06-20T02:30:00Z,8.020767658,1.792744949512894,9.813512607512894,0.00307344,0.133545,FALSE,TRUE,FALSE
LD,2024-06-20T03:00:00Z,15.940160000000002,-5.835158624729578,10.105001375270424,0,0.305549,TRUE,FALSE,FALSE
LD,2024-06-20T03:30:00Z,21.003410000000002,-11.046967450841338,9.956442549158664,0,0.547934,TRUE,FALSE,FALSE
LD,2024-06-20T04:00:00Z,5.058783,4.473968917858368,9.532751917858368,0,0.373157,FALSE,TRUE,FALSE
LD,2024-06-21T01:30:00Z,9.122003602083334,1.3951661607830665,10.5171697628664,9.52821,0.178757,FALSE,TRUE,FALSE
LD,2024-06-21T03:30:00Z,8.84411171451613,1.253718537036761,10.09783025155289,0,0.129533,FALSE,TRUE,FALSE
LD,2024-06-21T04:00:00Z,8.944625943939394,1.0638747878074515,10.008500731746846,0,0.0881744,FALSE,TRUE,FALSE
LD,2024-06-21T08:00:00Z,8.459577494,1.1041539862347047,9.563731480234704,0,0.0942528,FALSE,TRUE,FALSE
LD,2024-06-21T09:00:00Z,8.343003544444445,1.1312686364678424,9.474272180912287,0,0.102125,FALSE,TRUE,FALSE
LD,2024-06-21T09:30:00Z,8.343003544444445,1.1409503022115217,9.483953846655966,0.0060172,0.147647,FALSE,TRUE,FALSE
LD,2024-06-21T10:00:00Z,8.085211645714287,1.3874488328499321,9.472660478564219,0.636481,0.0685562,FALSE,TRUE,FALSE
LD,2024-06-21T10:30:00Z,8.375976694117647,1.0454995969614629,9.42147629107911,9.93277,0.148738,FALSE,TRUE,FALSE
LD,2024-06-22T01:30:00Z,7.972324497619048,3.258455688745566,11.230780186364614,9.71968,0.137032,FALSE,TRUE,FALSE
LD,2024-06-22T02:00:00Z,9.500857627619046,1.4395377512800973,10.940395378899144,0.641909,0.131828,FALSE,TRUE,FALSE
LD,2024-06-22T02:30:00Z,9.659627040967742,1.0665328301225347,10.726159871090276,0.00632932,0.034055,FALSE,TRUE,FALSE
LD,2024-06-22T03:00:00Z,8.933744206666667,1.680526661985306,10.614270868651973,0,0.037635,FALSE,TRUE,FALSE
LD,2024-06-22T03:30:00Z,9.170999452,1.34008064978401,10.51108010178401,0,0.0560017,FALSE,TRUE,FALSE
LD,2024-06-22T04:30:00Z,9.478168692,1.0272862041622322,10.505454896162233,0,0.121458,FALSE,TRUE,FALSE
LD,2024-06-22T07:30:00Z,9.461135742222222,1.0047953883960243,10.465931130618246,0,0.0684984,FALSE,TRUE,FALSE
LD,2024-06-22T08:30:00Z,6.178007,4.429935083081655,10.607942083081655,0,0.277732,FALSE,TRUE,FALSE
LD,2024-06-22T09:30:00Z,7.6489400000000005,3.020020274501751,10.668960274501751,0.00275934,0.254774,FALSE,TRUE,FALSE
LD,2024-06-22T10:00:00Z,26.46201,-15.705722377339114,10.756287622660885,0.3182,0.256194,TRUE,FALSE,FALSE
LD,2024-06-22T10:30:00Z,9.333892579142857,1.5407068835375224,10.87459946268038,5.32969,0.211693,FALSE,TRUE,FALSE
LD,2024-06-22T20:30:00Z,15.40336,-4.049733052015217,11.353626947984782,86.7461,0.463151,TRUE,FALSE,FALSE
LD,2024-06-23T00:30:00Z,9.675743508709678,1.6506535999156995,11.326397108625377,9.81695,0.137954,FALSE,TRUE,FALSE
LD,2024-06-23T01:00:00Z,9.362077587536232,1.8482499920425575,11.21032757957879,1.20616,0.343617,FALSE,TRUE,FALSE
LD,2024-06-23T01:30:00Z,9.57255062520548,1.5237084237887792,11.09625904899426,0.372592,0.0649962,FALSE,TRUE,FALSE
LD,2024-06-23T02:00:00Z,9.73288085620253,1.3085016558888753,11.041382512091406,0.0725611,0.211766,FALSE,TRUE,FALSE
LD,2024-06-23T03:00:00Z,22.26841,-11.198953664499776,11.069456335500224,0,0.270487,TRUE,FALSE,FALSE
LD,2024-06-23T03:30:00Z,47.826660000000004,-36.713365395542276,11.113294604457726,0,0.355345,TRUE,FALSE,FALSE
LD,2024-06-23T05:30:00Z,17.36572,-6.378812308193423,10.986907691806577,0,0.484748,TRUE,FALSE,FALSE
LD,2024-06-23T06:00:00Z,9.88597,1.0266120039790376,10.912582003979038,0,0.606581,FALSE,TRUE,FALSE
LD,2024-06-23T06:30:00Z,15.469607,-4.606420826237445,10.863186173762555,0,0.662794,TRUE,FALSE,FALSE
LD,2024-06-23T07:00:00Z,12.78236,-1.945347952585145,10.837012047414856,0,0.64104,TRUE,FALSE,FALSE
LD,2024-06-23T07:30:00Z,21.48651,-10.567430628409692,10.919079371590307,0,0.69924,TRUE,FALSE,FALSE
LD,2024-06-23T08:00:00Z,6.70487,4.2281794171041085,10.933049417104108,0,0.631385,FALSE,TRUE,FALSE
LD,2024-06-23T08:30:00Z,3.676212,7.216342927307224,10.892554927307224,0,0.60982,FALSE,TRUE,FALSE
LD,2024-06-23T09:30:00Z,-12.15942,22.895551386372667,10.736131386372666,2.29291e-5,0.472175,FALSE,TRUE,FALSE
LD,2024-06-23T10:30:00Z,9.17581,1.2364411680783416,10.412251168078342,2.49169,0.563364,FALSE,TRUE,FALSE
LD,2024-06-23T11:30:00Z,16.9453,-6.6619933556006234,10.283306644399376,27.4713,0.418298,TRUE,FALSE,FALSE
LD,2024-06-24T04:30:00Z,20.14371,-9.787959161753465,10.355750838246534,0.00770234,0.564899,TRUE,FALSE,FALSE
LD,2024-06-24T05:00:00Z,-1.68195,11.644789109627627,9.962839109627627,0,0.236392,FALSE,TRUE,FALSE
LD,2024-06-24T05:30:00Z,7.749947885714286,2.233119078524278,9.983066964238564,0,0.0912948,FALSE,TRUE,FALSE
LD,2024-06-24T06:00:00Z,7.988804025,1.9824845347366828,9.971288559736683,0,0.0634156,FALSE,TRUE,FALSE
LD,2024-06-24T06:30:00Z,7.988804025,1.9251339329039308,9.913937957903931,0,0.0506776,FALSE,TRUE,FALSE
LD,2024-06-24T07:00:00Z,7.988804025,1.7631625673811264,9.751966592381127,6.80465e-5,0.114203,FALSE,TRUE,FALSE
LD,2024-06-24T07:30:00Z,6.252388885714286,3.464831863275881,9.717220748990167,9.81252e-5,0.014858,FALSE,TRUE,FALSE
LD,2024-06-24T08:00:00Z,6.252388885714286,3.3898303275693653,9.642219213283651,2.34219e-5,0.0831555,FALSE,TRUE,FALSE
LD,2024-06-24T08:30:00Z,6.252388885714286,3.440444563841906,9.692833449556192,0,0.160235,FALSE,TRUE,FALSE
LD,2024-06-24T09:00:00Z,6.252388885714286,3.3664950296794345,9.61888391539372,1.45216e-4,0.0763392,FALSE,TRUE,FALSE
LD,2024-06-24T09:30:00Z,6.252388885714286,3.3534191283564176,9.605808014070703,0.00667843,0.0750024,FALSE,TRUE,FALSE
LD,2024-06-24T10:00:00Z,6.252388885714286,3.4060190547380635,9.65840794045235,0.671854,0.0998179,FALSE,TRUE,FALSE
LD,2024-06-24T10:30:00Z,6.252388885714286,3.330590317245173,9.582979202959459,9.35595,0.0772126,FALSE,TRUE,FALSE
LD,2024-06-25T02:00:00Z,10.568329182424241,1.5430759079307528,12.111405090354994,0.765134,0.056537,FALSE,TRUE,FALSE
LD,2024-06-25T06:00:00Z,9.013147,2.792493236749941,11.805640236749941,0,0.273406,FALSE,TRUE,FALSE
LD,2024-06-25T06:30:00Z,9.544973,2.3044827987068164,11.849455798706817,0,0.349524,FALSE,TRUE,FALSE
LD,2024-06-25T07:00:00Z,9.926548,1.9212049092662316,11.847752909266232,0,0.240558,FALSE,TRUE,FALSE
LD,2024-06-25T07:30:00Z,13.470559999999999,-1.3665813752046887,12.10397862479531,0,0.34452700000000003,TRUE,FALSE,FALSE
LD,2024-06-25T08:00:00Z,9.376007999999999,2.7694835732060383,12.145491573206037,0,0.31779,FALSE,TRUE,FALSE
LD,2024-06-25T08:30:00Z,10.8128008,1.4018606383663492,12.214661438366349,0,0.352821,FALSE,TRUE,FALSE
LD,2024-06-25T09:30:00Z,3.460161,8.858165623329459,12.318326623329458,6.49155e-4,0.570513,FALSE,TRUE,FALSE
LD,2024-06-25T10:00:00Z,17.611251,-5.223984603908718,12.387266396091281,0.0181652,0.757776,TRUE,FALSE,FALSE
LD,2024-06-25T10:30:00Z,-30.641980000000004,42.46929771214043,11.82731771214043,0.019667,0.59344,FALSE,TRUE,FALSE
LD,2024-06-25T11:00:00Z,10.262437554347827,1.3747526200169151,11.637190174364742,0.108048,0.473881,FALSE,TRUE,FALSE
LD,2024-06-25T11:30:00Z,10.546015277777778,1.0769505954876397,11.622965873265418,0.466705,0.38435,FALSE,TRUE,FALSE
LD,2024-06-25T12:30:00Z,7.8481000000000005,3.785987481557944,11.634087481557945,2.17328,0.401878,FALSE,TRUE,FALSE
LD,2024-06-25T13:00:00Z,18.88798,-7.260038561874623,11.627941438125376,3.58225,0.514631,TRUE,FALSE,FALSE
LD,2024-06-25T13:30:00Z,13.1644,-1.6298740900619535,11.534525909938047,19.6794,0.525505,TRUE,FALSE,FALSE
LD,2024-06-26T02:30:00Z,10.214691227692308,2.223964055759657,12.438655283451965,0.0254154,0.185133,FALSE,TRUE,FALSE
LD,2024-06-26T03:00:00Z,10.95170601473684,1.3882504610847715,12.339956475821612,0,0.163141,FALSE,TRUE,FALSE
LD,2024-06-26T03:30:00Z,13.1986849,-0.9183309727811793,12.28035392721882,0,0.298467,TRUE,FALSE,FALSE
LD,2024-06-26T04:00:00Z,11.075085058181818,1.1237726682828022,12.19885772646462,0,0.202563,FALSE,TRUE,FALSE
LD,2024-06-26T04:30:00Z,13.890058999999999,-1.7562749355475678,12.133784064452431,0,0.252174,TRUE,FALSE,FALSE
LD,2024-06-26T05:00:00Z,13.539083999999999,-1.4791813114701036,12.059902688529895,0,0.278774,TRUE,FALSE,FALSE
LD,2024-06-26T05:30:00Z,10.830305233428572,1.1280752719307703,11.958380505359342,0,0.189993,FALSE,TRUE,FALSE
LD,2024-06-26T08:00:00Z,10.075823036363637,1.4877722384902423,11.56359527485388,0,0.122094,FALSE,TRUE,FALSE
LD,2024-06-26T08:30:00Z,10.418121735849056,1.1093967829141427,11.527518518763198,0,0.172341,FALSE,TRUE,FALSE
LD,2024-06-26T09:00:00Z,12.621220000000001,-1.0407336239499294,11.580486376050072,0,0.300327,TRUE,FALSE,FALSE
LD,2024-06-26T09:30:00Z,12.690378,-1.0842376152323308,11.60614038476767,0.014453,0.262901,TRUE,FALSE,FALSE
LD,2024-06-26T10:30:00Z,10.462119774193548,1.1034844703796747,11.565604244573223,7.2134,0.162774,FALSE,TRUE,FALSE
LD,2024-06-26T11:00:00Z,15.468742,-3.8854936532734854,11.583248346726515,19.74,0.133452,TRUE,FALSE,FALSE
LD,2024-06-27T02:00:00Z,15.860389000000001,-4.256666535383017,11.603722464616984,1.47342,0.332248,TRUE,FALSE,FALSE
LD,2024-06-27T02:30:00Z,10.01270969512195,1.2969849936782776,11.309694688800228,0.0230651,0.251192,FALSE,TRUE,FALSE
LD,2024-06-27T03:00:00Z,9.949489989285714,1.1424326936300702,11.091922682915785,0,0.22887,FALSE,TRUE,FALSE
LD,2024-06-27T03:30:00Z,9.751270213636364,1.2069883137797142,10.958258527416078,0,0.378294,FALSE,TRUE,FALSE
LD,2024-06-27T04:00:00Z,7.4927324941176465,3.287057365295551,10.779789859413198,0,0.317032,FALSE,TRUE,FALSE
LD,2024-06-27T04:30:00Z,7.44622826,3.152175896721877,10.598404156721877,0,0.280331,FALSE,TRUE,FALSE
LD,2024-06-27T05:00:00Z,7.128750741666667,3.3254770872492054,10.454227828915872,0,0.324328,FALSE,TRUE,FALSE
LD,2024-06-27T05:30:00Z,7.323523530769231,2.9466458030872342,10.270169333856465,0,0.275504,FALSE,TRUE,FALSE
LD,2024-06-27T06:00:00Z,6.255174658333333,3.860752618118097,10.11592727645143,0,0.280025,FALSE,TRUE,FALSE
LD,2024-06-27T06:30:00Z,6.255174658333333,3.710176507809429,9.965351166142762,0,0.276746,FALSE,TRUE,FALSE
LD,2024-06-27T07:00:00Z,5.785745633333334,4.042980314916599,9.828725948249932,0,0.237764,FALSE,TRUE,FALSE
LD,2024-06-27T08:00:00Z,6.82602845,2.7523468831973625,9.578375333197362,0,0.151159,FALSE,TRUE,FALSE
LD,2024-06-27T08:30:00Z,7.4506955,1.948071914901993,9.398767414901993,0,0.138773,FALSE,TRUE,FALSE
LD,2024-06-27T09:00:00Z,1.3796985000000004,7.904309614762026,9.284008114762026,2.40136e-4,0.107893,FALSE,TRUE,FALSE
LD,2024-06-27T09:30:00Z,1.3796985000000004,7.875173229979126,9.254871729979126,0.0104388,0.202202,FALSE,TRUE,FALSE
LD,2024-06-27T10:00:00Z,1.3796985000000004,7.816687071616618,9.196385571616618,0.947375,0.208694,FALSE,TRUE,FALSE
LD,2024-06-28T01:30:00Z,9.918091880555556,1.1322359585253974,11.050327839080953,8.29949,0.192847,FALSE,TRUE,FALSE
LD,2024-06-28T02:00:00Z,8.866275447619048,1.9175277835728028,10.78380323119185,0.632851,0.0747867,FALSE,TRUE,FALSE
LD,2024-06-28T02:30:00Z,7.026626258823529,3.5989656130546406,10.62559187187817,0.00680564,0.102591,FALSE,TRUE,FALSE
LD,2024-06-28T03:00:00Z,7.588822899999999,2.9957095787845693,10.584532478784569,0,0.119001,FALSE,TRUE,FALSE
LD,2024-06-28T03:30:00Z,7.322686707142857,3.1751328201619238,10.497819527304781,0,0.0974765,FALSE,TRUE,FALSE
LD,2024-06-28T04:00:00Z,7.323523530769231,2.951339611057488,10.27486314182672,0,0.088632,FALSE,TRUE,FALSE
LD,2024-06-28T04:30:00Z,6.255174658333333,3.7525056338465355,10.007680292179868,0,0.0700748,FALSE,TRUE,FALSE
LD,2024-06-28T05:00:00Z,6.255174658333333,3.674626897835397,9.92980155616873,0,0.0500933,FALSE,TRUE,FALSE
LD,2024-06-28T05:30:00Z,6.255174658333333,3.5730777208635427,9.828252379196876,0,0.0295614,FALSE,TRUE,FALSE
LD,2024-06-28T06:00:00Z,6.255174658333333,3.745470218401321,10.000644876734654,0,0.0862768,FALSE,TRUE,FALSE
LD,2024-06-28T06:30:00Z,6.255174658333333,3.689769130340961,9.944943788674294,0,0.0444576,FALSE,TRUE,FALSE
LD,2024-06-28T07:00:00Z,6.255174658333333,3.6676611483538473,9.92283580668718,0,0.0233558,FALSE,TRUE,FALSE
LD,2024-06-28T07:30:00Z,6.255174658333333,3.701578250286591,9.956752908619924,0,0.0499051,FALSE,TRUE,FALSE
LD,2024-06-28T08:00:00Z,6.255174658333333,3.7711890019710665,10.0263636603044,0,0.0651087,FALSE,TRUE,FALSE
LD,2024-06-28T08:30:00Z,7.323523530769231,2.7404577949818325,10.063981325751064,0,0.114397,FALSE,TRUE,FALSE
LD,2024-06-28T09:00:00Z,6.67042,3.6149448784031133,10.285364878403113,0,0.29533,FALSE,TRUE,FALSE
LD,2024-06-28T09:30:00Z,6.12707,4.254034922956997,10.381104922956997,0.00303103,0.300101,FALSE,TRUE,FALSE
LD,2024-06-28T10:00:00Z,7.800059999999999,2.62878292386599,10.42884292386599,0.268702,0.332047,FALSE,TRUE,FALSE
LD,2024-06-29T01:30:00Z,9.582548,2.411513410534001,11.994061410534,7.4827,0.601292,FALSE,TRUE,FALSE
LD,2024-06-29T02:00:00Z,7.9855066400000005,4.059901681879083,12.045408321879084,0.261449,0.614828,FALSE,TRUE,FALSE
LD,2024-06-29T02:30:00Z,7.135047699999999,4.79196939947594,11.92701709947594,0.00288385,0.519165,FALSE,TRUE,FALSE
LD,2024-06-29T03:00:00Z,8.678196,3.01639442752497,11.69459042752497,0,0.386446,FALSE,TRUE,FALSE
LD,2024-06-29T03:30:00Z,8.035014,3.5843810999680397,11.61939509996804,0,0.330555,FALSE,TRUE,FALSE
LD,2024-06-29T04:00:00Z,6.695803,4.904327683514483,11.600130683514482,0,0.297474,FALSE,TRUE,FALSE
LD,2024-06-29T04:30:00Z,5.905874,5.696516861481034,11.602390861481034,0,0.384395,FALSE,TRUE,FALSE
LD,2024-06-29T05:00:00Z,7.355943,4.238076637249897,11.594019637249897,0,0.292894,FALSE,TRUE,FALSE
LD,2024-06-29T08:30:00Z,47.3022,-35.846993180566095,11.455206819433904,0,0.376152,TRUE,FALSE,FALSE
LD,2024-06-29T09:00:00Z,29.970570000000002,-18.492286230236672,11.478283769763332,0,0.318649,TRUE,FALSE,FALSE
LD,2024-06-29T09:30:00Z,5.7137,5.789710038072351,11.503410038072351,0.0010244,0.246208,FALSE,TRUE,FALSE
LD,2024-06-29T11:00:00Z,9.962602665977013,1.4445370314565409,11.407139697433553,6.46451,0.0968685,FALSE,TRUE,FALSE
LD,2024-06-29T12:00:00Z,13.078,-1.6842041124059364,11.393795887594063,23.0427,0.191739,TRUE,FALSE,FALSE
LD,2024-06-30T01:30:00Z,7.552764,4.797514137000759,12.350278137000759,8.06076,0.280566,FALSE,TRUE,FALSE
LD,2024-06-30T02:00:00Z,10.195224,2.0537956284462737,12.249019628446273,1.00206,0.387471,FALSE,TRUE,FALSE
LD,2024-06-30T03:30:00Z,15.312346999999999,-3.318848083158276,11.993498916841723,0,0.521309,TRUE,FALSE,FALSE
LD,2024-06-30T04:00:00Z,8.052882,3.826824450265807,11.879706450265807,0,0.48845,FALSE,TRUE,FALSE
LD,2024-06-30T05:00:00Z,10.005916677721519,1.2561411797614195,11.262057857482938,0,0.520455,FALSE,TRUE,FALSE
LD,2024-06-30T05:30:00Z,9.704789913461537,1.2366948295838593,10.941484743045397,0,0.473022,FALSE,TRUE,FALSE
LD,2024-06-30T06:00:00Z,8.999707248387097,1.6056259736853136,10.60533322207241,0,0.553207,FALSE,TRUE,FALSE
LD,2024-06-30T06:30:00Z,7.3398501625,2.962346775505078,10.302196938005078,0,0.627989,FALSE,TRUE,FALSE
LD,2024-06-30T07:00:00Z,6.7932816411764705,3.3223410592708618,10.115622700447332,0,0.648264,FALSE,TRUE,FALSE
LD,2024-06-30T07:30:00Z,7.323523530769231,2.6022586392227947,9.925782169992026,0,0.477284,FALSE,TRUE,FALSE
LD,2024-06-30T08:00:00Z,6.255174658333333,3.5201589978182657,9.775333656151599,0,0.463515,FALSE,TRUE,FALSE
LD,2024-06-30T08:30:00Z,6.255174658333333,3.4190663761561204,9.674241034489453,0,0.468157,FALSE,TRUE,FALSE
LD,2024-06-30T09:00:00Z,6.255174658333333,3.3950749748777067,9.65024963321104,0,0.542625,FALSE,TRUE,FALSE
LD,2024-06-30T09:30:00Z,6.255174658333333,3.3411973231727004,9.596371981506033,0.00171374,0.595305,FALSE,TRUE,FALSE
LD,2024-06-30T10:00:00Z,5.7430800875,3.6734038565605127,9.416483944060513,0.383201,0.672699,FALSE,TRUE,FALSE
LD,2024-06-30T10:30:00Z,6.166231242857143,3.1139651441970804,9.280196387054223,7.2511,0.533709,FALSE,TRUE,FALSE
LD,2024-07-01T02:00:00Z,7.323523530769231,2.3148151946139794,9.63833872538321,1.60553,0.306146,FALSE,TRUE,FALSE
LD,2024-07-01T02:30:00Z,6.255174658333333,3.2900645316601214,9.545239189993454,0.0236568,0.242891,FALSE,TRUE,FALSE
LD,2024-07-01T03:00:00Z,6.301119627272727,3.0367068008642173,9.337826428136944,1.77514e-5,0.184579,FALSE,TRUE,FALSE
LD,2024-07-01T03:30:00Z,6.82602845,2.2552359171554572,9.081264367155457,0,0.141854,FALSE,TRUE,FALSE
LD,2024-07-01T04:00:00Z,7.42697125,1.5492552784137823,8.976226528413783,0,0.146739,FALSE,TRUE,FALSE
LD,2024-07-01T04:30:00Z,7.4506955,1.40507339797961,8.85576889797961,0,0.137892,FALSE,TRUE,FALSE
LD,2024-07-01T05:30:00Z,9.217956811685394,-0.8895555765769192,8.328401235108474,0,0.0723425,TRUE,FALSE,FALSE
LD,2024-07-01T06:00:00Z,9.217956811685394,-1.3838924766443066,7.834064335041087,0,0.0308878,TRUE,FALSE,FALSE
LD,2024-07-01T06:30:00Z,9.217956811685394,-1.3092807523581325,7.908676059327261,0,0.132211,TRUE,FALSE,FALSE
LD,2024-07-01T07:00:00Z,9.217956811685394,-1.2113154069186418,8.006641404766752,0,0.133273,TRUE,FALSE,FALSE
LD,2024-07-01T07:30:00Z,9.217956811685394,-1.6023871693700649,7.615569642315329,0,0.0486564,TRUE,FALSE,FALSE
LD,2024-07-01T08:00:00Z,9.217956811685394,-1.7835207489553406,7.434436062730053,0,0.0495012,TRUE,FALSE,FALSE
LD,2024-07-01T08:30:00Z,9.217956811685394,-1.8097229286336312,7.4082338830517624,0,0.091533,TRUE,FALSE,FALSE
LD,2024-07-01T09:00:00Z,9.217956811685394,-1.8528119904193847,7.365144821266009,3.4023299999999997e-05,0.0296144,TRUE,FALSE,FALSE
LD,2024-07-01T09:30:00Z,9.217956811685394,-1.8419472184086807,7.376009593276713,0.00741659,0.029659,TRUE,FALSE,FALSE
LD,2024-07-01T10:00:00Z,9.182381907111111,-1.830106621633612,7.352275285477499,0.716163,0.0629839,TRUE,FALSE,FALSE
LD,2024-07-02T02:00:00Z,8.942779062962963,1.176165902147325,10.118944965110288,1.15374,0.0152192,FALSE,TRUE,FALSE
LD,2024-07-02T02:30:00Z,8.942779062962963,1.1564066003825726,10.099185663345535,0.0100776,0.0846638,FALSE,TRUE,FALSE
LD,2024-07-02T03:00:00Z,7.1930262,2.6579471650228914,9.850973365022892,0,0.0535507,FALSE,TRUE,FALSE
LD,2024-07-02T03:30:00Z,7.139211408695652,2.7940979776419033,9.933309386337555,0,0.0539976,FALSE,TRUE,FALSE
LD,2024-07-02T04:00:00Z,8.196879784615385,1.8092380843990359,10.006117869014421,0,0.127768,FALSE,TRUE,FALSE
LD,2024-07-02T04:30:00Z,6.794698104347826,3.079238184660608,9.873936289008434,0,0.0990965,FALSE,TRUE,FALSE
LD,2024-07-02T05:00:00Z,7.072325423809524,2.696679751853619,9.769005175663143,0,0.0899424,FALSE,TRUE,FALSE
LD,2024-07-02T05:30:00Z,6.468268526666667,3.1575133266025395,9.625781853269206,0,0.0789676,FALSE,TRUE,FALSE
LD,2024-07-02T06:00:00Z,6.570876993333333,2.967710568352417,9.53858756168575,0,0.115308,FALSE,TRUE,FALSE
LD,2024-07-02T06:30:00Z,6.976731445454545,2.421163591840667,9.397895037295212,0,0.149825,FALSE,TRUE,FALSE
LD,2024-07-02T07:00:00Z,7.9422120000000005,1.363210827963468,9.305422827963469,0,0.235145,FALSE,TRUE,FALSE
LD,2024-07-02T07:30:00Z,6.976731445454545,2.2652130158735897,9.241944461328135,0,0.223327,FALSE,TRUE,FALSE
LD,2024-07-02T08:00:00Z,6.976731445454545,2.1293125349844875,9.106043980439033,0,0.138582,FALSE,TRUE,FALSE
LD,2024-07-02T08:30:00Z,6.976731445454545,2.1781972815835875,9.154928727038133,0,0.20115,FALSE,TRUE,FALSE
LD,2024-07-02T09:00:00Z,5.240594000000001,3.9585434775000694,9.19913747750007,0,0.233518,FALSE,TRUE,FALSE
LD,2024-07-02T09:30:00Z,6.976731445454545,2.2927024579846726,9.269433903439218,0.00325687,0.200701,FALSE,TRUE,FALSE
LD,2024-07-02T10:00:00Z,6.864281999999999,2.4367602561537325,9.301042256153732,0.636381,0.23349,FALSE,TRUE,FALSE
LD,2024-07-02T10:30:00Z,6.388516999999999,2.9287354579313183,9.317252457931318,3.49362,0.325718,FALSE,TRUE,FALSE
LD,2024-07-02T11:00:00Z,4.8597687,4.455334372400152,9.315103072400152,9.97855,0.315837,FALSE,TRUE,FALSE
LD,2024-07-03T02:00:00Z,9.005576999999999,1.0761377429397605,10.08171474293976,0.444251,0.260963,FALSE,TRUE,FALSE
LD,2024-07-03T02:30:00Z,7.967027999999999,2.1092023481836257,10.076230348183625,0.00521124,0.230597,FALSE,TRUE,FALSE
LD,2024-07-03T03:30:00Z,8.897464,1.4363452667804726,10.333809266780472,0,0.404863,FALSE,TRUE,FALSE
LD,2024-07-03T04:00:00Z,9.362488,1.0694031088134661,10.431891108813467,0,0.249837,FALSE,TRUE,FALSE
LD,2024-07-03T05:30:00Z,7.789142999999999,2.8231823454284726,10.612325345428472,0,0.280975,FALSE,TRUE,FALSE
LD,2024-07-03T07:30:00Z,8.3272,2.368717732159295,10.695917732159295,0,0.267132,FALSE,TRUE,FALSE
LD,2024-07-03T08:00:00Z,9.170802,1.5623649831425315,10.733166983142532,0,0.286454,FALSE,TRUE,FALSE
LD,2024-07-03T08:30:00Z,18.73172,-7.943284909601067,10.788435090398933,0,0.328185,TRUE,FALSE,FALSE
LD,2024-07-03T09:00:00Z,11.65365,-0.9707799429380461,10.682870057061955,0,0.434361,TRUE,FALSE,FALSE
LD,2024-07-03T09:30:00Z,8.058349999999999,2.574782933399465,10.633132933399464,1.70117e-4,0.26737,FALSE,TRUE,FALSE
LD,2024-07-03T10:30:00Z,11.547609999999999,-0.7101023205385264,10.837507679461472,1.93245,0.357791,TRUE,FALSE,FALSE
LD,2024-07-03T11:00:00Z,9.221834999999999,1.5846837363148456,10.806518736314844,6.69185,0.307271,FALSE,TRUE,FALSE
LD,2024-07-03T12:00:00Z,15.89784,-5.435878791580999,10.461961208419002,39.6979,0.300459,TRUE,FALSE,FALSE
LD,2024-07-04T02:00:00Z,8.893816153888888,1.8706307539796665,10.764446907868555,1.14611,0.139511,FALSE,TRUE,FALSE
LD,2024-07-04T05:00:00Z,13.505646,-3.003852971585564,10.501793028414436,0,0.25344,TRUE,FALSE,FALSE
LD,2024-07-04T05:30:00Z,8.06536,2.37280067760393,10.43816067760393,0,0.230745,FALSE,TRUE,FALSE
LD,2024-07-04T06:00:00Z,13.176225,-2.7992391285228333,10.376985871477167,0,0.315184,TRUE,FALSE,FALSE
LD,2024-07-04T10:30:00Z,8.412947123333334,1.3047818849361352,9.717729008269469,9.16969,0.0387875,FALSE,TRUE,FALSE
LD,2024-07-05T05:30:00Z,7.245691285,2.527838445290514,9.773529730290514,0,0.0294063,FALSE,TRUE,FALSE
LD,2024-07-05T06:00:00Z,7.046323510526316,2.6861462059592984,9.732469716485614,0,0.0858622,FALSE,TRUE,FALSE
LD,2024-07-05T07:30:00Z,6.81154842,2.917907231320158,9.729455651320158,0,0.0841153,FALSE,TRUE,FALSE
LD,2024-07-05T09:00:00Z,7.245691285,2.5646186651105856,9.810309950110586,0,0.104439,FALSE,TRUE,FALSE
LD,2024-07-05T09:30:00Z,6.82124152,2.9111045596739435,9.732346079673944,0.0021945,0.0614431,FALSE,TRUE,FALSE
LD,2024-07-05T10:00:00Z,6.857776863157895,2.893454453650577,9.751231316808472,0.334352,0.0662377,FALSE,TRUE,FALSE
LD,2024-07-05T10:30:00Z,5.545155381818182,4.190904951680755,9.736060333498937,9.75631,0.134441,FALSE,TRUE,FALSE
LD,2024-07-05T12:00:00Z,26.17317,-16.04384776369669,10.129322236303308,29.5795,0.184818,TRUE,FALSE,FALSE
LD,2024-07-06T03:00:00Z,17.64533,-7.463210221804976,10.182119778195025,0,0.238766,TRUE,FALSE,FALSE
LD,2024-07-06T05:00:00Z,7.29407,2.4514192703134583,9.745489270313458,0,0.265903,FALSE,TRUE,FALSE
LD,2024-07-06T07:00:00Z,12.312821000000001,-2.6284058214520503,9.684415178547951,0,0.241941,TRUE,FALSE,FALSE
LD,2024-07-06T07:30:00Z,7.72517,1.9089178459343792,9.63408784593438,0,0.269779,FALSE,TRUE,FALSE
LD,2024-07-06T08:00:00Z,7.19014,2.42909075885506,9.61923075885506,0,0.281614,FALSE,TRUE,FALSE
LD,2024-07-06T08:30:00Z,8.12167,1.4491534111550557,9.570823411155056,0,0.243414,FALSE,TRUE,FALSE
LD,2024-07-06T09:30:00Z,1.8181440000000002,7.617011478495527,9.435155478495528,0,0.241513,FALSE,TRUE,FALSE
LD,2024-07-06T10:00:00Z,-16.28047,25.689333070599886,9.408863070599885,0.0814829,0.254118,FALSE,TRUE,FALSE
LD,2024-07-06T10:30:00Z,27.33115,-17.91497181490257,9.41617818509743,1.42782,0.266611,TRUE,FALSE,FALSE
LD,2024-07-07T02:30:00Z,11.4732555,-1.6307262341824256,9.842529265817575,NA,NA,TRUE,FALSE,FALSE
LD,2024-07-07T03:00:00Z,10.8726453,-1.1416448572333202,9.73100044276668,NA,NA,TRUE,FALSE,FALSE
LD,2024-07-07T03:30:00Z,11.579881209090908,-1.948217169423069,9.63166403966784,NA,NA,TRUE,FALSE,FALSE
LD,2024-07-07T04:00:00Z,12.4697,-2.940022221334875,9.529677778665125,NA,NA,TRUE,FALSE,FALSE
LD,2024-07-07T04:30:00Z,10.402339666666666,-0.9795176014309597,9.422822065235707,NA,NA,TRUE,FALSE,FALSE
LD,2024-07-07T05:00:00Z,10.678116666666668,-1.353026358605014,9.325090308061654,NA,NA,TRUE,FALSE,FALSE
LD,2024-07-07T05:30:00Z,10.884738416666668,-1.6314610494500972,9.25327736721657,NA,NA,TRUE,FALSE,FALSE
LD,2024-07-07T06:00:00Z,9.8034455,-0.5912430246577962,9.212202475342204,NA,NA,TRUE,FALSE,FALSE
LD,2024-07-07T06:30:00Z,10.0189955,-0.8284522268830159,9.190543273116985,NA,NA,TRUE,FALSE,FALSE
LD,2024-07-08T02:30:00Z,11.4732555,-2.116456441340402,9.356799058659599,NA,NA,TRUE,FALSE,FALSE
LD,2024-07-08T03:00:00Z,10.434271583333333,-1.1839916267425057,9.250279956590827,NA,NA,TRUE,FALSE,FALSE
LD,2024-07-08T03:30:00Z,11.56666875,-2.411308090469527,9.155360659530473,NA,NA,TRUE,FALSE,FALSE
LD,2024-07-08T04:00:00Z,12.4697,-3.4117682091756407,9.057931790824359,NA,NA,TRUE,FALSE,FALSE
LD,2024-07-08T04:30:00Z,10.031379000000001,-1.0754948199304994,8.955884180069502,NA,NA,TRUE,FALSE,FALSE
LD,2024-07-08T05:00:00Z,13.23613109090909,-4.373613222719566,8.862517868189524,NA,NA,TRUE,FALSE,FALSE
LD,2024-07-08T05:30:00Z,12.48149476923077,-3.6877024010730235,8.793792368157746,NA,NA,TRUE,FALSE,FALSE
LD,2024-07-08T06:00:00Z,9.8034455,-1.0491621116696965,8.754283388330304,NA,NA,TRUE,FALSE,FALSE
LD,2024-07-08T06:30:00Z,10.0189955,-1.2857682685554188,8.733227231444582,NA,NA,TRUE,FALSE,FALSE
LD,2024-07-09T03:00:00Z,10.434271583333333,-1.8885060982247666,8.545765485108566,NA,NA,TRUE,FALSE,FALSE
LD,2024-07-09T03:30:00Z,13.585604642857144,-5.142322511431026,8.443282131426118,NA,NA,TRUE,FALSE,FALSE
LD,2024-07-09T04:00:00Z,14.18321338888889,-5.794354870608656,8.388858518280234,NA,NA,TRUE,FALSE,FALSE
LD,2024-07-09T04:30:00Z,15.059199181818181,-6.7276150085108295,8.331584173307352,NA,NA,TRUE,FALSE,FALSE
LD,2024-07-09T05:00:00Z,16.465871571428572,-8.19669818341723,8.269173388011342,NA,NA,TRUE,FALSE,FALSE
LD,2024-07-09T05:30:00Z,15.449012,-7.220166983678405,8.228845016321594,NA,NA,TRUE,FALSE,FALSE
LD,2024-07-09T06:00:00Z,12.534542736842106,-4.354795635334227,8.179747101507878,NA,NA,TRUE,FALSE,FALSE
LD,2024-07-09T06:30:00Z,10.863318333333334,-2.761040070820977,8.102278262512357,NA,NA,TRUE,FALSE,FALSE
LD,2024-07-09T07:00:00Z,10.975836857142857,-2.93759157856838,8.038245278574477,NA,NA,TRUE,FALSE,FALSE
LD,2024-07-09T07:30:00Z,8.911292636363637,-0.9279465628469197,7.983346073516717,NA,NA,TRUE,FALSE,FALSE
LD,2024-07-09T08:00:00Z,8.99447804,-1.075915715005162,7.918562324994839,NA,NA,TRUE,FALSE,FALSE
LD,2024-07-09T08:30:00Z,9.301036304347827,-1.4413667368434364,7.85966956750439,NA,NA,TRUE,FALSE,FALSE
LD,2024-07-09T09:00:00Z,9.066404,-1.2573545175631908,7.8090494824368095,NA,NA,TRUE,FALSE,FALSE
LD,2024-07-09T09:30:00Z,9.063644304347825,-1.3286622239417598,7.734982080406065,NA,NA,TRUE,FALSE,FALSE
LD,2024-07-10T02:00:00Z,41.763783000000004,-33.47079333903778,8.292989660962219,NA,NA,TRUE,FALSE,FALSE
LD,2024-07-10T03:00:00Z,10.434271583333333,-2.3569588811274205,8.077312702205912,NA,NA,TRUE,FALSE,FALSE
LD,2024-07-10T03:30:00Z,13.585604642857144,-5.605686640643562,7.979918002213582,NA,NA,TRUE,FALSE,FALSE
LD,2024-07-10T04:00:00Z,14.18321338888889,-6.25525921618983,7.927954172699059,NA,NA,TRUE,FALSE,FALSE
LD,2024-07-10T04:30:00Z,15.059199181818181,-7.185897127259074,7.873302054559107,NA,NA,TRUE,FALSE,FALSE
LD,2024-07-10T05:00:00Z,16.465871571428572,-8.652069202486377,7.813802368942196,NA,NA,TRUE,FALSE,FALSE
LD,2024-07-10T05:30:00Z,15.449012,-7.67383765805246,7.775174341947539,NA,NA,TRUE,FALSE,FALSE
LD,2024-07-10T06:00:00Z,12.789672222222222,-5.061407503680034,7.728264718542189,NA,NA,TRUE,FALSE,FALSE
LD,2024-07-10T06:30:00Z,11.009373649999999,-3.354816700413248,7.654556949586751,NA,NA,TRUE,FALSE,FALSE
LD,2024-07-10T07:00:00Z,11.1275181,-3.533967698178702,7.593550401821298,NA,NA,TRUE,FALSE,FALSE
LD,2024-07-10T07:30:00Z,8.957439333333333,-1.416260601575238,7.541178731758095,NA,NA,TRUE,FALSE,FALSE
LD,2024-07-10T08:00:00Z,9.203441086956522,-1.7239646291305162,7.479476457826006,NA,NA,TRUE,FALSE,FALSE
LD,2024-07-10T08:30:00Z,9.485601863636365,-2.0622565953880176,7.423345268248347,NA,NA,TRUE,FALSE,FALSE
LD,2024-07-10T09:00:00Z,9.3678006,-1.9927672373739522,7.3750333626260485,NA,NA,TRUE,FALSE,FALSE
LD,2024-07-10T09:30:00Z,9.4985213,-2.193937128567364,7.304584171432636,NA,NA,TRUE,FALSE,FALSE
LD,2024-07-11T01:00:00Z,10.85122988888889,-2.7368763403726337,8.114353548516256,53.2071,0.0502245,TRUE,FALSE,FALSE
LD,2024-07-11T02:00:00Z,9.687230685714285,-1.8761253571824028,7.811105328531882,0.663292,0.0636413,TRUE,FALSE,FALSE
LD,2024-07-11T02:30:00Z,9.260023864864865,-1.6118948979084298,7.648128966956435,0.00440578,0.130473,TRUE,FALSE,FALSE
LD,2024-07-11T03:00:00Z,9.130264485714285,-1.5337930209245751,7.59647146478971,0,0.0377319,TRUE,FALSE,FALSE
LD,2024-07-11T03:30:00Z,9.130264485714285,-1.536090976728798,7.594173508985487,0,0.146935,TRUE,FALSE,FALSE
LD,2024-07-11T04:00:00Z,11.26873776,-3.8748404946980832,7.393897265301917,0,0.0908237,TRUE,FALSE,FALSE
LD,2024-07-11T04:30:00Z,8.69420915,-1.3444144641620843,7.349794685837916,0,0.0710482,TRUE,FALSE,FALSE
LD,2024-07-11T05:00:00Z,10.147567,-2.746894205436335,7.400672794563666,0,0.0494702,TRUE,FALSE,FALSE
LD,2024-07-11T05:30:00Z,8.885054428571427,-1.5486698749802672,7.33638455359116,0,0.0691921,TRUE,FALSE,FALSE
LD,2024-07-11T06:00:00Z,8.587470789473684,-1.2760232054217644,7.31144758405192,0,0.0393874,TRUE,FALSE,FALSE
LD,2024-07-11T06:30:00Z,5.726930800000001,1.4823649127119278,7.209295712711929,0,0.0685331,FALSE,TRUE,FALSE
LD,2024-07-11T07:00:00Z,5.726930800000001,1.3992242161239865,7.126155016123987,0,0.0342976,FALSE,TRUE,FALSE
LD,2024-07-11T07:30:00Z,5.726930800000001,1.3239302964583821,7.050861096458383,0,0.0447762,FALSE,TRUE,FALSE
LD,2024-07-11T08:00:00Z,5.726930800000001,1.3196008673131177,7.046531667313118,0,0.0482146,FALSE,TRUE,FALSE
LD,2024-07-11T08:30:00Z,5.726930800000001,1.3353906990576236,7.062321499057624,0,0.0290372,FALSE,TRUE,FALSE
LD,2024-07-11T09:00:00Z,5.552804222222223,1.3633729918442263,6.916177214066449,0,0.0913289,FALSE,TRUE,FALSE
LD,2024-07-11T09:30:00Z,3.7911845,3.0680880821938663,6.859272582193866,7.3446e-4,0.0612096,FALSE,TRUE,FALSE
LD,2024-07-11T10:00:00Z,2.9250874000000002,3.895747111211111,6.820834511211111,0.165645,0.063948,FALSE,TRUE,FALSE
LD,2024-07-11T10:30:00Z,-6.536884,13.249154217794977,6.712270217794978,6.68595,0.0707604,FALSE,TRUE,FALSE
LD,2024-07-12T00:30:00Z,12.509318333333333,-4.812287906879725,7.697030426453608,41.2556,0.131172,TRUE,FALSE,FALSE
LD,2024-07-12T01:00:00Z,78.72030000000001,-71.28317632549134,7.437123674508663,27.1691,0.166705,TRUE,FALSE,FALSE
LD,2024-07-12T01:30:00Z,7.929578114285714,-0.6464578930185585,7.283120221267155,6.30044,0.15808,TRUE,FALSE,FALSE
LD,2024-07-12T02:00:00Z,8.9936135625,-1.7929511740324147,7.2006623884675856,0.323089,0.142542,TRUE,FALSE,FALSE
LD,2024-07-12T02:30:00Z,8.881721666666667,-1.6714100424902991,7.210311624176368,0.00174234,0.101503,TRUE,FALSE,FALSE
LD,2024-07-12T03:00:00Z,8.9936135625,-1.8164041949162586,7.177209367583742,0,0.0205008,TRUE,FALSE,FALSE
LD,2024-07-12T03:30:00Z,8.975472709677419,-1.8511115318114717,7.124361177865947,0,0.130747,TRUE,FALSE,FALSE
LD,2024-07-12T04:00:00Z,8.881721666666667,-1.7093821547190329,7.1723395119476345,0,0.219836,TRUE,FALSE,FALSE
LD,2024-07-12T04:30:00Z,8.975472709677419,-1.875590105748869,7.09988260392855,0,0.0556888,TRUE,FALSE,FALSE
LD,2024-07-12T05:00:00Z,8.975472709677419,-1.9015775134638941,7.073895196213525,0,0.0390205,TRUE,FALSE,FALSE
LD,2024-07-12T05:30:00Z,8.881721666666667,-1.7387070127570086,7.143014653909659,0,0.191921,TRUE,FALSE,FALSE
LD,2024-07-12T06:00:00Z,8.881721666666667,-1.7355250150537813,7.146196651612886,0,0.134026,TRUE,FALSE,FALSE
LD,2024-07-12T06:30:00Z,10.147567,-3.2104284337959283,6.937138566204072,0,0.0731072,TRUE,FALSE,FALSE
LD,2024-07-12T07:00:00Z,8.108648875,-1.2853766862303777,6.823272188769622,0,0.0308695,TRUE,FALSE,FALSE
LD,2024-07-12T08:00:00Z,5.726930800000001,1.0033350864855022,6.730265886485503,0,0.115309,FALSE,TRUE,FALSE
LD,2024-07-12T10:30:00Z,3.8811552727272725,2.791728126968163,6.6728833996954355,2.23339,0.0703732,FALSE,TRUE,FALSE
LD,2024-07-13T01:30:00Z,12.896066142857142,-5.509592827704083,7.38647331515306,9.2248,0.102416,TRUE,FALSE,FALSE
LD,2024-07-13T02:00:00Z,12.7893389,-5.591412208114507,7.197926691885494,0.469033,0.059055,TRUE,FALSE,FALSE
LD,2024-07-13T02:30:00Z,13.037942551724138,-5.949617562764707,7.088324988959431,0.00278079,0.0960074,TRUE,FALSE,FALSE
LD,2024-07-13T03:00:00Z,13.1300098,-6.002720961562422,7.127288838437578,0,0.115287,TRUE,FALSE,FALSE
LD,2024-07-13T03:30:00Z,9.318331,-2.5104306941845786,6.807900305815422,0,0.0354711,TRUE,FALSE,FALSE
LD,2024-07-13T04:00:00Z,8.71452593548387,-2.044071685878624,6.670454249605246,0,0.049268,TRUE,FALSE,FALSE
LD,2024-07-13T04:30:00Z,9.47045427586207,-2.9037909082409605,6.566663367621109,0,0.0351806,TRUE,FALSE,FALSE
LD,2024-07-13T05:00:00Z,9.869872074074074,-3.36913049738496,6.500741576689114,0,0.0541101,TRUE,FALSE,FALSE
LD,2024-07-13T05:30:00Z,10.640056545454547,-4.190576039815711,6.449480505638836,0,0.032181800000000003,TRUE,FALSE,FALSE
LD,2024-07-13T06:00:00Z,8.13073794117647,-1.7329438801412111,6.397794061035259,0,0.0395166,TRUE,FALSE,FALSE
LD,2024-07-13T06:30:00Z,8.13073794117647,-1.735074196021456,6.395663745155014,0,0.0899165,TRUE,FALSE,FALSE
LD,2024-07-13T07:30:00Z,4.707802125,1.5831923363036173,6.290994461303617,0,0.0607756,FALSE,TRUE,FALSE
LD,2024-07-13T08:00:00Z,4.276749571428571,1.973342251797141,6.250091823225712,0,0.0499124,FALSE,TRUE,FALSE
LD,2024-07-13T08:30:00Z,3.7911845,2.423189786278476,6.214374286278476,0,0.0176684,FALSE,TRUE,FALSE
LD,2024-07-13T09:00:00Z,2.9250874000000002,3.240856656058219,6.165944056058219,0,0.0215348,FALSE,TRUE,FALSE
LD,2024-07-13T09:30:00Z,1.4187880000000004,4.72102805301353,6.13981605301353,3.03252e-5,0.0276313,FALSE,TRUE,FALSE
LD,2024-07-13T10:00:00Z,1.285669333333332,4.8084649701810465,6.0941343035143785,0.0992499,0.0357946,FALSE,TRUE,FALSE
LD,2024-07-13T10:30:00Z,10.068739,-3.982773364162778,6.085965635837223,3.6692,0.0442293,TRUE,FALSE,FALSE
LD,2024-07-14T01:30:00Z,17.160851,-10.020900097524796,7.139950902475205,4.1318,0.0568864,TRUE,FALSE,FALSE
LD,2024-07-14T02:00:00Z,19.33112977777778,-12.268044473561028,7.0630853042167505,0.255078,0.0482909,TRUE,FALSE,FALSE
LD,2024-07-14T02:30:00Z,19.33112977777778,-12.28740738508838,7.043722392689398,1.11346e-4,0.0931875,TRUE,FALSE,FALSE
LD,2024-07-14T03:00:00Z,16.339692272727273,-9.372541690803164,6.967150581924108,0,0.186544,TRUE,FALSE,FALSE
LD,2024-07-14T03:30:00Z,16.339692272727273,-9.418106414371332,6.921585858355941,0,0.173078,TRUE,FALSE,FALSE
LD,2024-07-14T04:00:00Z,16.339692272727273,-9.398329168154117,6.941363104573157,0,0.217534,TRUE,FALSE,FALSE
LD,2024-07-14T04:30:00Z,15.79996,-8.899772346768756,6.900187653231245,0,0.239345,TRUE,FALSE,FALSE
LD,2024-07-14T05:00:00Z,19.717000000000002,-12.832546705494096,6.884453294505906,0,0.253698,TRUE,FALSE,FALSE
LD,2024-07-14T05:30:00Z,-0.14871999999999996,7.094418749871452,6.945698749871452,0,0.317281,FALSE,TRUE,FALSE
LD,2024-07-14T06:00:00Z,14.34291,-7.3766347250045925,6.966275274995407,0,0.526475,TRUE,FALSE,FALSE
LD,2024-07-14T06:30:00Z,10.038421,-3.24470703405294,6.79371396594706,0,0.393379,TRUE,FALSE,FALSE
LD,2024-07-14T07:00:00Z,-0.3731999999999971,6.969056305049599,6.595856305049602,0,0.322439,FALSE,TRUE,FALSE
LD,2024-07-14T07:30:00Z,-14.048850000000002,20.60799904701053,6.559149047010527,0,0.37266,FALSE,TRUE,FALSE
LD,2024-07-14T08:00:00Z,0.5342000000000002,6.056113378683998,6.590313378683998,0,0.398812,FALSE,TRUE,FALSE
LD,2024-07-14T08:30:00Z,10.457203,-3.753965569181612,6.703237430818388,0,0.414042,TRUE,FALSE,FALSE
LD,2024-07-14T09:00:00Z,8.410362000000001,-1.5790511514460155,6.8313108485539855,0,0.346661,TRUE,FALSE,FALSE
LD,2024-07-14T09:30:00Z,9.505975782608695,-2.54064862161776,6.9653271609909355,0,0.189815,TRUE,FALSE,FALSE
LD,2024-07-14T10:00:00Z,9.505975782608695,-2.4179912374271426,7.087984545181553,0.0328658,0.084548,TRUE,FALSE,FALSE
LD,2024-07-14T10:30:00Z,9.955029227272727,-2.7386887567147298,7.216340470557997,1.45255,0.13094,TRUE,FALSE,FALSE
LD,2024-07-14T11:00:00Z,10.67764,-3.2736830566729074,7.403956943327093,14.6799,0.382646,TRUE,FALSE,FALSE
LD,2024-07-14T12:00:00Z,9.15523,-1.3942204992549447,7.761009500745055,76.4627,0.457447,TRUE,FALSE,FALSE
LD,2024-07-14T12:30:00Z,48.18136,-40.20781086526444,7.973549134735554,203.588,0.474197,TRUE,FALSE,FALSE
LD,2024-07-15T01:30:00Z,13.8557735,-1.393484821601776,12.462288678398224,8.4545,0.0937247,TRUE,FALSE,FALSE
LD,2024-07-15T04:30:00Z,11.640528875,1.4891882145863242,13.129717089586324,0,0.127308,FALSE,TRUE,FALSE
LD,2024-07-15T05:00:00Z,11.640528875,1.6715856709452535,13.312114545945253,0,0.118016,FALSE,TRUE,FALSE
LD,2024-07-15T05:30:00Z,10.8369869375,2.4822049236592747,13.319191861159275,0,0.123361,FALSE,TRUE,FALSE
LD,2024-07-15T06:00:00Z,36.69336,-23.412038589545517,13.28132141045448,0,0.309715,TRUE,FALSE,FALSE
LD,2024-07-15T06:30:00Z,6.129647,7.052394507053965,13.182041507053965,0,0.544772,FALSE,TRUE,FALSE
LD,2024-07-15T07:30:00Z,22.6978,-9.927102347505848,12.770697652494153,0,0.37309,TRUE,FALSE,FALSE
LD,2024-07-15T08:00:00Z,50.843090000000004,-38.060203130906984,12.782886869093021,0,0.578229,TRUE,FALSE,FALSE
LD,2024-07-15T08:30:00Z,-10.688214,23.58082152772937,12.892607527729368,0,0.588727,FALSE,TRUE,FALSE
LD,2024-07-15T09:00:00Z,8.29438,4.639458315158819,12.93383831515882,0,0.365806,FALSE,TRUE,FALSE
LD,2024-07-15T09:30:00Z,9.505975782608695,3.3369276953777565,12.842903477986452,0,0.201846,FALSE,TRUE,FALSE
LD,2024-07-15T10:00:00Z,9.505975782608695,3.368027743313366,12.874003525922062,0.0282877,0.181347,FALSE,TRUE,FALSE
LD,2024-07-15T10:30:00Z,21.057211000000002,-8.046465072078634,13.010745927921368,1.30501,0.523924,TRUE,FALSE,FALSE
LD,2024-07-15T11:30:00Z,29.755052,-16.63126798491999,13.123784015080009,43.2727,0.424175,TRUE,FALSE,FALSE
LD,2024-07-16T02:30:00Z,12.720845285714287,2.749478870051929,15.470324155766216,6.7553e-5,0.0678317,FALSE,TRUE,FALSE
LD,2024-07-16T03:00:00Z,12.388709321428573,2.8045108367468785,15.193220158175452,0,0.127237,FALSE,TRUE,FALSE
LD,2024-07-16T04:30:00Z,25.69922,-9.945470893863082,15.753749106136919,0,0.263992,TRUE,FALSE,FALSE
LD,2024-07-16T05:30:00Z,49.66956,-34.09044995063337,15.579110049366623,0,0.537716,TRUE,FALSE,FALSE
LD,2024-07-16T06:00:00Z,9.55598,5.623983677002011,15.17996367700201,0,0.354721,FALSE,TRUE,FALSE
LD,2024-07-16T06:30:00Z,11.840325076923078,3.157423715639055,14.997748792562133,0,0.24414,FALSE,TRUE,FALSE
LD,2024-07-16T07:00:00Z,2.3678589999999997,12.620690360881044,14.988549360881043,0,0.618513,FALSE,TRUE,FALSE
LD,2024-07-16T07:30:00Z,5.788769,9.295542597929531,15.084311597929531,0,0.272918,FALSE,TRUE,FALSE
LD,2024-07-16T08:00:00Z,12.20001452,2.7545009014643664,14.954515421464366,0,0.219164,FALSE,TRUE,FALSE
LD,2024-07-16T08:30:00Z,12.70196,2.1276751714312034,14.829635171431203,0,0.323683,FALSE,TRUE,FALSE
LD,2024-07-16T09:00:00Z,12.28872,2.4773048460834755,14.766024846083475,0,0.306684,FALSE,TRUE,FALSE
LD,2024-07-16T09:30:00Z,11.656690000000001,3.0690799661167016,14.725769966116703,0,0.270235,FALSE,TRUE,FALSE
LD,2024-07-16T10:30:00Z,10.416675,4.22004454486296,14.63671954486296,1.87496,0.249705,FALSE,TRUE,FALSE
LD,2024-07-17T02:00:00Z,9.955029227272727,4.217401348732617,14.172430576005343,0.416763,0.0839631,FALSE,TRUE,FALSE
LD,2024-07-17T02:30:00Z,9.349423818181819,4.584123453089179,13.933547271270998,0.0027406,0.0897489,FALSE,TRUE,FALSE
LD,2024-07-17T03:00:00Z,8.333977454545455,5.453799577824919,13.787777032370373,0,0.0863846,FALSE,TRUE,FALSE
LD,2024-07-17T03:30:00Z,9.349423818181819,4.579069639026812,13.928493457208631,0,0.117656,FALSE,TRUE,FALSE
LD,2024-07-17T04:00:00Z,2.9558359999999997,10.389071111726741,13.34490711172674,0,0.0724327,FALSE,TRUE,FALSE
LD,2024-07-17T04:30:00Z,0.12764249999999944,13.175135904248549,13.30277840424855,0,0.125481,FALSE,TRUE,FALSE
LD,2024-07-17T05:00:00Z,-9.988756,22.95285594096565,12.964099940965651,0,0.0603031,FALSE,TRUE,FALSE
LD,2024-07-17T05:30:00Z,-9.988756,22.860044989328614,12.871288989328614,0,0.0374388,FALSE,TRUE,FALSE
LD,2024-07-17T06:00:00Z,-9.988756,22.899912691726804,12.911156691726804,0,0.0545642,FALSE,TRUE,FALSE
LD,2024-07-17T06:30:00Z,-4.948802000000001,18.023485838544197,13.074683838544198,0,0.0752126,FALSE,TRUE,FALSE
LD,2024-07-17T07:00:00Z,2.4382671499999997,10.772268278859386,13.210535428859385,0,0.0695685,FALSE,TRUE,FALSE
LD,2024-07-17T07:30:00Z,4.167636762499999,9.049334198525456,13.216970961025455,0,0.114976,FALSE,TRUE,FALSE
LD,2024-07-17T08:00:00Z,9.5921708375,3.866389139387678,13.458559976887678,0,0.0448628,FALSE,TRUE,FALSE
LD,2024-07-17T08:30:00Z,9.725568755,3.6007211119430274,13.326289866943027,0,0.0916847,FALSE,TRUE,FALSE
LD,2024-07-17T09:00:00Z,5.494385879090909,7.701189601145001,13.19557548023591,0,0.0815844,FALSE,TRUE,FALSE
LD,2024-07-17T09:30:00Z,3.3690824712499996,9.637745279259024,13.006827750509023,0,0.103423,FALSE,TRUE,FALSE
LD,2024-07-17T10:00:00Z,3.117364824285714,9.790690534682861,12.908055358968575,0.0650198,0.0423068,FALSE,TRUE,FALSE
LD,2024-07-17T10:30:00Z,3.117364824285714,9.78598788224018,12.903352706525894,2.96044,0.102288,FALSE,TRUE,FALSE
LD,2024-07-18T01:30:00Z,11.575586255666668,1.405088325296493,12.98067458096316,9.0567,0.456594,FALSE,TRUE,FALSE
LD,2024-07-18T02:00:00Z,5.6510659725,7.060537269636679,12.711603242136679,0.441675,0.258056,FALSE,TRUE,FALSE
LD,2024-07-18T02:30:00Z,3.5935307212500005,8.908763287290562,12.502294008540563,0.0033831,0.220562,FALSE,TRUE,FALSE
LD,2024-07-18T03:00:00Z,3.5935307212500005,8.777058942557971,12.370589663807973,0,0.271591,FALSE,TRUE,FALSE
LD,2024-07-18T03:30:00Z,20.74959,-8.538972599600475,12.210617400399526,NA,NA,TRUE,FALSE,FALSE
LD,2024-07-18T04:00:00Z,2.415697595,9.61563704649203,12.03133464149203,0,0.210248,FALSE,TRUE,FALSE
LD,2024-07-18T04:30:00Z,2.415697595,9.522120748586854,11.937818343586853,0,0.148394,FALSE,TRUE,FALSE
LD,2024-07-18T05:00:00Z,-9.988756,21.827123285569407,11.838367285569408,0,0.262765,FALSE,TRUE,FALSE
LD,2024-07-18T05:30:00Z,-9.988756,21.77337189787389,11.78461589787389,0,0.211162,FALSE,TRUE,FALSE
LD,2024-07-18T06:00:00Z,-5.192347,16.830364475216108,11.63801747521611,0,0.172068,FALSE,TRUE,FALSE
LD,2024-07-18T06:30:00Z,10.287901674318181,1.1977840973431881,11.48568577166137,0,0.150898,FALSE,TRUE,FALSE
LD,2024-07-18T10:30:00Z,22.616394999999997,-12.24192605242632,10.374468947573677,3.69375,0.0616766,TRUE,FALSE,FALSE
LD,2024-07-18T11:00:00Z,34.7748,-24.23990442391817,10.534895576081832,35.7458,0.0588823,TRUE,FALSE,FALSE
LD,2024-07-18T11:30:00Z,17.896299999999997,-7.01888205989761,10.877417940102386,106.863,0.134852,TRUE,FALSE,FALSE
LD,2024-07-18T12:30:00Z,13.157909999999998,-1.628309466079907,11.52960053392009,257.711,0.266845,TRUE,FALSE,FALSE
LD,2024-07-19T01:30:00Z,9.423353850689654,2.8723262715820557,12.29568012227171,9.08591,0.145929,FALSE,TRUE,FALSE
LD,2024-07-19T02:00:00Z,4.395075877,7.5824601120423285,11.977535989042329,0.461474,0.059877,FALSE,TRUE,FALSE
LD,2024-07-19T02:30:00Z,2.415697595,8.979542015344144,11.395239610344143,0.00288039,0.0520755,FALSE,TRUE,FALSE
LD,2024-07-19T03:30:00Z,-1.1152787500000008,12.396715522012972,11.281436772012972,0,0.0512,FALSE,TRUE,FALSE
LD,2024-07-19T04:00:00Z,-5.192347,16.25236465998553,11.06001765998553,1.67652e-5,0.055684,FALSE,TRUE,FALSE
LD,2024-07-19T08:30:00Z,10.271220303777778,-0.5876625731943239,9.683557730583454,0,0.102408,TRUE,FALSE,FALSE
LD,2024-07-19T09:00:00Z,10.271220303777778,-0.604588565229113,9.666631738548665,0,0.0832689,TRUE,FALSE,FALSE
LD,2024-07-19T09:30:00Z,10.271220303777778,-0.6963038335049383,9.57491647027284,2.21891e-4,0.0262466,TRUE,FALSE,FALSE
LD,2024-07-19T10:00:00Z,10.271220303777778,-0.7770130119170577,9.49420729186072,0.0563049,0.043286,TRUE,FALSE,FALSE
LD,2024-07-19T10:30:00Z,22.616394999999997,-13.16676643456158,9.449628565438417,3.05543,0.0263057,TRUE,FALSE,FALSE
LD,2024-07-20T01:30:00Z,9.651118989354838,2.38069383279273,12.031812822147568,5.03031,0.072885,FALSE,TRUE,FALSE
LD,2024-07-20T02:00:00Z,9.023840722333334,2.8040518512228143,11.827892573556149,0.262529,0.115759,FALSE,TRUE,FALSE
LD,2024-07-20T02:30:00Z,9.81945074724138,1.8247147168483941,11.644165464089774,0.00120388,0.0990107,FALSE,TRUE,FALSE
LD,2024-07-20T03:30:00Z,5.68271453,5.603520012038588,11.286234542038589,0,0.0803523,FALSE,TRUE,FALSE
LD,2024-07-20T04:00:00Z,4.337571514,6.58135840517444,10.91892991917444,6.28691e-5,0.0985587,FALSE,TRUE,FALSE
LD,2024-07-20T05:00:00Z,10.668149674318181,-0.5613019983781591,10.106847675940022,1.72089e-4,0.0311901,TRUE,FALSE,FALSE
LD,2024-07-20T05:30:00Z,10.668149674318181,-0.5733193145523252,10.094830359765856,2.58133e-4,0.0545131,TRUE,FALSE,FALSE
LD,2024-07-20T06:00:00Z,10.668149674318181,-0.7300472260747135,9.938102448243468,2.64051e-4,0.029708,TRUE,FALSE,FALSE
LD,2024-07-20T06:30:00Z,10.668149674318181,-0.8623537908573873,9.805795883460794,6.33623e-5,0.0301044,TRUE,FALSE,FALSE
LD,2024-07-20T07:00:00Z,10.668149674318181,-0.9047322710259049,9.763417403292276,0,0.039968,TRUE,FALSE,FALSE
LD,2024-07-20T07:30:00Z,10.668149674318181,-0.9016216492928262,9.766528025025355,0,0.0438388,TRUE,FALSE,FALSE
LD,2024-07-20T08:00:00Z,10.668149674318181,-1.027933607664954,9.6402160666532275,0,0.0438817,TRUE,FALSE,FALSE
LD,2024-07-20T08:30:00Z,10.668149674318181,-1.0562015989432876,9.611948075374894,0,0.0540764,TRUE,FALSE,FALSE
LD,2024-07-20T09:00:00Z,10.668149674318181,-1.0541051683628915,9.61404450595529,0,0.0413909,TRUE,FALSE,FALSE
LD,2024-07-20T09:30:00Z,10.668149674318181,-1.0724232557818905,9.595726418536291,6.53348e-5,0.0288207,TRUE,FALSE,FALSE
LD,2024-07-20T10:00:00Z,10.668149674318181,-1.0743312158668807,9.5938184584513,0.0408608,0.0473403,TRUE,FALSE,FALSE
LD,2024-07-20T10:30:00Z,22.616394999999997,-13.052176993918325,9.564218006081672,3.01439,0.0479397,TRUE,FALSE,FALSE
LD,2024-07-20T11:00:00Z,20.601684,-10.655926589652818,9.94575741034718,22.5429,0.0256304,TRUE,FALSE,FALSE
LD,2024-07-20T11:30:00Z,15.734838571428572,-5.675481916187493,10.059356655241078,59.2371,0.125978,TRUE,FALSE,FALSE
LD,2024-07-21T02:00:00Z,9.3258586459375,2.021679893199245,11.347538539136744,0.173889,0.0588521,FALSE,TRUE,FALSE
LD,2024-07-21T02:30:00Z,9.768501388999999,1.398353315755049,11.166854704755048,6.82932e-4,0.0870447,FALSE,TRUE,FALSE
LD,2024-07-21T03:00:00Z,9.023840722333334,2.0147422730809748,11.038582995414309,0,0.0842124,FALSE,TRUE,FALSE
LD,2024-07-21T03:30:00Z,9.023840722333334,1.9580844899746914,10.981925212308026,0,0.0961532,FALSE,TRUE,FALSE
LD,2024-07-21T05:00:00Z,6.580573820769231,4.028539818234385,10.609113639003615,2.17207e-4,0.103378,FALSE,TRUE,FALSE
LD,2024-07-21T05:30:00Z,6.4504674725,4.1233053828896935,10.573772855389693,3.85844e-4,0.0992153,FALSE,TRUE,FALSE
LD,2024-07-21T06:00:00Z,4.625974252857143,5.681325321974285,10.307299574831427,2.57887e-4,0.0684582,FALSE,TRUE,FALSE
LD,2024-07-21T06:30:00Z,4.79263297125,5.5270498789173645,10.319682850167364,3.67107e-4,0.130809,FALSE,TRUE,FALSE
LD,2024-07-21T07:00:00Z,6.4504674725,4.088224500803605,10.538691973303605,2.88027e-4,0.0945244,FALSE,TRUE,FALSE
LD,2024-07-21T07:30:00Z,8.415756317619048,2.207954020845989,10.623710338465036,3.82145e-5,0.103855,FALSE,TRUE,FALSE
LD,2024-07-21T08:00:00Z,4.79263297125,5.469011071067066,10.261644042317066,0,0.0684649,FALSE,TRUE,FALSE
LD,2024-07-21T08:30:00Z,6.4504674725,4.049222948749657,10.499690421249657,0,0.160053,FALSE,TRUE,FALSE
LD,2024-07-21T09:00:00Z,6.4504674725,4.025668818231624,10.476136290731624,0,0.0602743,FALSE,TRUE,FALSE
LD,2024-07-21T09:30:00Z,4.014500595,5.890513717978878,9.905014312978878,0,0.0580988,FALSE,TRUE,FALSE
LD,2024-07-21T10:00:00Z,3.0032290814285716,6.893196332396606,9.896425413825177,0.0391986,0.0642478,FALSE,TRUE,FALSE
LD,2024-07-21T10:30:00Z,3.13900332125,6.9580695004277064,10.097072821677706,3.77522,0.0913993,FALSE,TRUE,FALSE
LD,2024-07-21T12:00:00Z,17.329,-7.02286000160796,10.306139998392041,105.608,0.163176,TRUE,FALSE,FALSE
LD,2024-07-21T12:30:00Z,22.4471,-11.688840262907917,10.758259737092082,194.182,0.236416,TRUE,FALSE,FALSE
LD,2024-07-22T01:30:00Z,12.74280176923077,-1.408185753862714,11.334616015368056,3.18215,0.0890531,TRUE,FALSE,FALSE
LD,2024-07-22T02:00:00Z,14.032298876,-2.9221505708186477,11.110148305181353,0.127049,0.074887,TRUE,FALSE,FALSE
LD,2024-07-22T02:30:00Z,12.930715457692308,-2.043095338600766,10.887620119091542,0,0.0553826,TRUE,FALSE,FALSE
LD,2024-07-22T03:00:00Z,13.140204965384616,-2.327457862207428,10.812747103177188,0,0.0603214,TRUE,FALSE,FALSE
LD,2024-07-22T06:00:00Z,5.602188047857143,4.300065102298183,9.902253150155326,1.49653e-4,0.065666,FALSE,TRUE,FALSE
LD,2024-07-22T06:30:00Z,5.2318428976923075,4.634301936725177,9.866144834417485,2.28794e-4,0.0616804,FALSE,TRUE,FALSE
LD,2024-07-22T07:00:00Z,4.0451993427272726,5.713558499639538,9.75875784236681,1.59762e-4,0.0542729,FALSE,TRUE,FALSE
LD,2024-07-22T07:30:00Z,4.0451993427272726,5.687793801650162,9.732993144377435,2.76131e-4,0.045336,FALSE,TRUE,FALSE
LD,2024-07-22T08:00:00Z,3.711871418888889,5.882520685556791,9.59439210444568,2.91664e-4,0.036022,FALSE,TRUE,FALSE
LD,2024-07-22T08:30:00Z,3.711871418888889,5.823167384225085,9.535038803113974,2.31753e-4,0.0525566,FALSE,TRUE,FALSE
LD,2024-07-22T09:00:00Z,3.13900332125,6.326545876857159,9.465549198107158,1.11439e-4,0.0462018,FALSE,TRUE,FALSE
LD,2024-07-22T09:30:00Z,3.13900332125,6.308393764371619,9.447397085621619,1.92552e-4,0.0558725,FALSE,TRUE,FALSE
LD,2024-07-22T10:00:00Z,3.711871418888889,5.8120666137614485,9.523938032650337,0.0191265,0.0578602,FALSE,TRUE,FALSE
LD,2024-07-22T10:30:00Z,3.711871418888889,5.819407317225455,9.531278736114343,1.93976,0.0498408,FALSE,TRUE,FALSE
LD,2024-07-23T02:30:00Z,7.275389746190476,2.43485726428431,9.710247010474786,1.53105e-4,0.168761,FALSE,TRUE,FALSE
LD,2024-07-23T03:00:00Z,6.932583481666667,2.4448296691687403,9.377413150835407,0,0.0959221,FALSE,TRUE,FALSE
LD,2024-07-23T03:30:00Z,7.275389746190476,2.255304943274729,9.530694689465205,0,0.0396785,FALSE,TRUE,FALSE
LD,2024-07-23T04:00:00Z,3.936608677,5.185961269070631,9.122569946070632,0,0.0410501,FALSE,TRUE,FALSE
LD,2024-07-23T04:30:00Z,3.711871418888889,5.274265050245987,8.986136469134875,0,0.0255546,FALSE,TRUE,FALSE
LD,2024-07-23T05:00:00Z,3.711871418888889,5.268661241184246,8.980532660073134,0,0.102663,FALSE,TRUE,FALSE
LD,2024-07-23T05:30:00Z,3.711871418888889,5.233782038281854,8.945653457170742,1.55077e-4,0.146597,FALSE,TRUE,FALSE
LD,2024-07-23T06:00:00Z,3.13900332125,5.686521827819819,8.825525149069819,2.06852e-4,0.0690763,FALSE,TRUE,FALSE
LD,2024-07-23T06:30:00Z,-2.3399177499999997,10.951168685010435,8.611250935010435,2.47039e-4,0.0835731,FALSE,TRUE,FALSE
LD,2024-07-23T07:00:00Z,-5.192347,13.732576780419691,8.540229780419692,3.54533e-4,0.0782767,FALSE,TRUE,FALSE
LD,2024-07-23T07:30:00Z,-5.192347,13.644162644444705,8.451815644444705,5.54235e-4,0.0318946,FALSE,TRUE,FALSE
LD,2024-07-23T08:00:00Z,6.617889843793103,1.597557199708202,8.215447043501305,4.2751e-4,0.0259352,FALSE,TRUE,FALSE
LD,2024-07-23T08:30:00Z,6.617889843793103,1.4634691480390813,8.081358991832184,4.03842e-4,0.0422205,FALSE,TRUE,FALSE
LD,2024-07-23T09:00:00Z,6.400601623928571,1.5990097536959222,7.999611377624493,4.4107e-4,0.0264573,FALSE,TRUE,FALSE
LD,2024-07-23T09:30:00Z,6.182523165555556,1.6858955715804766,7.868418737136032,5.55221e-4,0.0374557,FALSE,TRUE,FALSE
LD,2024-07-23T10:00:00Z,5.461674647037037,2.374745112863611,7.8364197599006475,0.0197002,0.0648205,FALSE,TRUE,FALSE
LD,2024-07-23T10:30:00Z,22.616394999999997,-14.783038206246562,7.833356793753435,2.23796,0.085184,TRUE,FALSE,FALSE
LD,2024-07-23T12:30:00Z,32.586499999999994,-23.647077287403828,8.939422712596166,223.02,0.317523,TRUE,FALSE,FALSE
LD,2024-07-24T01:30:00Z,5.3392651,4.09314712427285,9.43241222427285,4.75868,0.220625,FALSE,TRUE,FALSE
LD,2024-07-24T02:00:00Z,6.4987706235000005,2.6911987510663984,9.189969374566399,0.116163,0.163038,FALSE,TRUE,FALSE
LD,2024-07-24T02:30:00Z,5.900668803888889,3.2076980697908244,9.108366873679714,0,0.160209,FALSE,TRUE,FALSE
LD,2024-07-24T03:00:00Z,5.934180978,3.122492532713717,9.056673510713717,0,0.0993851,FALSE,TRUE,FALSE
LD,2024-07-24T03:30:00Z,5.900668803888889,3.179586849116923,9.080255653005812,0,0.146131,FALSE,TRUE,FALSE
LD,2024-07-24T04:00:00Z,6.0184166235,3.0661544730122934,9.084571096512294,0,0.155176,FALSE,TRUE,FALSE
LD,2024-07-24T04:30:00Z,5.900668803888889,3.150636655471894,9.051305459360783,0,0.136342,FALSE,TRUE,FALSE
LD,2024-07-24T05:00:00Z,5.900668803888889,3.13502142565253,9.03569022954142,0,0.180179,FALSE,TRUE,FALSE
LD,2024-07-24T06:00:00Z,13.4453579,-4.397177697336836,9.048180202663163,0,0.381274,TRUE,FALSE,FALSE
LD,2024-07-24T06:30:00Z,5.131106,3.8049604661698178,8.936066466169818,0,0.43592,FALSE,TRUE,FALSE
LD,2024-07-24T07:00:00Z,5.959244,2.877293210702497,8.836537210702497,0,0.351366,FALSE,TRUE,FALSE
LD,2024-07-24T08:00:00Z,4.625177686470589,3.982699479326011,8.6078771657966,0,0.210467,FALSE,TRUE,FALSE
LD,2024-07-24T08:30:00Z,10.467718000000001,-1.9516550980510665,8.516062901948935,0,0.293614,TRUE,FALSE,FALSE
LD,2024-07-24T10:00:00Z,5.126466711333333,3.328075432016104,8.454542143349437,0.00469226,0.22063,FALSE,TRUE,FALSE
LD,2024-07-24T10:30:00Z,5.126466711333333,3.3202047134164934,8.446671424749827,0.873237,0.157547,FALSE,TRUE,FALSE
LD,2024-07-25T01:30:00Z,5.960794877368421,2.519692266188084,8.480487143556505,5.22177,0.164983,FALSE,TRUE,FALSE
LD,2024-07-25T02:00:00Z,4.854600259444444,3.4749266361856392,8.329526895630083,0.17208,0.189455,FALSE,TRUE,FALSE
LD,2024-07-25T02:30:00Z,4.625177686470589,3.5381332375156385,8.163310923986227,2.09317e-4,0.109343,FALSE,TRUE,FALSE
LD,2024-07-25T03:00:00Z,4.0451993427272726,3.9485030637706258,7.993702406497898,0,0.0792756,FALSE,TRUE,FALSE
LD,2024-07-25T03:30:00Z,3.711871418888889,4.086824810961403,7.798696229850292,0,0.104197,FALSE,TRUE,FALSE
LD,2024-07-25T04:00:00Z,3.711871418888889,4.041578877940404,7.7534502968292935,0,0.100468,FALSE,TRUE,FALSE
LD,2024-07-25T04:30:00Z,3.13900332125,4.509774431845091,7.648777753095091,0,0.0803447,FALSE,TRUE,FALSE
LD,2024-07-25T05:00:00Z,3.13900332125,4.410850386241121,7.549853707491121,0,0.105735,FALSE,TRUE,FALSE
LD,2024-07-25T05:30:00Z,3.13900332125,4.3767521814983805,7.51575550274838,0,0.15055,FALSE,TRUE,FALSE
LD,2024-07-25T06:00:00Z,-5.192347,12.605902656942114,7.413555656942114,0,0.126977,FALSE,TRUE,FALSE
LD,2024-07-25T06:30:00Z,-5.192347,12.500721433373704,7.308374433373704,8.18531e-5,0.114241,FALSE,TRUE,FALSE
LD,2024-07-25T07:00:00Z,1.17404325,6.04670447572952,7.220747725729519,1.85649e-4,0.08138,FALSE,TRUE,FALSE
LD,2024-07-25T07:30:00Z,1.17404325,6.038844895265521,7.212888145265521,6.33623e-5,0.0727717,FALSE,TRUE,FALSE
LD,2024-07-25T08:00:00Z,1.17404325,5.9129142298361135,7.086957479836114,1.9773e-4,0.0392249,FALSE,TRUE,FALSE
LD,2024-07-25T08:30:00Z,-4.48901,11.46158074460433,6.9725707446043295,1.72089e-4,0.0571151,FALSE,TRUE,FALSE
LD,2024-07-25T09:00:00Z,-4.48901,11.486337432650206,6.997327432650206,1.52119e-4,0.0604407,FALSE,TRUE,FALSE
LD,2024-07-25T09:30:00Z,-4.48901,11.475959147864923,6.986949147864924,3.89296e-4,0.0539198,FALSE,TRUE,FALSE
LD,2024-07-25T10:00:00Z,-4.48901,11.414492277832117,6.925482277832116,0.0195979,0.13333,FALSE,TRUE,FALSE
LD,2024-07-25T10:30:00Z,22.616394999999997,-15.687114763085768,6.929280236914229,1.80145,0.118199,TRUE,FALSE,FALSE
LD,2024-07-25T11:00:00Z,26.669196666666668,-19.700709135233033,6.9684875314336345,19.7268,0.11419,TRUE,FALSE,FALSE
LD,2024-07-25T11:30:00Z,9.245711333333333,-2.188326091996294,7.057385241337038,82.605,0.132888,TRUE,FALSE,FALSE
LD,2024-07-26T01:30:00Z,9.53724,-1.0873771707213784,8.449862829278622,4.28834,0.231721,TRUE,FALSE,FALSE
LD,2024-07-26T02:00:00Z,5.868298423500001,2.4642091844409837,8.332507607940984,0.11501,0.206381,FALSE,TRUE,FALSE
LD,2024-07-26T02:30:00Z,4.854600259444444,3.302327703941984,8.156927963386428,0,0.143871,FALSE,TRUE,FALSE
LD,2024-07-26T03:00:00Z,4.318173791875,3.670113577247796,7.988287369122796,0,0.123568,FALSE,TRUE,FALSE
LD,2024-07-26T03:30:00Z,4.0451993427272726,3.801591888019642,7.8467912307469145,0,0.134483,FALSE,TRUE,FALSE
LD,2024-07-26T04:00:00Z,3.711871418888889,3.9836101811141087,7.6954816000029975,0,0.0457095,FALSE,TRUE,FALSE
LD,2024-07-26T04:30:00Z,3.13900332125,4.509673316935155,7.648676638185155,0,0.124088,FALSE,TRUE,FALSE
LD,2024-07-26T05:00:00Z,3.711871418888889,4.008888608477138,7.720760027366027,0,0.135454,FALSE,TRUE,FALSE
LD,2024-07-26T05:30:00Z,3.13900332125,4.509968284145268,7.6489716053952685,0,0.0923935,FALSE,TRUE,FALSE
LD,2024-07-26T06:00:00Z,3.13900332125,4.442063452950185,7.581066774200185,0,0.0784924,FALSE,TRUE,FALSE
LD,2024-07-26T06:30:00Z,2.092044081428571,5.465655035376938,7.557699116805509,0,0.0802361,FALSE,TRUE,FALSE
LD,2024-07-26T07:00:00Z,-5.192347,12.666753980084023,7.474406980084023,0,0.0571044,FALSE,TRUE,FALSE
LD,2024-07-26T07:30:00Z,-5.192347,12.598202184424952,7.4058551844249525,4.68435e-6,0.0701218,FALSE,TRUE,FALSE
LD,2024-07-26T08:00:00Z,1.17404325,6.116433994063225,7.290477244063225,0,0.018277,FALSE,TRUE,FALSE
LD,2024-07-26T08:30:00Z,-4.48901,11.646531705018521,7.157521705018521,1.18096e-4,0.042509,FALSE,TRUE,FALSE
LD,2024-07-26T09:00:00Z,5.634173358437501,1.3977637502889584,7.031937108726459,1.33381e-4,0.0737808,FALSE,TRUE,FALSE
LD,2024-07-26T09:30:00Z,5.634173358437501,1.400978608960842,7.035151967398343,4.63013e-4,0.0546837,FALSE,TRUE,FALSE
LD,2024-07-26T10:00:00Z,5.634173358437501,1.3191631376630903,6.953336496100591,0.0184522,0.0577804,FALSE,TRUE,FALSE
LD,2024-07-26T10:30:00Z,22.616394999999997,-15.691017662647418,6.925377337352578,1.87699,0.0423006,TRUE,FALSE,FALSE
LD,2024-07-26T11:00:00Z,40.7624,-33.819400629993694,6.9429993700063015,20.998,0.0354984,TRUE,FALSE,FALSE
LD,2024-07-27T01:30:00Z,5.905572988235295,3.6373694312090956,9.54294241944439,5.19863,0.115843,FALSE,TRUE,FALSE
LD,2024-07-27T02:00:00Z,6.673301324782609,2.3372144026093187,9.010515727391928,0.106552,0.0396779,FALSE,TRUE,FALSE
LD,2024-07-27T02:30:00Z,5.3141036335,3.412951372662386,8.727055006162386,0,0.0497283,FALSE,TRUE,FALSE
LD,2024-07-27T03:00:00Z,6.2353577695833335,2.7727203998898995,9.008078169473233,0,0.106022,FALSE,TRUE,FALSE
LD,2024-07-27T03:30:00Z,6.340821454166667,2.955812931360157,9.296634385526824,0,0.11262,FALSE,TRUE,FALSE
LD,2024-07-27T04:00:00Z,6.963685376190477,2.2075215790527567,9.171206955243234,0,0.137698,FALSE,TRUE,FALSE
LD,2024-07-27T04:30:00Z,6.193874385000001,2.841644716398175,9.035519101398176,0,0.10945,FALSE,TRUE,FALSE
LD,2024-07-27T05:00:00Z,5.3141036335,3.574866976477006,8.888970609977006,0,0.0640403,FALSE,TRUE,FALSE
LD,2024-07-27T05:30:00Z,5.3141036335,3.492373132116594,8.806476765616594,0,0.121868,FALSE,TRUE,FALSE
LD,2024-07-27T06:00:00Z,4.329803370555556,4.429766271482146,8.759569642037702,0,0.1789,FALSE,TRUE,FALSE
LD,2024-07-27T06:30:00Z,4.318173791875,4.345823898875371,8.66399769075037,0,0.0973641,FALSE,TRUE,FALSE
LD,2024-07-27T07:00:00Z,4.0451993427272726,4.5694239486734,8.614623291400672,0,0.153882,FALSE,TRUE,FALSE
LD,2024-07-27T07:30:00Z,4.0451993427272726,4.570997360360423,8.616196703087695,0,0.112223,FALSE,TRUE,FALSE
LD,2024-07-27T08:00:00Z,4.0451993427272726,4.555710586057,8.600909928784272,0,0.0917647,FALSE,TRUE,FALSE
LD,2024-07-27T08:30:00Z,3.936608677,4.614724171314521,8.551332848314521,0,0.0748184,FALSE,TRUE,FALSE
LD,2024-07-27T09:00:00Z,-2.0984236666666662,10.20796446530516,8.109540798638493,0,0.0802145,FALSE,TRUE,FALSE
LD,2024-07-27T09:30:00Z,3.13900332125,5.231005373002196,8.370008694252196,1.00591e-4,0.091282,FALSE,TRUE,FALSE
LD,2024-07-27T10:00:00Z,3.711871418888889,4.725802278711422,8.43767369760031,0.00976248,0.0810848,FALSE,TRUE,FALSE
LD,2024-07-27T10:30:00Z,3.13900332125,5.242150093581918,8.381153414831918,1.32681,0.0769522,FALSE,TRUE,FALSE
LD,2024-07-28T01:30:00Z,5.763819061538461,4.667085588611277,10.430904650149738,3.82563,0.0795342,FALSE,TRUE,FALSE
LD,2024-07-28T02:00:00Z,6.323549938095239,3.81832774483056,10.141877682925799,0.0699187,0.0846403,FALSE,TRUE,FALSE
LD,2024-07-28T02:30:00Z,6.193874385000001,3.4231536423050315,9.617028027305032,0,0.109524,FALSE,TRUE,FALSE
LD,2024-07-28T03:00:00Z,4.329803370555556,4.970169876518073,9.299973247073629,0,0.0329306,FALSE,TRUE,FALSE
LD,2024-07-28T03:30:00Z,4.0451993427272726,5.0416949965516356,9.086894339278908,0,0.0349895,FALSE,TRUE,FALSE
LD,2024-07-28T04:00:00Z,3.711871418888889,5.225046068281463,8.936917487170351,0,0.0391814,FALSE,TRUE,FALSE
LD,2024-07-28T04:30:00Z,3.13900332125,5.630953215509578,8.769956536759578,0,0.042239,FALSE,TRUE,FALSE
LD,2024-07-28T05:00:00Z,3.13900332125,5.578331866907256,8.717335188157255,0,0.0256047,FALSE,TRUE,FALSE
LD,2024-07-28T05:30:00Z,-2.3399177499999997,10.95585712373812,8.61593937373812,0,0.0500494,FALSE,TRUE,FALSE
LD,2024-07-28T06:00:00Z,-5.192347,13.748922154191563,8.556575154191563,0,0.0225702,FALSE,TRUE,FALSE
LD,2024-07-28T06:30:00Z,-5.192347,13.695473536816776,8.503126536816776,0,0.0327935,FALSE,TRUE,FALSE
LD,2024-07-28T07:00:00Z,-5.192347,13.689516090641806,8.497169090641806,0,0.0238338,FALSE,TRUE,FALSE
LD,2024-07-28T07:30:00Z,3.13900332125,5.663665885969952,8.802669207219951,0,0.171225,FALSE,TRUE,FALSE
LD,2024-07-28T08:00:00Z,3.936608677,5.118001391833939,9.05461006883394,0,0.120371,FALSE,TRUE,FALSE
LD,2024-07-28T08:30:00Z,-5.192347,13.75372818611429,8.561381186114291,0,0.0413485,FALSE,TRUE,FALSE
LD,2024-07-28T09:00:00Z,3.214458177777778,5.216497702816043,8.430955880593821,0,0.0600893,FALSE,TRUE,FALSE
LD,2024-07-28T09:30:00Z,-2.3399177499999997,11.060827196776009,8.720909446776009,0,0.0805034,FALSE,TRUE,FALSE
LD,2024-07-28T10:00:00Z,-3.0644,12.347101738937269,9.28270173893727,0.0146934,0.256541,FALSE,TRUE,FALSE
LD,2024-07-28T10:30:00Z,4.089423,5.194873537878033,9.284296537878033,2.3352,0.270759,FALSE,TRUE,FALSE
LD,2024-07-28T13:30:00Z,16.11678,-6.267922434373016,9.848857565626982,208.845,0.346061,TRUE,FALSE,FALSE
LD,2024-07-28T22:30:00Z,15.8088,-4.16222729159934,11.64657270840066,69.1521,0.291281,TRUE,FALSE,FALSE
LD,2024-07-29T01:30:00Z,6.772817853333334,4.29569975088086,11.068517604214193,1.29899,0.0424339,FALSE,TRUE,FALSE
LD,2024-07-29T02:00:00Z,7.023524786666667,3.9442101403444125,10.96773492701108,0.0289834,0.0969675,FALSE,TRUE,FALSE
LD,2024-07-29T02:30:00Z,6.4322650333333335,4.326141333145269,10.758406366478603,0,0.0519912,FALSE,TRUE,FALSE
LD,2024-07-29T03:00:00Z,6.4322650333333335,4.301204653176898,10.733469686510231,0,0.0302881,FALSE,TRUE,FALSE
LD,2024-07-29T03:30:00Z,6.497322985,4.371213430128623,10.868536415128624,0,0.0404825,FALSE,TRUE,FALSE
LD,2024-07-29T04:00:00Z,7.023524786666667,4.0056703021399604,11.029195088806627,0,0.0661248,FALSE,TRUE,FALSE
LD,2024-07-29T04:30:00Z,7.023524786666667,4.002653487182751,11.026178273849418,0,0.0655174,FALSE,TRUE,FALSE
LD,2024-07-29T05:00:00Z,4.737194544444445,6.254695645608929,10.991890190053374,0,0.141643,FALSE,TRUE,FALSE
LD,2024-07-29T05:30:00Z,6.497322985,4.471901859725254,10.969224844725254,0,0.102645,FALSE,TRUE,FALSE
LD,2024-07-29T06:00:00Z,6.497322985,4.4823300126795225,10.979652997679523,0,0.212293,FALSE,TRUE,FALSE
LD,2024-07-29T06:30:00Z,6.1316369368421055,4.873550330803536,11.005187267645642,0,0.208725,FALSE,TRUE,FALSE
LD,2024-07-29T07:00:00Z,6.1316369368421055,4.898178497651869,11.029815434493974,0,0.165095,FALSE,TRUE,FALSE
LD,2024-07-29T07:30:00Z,6.1316369368421055,4.904189963088744,11.03582689993085,0,0.214298,FALSE,TRUE,FALSE
LD,2024-07-29T08:00:00Z,6.497322985,4.5209049212813515,11.018227906281352,0,0.21143,FALSE,TRUE,FALSE
LD,2024-07-29T08:30:00Z,8.394719,2.624054291438279,11.01877329143828,0,0.258385,FALSE,TRUE,FALSE
LD,2024-07-29T09:00:00Z,6.458486799999999,4.555397719481881,11.01388451948188,0,0.251376,FALSE,TRUE,FALSE
LD,2024-07-29T09:30:00Z,4.862367000000001,6.196569255463224,11.058936255463225,0,0.297091,FALSE,TRUE,FALSE
LD,2024-07-29T10:00:00Z,5.181908,5.84107740850447,11.02298540850447,0.00323394,0.267781,FALSE,TRUE,FALSE
LD,2024-07-29T10:30:00Z,5.558929,5.503300435048273,11.062229435048273,0.457682,0.325001,FALSE,TRUE,FALSE
LD,2024-07-29T11:00:00Z,4.988631,6.10723338898663,11.09586438898663,6.7794,0.289493,FALSE,TRUE,FALSE
LD,2024-07-29T21:00:00Z,14.68787,-2.2113703744610724,12.476499625538928,120.591,0.545344,TRUE,FALSE,FALSE
LD,2024-07-30T01:00:00Z,6.334240938095238,5.1288254809164115,11.46306641901165,6.7781,0.0936589,FALSE,TRUE,FALSE
LD,2024-07-30T01:30:00Z,6.497322985,4.938729944463477,11.436052929463477,1.42582,0.0781248,FALSE,TRUE,FALSE
LD,2024-07-30T02:00:00Z,6.4322650333333335,4.973181957519099,11.405446990852433,0.0146769,0.146167,FALSE,TRUE,FALSE
LD,2024-07-30T02:30:00Z,6.4322650333333335,4.96502971252294,11.397294745856273,0,0.226031,FALSE,TRUE,FALSE
LD,2024-07-30T03:00:00Z,6.410764077272728,4.925295733920637,11.336059811193365,0,0.23836,FALSE,TRUE,FALSE
LD,2024-07-30T03:30:00Z,6.410764077272728,4.904039411969225,11.314803489241953,0,0.253666,FALSE,TRUE,FALSE
LD,2024-07-30T04:00:00Z,6.492679386956522,4.799502382739466,11.292181769695988,0,0.218517,FALSE,TRUE,FALSE
LD,2024-07-30T04:30:00Z,6.64975845,4.6286166081661495,11.27837505816615,0,0.214335,FALSE,TRUE,FALSE
LD,2024-07-30T05:00:00Z,6.963685376190477,4.30228546830712,11.265970844497597,0,0.138641,FALSE,TRUE,FALSE
LD,2024-07-30T05:30:00Z,6.963685376190477,4.309998942122225,11.273684318312702,0,0.147006,FALSE,TRUE,FALSE
LD,2024-07-30T06:00:00Z,6.963685376190477,4.293467506364897,11.257152882555374,0,0.125287,FALSE,TRUE,FALSE
LD,2024-07-30T06:30:00Z,6.963685376190477,4.293107209394926,11.256792585585403,0,0.330126,FALSE,TRUE,FALSE
LD,2024-07-30T07:00:00Z,6.963685376190477,4.29496306902199,11.258648445212467,0,0.259176,FALSE,TRUE,FALSE
LD,2024-07-30T07:30:00Z,6.963685376190477,4.285736302810732,11.249421679001209,0,0.356545,FALSE,TRUE,FALSE
LD,2024-07-30T08:00:00Z,6.963685376190477,4.2809674746322495,11.244652850822726,0,0.301998,FALSE,TRUE,FALSE
LD,2024-07-30T08:30:00Z,6.963685376190477,4.277152061358515,11.240837437548992,0,0.318746,FALSE,TRUE,FALSE
LD,2024-07-30T09:00:00Z,6.963685376190477,4.2598999820482275,11.223585358238704,0,0.383751,FALSE,TRUE,FALSE
LD,2024-07-30T09:30:00Z,6.963685376190477,4.2615251225024595,11.225210498692936,0,0.279621,FALSE,TRUE,FALSE
LD,2024-07-30T10:00:00Z,-7.80622,19.01680108617266,11.21058108617266,0.00156729,0.251828,FALSE,TRUE,FALSE
LD,2024-07-30T10:30:00Z,-20.418999999999997,31.625528132454264,11.206528132454265,0.565137,0.291062,FALSE,TRUE,FALSE
LD,2024-07-30T11:00:00Z,31.2316,-20.02357976906832,11.208020230931679,7.63642,0.304335,TRUE,FALSE,FALSE
LD,2024-07-31T01:30:00Z,6.066931453333334,6.125805897781522,12.192737351114856,1.78076,0.0644503,FALSE,TRUE,FALSE
LD,2024-07-31T02:00:00Z,6.494935773684211,5.529094839975664,12.024030613659875,0.0258769,0.0640966,FALSE,TRUE,FALSE
LD,2024-07-31T02:30:00Z,6.426744285000001,5.544606670307171,11.971350955307171,0,0.10179,FALSE,TRUE,FALSE
LD,2024-07-31T03:30:00Z,6.4044823666666675,5.41135396947682,11.815836336143487,0,0.108159,FALSE,TRUE,FALSE
LD,2024-07-31T04:00:00Z,6.4044823666666675,5.39586071227767,11.800343078944337,0,0.0650661,FALSE,TRUE,FALSE
LD,2024-07-31T04:30:00Z,6.984735645000001,4.680471904531595,11.665207549531596,0,0.109588,FALSE,TRUE,FALSE
LD,2024-07-31T05:00:00Z,6.984735645000001,4.523084283031153,11.507819928031154,0,0.094273,FALSE,TRUE,FALSE
LD,2024-07-31T05:30:00Z,6.984735645000001,4.606115762128834,11.590851407128834,0,0.113735,FALSE,TRUE,FALSE
LD,2024-07-31T06:00:00Z,6.923834889473684,4.5891955206056325,11.513030410079317,0,0.0866462,FALSE,TRUE,FALSE
LD,2024-07-31T06:30:00Z,6.2191998947368425,5.430085474341135,11.649285369077978,0,0.116543,FALSE,TRUE,FALSE
LD,2024-07-31T07:00:00Z,6.645670529411765,4.979494283890466,11.62516481330223,0,0.0998796,FALSE,TRUE,FALSE
LD,2024-07-31T07:30:00Z,6.6885721875,4.8929714899948635,11.581543677494864,0,0.127287,FALSE,TRUE,FALSE
LD,2024-07-31T08:00:00Z,12.371730000000001,-0.7655048083418805,11.60622519165812,0,0.231949,TRUE,FALSE,FALSE
LD,2024-07-31T08:30:00Z,6.581489253333334,4.9278065116646435,11.509295764997978,0,0.197746,FALSE,TRUE,FALSE
LD,2024-07-31T09:00:00Z,6.581489253333334,4.881456762778159,11.462946016111493,0,0.146632,FALSE,TRUE,FALSE
LD,2024-07-31T09:30:00Z,6.581489253333334,4.831800231609483,11.413289484942817,0,0.117653,FALSE,TRUE,FALSE
LD,2024-07-31T10:00:00Z,4.783763676923077,6.45429272680686,11.238056403729937,0.00213459,0.0818531,FALSE,TRUE,FALSE
LD,2024-07-31T10:30:00Z,3.165515250000001,7.990417286150418,11.155932536150418,0.771428,0.143007,FALSE,TRUE,FALSE
LD,2024-07-31T11:30:00Z,17.01759,-5.446498733909383,11.571091266090615,57.5203,0.257134,TRUE,FALSE,FALSE
LD,2024-08-01T01:30:00Z,5.318326527272727,6.7883961661065575,12.106722693379284,1.8902,0.0580226,FALSE,TRUE,FALSE
LD,2024-08-01T02:00:00Z,5.306958316666667,6.666700077807534,11.973658394474201,0.0164239,0.145644,FALSE,TRUE,FALSE
LD,2024-08-01T02:30:00Z,5.845893618181818,6.001918960647415,11.847812578829233,0,0.199335,FALSE,TRUE,FALSE
LD,2024-08-01T03:00:00Z,6.306539853333334,5.393160166424455,11.699700019757788,0,0.143003,FALSE,TRUE,FALSE
LD,2024-08-01T03:30:00Z,5.631393433333334,5.807966003313706,11.43935943664704,0,0.104268,FALSE,TRUE,FALSE
LD,2024-08-01T04:00:00Z,5.631393433333334,5.62221258561993,11.253606018953263,0,0.0540073,FALSE,TRUE,FALSE
LD,2024-08-01T04:30:00Z,5.631393433333334,5.543839719111829,11.175233152445163,0,0.101988,FALSE,TRUE,FALSE
LD,2024-08-01T05:00:00Z,5.631393433333334,5.579590424054017,11.210983857387351,0,0.106668,FALSE,TRUE,FALSE
LD,2024-08-01T05:30:00Z,5.631393433333334,5.508690789724313,11.140084223057647,0,0.0853773,FALSE,TRUE,FALSE
LD,2024-08-01T06:00:00Z,5.631393433333334,5.539727089401439,11.171120522734773,0,0.189967,FALSE,TRUE,FALSE
LD,2024-08-01T06:30:00Z,5.631393433333334,5.56427071818655,11.195664151519884,0,0.207478,FALSE,TRUE,FALSE
LD,2024-08-01T07:00:00Z,5.631393433333334,5.530194080299506,11.16158751363284,0,0.101592,FALSE,TRUE,FALSE
LD,2024-08-01T07:30:00Z,5.784008341176471,5.297152907405091,11.081161248581562,0,0.0245552,FALSE,TRUE,FALSE
LD,2024-08-01T08:00:00Z,6.141928050000001,4.903277659484196,11.045205709484197,0,0.118602,FALSE,TRUE,FALSE
LD,2024-08-01T08:30:00Z,6.141928050000001,4.87028356513194,11.01221161513194,0,0.138381,FALSE,TRUE,FALSE
LD,2024-08-01T09:00:00Z,6.141928050000001,4.86171554577413,11.00364359577413,0,0.0524078,FALSE,TRUE,FALSE
LD,2024-08-01T09:30:00Z,6.141928050000001,4.83632902002145,10.978257070021451,0,0.0794775,FALSE,TRUE,FALSE
LD,2024-08-01T10:00:00Z,6.141928050000001,4.749035505924702,10.890963555924703,0.00348394,0.0954689,FALSE,TRUE,FALSE
LD,2024-08-01T10:30:00Z,6.141928050000001,4.747382506978015,10.889310556978016,1.24667,0.123408,FALSE,TRUE,FALSE
LD,2024-08-01T11:00:00Z,6.141928050000001,4.696744635799767,10.838672685799768,7.61141,0.0486096,FALSE,TRUE,FALSE
LD,2024-08-02T01:30:00Z,4.706409833333333,6.843278482321769,11.549688315655102,1.00365,0.0569065,FALSE,TRUE,FALSE
LD,2024-08-02T02:00:00Z,5.306958316666667,6.1274116394192975,11.434369956085964,0.00797329,0.0876624,FALSE,TRUE,FALSE
LD,2024-08-02T02:30:00Z,5.306958316666667,6.021994895803501,11.328953212470168,0,0.0640827,FALSE,TRUE,FALSE
LD,2024-08-02T03:00:00Z,5.845893618181818,5.350197090692709,11.196090708874527,0,0.132518,FALSE,TRUE,FALSE
LD,2024-08-02T03:30:00Z,6.306539853333334,4.786365303227109,11.092905156560443,0,0.0772645,FALSE,TRUE,FALSE
LD,2024-08-02T04:00:00Z,6.344390128571429,4.651687074849945,10.996077203421374,0,0.0526576,FALSE,TRUE,FALSE
LD,2024-08-02T04:30:00Z,5.401637752941177,5.514176107876002,10.91581386081718,0,0.0814389,FALSE,TRUE,FALSE
LD,2024-08-02T05:00:00Z,5.401637752941177,5.49420769134872,10.895845444289897,0,0.0646937,FALSE,TRUE,FALSE
LD,2024-08-02T05:30:00Z,6.344390128571429,4.61878202945574,10.963172158027168,0,0.0782518,FALSE,TRUE,FALSE
LD,2024-08-02T06:00:00Z,20.68048,-9.755241707841588,10.925238292158411,0,0.433123,TRUE,FALSE,FALSE
LD,2024-08-02T06:30:00Z,6.4123448777777785,4.1045868986375265,10.516931776415305,0,0.106968,FALSE,TRUE,FALSE
LD,2024-08-02T07:00:00Z,19.590828000000002,-9.080518186941852,10.51030981305815,0,0.306895,TRUE,FALSE,FALSE
LD,2024-08-02T07:30:00Z,6.077868463157896,4.44113308638125,10.519001549539146,0,0.155206,FALSE,TRUE,FALSE
LD,2024-08-02T08:00:00Z,6.342015621052632,4.0804596125365835,10.422475233589216,0,0.0424857,FALSE,TRUE,FALSE
LD,2024-08-02T08:30:00Z,6.342015621052632,4.037874737335161,10.379890358387794,0,0.0794891,FALSE,TRUE,FALSE
LD,2024-08-02T09:00:00Z,6.342015621052632,4.043421020670569,10.385436641723201,0,0.0889696,FALSE,TRUE,FALSE
LD,2024-08-02T09:30:00Z,6.342015621052632,4.030141112057696,10.372156733110328,0,0.0954103,FALSE,TRUE,FALSE
LD,2024-08-02T10:00:00Z,6.342015621052632,3.9663169697721044,10.308332590824737,0.00165063,0.073036,FALSE,TRUE,FALSE
LD,2024-08-02T10:30:00Z,6.342015621052632,3.9417358120475354,10.283751433100168,0.37431,0.0910346,FALSE,TRUE,FALSE
LD,2024-08-03T01:30:00Z,5.318326527272727,5.590987257614949,10.909313784887676,2.08269,0.0509125,FALSE,TRUE,FALSE
LD,2024-08-03T02:00:00Z,5.164908444444444,5.7475033641748645,10.912411808619309,0.0246472,0.125501,FALSE,TRUE,FALSE
LD,2024-08-03T02:30:00Z,5.306958316666667,5.531872899649023,10.83883121631569,0,0.175924,FALSE,TRUE,FALSE
LD,2024-08-03T03:00:00Z,5.306958316666667,5.394777568863529,10.701735885530196,0,0.115783,FALSE,TRUE,FALSE
LD,2024-08-03T03:30:00Z,6.789256271428572,3.7903029782502085,10.57955924967878,0,0.120084,FALSE,TRUE,FALSE
LD,2024-08-03T04:00:00Z,5.40101612,5.012442062210611,10.413458182210611,0,0.06992,FALSE,TRUE,FALSE
LD,2024-08-03T04:30:00Z,5.857350094736843,4.310457328015543,10.167807422752386,0,0.08212,FALSE,TRUE,FALSE
LD,2024-08-03T05:00:00Z,5.857350094736843,4.285779922066851,10.143130016803694,0,0.0924779,FALSE,TRUE,FALSE
LD,2024-08-03T05:30:00Z,6.342015621052632,3.6467454323012456,9.988761053353878,0,0.0808002,FALSE,TRUE,FALSE
LD,2024-08-03T06:00:00Z,6.342015621052632,3.5857204275500782,9.92773604860271,0,0.0580398,FALSE,TRUE,FALSE
LD,2024-08-03T06:30:00Z,6.342015621052632,3.5222870439569514,9.864302665009584,0,0.0567704,FALSE,TRUE,FALSE
LD,2024-08-03T07:00:00Z,6.342015621052632,3.504703934358271,9.846719555410903,0,0.126416,FALSE,TRUE,FALSE
LD,2024-08-03T07:30:00Z,6.342015621052632,3.4882387394010896,9.830254360453722,0,0.129017,FALSE,TRUE,FALSE
LD,2024-08-03T08:00:00Z,5.35830974,4.392280016864047,9.750589756864047,0,0.115304,FALSE,TRUE,FALSE
LD,2024-08-03T08:30:00Z,5.401262542857143,4.296229059175893,9.697491602033036,0,0.0816742,FALSE,TRUE,FALSE
LD,2024-08-03T09:00:00Z,4.871680680952381,4.787799620674806,9.659480301627188,0,0.126643,FALSE,TRUE,FALSE
LD,2024-08-03T09:30:00Z,5.401262542857143,4.288962097044294,9.690224639901437,0,0.0937547,FALSE,TRUE,FALSE
LD,2024-08-03T10:00:00Z,3.818085289473685,5.728526071226299,9.546611360699984,0.00194377,0.126255,FALSE,TRUE,FALSE
LD,2024-08-03T10:30:00Z,3.8901672250000003,5.612576381487534,9.502743606487535,0.519457,0.138479,FALSE,TRUE,FALSE
LD,2024-08-04T01:30:00Z,5.164908444444444,5.165871284982407,10.330779729426851,1.19503,0.114744,FALSE,TRUE,FALSE
LD,2024-08-04T02:00:00Z,5.845893618181818,4.246702733510433,10.09259635169225,0.00783818,0.0905598,FALSE,TRUE,FALSE
LD,2024-08-04T02:30:00Z,6.344390128571429,3.5414521752672057,9.885842303838634,0,0.0900336,FALSE,TRUE,FALSE
LD,2024-08-04T03:00:00Z,6.3697289227272735,3.041495344568143,9.411224267295417,0,0.0685489,FALSE,TRUE,FALSE
LD,2024-08-04T03:30:00Z,5.1456368800000005,4.073974540662783,9.219611420662783,0,0.0290388,FALSE,TRUE,FALSE
LD,2024-08-04T04:00:00Z,4.525769185185186,4.578940869916921,9.104710055102107,0,0.0337221,FALSE,TRUE,FALSE
LD,2024-08-04T04:30:00Z,3.5208736,5.354411920167598,8.875285520167598,0,0.0517989,FALSE,TRUE,FALSE
LD,2024-08-04T05:00:00Z,3.9001917142857145,5.1219183305369835,9.022110044822698,0,0.102463,FALSE,TRUE,FALSE
LD,2024-08-04T05:30:00Z,4.525769185185186,4.51864206485332,9.044411250038506,0,0.0986191,FALSE,TRUE,FALSE
LD,2024-08-04T06:00:00Z,3.373749022222222,5.480649374882006,8.854398397104228,0,0.032679,FALSE,TRUE,FALSE
LD,2024-08-04T06:30:00Z,5.373827484615385,3.343990590475837,8.717818075091222,0,0.0333507,FALSE,TRUE,FALSE
LD,2024-08-04T07:00:00Z,4.339516584,4.354840267220004,8.694356851220004,0,0.0395574,FALSE,TRUE,FALSE
LD,2024-08-04T07:30:00Z,3.2019233839999997,5.339047345554971,8.54097072955497,0,0.142368,FALSE,TRUE,FALSE
LD,2024-08-04T08:00:00Z,3.2019233839999997,5.344615062555138,8.546538446555138,0,0.104978,FALSE,TRUE,FALSE
LD,2024-08-04T08:30:00Z,3.2019233839999997,5.326218454669815,8.528141838669814,0,0.0505249,FALSE,TRUE,FALSE
LD,2024-08-04T09:00:00Z,3.2019233839999997,5.263256225768495,8.465179609768494,0,0.0553981,FALSE,TRUE,FALSE
LD,2024-08-04T09:30:00Z,3.0342206499999995,5.31615317803527,8.35037382803527,0,0.0601111,FALSE,TRUE,FALSE
LD,2024-08-04T10:00:00Z,3.2019233839999997,5.203236078452817,8.405159462452817,0.00132232,0.0989129,FALSE,TRUE,FALSE
LD,2024-08-04T10:30:00Z,3.299378069565217,5.009364229860321,8.308742299425537,0.33905,0.055662,FALSE,TRUE,FALSE
LD,2024-08-04T11:30:00Z,15.68318,-7.064642133949949,8.618537866050051,42.7665,0.173066,TRUE,FALSE,FALSE
LD,2024-08-05T01:30:00Z,5.84442988,3.7558583595804205,9.60028823958042,1.09502,0.102612,FALSE,TRUE,FALSE
LD,2024-08-05T02:00:00Z,6.505315342857143,2.7538807458908536,9.259196088747997,0.00634806,0.18057,FALSE,TRUE,FALSE
LD,2024-08-05T02:30:00Z,5.733492282352942,3.370878961633058,9.104371243986,0,0.207809,FALSE,TRUE,FALSE
LD,2024-08-05T03:00:00Z,6.17957548888889,2.818769418396508,8.998344907285398,0,0.184105,FALSE,TRUE,FALSE
LD,2024-08-05T03:30:00Z,6.3697289227272735,2.351287752825187,8.72101667555246,0,0.0546816,FALSE,TRUE,FALSE
LD,2024-08-05T04:00:00Z,5.621465070370371,2.9932677223459203,8.6147327927162909,0,0.0376135,FALSE,TRUE,FALSE
LD,2024-08-05T04:30:00Z,5.5651814090909095,2.9481516323198385,8.513333041410748,0,0.021638,FALSE,TRUE,FALSE
LD,2024-08-05T05:00:00Z,4.8468298,3.5552398945178574,8.402069694517857,0,0.0640441,FALSE,TRUE,FALSE
LD,2024-08-05T05:30:00Z,4.160782500000001,4.224417642800993,8.385200142800993,0,0.0353694,FALSE,TRUE,FALSE
LD,2024-08-05T06:00:00Z,4.160782500000001,4.183376988610807,8.344159488610808,0,0.0399016,FALSE,TRUE,FALSE
LD,2024-08-05T06:30:00Z,4.797140208333333,3.616473834505557,8.41361404283889,0,0.122067,FALSE,TRUE,FALSE
LD,2024-08-05T07:00:00Z,4.797140208333333,3.609895877917147,8.40703608625048,0,0.127314,FALSE,TRUE,FALSE
LD,2024-08-05T07:30:00Z,4.797140208333333,3.6003671589706894,8.397507367304023,0,0.0714525,FALSE,TRUE,FALSE
LD,2024-08-05T08:00:00Z,5.5651814090909095,2.8735374373708797,8.43871884646179,0,0.152044,FALSE,TRUE,FALSE
LD,2024-08-05T08:30:00Z,6.088116665384615,2.4435195361655593,8.531636201550175,0,0.102859,FALSE,TRUE,FALSE
LD,2024-08-05T09:00:00Z,6.025263595833334,2.5069282609493584,8.532191856782692,0,0.104455,FALSE,TRUE,FALSE
LD,2024-08-05T09:30:00Z,5.477054044,2.9703169833415535,8.447371027341553,0,0.113851,FALSE,TRUE,FALSE
LD,2024-08-05T10:00:00Z,6.337813868421053,2.217368743279158,8.55518261170021,0,0.201762,FALSE,TRUE,FALSE
LD,2024-08-05T10:30:00Z,6.355536131578948,2.1615142486300396,8.517050380208987,0.085222,0.0770196,FALSE,TRUE,FALSE
LD,2024-08-05T11:00:00Z,5.450677869565218,2.912231020874377,8.362908890439595,3.12364,0.124836,FALSE,TRUE,FALSE
LD,2024-08-05T12:00:00Z,9.71323,-1.348684355707178,8.364545644292821,96.9163,0.115826,TRUE,FALSE,FALSE
LD,2024-08-06T01:00:00Z,6.876509400000001,1.7569997027591624,8.633509102759163,7.76509,0.290782,FALSE,TRUE,FALSE
LD,2024-08-06T01:30:00Z,5.409861636363637,3.03082821401202,8.440689850375657,0.450864,0.407269,FALSE,TRUE,FALSE
LD,2024-08-06T02:00:00Z,6.074637538461539,2.2163556753352243,8.290993213796764,6.5951e-4,0.436281,FALSE,TRUE,FALSE
LD,2024-08-06T02:30:00Z,6.156934071428572,2.0374517621204253,8.194385833548997,0,0.343629,FALSE,TRUE,FALSE
LD,2024-08-06T03:00:00Z,6.345409735294118,1.7435061463295911,8.08891588162371,0,0.365114,FALSE,TRUE,FALSE
LD,2024-08-06T03:30:00Z,5.267424125000001,2.7170679112266747,7.984492036226675,0,0.379314,FALSE,TRUE,FALSE
LD,2024-08-06T04:00:00Z,5.461607000000001,2.4503482794860387,7.9119552794860395,0,0.421227,FALSE,TRUE,FALSE
LD,2024-08-06T04:30:00Z,5.461607000000001,2.4139352654346187,7.875542265434619,0,0.300841,FALSE,TRUE,FALSE
LD,2024-08-06T05:00:00Z,5.461607000000001,2.38879536949099,7.850402369490991,0,0.269569,FALSE,TRUE,FALSE
LD,2024-08-06T05:30:00Z,5.461607000000001,2.364592936292661,7.826199936292662,0,0.256395,FALSE,TRUE,FALSE
LD,2024-08-06T06:00:00Z,4.710608791666667,3.0701289351706764,7.780737726837343,0,0.456475,FALSE,TRUE,FALSE
LD,2024-08-06T06:30:00Z,4.242817664,3.274490875567098,7.517308539567098,0,0.416422,FALSE,TRUE,FALSE
LD,2024-08-06T07:00:00Z,3.3846356083333333,3.916408372515912,7.301043980849245,0,0.271022,FALSE,TRUE,FALSE
LD,2024-08-06T07:30:00Z,3.3846356083333333,3.877954222310926,7.262589830644259,0,0.292786,FALSE,TRUE,FALSE
LD,2024-08-06T08:00:00Z,6.0393799999999995,1.204197087588116,7.243577087588116,0,0.30031,FALSE,TRUE,FALSE
LD,2024-08-06T08:30:00Z,3.3846356083333333,3.8198743387995817,7.204509947132915,0,0.237797,FALSE,TRUE,FALSE
LD,2024-08-06T09:00:00Z,3.2175854608695653,3.963973299502509,7.1815587603720745,0,0.243111,FALSE,TRUE,FALSE
LD,2024-08-06T09:30:00Z,-12.990400000000001,20.157958644013405,7.167558644013404,0,0.270663,FALSE,TRUE,FALSE
LD,2024-08-06T10:00:00Z,11.275046999999999,-4.279446827033202,6.995600172966797,0,0.36876,TRUE,FALSE,FALSE
LD,2024-08-06T10:30:00Z,-8.191310000000001,15.069406211173213,6.878096211173212,0.0397885,0.44528,FALSE,TRUE,FALSE
LD,2024-08-06T11:00:00Z,-0.78671,7.62257596716137,6.83586596716137,1.05351,0.528517,FALSE,TRUE,FALSE
LD,2024-08-06T11:30:00Z,1.4703571071428565,5.350941876604785,6.821298983747641,2.81171,0.517795,FALSE,TRUE,FALSE
LD,2024-08-06T12:00:00Z,1.1142711230769224,5.64138459153977,6.755655714616692,3.59626,0.528131,FALSE,TRUE,FALSE
LD,2024-08-07T01:30:00Z,5.240391952380953,2.005781862724965,7.246173815105918,1.31345,0.0436187,FALSE,TRUE,FALSE
LD,2024-08-07T02:00:00Z,4.6722996347826085,2.277303981125672,6.949603615908281,0.009279,0.0736599,FALSE,TRUE,FALSE
LD,2024-08-07T02:30:00Z,3.939394864,2.932106620570742,6.871501484570742,0,0.0840745,FALSE,TRUE,FALSE
LD,2024-08-07T03:00:00Z,3.8660854833333334,2.9673019959371327,6.833387479270466,0,0.104115,FALSE,TRUE,FALSE
LD,2024-08-07T03:30:00Z,3.3846356083333333,3.3606387061058225,6.745274314439156,0,0.101981,FALSE,TRUE,FALSE
LD,2024-08-07T04:00:00Z,3.3846356083333333,3.330857564381909,6.7154931727152425,0,0.133388,FALSE,TRUE,FALSE
LD,2024-08-07T04:30:00Z,3.2175854608695653,3.4103224496249176,6.627907910494483,0,0.113711,FALSE,TRUE,FALSE
LD,2024-08-07T05:00:00Z,3.0122634571428573,3.526937402344965,6.539200859487822,0,0.10796,FALSE,TRUE,FALSE
LD,2024-08-07T05:30:00Z,2.6455500049999996,3.8381842153601555,6.483734220360155,0,0.104616,FALSE,TRUE,FALSE
LD,2024-08-07T06:00:00Z,2.494335215789474,3.954922541649891,6.449257757439365,0,0.14805,FALSE,TRUE,FALSE
LD,2024-08-07T06:30:00Z,2.17212519375,4.2298293832425635,6.401954576992563,0,0.156786,FALSE,TRUE,FALSE
LD,2024-08-07T07:00:00Z,1.4703571071428565,4.881670861335679,6.352027968478535,0,0.147715,FALSE,TRUE,FALSE
LD,2024-08-07T07:30:00Z,1.1142711230769224,5.17893908963032,6.293210212707242,0,0.135439,FALSE,TRUE,FALSE
LD,2024-08-07T08:00:00Z,1.9807409636363633,4.232556661305226,6.21329762494159,0,0.0966703,FALSE,TRUE,FALSE
LD,2024-08-07T08:30:00Z,2.76968845,3.3204873423262513,6.090175792326251,0,0.0851959,FALSE,TRUE,FALSE
LD,2024-08-07T09:00:00Z,2.76968845,3.284092493425368,6.053780943425368,0,0.0796936,FALSE,TRUE,FALSE
LD,2024-08-07T09:30:00Z,0.24947319999999967,5.683415275505956,5.932888475505956,0,0.127727,FALSE,TRUE,FALSE
LD,2024-08-07T10:00:00Z,1.6799486666666668,4.184675057734562,5.86462372440123,0.00137474,0.130129,FALSE,TRUE,FALSE
LD,2024-08-07T10:30:00Z,-0.7878660000000004,6.65210595938313,5.86423995938313,0.34543,0.11155,FALSE,TRUE,FALSE
LD,2024-08-08T01:30:00Z,4.477144523809524,2.0182144188119526,6.495358942621476,0.704655,0.0369733,FALSE,TRUE,FALSE
LD,2024-08-08T02:00:00Z,4.6722996347826085,1.6254356101080933,6.297735244890702,0.00403127,0.06143,FALSE,TRUE,FALSE
LD,2024-08-08T02:30:00Z,4.684730072727273,1.631715346552049,6.316445419279322,0,0.0830756,FALSE,TRUE,FALSE
LD,2024-08-08T03:00:00Z,4.167205266666667,2.1898043782528784,6.357009644919545,0,0.0936479,FALSE,TRUE,FALSE
LD,2024-08-08T03:30:00Z,3.8660854833333334,2.3212127248519554,6.187298208185289,0,0.0537911,FALSE,TRUE,FALSE
LD,2024-08-08T04:00:00Z,3.939394864,2.259922744134968,6.199317608134968,0,0.0829436,FALSE,TRUE,FALSE
LD,2024-08-08T04:30:00Z,3.3846356083333333,2.7049532901698266,6.08958889850316,0,0.0719709,FALSE,TRUE,FALSE
LD,2024-08-08T05:00:00Z,2.6455500049999996,3.231728060494012,5.8772780654940115,0,0.0531378,FALSE,TRUE,FALSE
LD,2024-08-08T05:30:00Z,1.1142711230769224,4.616349459481937,5.73062058255886,0,0.0270302,FALSE,TRUE,FALSE
LD,2024-08-08T06:00:00Z,2.2539895499999996,3.444705806362251,5.698695356362251,0,0.0374852,FALSE,TRUE,FALSE
LD,2024-08-08T06:30:00Z,1.4703571071428565,4.2917376912846175,5.762094798427474,0,0.138422,FALSE,TRUE,FALSE
LD,2024-08-08T07:00:00Z,1.5748770599999997,4.061410961030024,5.6362880210300235,0,0.0602446,FALSE,TRUE,FALSE
LD,2024-08-08T07:30:00Z,3.193241177777778,2.400374241512055,5.593615419289833,0,0.0790127,FALSE,TRUE,FALSE
LD,2024-08-08T08:00:00Z,1.4703571071428565,4.268672003677107,5.739029110819963,0,0.0495525,FALSE,TRUE,FALSE
LD,2024-08-08T08:30:00Z,1.1142711230769224,4.543850353185904,5.658121476262826,0,0.0257222,FALSE,TRUE,FALSE
LD,2024-08-08T09:00:00Z,3.193241177777778,2.36093862815076,5.554179805928538,0,0.0395099,FALSE,TRUE,FALSE
LD,2024-08-08T09:30:00Z,1.4703571071428565,4.215923762286074,5.686280869428931,0,0.055352,FALSE,TRUE,FALSE
LD,2024-08-08T10:00:00Z,1.1142711230769224,4.50812269023286,5.622393813309783,7.03642e-4,0.0616844,FALSE,TRUE,FALSE
LD,2024-08-08T10:30:00Z,3.193241177777778,2.3139260938114115,5.507167271589189,0.187737,0.0669668,FALSE,TRUE,FALSE
LD,2024-08-08T11:00:00Z,2.3012224285714282,3.104949047942922,5.40617147651435,7.77426,0.101547,FALSE,TRUE,FALSE
LD,2024-08-08T12:00:00Z,23.02793,-17.30474974142874,5.7231802585712614,138.576,0.127427,TRUE,FALSE,FALSE
LD,2024-08-08T12:30:00Z,9.25637,-3.3791187678866317,5.877251232113369,219.035,0.100751,TRUE,FALSE,FALSE
LD,2024-08-09T01:00:00Z,3.333294833333334,2.8701102100331393,6.203405043366473,8.60348,0.101733,FALSE,TRUE,FALSE
LD,2024-08-09T01:30:00Z,3.6339633636363637,2.507090518439408,6.141053882075772,0.768532,0.0857753,FALSE,TRUE,FALSE
LD,2024-08-09T02:00:00Z,4.114380833333334,2.0006807747875524,6.115061608120886,0.00434709,0.0756906,FALSE,TRUE,FALSE
LD,2024-08-09T02:30:00Z,4.683935,1.3860052270662981,6.069940227066298,0,0.0575542,FALSE,TRUE,FALSE
LD,2024-08-09T05:00:00Z,4.6789385333333335,1.130611350584787,5.8095498839181205,0,0.129642,FALSE,TRUE,FALSE
LD,2024-08-09T05:30:00Z,13.76299,-7.927847619635483,5.835142380364517,0,0.321684,TRUE,FALSE,FALSE
LD,2024-08-09T06:30:00Z,7.226789,-1.4947894662387569,5.731999533761243,0,0.27288,TRUE,FALSE,FALSE
LD,2024-08-09T07:30:00Z,4.486089461111111,1.0949289082927294,5.58101836940384,0,0.196043,FALSE,TRUE,FALSE
LD,2024-08-09T08:30:00Z,4.353500419047619,1.0923980059367215,5.445898424984341,0,0.206058,FALSE,TRUE,FALSE
LD,2024-08-09T10:00:00Z,6.0489506,-0.8309447692334082,5.218005830766592,1.88361e-4,0.245932,TRUE,FALSE,FALSE
LD,2024-08-09T11:00:00Z,1.1142711230769224,3.9321685629242875,5.04643968600121,7.07764,0.225583,FALSE,TRUE,FALSE
LD,2024-08-10T00:30:00Z,3.010065,2.284396966516593,5.294461966516593,6.1335,0.229768,FALSE,TRUE,FALSE
LD,2024-08-10T01:30:00Z,6.2603186,-0.9774337379629587,5.282884862037041,0.354677,0.31934,TRUE,FALSE,FALSE
LD,2024-08-10T02:00:00Z,6.099474900000001,-0.84113913182087785,5.258335768179123,0.00122706,0.320534,TRUE,FALSE,FALSE
LD,2024-08-10T02:30:00Z,4.01280883877551,1.1572723534167864,5.1700811921922964,0,0.19772,FALSE,TRUE,FALSE
LD,2024-08-10T03:00:00Z,6.581663,-1.4559754462642314,5.1256875537357685,0,0.281331,TRUE,FALSE,FALSE
LD,2024-08-10T03:30:00Z,2.5943493210526314,2.450427734857603,5.0447770559102345,0,0.169876,FALSE,TRUE,FALSE
LD,2024-08-10T04:00:00Z,1.4703571071428565,3.491338449154104,4.96169555629696,0,0.182769,FALSE,TRUE,FALSE
LD,2024-08-10T04:30:00Z,1.1142711230769224,3.8265135374669574,4.94078466054388,0,0.15877,FALSE,TRUE,FALSE
LD,2024-08-10T05:00:00Z,1.9807409636363633,2.9000584687067175,4.880799432343081,0,0.0955987,FALSE,TRUE,FALSE
LD,2024-08-10T05:30:00Z,1.9807409636363633,2.911649839715654,4.892390803352018,0,0.130848,FALSE,TRUE,FALSE
LD,2024-08-10T06:00:00Z,1.5748770599999997,3.3031357421431915,4.878012802143191,0,0.0705422,FALSE,TRUE,FALSE
LD,2024-08-10T06:30:00Z,1.5748770599999997,3.3222377787678594,4.897114838767859,0,0.125664,FALSE,TRUE,FALSE
LD,2024-08-10T07:00:00Z,1.5748770599999997,3.315724675251314,4.890601735251313,0,0.133313,FALSE,TRUE,FALSE
LD,2024-08-10T07:30:00Z,3.193241177777778,1.664157942683489,4.857399120461267,0,0.131029,FALSE,TRUE,FALSE
LD,2024-08-10T08:00:00Z,2.76968845,2.07419970159065,4.84388815159065,0,0.124841,FALSE,TRUE,FALSE
LD,2024-08-10T08:30:00Z,2.76968845,2.054271411638989,4.823959861638989,0,0.180135,FALSE,TRUE,FALSE
LD,2024-08-10T09:00:00Z,2.3012224285714282,2.499603478172797,4.800825906744225,0,0.150754,FALSE,TRUE,FALSE
LD,2024-08-10T09:30:00Z,0.8055849999999998,3.976490349247686,4.782075349247686,0,0.209313,FALSE,TRUE,FALSE
LD,2024-08-10T10:00:00Z,0.24947319999999967,4.527249052568848,4.776722252568848,6.66166e-4,0.155496,FALSE,TRUE,FALSE
LD,2024-08-10T10:30:00Z,0.24947319999999967,4.525546398055034,4.775019598055033,0.202053,0.189158,FALSE,TRUE,FALSE
LD,2024-08-10T11:00:00Z,3.618363,1.1741743019389337,4.792537301938934,6.72206,0.25383,FALSE,TRUE,FALSE
LD,2024-08-10T23:00:00Z,10.386461,-4.767957974034078,5.618503025965922,33.3657,0.275892,TRUE,FALSE,FALSE
LD,2024-08-11T02:30:00Z,8.2567765,-2.583620225826115,5.673156274173886,0,0.371107,TRUE,FALSE,FALSE
LD,2024-08-11T03:00:00Z,7.908685,-2.317806590553107,5.590878409446893,0,0.412706,TRUE,FALSE,FALSE
LD,2024-08-11T03:30:00Z,4.01280883877551,1.4868922553539727,5.499701094129483,0,0.212647,FALSE,TRUE,FALSE
LD,2024-08-11T04:00:00Z,4.416501502702703,1.0120479841797776,5.42854948688248,0,0.0994278,FALSE,TRUE,FALSE
LD,2024-08-11T04:30:00Z,3.0122634571428573,2.364911158040122,5.377174615182979,0,0.129076,FALSE,TRUE,FALSE
LD,2024-08-11T05:00:00Z,3.0122634571428573,2.361231893240497,5.3734953503833545,0,0.181411,FALSE,TRUE,FALSE
LD,2024-08-11T05:30:00Z,3.586144,1.7595628659345035,5.3457068659345035,0,0.230841,FALSE,TRUE,FALSE
LD,2024-08-11T06:00:00Z,2.17212519375,3.1333007113122338,5.305425905062234,0,0.104027,FALSE,TRUE,FALSE
LD,2024-08-11T06:30:00Z,2.6455500049999996,2.701587165467826,5.347137170467826,0,0.116887,FALSE,TRUE,FALSE
LD,2024-08-11T07:00:00Z,2.6455500049999996,2.709737193028169,5.355287198028169,0,0.180486,FALSE,TRUE,FALSE
LD,2024-08-11T07:30:00Z,2.494335215789474,2.846010397934151,5.340345613723625,0,0.193721,FALSE,TRUE,FALSE
LD,2024-08-11T08:00:00Z,2.17212519375,3.1451635516708776,5.3172887454208775,0,0.14592,FALSE,TRUE,FALSE
LD,2024-08-11T08:30:00Z,1.1142711230769224,4.130676307833693,5.244947430910615,0,0.146687,FALSE,TRUE,FALSE
LD,2024-08-11T09:00:00Z,1.5748770599999997,3.6230731040373074,5.197950164037307,0,0.113846,FALSE,TRUE,FALSE
LD,2024-08-11T09:30:00Z,3.193241177777778,1.9774669209212954,5.170708098699073,0,0.116829,FALSE,TRUE,FALSE
LD,2024-08-11T10:00:00Z,1.9807409636363633,3.232611858663952,5.213352822300315,0,0.168822,FALSE,TRUE,FALSE
LD,2024-08-11T10:30:00Z,1.1142711230769224,4.1446010591929054,5.258872182269828,0.0739925,0.194847,FALSE,TRUE,FALSE
LD,2024-08-11T11:00:00Z,2.2539895499999996,3.00306880046436,5.2570583504643595,3.40122,0.208921,FALSE,TRUE,FALSE
LD,2024-08-12T01:00:00Z,3.940943581395349,2.3014661784337522,6.242409759829101,8.08528,0.110149,FALSE,TRUE,FALSE
LD,2024-08-12T01:30:00Z,4.695888965116279,1.4286004227121705,6.12448938782845,0.350307,0.0493295,FALSE,TRUE,FALSE
LD,2024-08-12T02:00:00Z,4.443909763043478,1.5487870991859225,5.9926968622294,0.00156261,0.046728,FALSE,TRUE,FALSE
LD,2024-08-12T02:30:00Z,4.675160214893617,1.2558823454134114,5.931042560307028,0,0.126473,FALSE,TRUE,FALSE
LD,2024-08-12T03:00:00Z,4.669403335416667,1.2378383933083796,5.9072417287250465,0,0.109051,FALSE,TRUE,FALSE
LD,2024-08-12T03:30:00Z,4.303066802,1.5638706588612319,5.866937460861232,0,0.161065,FALSE,TRUE,FALSE
LD,2024-08-12T04:00:00Z,4.038769859183673,1.7997436476340338,5.838513506817707,0,0.189741,FALSE,TRUE,FALSE
LD,2024-08-12T04:30:00Z,4.358124647916667,1.4680274850017012,5.826152132918368,0,0.166974,FALSE,TRUE,FALSE
LD,2024-08-12T05:00:00Z,4.358124647916667,1.454323239737664,5.812447887654331,0,0.171809,FALSE,TRUE,FALSE
LD,2024-08-12T05:30:00Z,4.358124647916667,1.4135667561637213,5.771691404080388,0,0.151006,FALSE,TRUE,FALSE
LD,2024-08-12T07:00:00Z,3.7909941299999996,1.8709773919146429,5.6619715219146425,0,0.0801216,FALSE,TRUE,FALSE
LD,2024-08-12T07:30:00Z,3.3308177277777777,2.267952431781223,5.598770159559001,0,0.024205,FALSE,TRUE,FALSE
LD,2024-08-12T08:00:00Z,1.9807409636363633,3.4608186652159443,5.441559628852308,0,0.0268289,FALSE,TRUE,FALSE
LD,2024-08-12T08:30:00Z,2.3012224285714282,3.009842543590671,5.311064972162099,0,0.0399871,FALSE,TRUE,FALSE
LD,2024-08-12T09:00:00Z,0.24947319999999967,4.983461794499795,5.232934994499795,0,0.0390074,FALSE,TRUE,FALSE
LD,2024-08-12T09:30:00Z,-0.7878660000000004,5.9842953610148015,5.196429361014801,0,0.041985,FALSE,TRUE,FALSE
LD,2024-08-12T10:00:00Z,-10.53994125,15.659373481398749,5.119432231398749,1.75046e-5,0.0508235,FALSE,TRUE,FALSE
LD,2024-08-12T10:30:00Z,-10.53994125,15.650543592855762,5.110602342855761,0.0778629,0.0434167,FALSE,TRUE,FALSE
LD,2024-08-12T11:00:00Z,-10.53994125,15.646073743991522,5.106132493991521,3.61894,0.0305623,FALSE,TRUE,FALSE
LD,2024-08-13T01:30:00Z,4.371913045454545,2.0374743170435625,6.409387362498108,0.340047,0.149601,FALSE,TRUE,FALSE
LD,2024-08-13T02:00:00Z,4.5663835399999995,1.7411936011890559,6.307577141189055,0.00146695,0.147539,FALSE,TRUE,FALSE
LD,2024-08-13T02:30:00Z,4.682464321428571,1.5431615291278398,6.225625850556411,0,0.105961,FALSE,TRUE,FALSE
LD,2024-08-13T03:00:00Z,4.358846261363636,1.7624506257098567,6.121296887073493,0,0.0589439,FALSE,TRUE,FALSE
LD,2024-08-13T03:30:00Z,4.443909763043478,1.6202994528467212,6.064209215890199,0,0.130055,FALSE,TRUE,FALSE
LD,2024-08-13T04:00:00Z,4.675160214893617,1.332651747579109,6.007811962472726,0,0.105684,FALSE,TRUE,FALSE
LD,2024-08-13T04:30:00Z,4.274582042857143,1.6310269043997074,5.905608947256851,0,0.152637,FALSE,TRUE,FALSE
LD,2024-08-13T05:00:00Z,4.358124647916667,1.4616599382493654,5.8197845861660324,0,0.124274,FALSE,TRUE,FALSE
LD,2024-08-13T06:00:00Z,4.358124647916667,1.4516538783227135,5.809778526239381,0,0.137525,FALSE,TRUE,FALSE
LD,2024-08-13T06:30:00Z,3.436388172222222,2.2257268004029487,5.6621149726251705,0,0.045536,FALSE,TRUE,FALSE
LD,2024-08-13T07:00:00Z,3.436388172222222,2.2291074714538097,5.6654956436760315,0,0.103355,FALSE,TRUE,FALSE
LD,2024-08-13T08:00:00Z,4.635670370588235,1.1266319879886053,5.76230235857684,0,0.0426621,FALSE,TRUE,FALSE
LD,2024-08-13T08:30:00Z,3.672658031578947,2.013202102172628,5.685860133751575,0,0.0736484,FALSE,TRUE,FALSE
LD,2024-08-13T09:00:00Z,3.09856413125,2.52260404851061,5.62116817976061,0,0.0505723,FALSE,TRUE,FALSE
LD,2024-08-13T09:30:00Z,2.693588807692308,2.8905257262269997,5.5841145339193075,0,0.0702486,FALSE,TRUE,FALSE
LD,2024-08-13T10:00:00Z,3.39988946,2.1439710635971254,5.543860523597125,0,0.0655003,FALSE,TRUE,FALSE
LD,2024-08-13T10:30:00Z,2.5248719555555557,2.991642844419766,5.5165147999753215,0.0686929,0.0204247,FALSE,TRUE,FALSE
LD,2024-08-13T11:00:00Z,3.6650619428571427,1.8034350549991314,5.468496997856274,3.64079,0.0494902,FALSE,TRUE,FALSE
LD,2024-08-13T12:00:00Z,6.2653300000000005,-0.6497250288944025,5.615604971105598,112.072,0.0414689,TRUE,FALSE,FALSE
LD,2024-08-14T01:00:00Z,1.62084708,5.112388163514391,6.7332352435143905,8.24614,0.15925,FALSE,TRUE,FALSE
LD,2024-08-14T01:30:00Z,2.180606,4.4121212314544085,6.5927272314544085,0.328166,0.0903808,FALSE,TRUE,FALSE
LD,2024-08-14T02:00:00Z,4.647903087804878,1.6906753323209855,6.338578420125864,7.2164e-4,0.0405211,FALSE,TRUE,FALSE
LD,2024-08-14T02:30:00Z,4.695888965116279,1.5433882020693037,6.239277167185583,0,0.112221,FALSE,TRUE,FALSE
LD,2024-08-14T03:00:00Z,4.522949307692308,1.8312097158424585,6.354159023534766,0,0.116366,FALSE,TRUE,FALSE
LD,2024-08-14T03:30:00Z,4.647903087804878,1.6877209728354376,6.335624060640316,0,0.0983698,FALSE,TRUE,FALSE
LD,2024-08-14T04:00:00Z,4.682464321428571,1.5801863048723428,6.262650626300914,0,0.0602723,FALSE,TRUE,FALSE
LD,2024-08-14T06:00:00Z,8.039987591304348,-2.258349282054118,5.78163830925023,0,0.0264607,TRUE,FALSE,FALSE
LD,2024-08-14T06:30:00Z,7.536452799999999,-1.79034802107783,5.746104778922169,0,0.0249766,TRUE,FALSE,FALSE
LD,2024-08-14T07:00:00Z,7.175576206666666,-1.493843129530859,5.681733077135807,0,0.0271645,TRUE,FALSE,FALSE
LD,2024-08-14T07:30:00Z,7.175576206666666,-1.4913411230675013,5.684235083599165,0,0.0294781,TRUE,FALSE,FALSE
LD,2024-08-14T08:00:00Z,7.293929435714285,-1.6322675131673954,5.66166192254689,0,0.0221022,TRUE,FALSE,FALSE
LD,2024-08-14T08:30:00Z,8.65102095,-3.0634480212417685,5.587572928758231,0,0.0349484,TRUE,FALSE,FALSE
LD,2024-08-14T09:00:00Z,8.65102095,-3.1033922081694536,5.547628741830546,0,0.0292326,TRUE,FALSE,FALSE
LD,2024-08-14T09:30:00Z,9.135491942857142,-3.621119729252209,5.514372213604933,0,0.020571,TRUE,FALSE,FALSE
LD,2024-08-14T10:00:00Z,9.135491942857142,-3.615768849801251,5.519723093055891,0,0.0340587,TRUE,FALSE,FALSE
LD,2024-08-14T10:30:00Z,8.65102095,-3.12955443024235,5.52146651975765,0.068178,0.0474302,TRUE,FALSE,FALSE
LD,2024-08-14T11:00:00Z,9.135491942857142,-3.6346934677761213,5.50079847508102,3.53897,0.03054,TRUE,FALSE,FALSE
LD,2024-08-15T01:00:00Z,4.9592725,1.944977823022068,6.904250323022068,4.91582,0.155019,FALSE,TRUE,FALSE
LD,2024-08-15T02:00:00Z,4.653855605263158,1.7439216266508915,6.397777231914049,1.03796e-4,0.0380247,FALSE,TRUE,FALSE
LD,2024-08-15T02:30:00Z,4.818445607142857,1.442487842981416,6.2609334501242735,0,0.0565017,FALSE,TRUE,FALSE
LD,2024-08-15T06:00:00Z,7.536452799999999,-1.7566555452333468,5.7797972547666525,0,0.0173845,TRUE,FALSE,FALSE
LD,2024-08-15T06:30:00Z,7.175576206666666,-1.4483841227454954,5.727192083921171,0,0.0374887,TRUE,FALSE,FALSE
LD,2024-08-15T07:00:00Z,7.175576206666666,-1.4533707917726613,5.722205414894005,0,0.03746,TRUE,FALSE,FALSE
LD,2024-08-15T07:30:00Z,7.175576206666666,-1.4541585526577334,5.721417654008933,0,0.0586937,TRUE,FALSE,FALSE
LD,2024-08-15T08:00:00Z,7.373760975,-1.5985683845730057,5.775192590426994,0,0.0758696,TRUE,FALSE,FALSE
LD,2024-08-15T22:30:00Z,11.3909091,-4.957799501749263,6.433109598250737,62.4979,0.257974,TRUE,FALSE,FALSE
LD,2024-08-16T01:00:00Z,-22.66762,28.936644984620322,6.269024984620323,1.5982,0.516578,FALSE,TRUE,FALSE
LD,2024-08-16T01:30:00Z,4.931649999999999,1.2861710085416993,6.217821008541699,0.0264741,0.494356,FALSE,TRUE,FALSE
LD,2024-08-16T02:00:00Z,9.398973,-3.205318579003734,6.193654420996266,0,0.424673,TRUE,FALSE,FALSE
LD,2024-08-16T02:30:00Z,10.139522,-3.9591332550282567,6.180388744971743,0,0.466002,TRUE,FALSE,FALSE
LD,2024-08-16T03:00:00Z,21.14077,-14.954591000582335,6.186178999417665,0,0.536176,TRUE,FALSE,FALSE
LD,2024-08-16T03:30:00Z,8.484056,-2.293564154560644,6.1904918454393565,0,0.441246,TRUE,FALSE,FALSE
LD,2024-08-16T04:00:00Z,7.029285,-0.8188259380663165,6.210459061933683,0,0.469471,TRUE,FALSE,FALSE
LD,2024-08-16T05:00:00Z,3.490265,2.7453445226125535,6.235609522612553,0,0.44524,FALSE,TRUE,FALSE
LD,2024-08-16T05:30:00Z,7.542,-1.309896144871626,6.232103855128374,0,0.405197,TRUE,FALSE,FALSE
LD,2024-08-16T06:00:00Z,14.869848000000001,-8.618101856759122,6.251746143240879,0,0.388731,TRUE,FALSE,FALSE
LD,2024-08-16T06:30:00Z,8.28664,-2.019682556668541,6.266957443331459,0,0.426827,TRUE,FALSE,FALSE
LD,2024-08-16T07:00:00Z,7.040680999999999,-0.7646144274760172,6.276066572523982,0,0.344995,TRUE,FALSE,FALSE
LD,2024-08-16T07:30:00Z,0.03461000000000003,6.260815726752852,6.2954257267528515,0,0.308288,FALSE,TRUE,FALSE
LD,2024-08-16T08:00:00Z,5.14589,1.1721980891616184,6.318088089161618,0,0.323973,FALSE,TRUE,FALSE
LD,2024-08-16T08:30:00Z,5.228345999999999,1.1119861805424307,6.34033218054243,0,0.343221,FALSE,TRUE,FALSE
LD,2024-08-16T09:30:00Z,9.389240000000001,-3.0168231978956195,6.372416802104381,0,0.388011,TRUE,FALSE,FALSE
LD,2024-08-16T10:00:00Z,7.476782,-1.0804028905479024,6.396379109452098,0,0.352961,TRUE,FALSE,FALSE
LD,2024-08-16T10:30:00Z,7.170499,-0.7604046646140725,6.410094335385928,0.00669741,0.41904,TRUE,FALSE,FALSE
LD,2024-08-16T11:00:00Z,-4.03659,10.456594142660247,6.420004142660247,0.10674,0.47426,FALSE,TRUE,FALSE
LD,2024-08-16T11:30:00Z,-18.5397,24.969275428400202,6.429575428400204,3.39248,0.578221,FALSE,TRUE,FALSE
LD,2024-08-16T14:00:00Z,13.359648,-6.7725692135586915,6.5870787864413085,40.6786,0.443373,TRUE,FALSE,FALSE
LD,2024-08-17T02:30:00Z,10.8189942,-3.942274270017677,6.876719929982324,NA,NA,TRUE,FALSE,FALSE
LD,2024-08-17T03:00:00Z,11.2385212,-4.348147041169361,6.890374158830638,NA,NA,TRUE,FALSE,FALSE
LD,2024-08-17T03:30:00Z,10.4702246,-3.556587945262682,6.913636654737318,NA,NA,TRUE,FALSE,FALSE
LD,2024-08-17T04:00:00Z,9.140373199999999,-2.1990867354200825,6.941286464579917,NA,NA,TRUE,FALSE,FALSE
LD,2024-08-17T05:00:00Z,7.6977776,-0.7052550333105385,6.992522566689462,NA,NA,TRUE,FALSE,FALSE
LD,2024-08-17T05:30:00Z,7.9492486,-0.9356121102921815,7.013636489707818,NA,NA,TRUE,FALSE,FALSE
LD,2024-08-17T06:00:00Z,8.245886800000001,-1.2168037991045004,7.0290830008955005,NA,NA,TRUE,FALSE,FALSE
LD,2024-08-17T06:30:00Z,7.5547558,-0.5107636296907359,7.043992170309264,NA,NA,TRUE,FALSE,FALSE
LD,2024-08-18T02:30:00Z,10.8189942,-3.016720865185074,7.8022733348149265,NA,NA,TRUE,FALSE,FALSE
LD,2024-08-18T03:00:00Z,11.2385212,-3.509672349809673,7.728848850190326,NA,NA,TRUE,FALSE,FALSE
LD,2024-08-18T03:30:00Z,10.4702246,-2.8177845983862326,7.652440001613767,NA,NA,TRUE,FALSE,FALSE
LD,2024-08-18T04:00:00Z,9.140373199999999,-1.5679539603778716,7.5724192396221275,NA,NA,TRUE,FALSE,FALSE
LD,2024-08-18T05:30:00Z,7.9492486,-0.560704031142027,7.388544568857973,NA,NA,TRUE,FALSE,FALSE
LD,2024-08-18T06:00:00Z,8.245886800000001,-0.8930042562723113,7.35288254372769,NA,NA,TRUE,FALSE,FALSE
LD,2024-08-19T01:00:00Z,4.168644431034483,4.682609177032484,8.851253608066967,4.28647,0.342942,FALSE,TRUE,FALSE
LD,2024-08-19T01:30:00Z,3.9736831607142857,4.758449801954638,8.732132962668924,0.0733883,0.201746,FALSE,TRUE,FALSE
LD,2024-08-19T02:00:00Z,5.255885810344827,3.4057826345803655,8.661668444925192,0,0.376379,FALSE,TRUE,FALSE
LD,2024-08-19T02:30:00Z,6.472742616666667,2.142584295276218,8.615326911942885,0,0.353932,FALSE,TRUE,FALSE
LD,2024-08-19T03:00:00Z,5.1850398166666665,3.3508700010974746,8.535909817764141,1.32395e-4,0.383481,FALSE,TRUE,FALSE
LD,2024-08-19T03:30:00Z,5.1850398166666665,3.230568645205695,8.415608461872361,3.68339e-4,0.358753,FALSE,TRUE,FALSE
LD,2024-08-19T04:00:00Z,6.227661112903225,2.0912501124279546,8.31891122533118,5.26375e-4,0.329169,FALSE,TRUE,FALSE
LD,2024-08-19T04:30:00Z,5.971848890625,2.2605220709111853,8.232370961536185,5.08871e-4,0.29726,FALSE,TRUE,FALSE
LD,2024-08-19T05:00:00Z,6.1464284696969695,2.020830331912139,8.167258801609108,7.03888e-4,0.32676,FALSE,TRUE,FALSE
LD,2024-08-19T05:30:00Z,6.754892984374999,1.350645188504295,8.105538172879294,7.19421e-4,0.246273,FALSE,TRUE,FALSE
LD,2024-08-19T06:00:00Z,8.704505833333332,-0.6303335945034121,8.07417223882992,7.84755e-4,0.215334,TRUE,FALSE,FALSE
LD,2024-08-19T06:30:00Z,10.676112416666665,-2.6181945856230673,8.057917831043598,7.98315e-4,0.180247,TRUE,FALSE,FALSE
LD,2024-08-19T07:00:00Z,9.8687535,-1.8397300379370645,8.029023462062936,7.62073e-4,0.482995,TRUE,FALSE,FALSE
LD,2024-08-19T08:30:00Z,9.184466857142855,-2.3777482172163182,6.806718639926537,NA,NA,TRUE,FALSE,FALSE
LD,2024-08-20T01:00:00Z,6.333907953124999,2.629328711523595,8.963236664648594,3.66409,0.254415,FALSE,TRUE,FALSE
LD,2024-08-20T01:30:00Z,6.1464284696969695,2.6523432175771813,8.79877168727415,0.0473802,0.203921,FALSE,TRUE,FALSE
LD,2024-08-20T02:00:00Z,10.676112416666665,-2.022289117397209,8.653823299269456,9.56598e-5,0.168333,TRUE,FALSE,FALSE
LD,2024-08-20T02:30:00Z,9.8687535,-1.2960324931538718,8.572721006846129,1.36586e-4,0.210215,TRUE,FALSE,FALSE
LD,2024-08-20T03:00:00Z,4.5691797777777765,3.919131199025177,8.488310976802953,4.11485e-4,0.223503,FALSE,TRUE,FALSE
LD,2024-08-20T03:30:00Z,-0.004367750000002779,8.391373106334068,8.387005356334065,8.0867e-4,0.210831,FALSE,TRUE,FALSE
LD,2024-08-20T04:00:00Z,-5.970933142857143,14.26266499608252,8.291731853225379,8.18778e-4,0.211839,FALSE,TRUE,FALSE
LD,2024-08-20T04:30:00Z,-1.0580696666666676,9.297586751878963,8.239517085212295,0.00105201,0.248728,FALSE,TRUE,FALSE
LD,2024-08-20T05:00:00Z,-1.0580696666666676,9.212089959675774,8.154020293009106,0.00134466,0.226554,FALSE,TRUE,FALSE
LD,2024-08-20T05:30:00Z,-8.770943599999999,16.797718091063214,8.026774491063215,0.00144525,0.172895,FALSE,TRUE,FALSE
LD,2024-08-20T06:00:00Z,-10.474097,18.37542453230757,7.901327532307568,0.00151502,0.172247,FALSE,TRUE,FALSE
LD,2024-08-20T06:30:00Z,-3.923483999999999,11.673109586515542,7.749625586515544,0.00146892,0.0494962,FALSE,TRUE,FALSE
LD,2024-08-20T07:00:00Z,-17.660553999999998,25.197476407230432,7.536922407230434,0.00156236,0.076953,FALSE,TRUE,FALSE
LD,2024-08-20T07:30:00Z,4.767341,2.7167283049585214,7.484069304958521,0.00144574,0.0642404,FALSE,TRUE,FALSE
LD,2024-08-20T08:00:00Z,4.767341,2.6475651786360475,7.4149061786360475,0.0013814,0.0502313,FALSE,TRUE,FALSE
LD,2024-08-20T08:30:00Z,4.767341,2.5857879931232857,7.353128993123286,0.00127957,0.0622193,FALSE,TRUE,FALSE
LD,2024-08-20T09:00:00Z,4.767341,2.6395576550494733,7.406898655049473,9.98757e-4,0.0955909,FALSE,TRUE,FALSE
LD,2024-08-20T09:30:00Z,4.767341,2.667414788366589,7.434755788366589,8.60198e-4,0.0886433,FALSE,TRUE,FALSE
LD,2024-08-20T10:00:00Z,4.767341,2.668535039542358,7.435876039542358,6.83671e-4,0.127355,FALSE,TRUE,FALSE
LD,2024-08-20T10:30:00Z,4.767341,2.5802283075325434,7.3475693075325434,0.0218375,0.088857,FALSE,TRUE,FALSE
LD,2024-08-20T11:00:00Z,4.767341,2.61302547829405,7.38036647829405,2.2864,0.104545,FALSE,TRUE,FALSE
LD,2024-08-21T01:00:00Z,37.506299999999996,-28.25430319057558,9.251996809424416,2.35731,0.690975,TRUE,FALSE,FALSE
LD,2024-08-21T01:30:00Z,9.8687535,-0.5859897161907011,9.2827637838093,0.0218232,0.12677,TRUE,FALSE,FALSE
LD,2024-08-21T02:00:00Z,4.5691797777777765,4.535178741356225,9.104358519134001,0,0.145737,FALSE,TRUE,FALSE
LD,2024-08-21T02:30:00Z,-5.970933142857143,14.974822985438816,9.003889842581673,0,0.119259,FALSE,TRUE,FALSE
LD,2024-08-21T03:00:00Z,-1.0580696666666676,9.801834114651061,8.743764447984393,1.50886e-4,0.065643,FALSE,TRUE,FALSE
LD,2024-08-21T03:30:00Z,-1.0580696666666676,9.840156197610073,8.782086530943404,3.85104e-4,0.222666,FALSE,TRUE,FALSE
LD,2024-08-21T04:00:00Z,-1.0580696666666676,9.813771725328293,8.755702058661624,5.12075e-4,0.180266,FALSE,TRUE,FALSE
LD,2024-08-21T04:30:00Z,-8.770943599999999,17.336091775281865,8.565148175281868,7.03888e-4,0.0502611,FALSE,TRUE,FALSE
LD,2024-08-21T05:00:00Z,-8.770943599999999,17.351613175406225,8.580669575406226,8.5724e-4,0.0551257,FALSE,TRUE,FALSE
LD,2024-08-21T05:30:00Z,-3.923483999999999,12.322244979755654,8.398760979755655,7.94124e-4,0.0496875,FALSE,TRUE,FALSE
LD,2024-08-21T06:00:00Z,-17.660553999999998,25.947302600111417,8.28674860011142,0.00104387,0.0704013,FALSE,TRUE,FALSE
LD,2024-08-21T06:30:00Z,-17.660553999999998,25.812591165066856,8.15203716506686,0.00118188,0.0441148,FALSE,TRUE,FALSE
LD,2024-08-21T07:00:00Z,4.767341,3.259271949300331,8.02661294930033,0.00119106,0.0623232,FALSE,TRUE,FALSE
LD,2024-08-21T07:30:00Z,4.767341,3.1096292804332357,7.876970280433236,0.00119723,0.0397986,FALSE,TRUE,FALSE
LD,2024-08-21T08:00:00Z,4.767341,3.06188436748828,7.82922536748828,0.00129338,0.070884,FALSE,TRUE,FALSE
LD,2024-08-21T08:30:00Z,4.767341,3.065375915424416,7.832716915424416,0.0011851400000000001,0.0218703,FALSE,TRUE,FALSE
LD,2024-08-21T09:00:00Z,4.767341,3.07627525312238,7.84361625312238,0.00101823,0.0503579,FALSE,TRUE,FALSE
LD,2024-08-21T09:30:00Z,4.767341,2.93725668558561,7.70459768558561,9.51913e-4,0.0173022,FALSE,TRUE,FALSE
LD,2024-08-21T10:00:00Z,4.767341,2.8823894386664373,7.649730438666437,9.01618e-4,0.0361663,FALSE,TRUE,FALSE
LD,2024-08-21T10:30:00Z,4.767341,2.846391385253142,7.613732385253142,0.0109668,0.0365718,FALSE,TRUE,FALSE
LD,2024-08-21T11:00:00Z,3.9080870657894735,3.5524960252808233,7.460583091070297,1.57751,0.00765004,FALSE,TRUE,FALSE
LD,2024-08-22T01:00:00Z,6.333907953124999,4.179701403862284,10.513609356987283,2.39956,0.186418,FALSE,TRUE,FALSE
LD,2024-08-22T01:30:00Z,6.1464284696969695,4.149194334799223,10.295622804496192,0.0273794,0.11923,FALSE,TRUE,FALSE
LD,2024-08-22T02:00:00Z,6.750832615384615,3.417304451878133,10.168137067262748,0,0.170797,FALSE,TRUE,FALSE
LD,2024-08-22T03:30:00Z,-0.004367750000002779,9.820464944598697,9.816097194598694,1.25737e-5,0.0793609,FALSE,TRUE,FALSE
LD,2024-08-22T04:00:00Z,-5.970933142857143,15.680045368429216,9.709112225572074,1.0734e-4,0.103928,FALSE,TRUE,FALSE
LD,2024-08-22T04:30:00Z,-1.0580696666666676,10.586006521285626,9.527936854618957,3.45903e-4,0.0809505,FALSE,TRUE,FALSE
LD,2024-08-22T05:00:00Z,-8.770943599999999,18.074994813748038,9.30405121374804,5.45852e-4,0.0640918,FALSE,TRUE,FALSE
LD,2024-08-22T05:30:00Z,-21.1695515,30.27779229134157,9.108240791341569,5.60645e-4,0.0611848,FALSE,TRUE,FALSE
LD,2024-08-22T06:00:00Z,-21.1695515,30.25325074503472,9.083699245034717,5.74452e-4,0.0301102,FALSE,TRUE,FALSE
LD,2024-08-22T06:30:00Z,-17.660553999999998,26.603498527304264,8.942944527304267,8.15081e-4,0.0426029,FALSE,TRUE,FALSE
LD,2024-08-22T07:00:00Z,-17.660553999999998,26.589305072356318,8.92875107235632,9.50927e-4,0.0289135,FALSE,TRUE,FALSE
LD,2024-08-22T07:30:00Z,-17.660553999999998,26.49046456130495,8.829910561304953,9.4954e-4,0.029307,FALSE,TRUE,FALSE
LD,2024-08-22T08:00:00Z,-17.660553999999998,26.460053152628547,8.79949915262855,8.08423e-4,0.0398696,FALSE,TRUE,FALSE
LD,2024-08-22T08:30:00Z,-17.660553999999998,26.45606850665837,8.795514506658373,8.88057e-4,0.0234988,FALSE,TRUE,FALSE
LD,2024-08-22T09:00:00Z,4.767341,3.9763508965498957,8.743691896549896,8.45652e-4,0.0524609,FALSE,TRUE,FALSE
LD,2024-08-22T09:30:00Z,4.767341,3.910773898101601,8.678114898101601,8.80168e-4,0.0391989,FALSE,TRUE,FALSE
LD,2024-08-22T10:00:00Z,4.767341,3.8296784711352654,8.597019471135265,9.08521e-4,0.0444229,FALSE,TRUE,FALSE
LD,2024-08-22T10:30:00Z,4.767341,3.711598475441299,8.4789394754413,0.0110645,0.0256262,FALSE,TRUE,FALSE
LD,2024-08-22T11:00:00Z,4.767341,3.6793303773519437,8.446671377351944,1.71881,0.0235814,FALSE,TRUE,FALSE
LD,2024-08-23T01:00:00Z,5.832954308823529,4.34400863667878,10.176962945502309,1.50181,0.141207,FALSE,TRUE,FALSE
LD,2024-08-23T01:30:00Z,4.5691797777777765,5.173807601595136,9.742987379372913,0.0119301,0.0329788,FALSE,TRUE,FALSE
LD,2024-08-23T02:00:00Z,-1.0580696666666676,10.467848675273295,9.409779008606627,0,0.0257772,FALSE,TRUE,FALSE
LD,2024-08-23T02:30:00Z,-8.770943599999999,17.949951147241244,9.179007547241246,0,0.0316692,FALSE,TRUE,FALSE
LD,2024-08-23T03:00:00Z,-8.770943599999999,17.790274853773788,9.019331253773789,0,0.0289408,FALSE,TRUE,FALSE
LD,2024-08-23T03:30:00Z,-10.474097,19.367167031603916,8.893070031603916,3.20515e-6,0.0466226,FALSE,TRUE,FALSE
LD,2024-08-23T04:00:00Z,-21.1695515,29.929620294376193,8.760068794376192,1.38312e-4,0.0424664,FALSE,TRUE,FALSE
LD,2024-08-23T04:30:00Z,-17.660553999999998,26.17106338989258,8.510509389892581,2.93143e-4,0.0223296,FALSE,TRUE,FALSE
LD,2024-08-23T05:00:00Z,-17.660553999999998,26.12065279545283,8.460098795452833,1.41024e-4,0.027702,FALSE,TRUE,FALSE
LD,2024-08-23T05:30:00Z,-17.660553999999998,26.064129848260542,8.403575848260543,2.48518e-4,0.0341861,FALSE,TRUE,FALSE
LD,2024-08-23T06:00:00Z,4.767341,3.5385674750314955,8.305908475031496,5.38856e-4,0.035294,FALSE,TRUE,FALSE
LD,2024-08-23T06:30:00Z,4.767341,3.4069186384469976,8.174259638446998,5.53988e-4,0.0470972,FALSE,TRUE,FALSE
LD,2024-08-23T07:00:00Z,4.767341,3.2828929190116494,8.05023391901165,5.33032e-4,0.0285429,FALSE,TRUE,FALSE
LD,2024-08-23T07:30:00Z,-17.660553999999998,26.0130802816525,8.352526281652501,5.83327e-4,0.184287,FALSE,TRUE,FALSE
LD,2024-08-23T08:00:00Z,-1.0580696666666676,10.204317776719446,9.146248110052777,5.59905e-4,0.271238,FALSE,TRUE,FALSE
LD,2024-08-23T08:30:00Z,-1.0580696666666676,9.981752163123097,8.92368249645643,5.65576e-4,0.13961200000000001,FALSE,TRUE,FALSE
LD,2024-08-23T09:00:00Z,-10.474097,19.174324304933418,8.700227304933417,6.12419e-4,0.181499,FALSE,TRUE,FALSE
LD,2024-08-23T09:30:00Z,-3.4390249999999996,12.649905674705295,9.210880674705296,6.245e-4,0.51083,FALSE,TRUE,FALSE
LD,2024-08-23T10:00:00Z,-4.511693,13.637955747059532,9.126262747059531,6.60497e-4,0.388555,FALSE,TRUE,FALSE
LD,2024-08-23T10:30:00Z,-37.82741,46.59135274877562,8.763942748775616,0.00827679,0.304321,FALSE,TRUE,FALSE
LD,2024-08-23T11:00:00Z,-1.9583300000000001,11.198983687479151,9.240653687479151,1.10763,0.470445,FALSE,TRUE,FALSE
LD,2024-08-23T11:30:00Z,3.8817399999999997,5.279348309652893,9.161088309652893,9.54068,0.310952,FALSE,TRUE,FALSE
LD,2024-08-24T01:00:00Z,6.800800000000001,2.931667695650461,9.732467695650461,1.92951,0.118865,FALSE,TRUE,FALSE
LD,2024-08-24T01:30:00Z,17.7902752,-8.59934500137377,9.19093019862623,0.0118875,0.0313443,TRUE,FALSE,FALSE
LD,2024-08-24T02:00:00Z,10.929470125,-1.9611722276668822,8.968297897333118,0,0.043772899999999997,TRUE,FALSE,FALSE
LD,2024-08-24T03:00:00Z,9.8687535,-1.143855188726322,8.724898311273678,0,0.038263900000000003,TRUE,FALSE,FALSE
LD,2024-08-24T03:30:00Z,9.8687535,-1.226791103607015,8.641962396392985,0,0.0653724,TRUE,FALSE,FALSE
LD,2024-08-24T04:00:00Z,4.5691797777777765,3.93747068610309,8.506650463880867,0,0.0672549,FALSE,TRUE,FALSE
LD,2024-08-24T04:30:00Z,4.5691797777777765,3.869211924537005,8.438391702314782,0,0.0645778,FALSE,TRUE,FALSE
LD,2024-08-24T05:00:00Z,9.213785333333332,-0.5297777646008495,8.684007568732483,0,0.116761,TRUE,FALSE,FALSE
LD,2024-08-24T05:30:00Z,17.7902752,-8.808805475428656,8.981469724571344,0,0.172252,TRUE,FALSE,FALSE
LD,2024-08-24T06:00:00Z,9.8687535,-1.317506854999161,8.55124664500084,0,0.159049,TRUE,FALSE,FALSE
LD,2024-08-24T06:30:00Z,17.7902752,-8.779397197415763,9.010878002584237,3.64889e-5,0.140632,TRUE,FALSE,FALSE
LD,2024-08-24T07:00:00Z,17.7902752,-8.866018603154656,8.924256596845344,8.67841e-5,0.198714,TRUE,FALSE,FALSE
LD,2024-08-24T07:30:00Z,14.498840999999999,-5.715968197561303,8.782872802438696,1.29437e-4,0.145041,TRUE,FALSE,FALSE
LD,2024-08-24T08:00:00Z,9.213785333333332,-0.6023394019831176,8.611445931350215,2.31013e-4,0.729621,TRUE,FALSE,FALSE
LD,2024-08-24T08:30:00Z,-0.004367750000002779,8.172358995912877,8.167991245912873,2.97827e-4,0.0722647,FALSE,TRUE,FALSE
LD,2024-08-24T09:00:00Z,9.8687535,-1.4872175718495626,8.381535928150438,3.77955e-4,0.0680565,TRUE,FALSE,FALSE
LD,2024-08-24T09:30:00Z,9.213785333333332,-0.6616860025524893,8.552099330780843,4.72628e-4,0.110743,TRUE,FALSE,FALSE
LD,2024-08-24T10:00:00Z,-35.448114000000004,43.959553468990535,8.511439468990535,2.33972e-4,0.278562,FALSE,TRUE,FALSE
LD,2024-08-24T10:30:00Z,-0.004367750000002779,8.130830286787813,8.12646253678781,0.0056385,0.0921356,FALSE,TRUE,FALSE
LD,2024-08-24T11:00:00Z,-8.770943599999999,16.551977991719504,7.781034391719504,1.2125,0.198311,FALSE,TRUE,FALSE
LD,2024-08-24T13:00:00Z,37.608900000000006,-28.674040012573112,8.934859987426893,238.864,0.320969,TRUE,FALSE,FALSE
LD,2024-08-25T01:00:00Z,-0.024139666666666504,10.402273366312711,10.378133699646044,1.34477,0.0362888,FALSE,TRUE,FALSE
LD,2024-08-25T01:30:00Z,1.8926255000000003,8.244362390315946,10.136987890315945,0.00817669,0.0279497,FALSE,TRUE,FALSE
LD,2024-08-25T02:00:00Z,18.4696562,-8.491586905841366,9.978069294158633,0,0.0299242,TRUE,FALSE,FALSE
LD,2024-08-25T02:30:00Z,16.472863333333333,-6.531850875417534,9.941012457915798,0,0.0324973,TRUE,FALSE,FALSE
LD,2024-08-25T04:30:00Z,12.61192075,-2.839197491576064,9.772723258423936,0,0.0398675,TRUE,FALSE,FALSE
LD,2024-08-25T05:30:00Z,14.44059357142857,-4.65160012472046,9.78899344670811,0,0.0424655,TRUE,FALSE,FALSE
LD,2024-08-25T08:00:00Z,12.61192075,-2.688535314829288,9.923385435170712,0,0.0443819,TRUE,FALSE,FALSE
LD,2024-08-25T08:30:00Z,14.44059357142857,-4.598202329316489,9.84239124211208,0,0.116617,TRUE,FALSE,FALSE
LD,2024-08-25T09:00:00Z,12.390728125,-2.58834726910381,9.80238085589619,0,0.293566,TRUE,FALSE,FALSE
LD,2024-08-25T09:30:00Z,41.76159,-31.965730570219527,9.795859429780473,0,0.307343,TRUE,FALSE,FALSE
LD,2024-08-25T10:00:00Z,41.157560000000004,-31.289134570548192,9.86842542945181,0,0.332153,TRUE,FALSE,FALSE
LD,2024-08-25T10:30:00Z,14.44059357142857,-4.468361039170201,9.972232532258369,0.00355272,0.389503,TRUE,FALSE,FALSE
LD,2024-08-25T11:00:00Z,12.61192075,-2.53712703811356,10.07479371188644,0.643764,0.597449,TRUE,FALSE,FALSE
LD,2024-08-25T12:00:00Z,18.4713165,-7.9127617235259535,10.558554776474047,NA,NA,TRUE,FALSE,FALSE
LD,2024-08-26T02:00:00Z,12.362572499999999,-1.019043722999017,11.343528777000982,NA,NA,TRUE,FALSE,FALSE
LD,2024-08-26T08:30:00Z,19.1612825,-8.071492463608454,11.089790036391545,NA,NA,TRUE,FALSE,FALSE
LD,2024-08-26T09:00:00Z,41.459575,-30.397753556639174,11.061821443360827,NA,NA,TRUE,FALSE,FALSE
LD,2024-08-26T09:30:00Z,41.459575,-30.39022570087577,11.06934929912423,NA,NA,TRUE,FALSE,FALSE
LD,2024-08-26T10:00:00Z,41.459575,-30.3413142250496,11.1182607749504,NA,NA,TRUE,FALSE,FALSE
LD,2024-08-26T10:30:00Z,41.459575,-30.301990437399667,11.157584562600334,NA,NA,TRUE,FALSE,FALSE
LD,2024-08-26T12:00:00Z,18.4713165,-6.62967406661657,11.84164243338343,NA,NA,TRUE,FALSE,FALSE
LD,2024-08-27T08:30:00Z,19.1612825,-6.850578516176059,12.31070398382394,NA,NA,TRUE,FALSE,FALSE
LD,2024-08-27T09:00:00Z,41.459575,-29.182705621877602,12.2768693781224,NA,NA,TRUE,FALSE,FALSE
LD,2024-08-27T09:30:00Z,41.459575,-29.177126908860245,12.282448091139756,NA,NA,TRUE,FALSE,FALSE
LD,2024-08-27T10:00:00Z,41.459575,-29.125630762948163,12.33394423705184,NA,NA,TRUE,FALSE,FALSE
LD,2024-08-27T10:30:00Z,41.459575,-29.08478000018436,12.37479499981564,NA,NA,TRUE,FALSE,FALSE
LD,2024-08-28T08:30:00Z,19.1612825,-7.096160090560987,12.065122409439011,NA,NA,TRUE,FALSE,FALSE
LD,2024-08-29T08:30:00Z,19.1612825,-5.620925815372026,13.540356684627973,NA,NA,TRUE,FALSE,FALSE
LD,2024-08-30T00:30:00Z,3.31814,11.598618682545569,14.916758682545568,9.80595,0.253225,FALSE,TRUE,FALSE
LD,2024-08-30T08:30:00Z,19.1612825,-7.826791403316429,11.33449109668357,NA,NA,TRUE,FALSE,FALSE
LD,2024-08-31T05:00:00Z,9.2575555,-1.7840085306095137,7.473546969390487,NA,NA,TRUE,FALSE,FALSE
LD,2024-08-31T05:30:00Z,9.2575555,-1.826177279328781,7.43137822067122,NA,NA,TRUE,FALSE,FALSE
LD,2024-08-31T08:30:00Z,19.1612825,-10.897038035353717,8.264244464646282,NA,NA,TRUE,FALSE,FALSE
LD,2024-08-31T09:00:00Z,15.823678666666666,-7.665439300713041,8.158239365953625,NA,NA,TRUE,FALSE,FALSE
LD,2024-08-31T09:30:00Z,15.823678666666666,-7.7822925323410885,8.041386134325577,NA,NA,TRUE,FALSE,FALSE
LD,2024-08-31T10:00:00Z,15.823678666666666,-7.878240654256231,7.945438012410435,NA,NA,TRUE,FALSE,FALSE
LD,2024-08-31T10:30:00Z,15.823678666666666,-8.027500488349249,7.796178178317417,NA,NA,TRUE,FALSE,FALSE
LD,2024-08-31T12:00:00Z,11.916174333333334,-4.417485760315281,7.498688573018053,NA,NA,TRUE,FALSE,FALSE
LD,2024-09-01T01:00:00Z,-0.188789,6.587754459700624,6.398965459700624,0.398137,0.3787,FALSE,TRUE,FALSE
LD,2024-09-01T01:30:00Z,1.74177,4.514004679575022,6.255774679575022,0.00112597,0.188209,FALSE,TRUE,FALSE
LD,2024-09-01T04:30:00Z,5.22446835,-0.5758559720877887,4.648612377912212,NA,NA,TRUE,FALSE,FALSE
LD,2024-09-01T05:00:00Z,9.2575555,-4.731165152714445,4.526390347285555,NA,NA,TRUE,FALSE,FALSE
LD,2024-09-01T05:30:00Z,9.2575555,-4.7809801123796,4.4765753876204,NA,NA,TRUE,FALSE,FALSE
LD,2024-09-01T06:00:00Z,5.826743727272727,-1.3947935907072262,4.431950136565501,NA,NA,TRUE,FALSE,FALSE
LD,2024-09-01T06:30:00Z,5.505329230769231,-1.1858133340090804,4.319515896760151,NA,NA,TRUE,FALSE,FALSE
LD,2024-09-01T08:30:00Z,19.1612825,-14.271353050165578,4.889929449834421,NA,NA,TRUE,FALSE,FALSE
LD,2024-09-01T09:00:00Z,41.459575,-36.66607704976903,4.793497950230973,NA,NA,TRUE,FALSE,FALSE
LD,2024-09-01T09:30:00Z,41.459575,-36.74658693526343,4.712988064736568,NA,NA,TRUE,FALSE,FALSE
LD,2024-09-01T10:00:00Z,41.459575,-36.809520736590656,4.650054263409343,NA,NA,TRUE,FALSE,FALSE
LD,2024-09-01T10:30:00Z,41.459575,-36.87674709297897,4.5828279070210325,NA,NA,TRUE,FALSE,FALSE
LD,2024-09-02T01:00:00Z,3.7151636666666668,-1.1681882212181218,2.546975445448545,NA,NA,TRUE,FALSE,FALSE
LD,2024-09-02T02:30:00Z,-0.08195271666666612,2.157765976786491,2.075813260119825,0,0.645638,FALSE,TRUE,FALSE
LD,2024-09-02T03:00:00Z,9.2575555,-7.371458699118767,1.886096800881234,0,0.0594633,TRUE,FALSE,FALSE
LD,2024-09-02T03:30:00Z,9.2575555,-7.429636010549789,1.8279194894502113,0,0.0440931,TRUE,FALSE,FALSE
LD,2024-09-02T04:00:00Z,9.2575555,-7.573204763812755,1.6843507361872458,0,0.124037,TRUE,FALSE,FALSE
LD,2024-09-02T04:30:00Z,9.2575555,-7.631615321929023,1.6259401780709777,0,0.315332,TRUE,FALSE,FALSE
LD,2024-09-02T05:00:00Z,9.2575555,-7.631421669985334,1.6261338300146662,0,0.425096,TRUE,FALSE,FALSE
LD,2024-09-02T05:30:00Z,9.2575555,-7.710566203670124,1.5469892963298764,0,0.218266,TRUE,FALSE,FALSE
LD,2024-09-02T06:00:00Z,7.02838,-5.61526742212836,1.4131125778716407,0,0.535071,TRUE,FALSE,FALSE
LD,2024-09-02T06:30:00Z,4.701854666666667,-3.314103826917433,1.3877508397492337,NA,NA,TRUE,FALSE,FALSE
LD,2024-09-02T07:00:00Z,4.701854666666667,-3.219890813192223,1.481963853474444,NA,NA,TRUE,FALSE,FALSE
LD,2024-09-02T07:30:00Z,4.372520823076923,-2.96546815282748,1.4070526702494428,NA,NA,TRUE,FALSE,FALSE
LD,2024-09-02T08:00:00Z,4.172816207692307,-2.844084397289387,1.32873181040292,NA,NA,TRUE,FALSE,FALSE
LD,2024-09-02T08:30:00Z,19.1612825,-17.904231835683973,1.257050664316027,NA,NA,TRUE,FALSE,FALSE
LD,2024-09-02T09:00:00Z,7.904063599999999,-6.648280557962767,1.2557830420372316,NA,NA,TRUE,FALSE,FALSE
LD,2024-09-03T00:30:00Z,2.0648117499999996,-0.5393563516886128,1.5254553983113868,NA,NA,TRUE,FALSE,FALSE
LD,2024-09-03T02:00:00Z,5.6904,-4.295960604191486,1.394439395808514,0,0.517654,TRUE,FALSE,FALSE
LD,2024-09-03T02:30:00Z,-5.259345,6.655444972471553,1.3960999724715537,0,0.693177,FALSE,TRUE,FALSE
LD,2024-09-03T03:00:00Z,-0.696118,2.0799823802033757,1.3838643802033759,0,0.433789,FALSE,TRUE,FALSE
LD,2024-09-03T03:30:00Z,-1.0377943,2.426200914921097,1.3884066149210965,0,0.545687,FALSE,TRUE,FALSE
LD,2024-09-03T04:00:00Z,-0.08195271666666612,1.4374818301086003,1.3555291134419343,0,0.19695,FALSE,TRUE,FALSE
LD,2024-09-03T04:30:00Z,11.486731,-10.163147122952354,1.3235838770476456,0,0.642519,TRUE,FALSE,FALSE
LD,2024-09-03T05:00:00Z,9.2575555,-7.91406576996805,1.3434897300319506,NA,NA,TRUE,FALSE,FALSE
LD,2024-09-03T05:30:00Z,9.2575555,-7.988574193983746,1.2689813060162538,NA,NA,TRUE,FALSE,FALSE
LD,2024-09-03T06:00:00Z,4.701854666666667,-3.4406448523499527,1.261209814316714,NA,NA,TRUE,FALSE,FALSE
LD,2024-09-03T06:30:00Z,4.701854666666667,-3.452860255678968,1.2489944109876987,NA,NA,TRUE,FALSE,FALSE
LD,2024-09-03T07:00:00Z,4.701854666666667,-3.3079458998515787,1.393908766815088,NA,NA,TRUE,FALSE,FALSE
LD,2024-09-03T07:30:00Z,4.372520823076923,-2.983408145806783,1.3891126772701399,NA,NA,TRUE,FALSE,FALSE
LD,2024-09-03T08:00:00Z,4.172816207692307,-2.791754916012402,1.3810612916799052,NA,NA,TRUE,FALSE,FALSE
LD,2024-09-03T08:30:00Z,19.1612825,-17.782179511909124,1.3791029880908736,NA,NA,TRUE,FALSE,FALSE
LD,2024-09-03T09:00:00Z,7.904063599999999,-6.526985383062274,1.3770782169377247,NA,NA,TRUE,FALSE,FALSE
LD,2024-09-03T23:30:00Z,25.897492,-24.117681785887363,1.779810214112638,125.669,0.671589,TRUE,FALSE,FALSE
LD,2024-09-04T00:00:00Z,5.855240266666667,-4.119609486055408,1.7356307806112583,NA,NA,TRUE,FALSE,FALSE
LD,2024-09-04T00:30:00Z,3.4149973333333334,-1.7748993997956128,1.6400979335377206,NA,NA,TRUE,FALSE,FALSE
LD,2024-09-04T01:00:00Z,-4.97691,6.58084197441563,1.6039319744156304,0.134939,0.470935,FALSE,TRUE,FALSE
LD,2024-09-04T01:30:00Z,-10.67559,12.21071979500373,1.53512979500373,1.67405e-4,0.288187,FALSE,TRUE,FALSE
LD,2024-09-04T04:00:00Z,3.250939566666667,-1.7596423066526141,1.491297260014053,NA,NA,TRUE,FALSE,FALSE
LD,2024-09-04T04:30:00Z,5.22446835,-3.739660631537956,1.4848077184620443,NA,NA,TRUE,FALSE,FALSE
LD,2024-09-04T05:00:00Z,9.2575555,-7.789482256835768,1.468073243164232,NA,NA,TRUE,FALSE,FALSE
LD,2024-09-04T05:30:00Z,9.2575555,-7.871126838595841,1.3864286614041597,NA,NA,TRUE,FALSE,FALSE
LD,2024-09-04T06:00:00Z,4.701854666666667,-3.324141406924308,1.3777132597423587,NA,NA,TRUE,FALSE,FALSE
LD,2024-09-04T06:30:00Z,4.701854666666667,-3.3377068091451054,1.364147857521561,NA,NA,TRUE,FALSE,FALSE
LD,2024-09-04T07:00:00Z,4.701854666666667,-3.198743853389771,1.5031108132768956,NA,NA,TRUE,FALSE,FALSE
LD,2024-09-04T07:30:00Z,5.3236825437499995,-3.7948225400233664,1.5288600037266333,NA,NA,TRUE,FALSE,FALSE
LD,2024-09-04T08:00:00Z,6.40106448125,-4.906289965115284,1.4947745161347157,NA,NA,TRUE,FALSE,FALSE
LD,2024-09-04T08:30:00Z,19.1612825,-17.66929481289924,1.4919876871007618,NA,NA,TRUE,FALSE,FALSE
LD,2024-09-04T09:00:00Z,7.904063599999999,-6.435613174597648,1.4684504254023507,NA,NA,TRUE,FALSE,FALSE
LD,2024-09-04T14:00:00Z,4.60958,-2.9877522415654445,1.6218277584345555,356.608,0.559369,TRUE,FALSE,FALSE
LD,2024-09-04T23:30:00Z,4.8997516,-2.9310235474221713,1.9687280525778286,NA,NA,TRUE,FALSE,FALSE
LD,2024-09-05T00:00:00Z,5.855240266666667,-3.9696696555557143,1.8855706111109527,NA,NA,TRUE,FALSE,FALSE
LD,2024-09-05T00:30:00Z,3.4149973333333334,-1.6334671261034048,1.7815302072299286,NA,NA,TRUE,FALSE,FALSE
LD,2024-09-05T04:00:00Z,3.250939566666667,-1.6326388857902367,1.6183006808764304,NA,NA,TRUE,FALSE,FALSE
LD,2024-09-05T04:30:00Z,5.22446835,-3.613433835208596,1.6110345147914042,NA,NA,TRUE,FALSE,FALSE
LD,2024-09-05T05:00:00Z,9.2575555,-7.664898743703487,1.5926567562965137,NA,NA,TRUE,FALSE,FALSE
LD,2024-09-05T05:30:00Z,9.2575555,-7.662816692978751,1.5947388070212496,NA,NA,TRUE,FALSE,FALSE
LD,2024-09-05T06:00:00Z,4.701854666666667,-3.112823417749828,1.5890312489168383,NA,NA,TRUE,FALSE,FALSE
LD,2024-09-05T06:30:00Z,4.701854666666667,-3.103868200619438,1.597986466047229,NA,NA,TRUE,FALSE,FALSE
LD,2024-09-05T07:00:00Z,4.701854666666667,-3.0995357895223044,1.6023188771443624,NA,NA,TRUE,FALSE,FALSE
LD,2024-09-05T07:30:00Z,5.3236825437499995,-3.716999947937047,1.6066825958129525,NA,NA,TRUE,FALSE,FALSE
LD,2024-09-05T08:00:00Z,6.40106448125,-4.815558479085421,1.5855060021645782,NA,NA,TRUE,FALSE,FALSE
LD,2024-09-05T08:30:00Z,19.1612825,-17.57585538444157,1.5854271155584276,NA,NA,TRUE,FALSE,FALSE
LD,2024-09-05T09:00:00Z,7.904063599999999,-6.328327465612828,1.575736134387171,NA,NA,TRUE,FALSE,FALSE
LD,2024-09-05T23:30:00Z,4.8997516,-2.7742112856537,2.1255403143463,NA,NA,TRUE,FALSE,FALSE
LD,2024-09-06T00:00:00Z,5.855240266666667,-3.81972982505602,2.0355104416106466,NA,NA,TRUE,FALSE,FALSE
LD,2024-09-06T00:30:00Z,3.4149973333333334,-1.4920348524111968,1.9229624809221366,NA,NA,TRUE,FALSE,FALSE
LD,2024-09-06T04:00:00Z,3.250939566666667,-1.4770764993301577,1.7738630673365094,NA,NA,TRUE,FALSE,FALSE
LD,2024-09-06T04:30:00Z,5.22446835,-3.4494046457320167,1.7750637042679838,NA,NA,TRUE,FALSE,FALSE
LD,2024-09-06T05:00:00Z,9.2575555,-7.484623305930917,1.772932194069083,NA,NA,TRUE,FALSE,FALSE
LD,2024-09-06T05:30:00Z,9.2575555,-7.477747620607974,1.7798078793920264,NA,NA,TRUE,FALSE,FALSE
LD,2024-09-06T06:00:00Z,4.233465750000001,-2.456330627560755,1.7771351224392458,NA,NA,TRUE,FALSE,FALSE
LD,2024-09-06T06:30:00Z,4.5704554,-2.78727973987126,1.78317566012874,NA,NA,TRUE,FALSE,FALSE
LD,2024-09-06T07:00:00Z,4.522466,-2.7363490718723975,1.7861169281276024,NA,NA,TRUE,FALSE,FALSE
LD,2024-09-06T07:30:00Z,3.8500487999999997,-2.058195297997906,1.7918535020020938,NA,NA,TRUE,FALSE,FALSE
LD,2024-09-06T08:00:00Z,3.7540213999999996,-1.979683947536527,1.7743374524634725,NA,NA,TRUE,FALSE,FALSE
LD,2024-09-06T08:30:00Z,8.219909,-6.448343833812892,1.771565166187108,NA,NA,TRUE,FALSE,FALSE
LD,2024-09-06T09:00:00Z,5.515390100000001,-3.7526139644453584,1.7627761355546427,NA,NA,TRUE,FALSE,FALSE
LD,2024-09-07T04:00:00Z,3.250939566666667,-1.3102842251195634,1.9406553415471037,NA,NA,TRUE,FALSE,FALSE
LD,2024-09-07T04:30:00Z,5.22446835,-3.2836135173904837,1.9408548326095167,NA,NA,TRUE,FALSE,FALSE
LD,2024-09-07T05:00:00Z,9.2575555,-7.320963173298174,1.9365923267018266,NA,NA,TRUE,FALSE,FALSE
LD,2024-09-07T05:30:00Z,9.2575555,-7.316279502839587,1.9412759971604139,NA,NA,TRUE,FALSE,FALSE
LD,2024-09-07T06:00:00Z,4.233465750000001,-2.295539702791723,1.9379260472082778,NA,NA,TRUE,FALSE,FALSE
LD,2024-09-07T06:30:00Z,4.5704554,-2.630587507034977,1.939867892965023,NA,NA,TRUE,FALSE,FALSE
LD,2024-09-07T07:00:00Z,4.522466,-2.5824548582562326,1.9400111417437669,NA,NA,TRUE,FALSE,FALSE
LD,2024-09-07T07:30:00Z,3.8500487999999997,-1.906626229673958,1.9434225703260417,NA,NA,TRUE,FALSE,FALSE
LD,2024-09-07T08:00:00Z,3.7540213999999996,-1.827122085690573,1.9268993143094266,NA,NA,TRUE,FALSE,FALSE
LD,2024-09-07T08:30:00Z,10.163064666666667,-8.24091000822289,1.9221546584437772,NA,NA,TRUE,FALSE,FALSE
LD,2024-09-07T09:00:00Z,7.888077374999999,-5.9748327660522325,1.9132446089477664,NA,NA,TRUE,FALSE,FALSE
LD,2024-09-07T09:30:00Z,8.00178575,-6.095971206975661,1.9058145430243387,NA,NA,TRUE,FALSE,FALSE
LD,2024-09-07T10:00:00Z,7.9647815,-6.071492408139928,1.893289091860072,NA,NA,TRUE,FALSE,FALSE
LD,2024-09-07T10:30:00Z,8.183821250000001,-6.2947006250273585,1.8891206249726429,NA,NA,TRUE,FALSE,FALSE
LD,2024-09-08T04:00:00Z,3.250939566666667,-1.1432471409311624,2.1076924257355047,NA,NA,TRUE,FALSE,FALSE
LD,2024-09-08T04:30:00Z,5.22446835,-3.1181236473104676,2.1063447026895328,NA,NA,TRUE,FALSE,FALSE
LD,2024-09-08T05:00:00Z,9.2575555,-7.155193794011752,2.1023617059882485,NA,NA,TRUE,FALSE,FALSE
LD,2024-09-08T05:30:00Z,9.2575555,-7.148987967928644,2.108567532071356,NA,NA,TRUE,FALSE,FALSE
LD,2024-09-08T06:00:00Z,3.8557206,-1.751258108765406,2.104462491234594,NA,NA,TRUE,FALSE,FALSE
LD,2024-09-08T06:30:00Z,4.315622428571428,-2.2141752663357672,2.101447162235661,NA,NA,TRUE,FALSE,FALSE
LD,2024-09-08T07:00:00Z,4.332350633333333,-2.2350769344006065,2.0972736989327267,NA,NA,TRUE,FALSE,FALSE
LD,2024-09-08T07:30:00Z,3.8883254624999997,-1.7918844142512573,2.0964410482487423,NA,NA,TRUE,FALSE,FALSE
LD,2024-09-08T08:00:00Z,3.8283083374999998,-1.7499743529932563,2.0783339845067434,NA,NA,TRUE,FALSE,FALSE
LD,2024-09-08T08:30:00Z,8.811250962499999,-6.738316532799341,2.072934429700658,NA,NA,TRUE,FALSE,FALSE
LD,2024-09-08T09:00:00Z,12.8815015875,-10.815987769332173,2.0655138181678283,NA,NA,TRUE,FALSE,FALSE
LD,2024-09-08T09:30:00Z,12.58874275,-10.529557041222347,2.0591857087776533,NA,NA,TRUE,FALSE,FALSE
LD,2024-09-08T10:00:00Z,12.5517385,-10.504206675080054,2.0475318249199463,NA,NA,TRUE,FALSE,FALSE
LD,2024-09-08T10:30:00Z,12.77077825,-10.72807054930253,2.042707700697469,NA,NA,TRUE,FALSE,FALSE
LD,2024-09-09T04:00:00Z,3.327736925,-1.1942783069116762,2.1334586180883237,NA,NA,TRUE,FALSE,FALSE
LD,2024-09-09T04:30:00Z,5.22446835,-3.0538899699296134,2.170578380070387,NA,NA,TRUE,FALSE,FALSE
LD,2024-09-09T05:00:00Z,7.528638666666667,-5.32246011984468,2.2061785468219863,NA,NA,TRUE,FALSE,FALSE
LD,2024-09-09T05:30:00Z,6.39807375,-4.1802278394762595,2.21784591052374,NA,NA,TRUE,FALSE,FALSE
LD,2024-09-09T06:00:00Z,4.701854666666667,-2.540156157613424,2.1616985090532426,NA,NA,TRUE,FALSE,FALSE
LD,2024-09-09T06:30:00Z,4.701854666666667,-2.51895299335269,2.1829016733139768,NA,NA,TRUE,FALSE,FALSE
LD,2024-09-09T07:00:00Z,4.701854666666667,-2.5177067546713072,2.1841479119953595,NA,NA,TRUE,FALSE,FALSE
LD,2024-09-09T07:30:00Z,3.8883254624999997,-1.7164396956350263,2.1718857668649734,NA,NA,TRUE,FALSE,FALSE
LD,2024-09-09T08:00:00Z,3.8283083374999998,-1.7059439593698382,2.1223643781301615,NA,NA,TRUE,FALSE,FALSE
LD,2024-09-09T08:30:00Z,4.104059671428571,-1.9867461335910206,2.1173135378375503,NA,NA,TRUE,FALSE,FALSE
LD,2024-09-09T09:00:00Z,3.3554771166666666,-1.2726387732160682,2.0828383434505984,NA,NA,TRUE,FALSE,FALSE
LD,2024-09-09T09:30:00Z,2.965132,-0.9335816543497368,2.0315503456502633,NA,NA,TRUE,FALSE,FALSE
LD,2024-09-09T10:00:00Z,2.915793,-0.9255072787335847,1.9902857212664151,NA,NA,TRUE,FALSE,FALSE
LD,2024-09-09T10:30:00Z,3.207846,-1.2183395460077355,1.9895064539922644,NA,NA,TRUE,FALSE,FALSE
LD,2024-09-10T04:00:00Z,3.3277369250000004,-1.0668481642613297,2.2608887607386707,NA,NA,TRUE,FALSE,FALSE
LD,2024-09-10T04:30:00Z,5.22446835,-2.9244038148602356,2.300064535139765,NA,NA,TRUE,FALSE,FALSE
LD,2024-09-10T05:00:00Z,7.778768,-5.441142928975204,2.337625071024797,NA,NA,TRUE,FALSE,FALSE
LD,2024-09-10T05:30:00Z,6.187971666666667,-3.838147898199844,2.349823768466823,NA,NA,TRUE,FALSE,FALSE
LD,2024-09-10T06:00:00Z,3.538592,-1.2484160869052356,2.2901759130947643,NA,NA,TRUE,FALSE,FALSE
LD,2024-09-10T06:30:00Z,3.538592,-1.2261131857082148,2.312478814291785,NA,NA,TRUE,FALSE,FALSE
LD,2024-09-10T07:00:00Z,3.538592,-1.2249531075428082,2.313638892457192,NA,NA,TRUE,FALSE,FALSE
LD,2024-09-10T07:30:00Z,3.8883254624999997,-1.5878345430073586,2.300490919492641,NA,NA,TRUE,FALSE,FALSE
LD,2024-09-10T08:00:00Z,3.8283083374999998,-1.5804259869707495,2.2478823505292502,NA,NA,TRUE,FALSE,FALSE
LD,2024-09-10T08:30:00Z,4.104059671428571,-1.8616809634436629,2.242378707984908,NA,NA,TRUE,FALSE,FALSE
LD,2024-09-10T09:00:00Z,3.3554771166666666,-1.1497611896064188,2.2057159270602478,NA,NA,TRUE,FALSE,FALSE
LD,2024-09-10T09:30:00Z,3.465163142857143,-1.313908087425673,2.15125505543147,NA,NA,TRUE,FALSE,FALSE
LD,2024-09-10T10:00:00Z,2.913583375,-0.806168156068042,2.107415218931958,NA,NA,TRUE,FALSE,FALSE
LD,2024-09-10T10:30:00Z,3.132623125,-1.0261764087665104,2.1064467162334894,NA,NA,TRUE,FALSE,FALSE
LD,2024-09-11T00:30:00Z,0.6186365,2.0981959702523643,2.7168324702523643,1.16835,0.0864873,FALSE,TRUE,FALSE
LD,2024-09-11T01:00:00Z,0.6186365,2.0439487231956144,2.6625852231956144,0.00449847,0.0612868,FALSE,TRUE,FALSE
LD,2024-09-11T01:30:00Z,-1.1994686666666667,3.8158973249632155,2.616428658296549,0,0.071085400000000007,FALSE,TRUE,FALSE
LD,2024-09-11T02:00:00Z,3.538592,-0.9481060175820741,2.590485982417926,0,0.0622023,TRUE,FALSE,FALSE
LD,2024-09-11T02:30:00Z,0.66527408750000006,1.7068183779320798,2.37209246543208,0,0.0507378,FALSE,TRUE,FALSE
LD,2024-09-11T03:30:00Z,0.66527408750000006,1.6454679240572145,2.3107420115572146,0,0.122152,FALSE,TRUE,FALSE
LD,2024-09-11T04:00:00Z,0.15583027000000005,2.2945611808279063,2.4503914508279063,0,0.101477,FALSE,TRUE,FALSE
LD,2024-09-11T05:00:00Z,0.66527408750000006,1.683369953054476,2.348644040554476,0,0.0580093,FALSE,TRUE,FALSE
LD,2024-09-11T05:30:00Z,1.4911855312499998,1.003909485752561,2.4950950170025608,0,0.128204,FALSE,TRUE,FALSE
LD,2024-09-11T06:30:00Z,1.2528307250000001,1.2612135203465276,2.5140442453465277,0,0.0967209,FALSE,TRUE,FALSE
LD,2024-09-11T07:00:00Z,6.082255,-3.858994437381362,2.223260562618638,0,0.080446,TRUE,FALSE,FALSE
LD,2024-09-11T07:30:00Z,0.23700439166666704,2.2287507725422633,2.46575516420893,0,0.116825,FALSE,TRUE,FALSE
LD,2024-09-11T08:00:00Z,0.7260517500000002,1.774763575501122,2.5008153255011223,0,0.171139,FALSE,TRUE,FALSE
LD,2024-09-11T08:30:00Z,3.7888410583333334,-1.3496692123391245,2.439171845994209,0,0.121485,TRUE,FALSE,FALSE
LD,2024-09-11T09:00:00Z,6.082255,-3.847443680960738,2.234811319039262,0,0.0433222,TRUE,FALSE,FALSE
LD,2024-09-11T09:30:00Z,6.082255,-3.890248060695,2.192006939305,0,0.066511700000000007,TRUE,FALSE,FALSE
LD,2024-09-11T10:00:00Z,6.082255,-3.810212179049052,2.272042820950948,0,0.100538,TRUE,FALSE,FALSE
LD,2024-09-11T10:30:00Z,6.082255,-3.8676863345379675,2.2145686654620325,0,0.068174,TRUE,FALSE,FALSE
LD,2024-09-11T11:00:00Z,6.082255,-3.8731682219623185,2.2090867780376815,0.0291069,0.0457067,TRUE,FALSE,FALSE
LD,2024-09-11T11:30:00Z,6.082255,-3.8531777494495922,2.2290772505504077,4.29925,0.0913897,TRUE,FALSE,FALSE
LD,2024-09-11T12:00:00Z,3.86299,-1.412599378700179,2.450390621299821,37.1948,0.225274,TRUE,FALSE,FALSE
LD,2024-09-12T01:30:00Z,4.143709275,-1.4655789275517601,2.67813034744824,0,0.0535813,TRUE,FALSE,FALSE
LD,2024-09-12T02:00:00Z,4.1008256,-1.4704631340623577,2.6303624659376426,0,0.0301827,TRUE,FALSE,FALSE
LD,2024-09-12T02:30:00Z,4.7253818947368424,-2.146398649937635,2.5789832447992076,0,0.0426213,TRUE,FALSE,FALSE
LD,2024-09-12T03:00:00Z,5.502714470588235,-2.9654411179061086,2.5372733526821265,0,0.0221855,TRUE,FALSE,FALSE
LD,2024-09-12T03:30:00Z,5.1086497500000005,-2.609332140260663,2.4993176097393377,0,0.0326149,TRUE,FALSE,FALSE
LD,2024-09-12T04:00:00Z,5.1086497500000005,-2.6132585590517117,2.495391190948289,0,0.0234926,TRUE,FALSE,FALSE
LD,2024-09-12T04:30:00Z,6.150693066666667,-3.6925329146673715,2.4581601519992957,0,0.0255003,TRUE,FALSE,FALSE
LD,2024-09-12T05:00:00Z,6.150693066666667,-3.68196316018176,2.4687299064849073,0,0.0266325,TRUE,FALSE,FALSE
LD,2024-09-12T05:30:00Z,6.150693066666667,-3.690863512593778,2.4598295540728894,0,0.117096,TRUE,FALSE,FALSE
LD,2024-09-12T06:00:00Z,6.150693066666667,-3.670977488688628,2.4797155779780393,0,0.0185908,TRUE,FALSE,FALSE
LD,2024-09-12T06:30:00Z,4.062929111111112,-1.6391429372480344,2.4237861738630775,0,0.0355828,TRUE,FALSE,FALSE
LD,2024-09-12T07:00:00Z,4.2256762000000005,-1.795254859809147,2.4304213401908537,0,0.019265,TRUE,FALSE,FALSE
LD,2024-09-12T07:30:00Z,6.082255,-3.685702003828906,2.396552996171094,0,0.03063,TRUE,FALSE,FALSE
LD,2024-09-12T08:00:00Z,6.082255,-3.6985279929940504,2.3837270070059495,0,0.0255844,TRUE,FALSE,FALSE
LD,2024-09-12T08:30:00Z,6.082255,-3.714829751710134,2.367425248289866,0,0.0712027,TRUE,FALSE,FALSE
LD,2024-09-12T09:00:00Z,6.082255,-3.703748179866866,2.378506820133134,0,0.10675,TRUE,FALSE,FALSE
LD,2024-09-12T09:30:00Z,4.2256762000000005,-1.7778435435943756,2.447832656405625,0,0.0438942,TRUE,FALSE,FALSE
LD,2024-09-12T10:00:00Z,5.228213375,-2.788780422706005,2.4394329522939953,0,0.163722,TRUE,FALSE,FALSE
LD,2024-09-12T10:30:00Z,5.502714470588235,-2.926851273215312,2.5758631973729234,0,0.219206,TRUE,FALSE,FALSE
LD,2024-09-12T11:00:00Z,6.082255,-3.671003469217076,2.411251530782924,0.0225567,0.0673987,TRUE,FALSE,FALSE
LD,2024-09-12T11:30:00Z,6.082255,-3.7179351618548266,2.3643198381451733,2.70428,0.0799961,TRUE,FALSE,FALSE
LD,2024-09-13T00:30:00Z,1.7528526666666666,1.3788766211462793,3.131729287812946,0.799965,0.0332597,FALSE,TRUE,FALSE
LD,2024-09-13T01:00:00Z,2.0210174,1.041428097638395,3.062445497638395,0.00292033,0.0532303,FALSE,TRUE,FALSE
LD,2024-09-13T02:30:00Z,2.0210174,1.0504379072525727,3.0714553072525725,0,0.0519984,FALSE,TRUE,FALSE
LD,2024-09-13T03:00:00Z,2.0210174,1.0528468378917806,3.0738642378917804,0,0.0501073,FALSE,TRUE,FALSE
LD,2024-09-13T06:00:00Z,3.538592,-0.627236929503606,2.911355070496394,0,0.0404455,TRUE,FALSE,FALSE
LD,2024-09-13T06:30:00Z,3.538592,-0.6514622129679086,2.8871297870320913,0,0.0473118,TRUE,FALSE,FALSE
LD,2024-09-13T07:30:00Z,3.9176973333333334,-1.0568872651637422,2.860810068169591,0,0.0842654,TRUE,FALSE,FALSE
LD,2024-09-13T08:00:00Z,4.00890275,-1.145239360952139,2.863663389047861,0,0.0855853,TRUE,FALSE,FALSE
LD,2024-09-13T08:30:00Z,3.8500487999999997,-0.9718083137027391,2.8782404862972606,0,0.138311,TRUE,FALSE,FALSE
LD,2024-09-13T09:00:00Z,3.7540213999999996,-0.9249387280386516,2.829082671961348,0,0.089696,TRUE,FALSE,FALSE
LD,2024-09-13T09:30:00Z,3.674182833333333,-0.8544515301445079,2.819731303188825,0,0.0993796,TRUE,FALSE,FALSE
LD,2024-09-13T10:00:00Z,3.4828994285714283,-0.6680383358807398,2.8148610926906885,0,0.109616,TRUE,FALSE,FALSE
LD,2024-09-13T10:30:00Z,3.748576,-0.9742996650926785,2.7742763349073214,0,0.0426188,TRUE,FALSE,FALSE
LD,2024-09-13T11:00:00Z,4.0715913684210525,-1.3006991961610144,2.770892172260038,0.0198561,0.0913004,TRUE,FALSE,FALSE
LD,2024-09-13T11:30:00Z,3.748576,-0.9732773864228008,2.775298613577199,2.96548,0.0795594,TRUE,FALSE,FALSE
LD,2024-09-14T00:30:00Z,1.3607258000000002,2.0211755306820596,3.3819013306820596,0.375522,0.0599146,FALSE,TRUE,FALSE
LD,2024-09-14T01:00:00Z,2.1555643333333334,1.0864967833515924,3.242061116684926,0.00107938,0.0246758,FALSE,TRUE,FALSE
LD,2024-09-14T05:30:00Z,3.705472523076923,-0.6652607757525995,3.0402117473243235,0,0.0646883,TRUE,FALSE,FALSE
LD,2024-09-14T06:00:00Z,3.67502815,-0.6748520136370706,3.0001761363629296,0,0.0633348,TRUE,FALSE,FALSE
LD,2024-09-14T06:30:00Z,3.67502815,-0.6853402468850613,2.989687903114939,0,0.103343,TRUE,FALSE,FALSE
LD,2024-09-14T07:00:00Z,3.7358144363636363,-0.76082365572434,2.9749907806392963,0,0.0796956,TRUE,FALSE,FALSE
LD,2024-09-14T07:30:00Z,3.7358144363636363,-0.7761052423328443,2.959709194030792,0,0.103862,TRUE,FALSE,FALSE
LD,2024-09-14T08:00:00Z,3.82656598,-0.8977742036921157,2.928791776307884,0,0.0929998,TRUE,FALSE,FALSE
LD,2024-09-14T08:30:00Z,3.82656598,-0.8998642649669661,2.9267017150330337,0,0.0866624,TRUE,FALSE,FALSE
LD,2024-09-14T09:00:00Z,3.727625475,-0.8125696816122097,2.9150557933877903,0,0.111339,TRUE,FALSE,FALSE
LD,2024-09-14T09:30:00Z,3.748576,-0.8493570581066443,2.8992189418933556,0,0.135949,TRUE,FALSE,FALSE
LD,2024-09-14T10:00:00Z,3.748576,-0.8454008559605732,2.9031751440394267,0,0.174717,TRUE,FALSE,FALSE
LD,2024-09-14T10:30:00Z,3.748576,-0.8433303089177091,2.905245691082291,0,0.184248,TRUE,FALSE,FALSE
LD,2024-09-14T11:00:00Z,4.7253818947368424,-1.8551675856916248,2.8702143090452177,0.0183822,0.120943,TRUE,FALSE,FALSE
LD,2024-09-14T11:30:00Z,5.264398111111111,-2.413047129839874,2.851350981271237,2.53906,0.143179,TRUE,FALSE,FALSE
LD,2024-09-14T12:30:00Z,6.647849,-3.7491292241180125,2.8987197758819874,93.435,0.152468,TRUE,FALSE,FALSE
LD,2024-09-15T00:30:00Z,1.4302653333333333,2.0345247501868573,3.4647900835201906,0.412298,0.0421956,FALSE,TRUE,FALSE
LD,2024-09-15T01:30:00Z,1.862657,1.5469081392171273,3.4095651392171273,0,0.120824,FALSE,TRUE,FALSE
LD,2024-09-15T02:00:00Z,1.6554244285714286,1.8095281557192022,3.464952584290631,2.29287e-5,0.10405,FALSE,TRUE,FALSE
LD,2024-09-15T02:30:00Z,1.862657,1.570350845826733,3.433007845826733,0,0.118703,FALSE,TRUE,FALSE
LD,2024-09-15T03:00:00Z,1.862657,1.56058275203794,3.42323975203794,6.90328e-5,0.156248,FALSE,TRUE,FALSE
LD,2024-09-15T07:00:00Z,3.705472523076923,-0.5405567332944052,3.1649157897825178,0,0.0484934,TRUE,FALSE,FALSE
LD,2024-09-15T07:30:00Z,3.7358144363636363,-0.6423672252127175,3.093447211150919,0,0.02153,TRUE,FALSE,FALSE
LD,2024-09-15T08:00:00Z,3.7358144363636363,-0.6351004481072908,3.1007139882563455,0,0.0205176,TRUE,FALSE,FALSE
LD,2024-09-15T08:30:00Z,3.7358144363636363,-0.6178332199787957,3.1179812163848406,0,0.0767378,TRUE,FALSE,FALSE
LD,2024-09-15T09:00:00Z,3.7358144363636363,-0.614219174720485,3.1215952616431513,0,0.0945199,TRUE,FALSE,FALSE
LD,2024-09-15T09:30:00Z,3.7358144363636363,-0.6201451851202355,3.1156692512434008,0,0.110861,TRUE,FALSE,FALSE
LD,2024-09-15T10:00:00Z,3.7358144363636363,-0.6376988799197205,3.098115556443916,0,0.100256,TRUE,FALSE,FALSE
LD,2024-09-15T11:00:00Z,3.5921092545454543,-0.5107215283167879,3.0813877262286664,0.0177617,0.120846,TRUE,FALSE,FALSE
LD,2024-09-15T11:30:00Z,3.5921092545454543,-0.5170019435651878,3.0751073109802665,2.78547,0.133443,TRUE,FALSE,FALSE
LD,2024-09-16T00:30:00Z,0.9080332,2.9774502853237905,3.8854834853237903,0.436626,0.112808,FALSE,TRUE,FALSE
LD,2024-09-16T01:00:00Z,1.3497158333333332,2.4988233956249504,3.8485392289582836,5.3673e-4,0.115022,FALSE,TRUE,FALSE
LD,2024-09-16T01:30:00Z,1.3497158333333332,2.473205648045315,3.822921481378648,0,0.0931047,FALSE,TRUE,FALSE
LD,2024-09-16T02:00:00Z,1.312414,2.4055092638059414,3.7179232638059414,0,0.110978,FALSE,TRUE,FALSE
LD,2024-09-16T02:30:00Z,2.2708835222222223,1.357151203984357,3.6280347262065793,1.97483e-4,0.137286,FALSE,TRUE,FALSE
LD,2024-09-16T03:30:00Z,2.2708835222222223,1.364389099471222,3.6352726216934443,2.06605e-4,0.161237,FALSE,TRUE,FALSE
LD,2024-09-16T04:00:00Z,2.49756037,1.0918266697098797,3.5893870397098797,4.95803e-4,0.150979,FALSE,TRUE,FALSE
LD,2024-09-16T06:00:00Z,4.070805,-0.5930861292087215,3.4777188707912785,2.46546e-4,0.246134,TRUE,FALSE,FALSE
LD,2024-09-16T10:30:00Z,4.7253818947368424,-1.6265161984536913,3.098865696283151,0,0.0580625,TRUE,FALSE,FALSE
LD,2024-09-16T11:00:00Z,5.1086497500000005,-2.085164813497855,3.0234849365021454,0.0149325,0.0527352,TRUE,FALSE,FALSE
LD,2024-09-16T11:30:00Z,5.1086497500000005,-2.0748967323907173,3.0337530176092833,2.62267,0.0512349,TRUE,FALSE,FALSE
LD,2024-09-17T00:00:00Z,1.4579363333333335,2.5769948377653495,4.034931171098683,4.90222,0.108102,FALSE,TRUE,FALSE
LD,2024-09-17T00:30:00Z,2.307966609090909,1.3786184482645032,3.686585057355412,0.224105,0.106568,FALSE,TRUE,FALSE
LD,2024-09-17T01:30:00Z,1.3497158333333332,2.509590007016278,3.859305840349611,1.03303e-4,0.174578,FALSE,TRUE,FALSE
LD,2024-09-17T02:00:00Z,2.34443307,1.3633275170596515,3.7077605870596515,2.87226e-4,0.084404,FALSE,TRUE,FALSE
LD,2024-09-17T02:30:00Z,1.9039455000000003,1.8589346879530653,3.7628801879530656,4.80271e-4,0.106388,FALSE,TRUE,FALSE
LD,2024-09-17T06:30:00Z,6.946856025000001,-3.8258512407887864,3.1210047842112143,0.00134737,0.035923,TRUE,FALSE,FALSE
LD,2024-09-17T07:00:00Z,8.20765223,-5.170381910523497,3.0372703194765034,0.00123199,0.0231167,TRUE,FALSE,FALSE
LD,2024-09-17T07:30:00Z,5.4022965375,-2.3891325063049393,3.0131640311950605,9.96785e-4,0.045981,TRUE,FALSE,FALSE
LD,2024-09-17T08:00:00Z,5.4022965375,-2.384373229228333,3.017923308271667,9.32436e-4,0.0215649,TRUE,FALSE,FALSE
LD,2024-09-17T08:30:00Z,4.546823333333333,-1.5948865781204593,2.951936755212874,8.57979e-4,0.0732287,TRUE,FALSE,FALSE
LD,2024-09-17T10:30:00Z,6.41457766,-3.4355203705895403,2.9790572894104597,0,0.0481137,TRUE,FALSE,FALSE
LD,2024-09-18T00:00:00Z,1.4598891428571428,2.3941832407442822,3.8540723836014252,8.6906,0.080172,FALSE,TRUE,FALSE
LD,2024-09-18T03:30:00Z,1.8612545999999999,1.4175823639655392,3.278836963965539,0.00108677,0.0484771,FALSE,TRUE,FALSE
LD,2024-09-18T05:00:00Z,4.0410747538461536,-0.7177634232432011,3.3233113306029525,0.00279558,0.0870191,TRUE,FALSE,FALSE
LD,2024-09-18T05:30:00Z,4.0410747538461536,-0.71160151319499,3.3294732406511636,0.00291959,0.0619989,TRUE,FALSE,FALSE
LD,2024-09-18T06:00:00Z,3.9544479142857143,-0.6135275241788936,3.3409203901068207,0.00298493,0.0318965,TRUE,FALSE,FALSE
LD,2024-09-18T06:30:00Z,1.7749147499999998,1.4302323540313795,3.2051471040313793,0.00282689,0.0446114,FALSE,TRUE,FALSE
LD,2024-09-18T10:00:00Z,4.142304876470588,-1.2847259747945228,2.857578901676065,0.00128549,0.0469547,TRUE,FALSE,FALSE
LD,2024-09-18T10:30:00Z,4.247569337142857,-1.407316028264019,2.840253308878838,0.00100048,0.0563701,TRUE,FALSE,FALSE
LD,2024-09-18T11:00:00Z,4.455436688888889,-1.6484105194332153,2.8070261694556735,0.00639342,0.0344745,TRUE,FALSE,FALSE
LD,2024-09-18T11:30:00Z,4.455436688888889,-1.6421331198502065,2.8133035690386823,1.69099,0.0369211,TRUE,FALSE,FALSE
LD,2024-09-18T12:00:00Z,9.41063,-6.572690315087509,2.8379396849124907,26.1861,0.0441447,TRUE,FALSE,FALSE
LD,2024-09-19T00:00:00Z,1.6408253333333334,2.3181969915272247,3.959022324860558,4.50368,0.165451,FALSE,TRUE,FALSE
LD,2024-09-19T02:00:00Z,4.6213444374999995,-1.0531050758005183,3.568239361699481,3.15825e-4,0.0678496,TRUE,FALSE,FALSE
LD,2024-09-19T02:30:00Z,5.722606204,-2.2360245765450597,3.48658162745494,5.91463e-4,0.0284982,TRUE,FALSE,FALSE
LD,2024-09-19T03:00:00Z,6.005020613043478,-2.5746186395254504,3.430401973518028,7.32487e-4,0.0406176,TRUE,FALSE,FALSE
LD,2024-09-19T03:30:00Z,5.8357823374999995,-2.372355044988617,3.4634272925113825,9.72376e-4,0.058483,TRUE,FALSE,FALSE
LD,2024-09-19T04:00:00Z,5.722606204,-2.225426764206595,3.497179439793405,0.00103648,0.0553731,TRUE,FALSE,FALSE
LD,2024-09-19T04:30:00Z,5.659075388461539,-2.153553644852376,3.505521743609163,0.00128007,0.0633477,TRUE,FALSE,FALSE
LD,2024-09-19T05:00:00Z,6.005020613043478,-2.5610151025999457,3.4440055104435325,0.0014953,0.0670627,TRUE,FALSE,FALSE
LD,2024-09-19T05:30:00Z,6.140484528571428,-2.747028290186612,3.3934562383848164,0.00176551,0.059724,TRUE,FALSE,FALSE
LD,2024-09-19T06:00:00Z,8.548896572727273,-5.272532707511905,3.2763638652153677,0.00175886,0.0433269,TRUE,FALSE,FALSE
LD,2024-09-19T06:30:00Z,8.223011230000001,-4.984552215031128,3.2384590149688735,0.0016346,0.123713,TRUE,FALSE,FALSE
LD,2024-09-19T07:00:00Z,8.548896572727273,-5.28900031655578,3.259896256171493,0.00155003,0.0560471,TRUE,FALSE,FALSE
LD,2024-09-19T07:30:00Z,8.223011230000001,-5.020239484086321,3.2027717459136795,0.00188706,0.070162,TRUE,FALSE,FALSE
LD,2024-09-19T08:00:00Z,7.699137471428572,-4.555995647125677,3.1431418243028952,0.00177119,0.0517137,TRUE,FALSE,FALSE
LD,2024-09-19T08:30:00Z,4.546823333333333,-1.4570799620284443,3.089743371304889,0.00151774,0.0392458,TRUE,FALSE,FALSE
LD,2024-09-19T09:30:00Z,5.722606204,-2.232358326503956,3.490247877496044,0.00119328,0.140421,TRUE,FALSE,FALSE
LD,2024-09-20T00:00:00Z,1.8005586,2.342616963065358,4.143175563065358,5.57032,0.0814942,FALSE,TRUE,FALSE
LD,2024-09-20T00:30:00Z,2.14989,1.9010733615589581,4.050963361558958,0.0615008,0.150339,FALSE,TRUE,FALSE
LD,2024-09-20T02:00:00Z,5.215544019999999,-1.6036003401728158,3.6119436798271836,0,0.0403808,TRUE,FALSE,FALSE
LD,2024-09-20T02:30:00Z,5.722606204,-2.161677137548607,3.560929066451393,9.86184e-5,0.0931298,TRUE,FALSE,FALSE
LD,2024-09-20T03:00:00Z,6.005020613043478,-2.479369451725582,3.5256511613178962,3.93487e-4,0.0515198,TRUE,FALSE,FALSE
LD,2024-09-20T03:30:00Z,6.005020613043478,-2.491137098686104,3.5138835143573743,6.51867e-4,0.0738527,TRUE,FALSE,FALSE
LD,2024-09-20T04:00:00Z,5.272700953846154,-1.6689309934276686,3.603769960418485,5.10596e-4,0.0908434,TRUE,FALSE,FALSE
LD,2024-09-20T07:30:00Z,5.918413999999999,-2.2312337309869026,3.687180269013097,7.43336e-4,0.268925,TRUE,FALSE,FALSE
LD,2024-09-20T08:00:00Z,4.282519,-0.6278441541095039,3.654674845890496,0.0010848,0.246301,TRUE,FALSE,FALSE
LD,2024-09-20T09:00:00Z,2.526242,1.1658854944499937,3.6921274944499936,3.79682e-5,0.29447,FALSE,TRUE,FALSE
LD,2024-09-20T10:00:00Z,2.3351990000000002,1.3472223940168622,3.6824213940168624,1.61734e-4,0.316987,FALSE,TRUE,FALSE
LD,2024-09-20T10:30:00Z,5.192186,-1.5125191077020728,3.6796668922979276,0,0.368831,TRUE,FALSE,FALSE
LD,2024-09-20T11:30:00Z,4.27856,-0.5950802580864423,3.6834797419135574,0.563145,0.322219,TRUE,FALSE,FALSE
LD,2024-09-20T12:00:00Z,4.3243178,-0.6445702376979119,3.6797475623020883,6.03723,0.406888,TRUE,FALSE,FALSE
LD,2024-09-21T00:00:00Z,2.57358587,1.4461269604461537,4.019712830446154,5.91244,0.0572431,FALSE,TRUE,FALSE
LD,2024-09-21T06:30:00Z,4.6213444374999995,-0.8888183509305598,3.7325260865694396,5.94175e-4,0.114876,TRUE,FALSE,FALSE
LD,2024-09-21T07:00:00Z,4.720327239130435,-0.9923435860142389,3.727983653116196,7.38158e-4,0.0959326,TRUE,FALSE,FALSE
LD,2024-09-21T07:30:00Z,4.720327239130435,-0.9718605644540199,3.748466674676415,6.82192e-4,0.0601508,TRUE,FALSE,FALSE
LD,2024-09-21T10:00:00Z,4.6213444374999995,-0.7513470136553435,3.869997423844656,4.63506e-4,0.148438,TRUE,FALSE,FALSE
LD,2024-09-21T10:30:00Z,5.215544019999999,-1.343583261520377,3.8719607584796223,3.87323e-4,0.17833,TRUE,FALSE,FALSE
LD,2024-09-21T11:00:00Z,5.215544019999999,-1.3404927722195024,3.875051247780497,0.00327191,0.0778049,TRUE,FALSE,FALSE
LD,2024-09-21T11:30:00Z,5.659075388461539,-1.7929939456829111,3.866081442778628,1.22197,0.0805429,TRUE,FALSE,FALSE
LD,2024-09-21T12:00:00Z,6.305544,-2.446582785763358,3.858961214236642,24.729,0.109728,TRUE,FALSE,FALSE
LD,2024-09-22T00:00:00Z,2.9968195875,1.9191059746023589,4.915925562102359,2.38734,0.196438,FALSE,TRUE,FALSE
LD,2024-09-22T00:30:00Z,3.6608077105263157,1.1161615818752142,4.77696929240153,0.0258045,0.0848067,FALSE,TRUE,FALSE
LD,2024-09-22T01:00:00Z,3.538418325,1.1671421484278324,4.705560473427832,0,0.0772804,FALSE,TRUE,FALSE
LD,2024-09-22T02:00:00Z,5.531103030769231,-0.988687812164974,4.542415218604257,0,0.059766,TRUE,FALSE,FALSE
LD,2024-09-22T02:30:00Z,5.722606204,-1.2156045409691796,4.50700166303082,0,0.0294726,TRUE,FALSE,FALSE
LD,2024-09-22T04:30:00Z,5.215544019999999,-0.5159121206912705,4.699631899308729,0,0.0383777,TRUE,FALSE,FALSE
LD,2024-09-22T05:00:00Z,5.215544019999999,-0.507718962841091,4.707825057158908,0,0.0858602,TRUE,FALSE,FALSE
LD,2024-09-22T05:30:00Z,3.538418325,1.4290993912850056,4.9675177162850055,0,0.117853,FALSE,TRUE,FALSE
LD,2024-09-22T06:00:00Z,3.6608077105263157,1.390809597751503,5.051617308277819,0,0.108483,FALSE,TRUE,FALSE
LD,2024-09-22T06:30:00Z,3.538418325,1.4745234883302785,5.012941813330278,0,0.165229,FALSE,TRUE,FALSE
LD,2024-09-22T07:00:00Z,2.34474,2.785573297994442,5.130313297994442,0,0.270871,FALSE,TRUE,FALSE
LD,2024-09-22T08:30:00Z,3.538418325,1.5408142618742073,5.079232586874207,0,0.175653,FALSE,TRUE,FALSE
LD,2024-09-22T09:00:00Z,3.2751871136363637,1.7276103722335532,5.002797485869917,0,0.203792,FALSE,TRUE,FALSE
LD,2024-09-22T10:30:00Z,1.247542,3.739091934236243,4.986633934236243,0,0.272373,FALSE,TRUE,FALSE
LD,2024-09-22T12:00:00Z,1.9433019999999999,3.2771380427611128,5.220440042761113,3.04351,0.26715,FALSE,TRUE,FALSE
LD,2024-09-22T12:30:00Z,6.337,-1.1492521867950858,5.187747813204914,12.1712,0.289021,TRUE,FALSE,FALSE
LD,2024-09-23T04:00:00Z,7.937573525,-2.520036388181233,5.417537136818767,0,0.443933,TRUE,FALSE,FALSE
LD,2024-09-23T04:30:00Z,8.548896572727273,-3.1877343874833253,5.3611621852439475,0,0.460475,TRUE,FALSE,FALSE
LD,2024-09-23T05:00:00Z,8.548896572727273,-3.197311284135597,5.351585288591676,0,0.42767,TRUE,FALSE,FALSE
LD,2024-09-23T05:30:00Z,8.223011230000001,-2.887238706279314,5.335772523720687,0,0.383909,TRUE,FALSE,FALSE
LD,2024-09-23T06:00:00Z,8.223011230000001,-2.903108937345798,5.319902292654203,0,0.497122,TRUE,FALSE,FALSE
LD,2024-09-23T06:30:00Z,8.223011230000001,-2.922553791789607,5.300457438210394,0,0.51494,TRUE,FALSE,FALSE
LD,2024-09-23T07:00:00Z,10.305790255555555,-5.019699348932515,5.28609090662304,0,0.404801,TRUE,FALSE,FALSE
LD,2024-09-23T07:30:00Z,10.1499765375,-4.865525573596316,5.2844509639036845,0,0.332104,TRUE,FALSE,FALSE
LD,2024-09-23T08:00:00Z,10.1499765375,-4.843536563264078,5.306439974235922,6.90328e-5,0.318682,TRUE,FALSE,FALSE
LD,2024-09-23T08:30:00Z,7.699137471428572,-2.4028331204320255,5.296304350996547,1.43736e-4,0.350692,TRUE,FALSE,FALSE
LD,2024-09-23T09:00:00Z,6.41457766,-1.157405794005161,5.257171865994839,1.87128e-4,0.291051,TRUE,FALSE,FALSE
LD,2024-09-23T10:00:00Z,2.9069545,2.272170225670361,5.179124725670361,3.34316e-4,0.220491,FALSE,TRUE,FALSE
LD,2024-09-23T10:30:00Z,2.9069545,2.215819115584439,5.122773615584439,4.40331e-4,0.239597,FALSE,TRUE,FALSE
LD,2024-09-23T11:00:00Z,2.9069545,2.1727289134778736,5.0796834134778734,0.00270017,0.19087,FALSE,TRUE,FALSE
LD,2024-09-23T11:30:00Z,2.9069545,2.1372572961295853,5.044211796129585,1.04714,0.177402,FALSE,TRUE,FALSE
LD,2024-09-24T01:30:00Z,7.422955715384616,-1.0455833518192241,6.377372363565392,0,0.110134,TRUE,FALSE,FALSE
LD,2024-09-24T02:00:00Z,7.937573525,-1.5810298447807059,6.3565436802192945,0,0.0501175,TRUE,FALSE,FALSE
LD,2024-09-24T02:30:00Z,8.223011230000001,-2.0049825508506425,6.218028679149358,0,0.101034,TRUE,FALSE,FALSE
LD,2024-09-24T03:00:00Z,8.548896572727273,-2.2603212231031433,6.2885753496241295,0,0.0698699,TRUE,FALSE,FALSE
LD,2024-09-24T03:30:00Z,8.548896572727273,-2.2246832179007683,6.3242133548265045,0,0.167599,TRUE,FALSE,FALSE
LD,2024-09-24T04:00:00Z,8.223011230000001,-1.9745726011009372,6.248438628899064,0,0.109443,TRUE,FALSE,FALSE
LD,2024-09-24T04:30:00Z,10.305790255555555,-4.128254356264529,6.177535899291026,0,0.126357,TRUE,FALSE,FALSE
LD,2024-09-24T05:00:00Z,10.305790255555555,-4.116978582970281,6.188811672585274,0,0.157345,TRUE,FALSE,FALSE
LD,2024-09-24T05:30:00Z,10.1499765375,-3.974597106528112,6.175379430971889,0,0.120685,TRUE,FALSE,FALSE
LD,2024-09-24T07:00:00Z,7.699137471428572,-1.5230067679632295,6.1761307034653425,0,0.227509,TRUE,FALSE,FALSE
LD,2024-09-24T07:30:00Z,10.1499765375,-3.942544134024878,6.2074324034751225,0,0.202785,TRUE,FALSE,FALSE
LD,2024-09-24T08:00:00Z,10.305790255555555,-4.079862565947618,6.225927689607937,0,0.201206,TRUE,FALSE,FALSE
LD,2024-09-24T08:30:00Z,10.305790255555555,-4.081089134750347,6.224701120805208,0,0.214546,TRUE,FALSE,FALSE
LD,2024-09-24T09:00:00Z,10.1499765375,-3.9562868591650115,6.193689678334989,0,0.179139,TRUE,FALSE,FALSE
LD,2024-09-24T09:30:00Z,7.699137471428572,-1.5373215012037091,6.161815970224863,0,0.161795,TRUE,FALSE,FALSE
LD,2024-09-24T10:00:00Z,7.699137471428572,-1.550187918350165,6.148949553078407,0,0.233869,TRUE,FALSE,FALSE
LD,2024-09-24T11:00:00Z,-0.651441,6.810185245878598,6.158744245878598,0,0.238308,FALSE,TRUE,FALSE
LD,2024-09-24T11:30:00Z,10.1499765375,-3.9809683884410356,6.169008149058965,0.0813636,0.243125,TRUE,FALSE,FALSE
LD,2024-09-24T12:00:00Z,10.1499765375,-3.975067556757203,6.1749089807427975,2.25959,0.235868,TRUE,FALSE,FALSE
LD,2024-09-24T12:30:00Z,7.6413100300000005,-1.468840381221769,6.172469648778232,14.962,0.564224,TRUE,FALSE,FALSE
LD,2024-09-24T17:00:00Z,15.902243,-9.009755040687217,6.892487959312784,322.363,0.408239,TRUE,FALSE,FALSE
LD,2024-09-24T22:30:00Z,5.1884636851851855,1.6815273038086964,6.869990988993882,7.64505,0.192298,FALSE,TRUE,FALSE
LD,2024-09-24T23:00:00Z,5.358599020000001,1.517543279860039,6.87614229986004,1.72434,0.281508,FALSE,TRUE,FALSE
LD,2024-09-24T23:30:00Z,5.358599020000001,1.4956227478714856,6.854221767871486,0.266849,0.240728,FALSE,TRUE,FALSE
LD,2024-09-25T00:00:00Z,5.358599020000001,1.474707621858804,6.833306641858805,0.0336259,0.256004,FALSE,TRUE,FALSE
LD,2024-09-25T00:30:00Z,5.358599020000001,1.4659258216537854,6.824524841653786,4.12718e-4,0.279201,FALSE,TRUE,FALSE
LD,2024-09-25T01:00:00Z,5.358599020000001,1.4690956366476975,6.827694656647698,0,0.234803,FALSE,TRUE,FALSE
LD,2024-09-25T01:30:00Z,5.358599020000001,1.5015686489185525,6.860167668918553,0,0.318109,FALSE,TRUE,FALSE
LD,2024-09-25T02:00:00Z,5.410253838461538,1.3819837601415061,6.7922375986030445,0,0.226754,FALSE,TRUE,FALSE
LD,2024-09-25T02:30:00Z,5.644347918518519,1.1414506443828403,6.785798562901359,0,0.205737,FALSE,TRUE,FALSE
LD,2024-09-25T05:00:00Z,11.80775,-5.166971587031788,6.640778412968213,0,0.492035,TRUE,FALSE,FALSE
LD,2024-09-25T06:30:00Z,-10.522,17.04997424315858,6.527974243158581,0,0.472391,FALSE,TRUE,FALSE
LD,2024-09-25T07:30:00Z,9.445383333333334,-2.963674323407595,6.481709009925739,NA,NA,TRUE,FALSE,FALSE
LD,2024-09-25T08:00:00Z,11.5523,-5.093313596403301,6.4589864035966995,0,0.50636,TRUE,FALSE,FALSE
LD,2024-09-25T08:30:00Z,27.30585,-20.877614901454024,6.4282350985459775,0,0.453032,TRUE,FALSE,FALSE
LD,2024-09-25T09:00:00Z,9.312271,-2.9266197001399306,6.38565129986007,0,0.388831,TRUE,FALSE,FALSE
LD,2024-09-25T09:30:00Z,7.4371485533333335,-1.0807400309229571,6.356408522410376,0,0.226985,TRUE,FALSE,FALSE
LD,2024-09-25T10:30:00Z,7.826561,-1.5530005213810938,6.273560478618906,0,0.362616,TRUE,FALSE,FALSE
LD,2024-09-25T11:00:00Z,11.730794000000001,-5.430858309875948,6.2999356901240535,0,0.466208,TRUE,FALSE,FALSE
LD,2024-09-25T11:30:00Z,7.4371485533333335,-1.1004244498491866,6.336724103484147,0.230056,0.983132,TRUE,FALSE,FALSE
LD,2024-09-25T12:00:00Z,12.508803,-6.142548682523101,6.3662543174768995,5.00195,0.843336,TRUE,FALSE,FALSE
LD,2024-09-26T00:00:00Z,4.875821804347826,1.8042296822373851,6.680051486585211,2.68245,0.101794,FALSE,TRUE,FALSE
LD,2024-09-26T01:30:00Z,7.14666795625,-0.9426674068319363,6.204000549418064,0,0.0684709,TRUE,FALSE,FALSE
LD,2024-09-26T02:00:00Z,7.14666795625,-0.978761026943741,6.167906929306259,0,0.106802,TRUE,FALSE,FALSE
LD,2024-09-26T02:30:00Z,8.960646441666666,-3.0305456285983015,5.930100813068365,0,0.0698315,TRUE,FALSE,FALSE
LD,2024-09-26T04:30:00Z,6.926245366666667,-1.0887079389641174,5.837537427702549,0,0.0631084,TRUE,FALSE,FALSE
LD,2024-09-26T05:00:00Z,4.62616548,1.0930568739045272,5.719222353904527,0,0.0377566,FALSE,TRUE,FALSE
LD,2024-09-26T05:30:00Z,3.75995035,1.7979746841177353,5.557925034117735,0,0.0305715,FALSE,TRUE,FALSE
LD,2024-09-26T06:00:00Z,3.75995035,1.7451256022857282,5.505075952285728,0,0.0402938,FALSE,TRUE,FALSE
LD,2024-09-26T06:30:00Z,3.64955128,1.8436099523071086,5.493161232307108,0,0.0446677,FALSE,TRUE,FALSE
LD,2024-09-26T07:00:00Z,3.6921084,1.7703544247720422,5.462462824772042,0,0.0742379,FALSE,TRUE,FALSE
LD,2024-09-26T08:00:00Z,3.9039872,1.4453382318274985,5.3493254318274985,0,0.0312728,FALSE,TRUE,FALSE
LD,2024-09-26T08:30:00Z,3.8397816,1.5160268252102687,5.3558084252102685,0,0.0651865,FALSE,TRUE,FALSE
LD,2024-09-26T09:00:00Z,3.787955525,1.5718252429516806,5.359780767951681,0,0.0235329,FALSE,TRUE,FALSE
LD,2024-09-26T09:30:00Z,3.658149018181818,1.817756415345674,5.475905433527492,0,0.178865,FALSE,TRUE,FALSE
LD,2024-09-26T10:00:00Z,3.6419370166666667,1.7697283486495827,5.411665365316249,0,0.180642,FALSE,TRUE,FALSE
LD,2024-09-26T10:30:00Z,4.071747428571428,1.1770798855540496,5.248827314125478,6.9033e-6,0.0697142,FALSE,TRUE,FALSE
LD,2024-09-26T11:00:00Z,4.012891714285714,1.1868820133483036,5.1997737276340175,8.15573e-4,0.0549031,FALSE,TRUE,FALSE
LD,2024-09-26T11:30:00Z,3.824993011111111,1.4378686913899164,5.262861702501027,0.379092,0.0261938,FALSE,TRUE,FALSE
LD,2024-09-26T14:30:00Z,12.7762,-6.24974962294775,6.5264503770522495,414.104,0.205769,TRUE,FALSE,FALSE
LD,2024-09-27T00:00:00Z,3.680850657894737,3.06699769538313,6.747848353277867,4.80506,0.11307,FALSE,TRUE,FALSE
LD,2024-09-27T00:30:00Z,3.557459125,3.1274398334486446,6.6848989584486445,0.0191088,0.101197,FALSE,TRUE,FALSE
LD,2024-09-27T01:00:00Z,3.2924969318181816,3.2638215952675615,6.556318527085743,0,0.138198,FALSE,TRUE,FALSE
LD,2024-09-27T03:00:00Z,7.14666795625,-1.157659412459088,5.989008543790912,0,0.0760608,TRUE,FALSE,FALSE
LD,2024-09-27T03:30:00Z,6.656109794736842,-0.7368305269338435,5.919279267802999,0,0.0151707,TRUE,FALSE,FALSE
LD,2024-09-27T06:00:00Z,4.303040047368421,1.2645117603950435,5.567551807763465,0,0.0397389,FALSE,TRUE,FALSE
LD,2024-09-27T06:30:00Z,3.658847405882353,1.8644779013708805,5.523325307253233,0,0.0419799,FALSE,TRUE,FALSE
LD,2024-09-27T07:00:00Z,3.658847405882353,1.7695940972704665,5.428441503152819,0,0.0135882,FALSE,TRUE,FALSE
LD,2024-09-27T07:30:00Z,3.658847405882353,1.8256696891899629,5.484517095072316,0,0.10203,FALSE,TRUE,FALSE
LD,2024-09-27T08:00:00Z,3.658847405882353,1.8195614336375692,5.478408839519922,0,0.0849738,FALSE,TRUE,FALSE
LD,2024-09-27T08:30:00Z,3.658847405882353,1.7760340453560661,5.434881451238419,0,0.0593426,FALSE,TRUE,FALSE
LD,2024-09-27T09:00:00Z,3.658847405882353,1.750437128942972,5.409284534825325,0,0.105624,FALSE,TRUE,FALSE
LD,2024-09-27T09:30:00Z,3.658847405882353,1.730615039819448,5.389462445701801,0,0.143205,FALSE,TRUE,FALSE
LD,2024-09-27T10:00:00Z,3.658847405882353,1.8125436404726183,5.471391046354971,0,0.216277,FALSE,TRUE,FALSE
LD,2024-09-27T10:30:00Z,3.8903870499999997,1.6170985160786926,5.507485566078692,0,0.230316,FALSE,TRUE,FALSE
LD,2024-09-27T11:00:00Z,3.658847405882353,1.82596897145106,5.484816377333413,0.00237202,0.175602,FALSE,TRUE,FALSE
LD,2024-09-27T11:30:00Z,3.658847405882353,1.7563388351081355,5.415186240990488,0.441524,0.104536,FALSE,TRUE,FALSE
LD,2024-09-27T12:00:00Z,3.658847405882353,1.7552041689719515,5.414051574854304,8.15855,0.117432,FALSE,TRUE,FALSE
LD,2024-09-28T00:00:00Z,3.8790836166666667,2.755113338944919,6.634196955611586,2.30016,0.474802,FALSE,TRUE,FALSE
LD,2024-09-28T00:30:00Z,3.5031491,3.0441019335046846,6.5472510335046845,0.0120526,0.438162,FALSE,TRUE,FALSE
LD,2024-09-28T01:00:00Z,3.3394692999999998,3.154383075539393,6.493852375539393,0,0.472378,FALSE,TRUE,FALSE
LD,2024-09-28T01:30:00Z,3.3394692999999998,3.1058448234747114,6.445314123474711,0,0.483599,FALSE,TRUE,FALSE
LD,2024-09-28T02:00:00Z,4.18629737,2.210142174870727,6.396439544870727,0,0.427584,FALSE,TRUE,FALSE
LD,2024-09-28T02:30:00Z,4.18629737,2.1574939939820155,6.343791363982016,0,0.526908,FALSE,TRUE,FALSE
LD,2024-09-28T03:00:00Z,3.139531058333333,3.156951362906271,6.296482421239604,0,0.454224,FALSE,TRUE,FALSE
LD,2024-09-28T03:30:00Z,3.7866671307692306,2.4813494374076397,6.26801656817687,0,0.479698,FALSE,TRUE,FALSE
LD,2024-09-28T04:00:00Z,3.7866671307692306,2.4892574354496233,6.275924566218854,0,0.538677,FALSE,TRUE,FALSE
LD,2024-09-28T04:30:00Z,3.7866671307692306,2.48533982280423,6.27200695357346,0,0.472134,FALSE,TRUE,FALSE
LD,2024-09-28T09:30:00Z,6.796804429411765,-0.7919462692036854,6.004858160208079,0,0.31688,TRUE,FALSE,FALSE
LD,2024-09-28T10:00:00Z,7.100148331250001,-1.1266445799024183,5.973503751347582,0,0.36863,TRUE,FALSE,FALSE
LD,2024-09-28T10:30:00Z,7.100148331250001,-1.1459863143914042,5.9541620168585965,0,0.335599,TRUE,FALSE,FALSE
LD,2024-09-28T11:00:00Z,7.100148331250001,-1.1543654267329435,5.945782904517057,3.43931e-4,0.466764,TRUE,FALSE,FALSE
LD,2024-09-28T11:30:00Z,7.100148331250001,-1.1538964729767667,5.946251858273234,0.258694,0.368407,TRUE,FALSE,FALSE
LD,2024-09-28T12:00:00Z,6.908422516666667,-0.9696454752205108,5.938777041446156,10.0874,0.336936,TRUE,FALSE,FALSE
LD,2024-09-28T23:30:00Z,0.6625727499999999,6.201532747570534,6.864105497570534,6.42855,0.379851,FALSE,TRUE,FALSE
LD,2024-09-29T00:00:00Z,2.5705109444444445,4.254510091955471,6.8250210363999155,0.609349,0.348856,FALSE,TRUE,FALSE
LD,2024-09-29T00:30:00Z,4.055040045454545,2.725840307901528,6.780880353356073,0.00144008,0.259696,FALSE,TRUE,FALSE
LD,2024-09-29T01:00:00Z,1.2995152499999998,5.437188160194823,6.736703410194822,0,0.3684,FALSE,TRUE,FALSE
LD,2024-09-29T01:30:00Z,1.2995152499999998,5.421297262823609,6.720812512823609,0,0.400039,FALSE,TRUE,FALSE
LD,2024-09-29T02:00:00Z,3.37837204,3.258763892414922,6.637135932414922,0,0.342602,FALSE,TRUE,FALSE
LD,2024-09-29T02:30:00Z,3.382765275,3.1365255277117963,6.519290802711796,0,0.242731,FALSE,TRUE,FALSE
LD,2024-09-29T03:00:00Z,3.305852171428571,3.2165298144659684,6.5223819858945395,0,0.349798,FALSE,TRUE,FALSE
LD,2024-09-29T03:30:00Z,4.22547607,2.243439284641421,6.468915354641421,0,0.284326,FALSE,TRUE,FALSE
LD,2024-09-29T04:00:00Z,4.2697256999999995,2.1324596419523703,6.40218534195237,0,0.452609,FALSE,TRUE,FALSE
LD,2024-09-29T04:30:00Z,3.989518764285714,2.349084954074459,6.338603718360173,0,0.328311,FALSE,TRUE,FALSE
LD,2024-09-29T05:00:00Z,4.026862713333333,2.273292576432503,6.300155289765836,0,0.438104,FALSE,TRUE,FALSE
LD,2024-09-29T05:30:00Z,4.04519379375,2.2186390945274566,6.263832888277457,0,0.316157,FALSE,TRUE,FALSE
LD,2024-09-29T06:00:00Z,4.033152803636364,2.159906501176721,6.193059304813085,0,0.32905,FALSE,TRUE,FALSE
LD,2024-09-29T06:30:00Z,4.4042783072,1.7142828369182235,6.118561144118224,0,0.331617,FALSE,TRUE,FALSE
LD,2024-09-29T07:00:00Z,3.981090417142857,2.0690035496378476,6.050093966780705,0,0.285436,FALSE,TRUE,FALSE
LD,2024-09-29T09:00:00Z,6.1837500912,-0.5152705177628096,5.668479573437191,0,0.374728,TRUE,FALSE,FALSE
LD,2024-09-29T09:30:00Z,6.12159115,-0.5080446511689738,5.613546498831027,0,0.308704,TRUE,FALSE,FALSE
LD,2024-09-29T10:00:00Z,6.358764240909091,-0.7826272231818514,5.576137017727239,0,0.350578,TRUE,FALSE,FALSE
LD,2024-09-29T10:30:00Z,6.358764240909091,-0.7931097795900772,5.5656544613190135,0,0.273001,TRUE,FALSE,FALSE
LD,2024-09-29T11:00:00Z,6.444911204761905,-0.902015478995783,5.5428957257661216,3.9472e-4,0.252479,TRUE,FALSE,FALSE
LD,2024-09-29T11:30:00Z,6.444911204761905,-0.9044374544203082,5.540473750341596,0.216702,0.273521,TRUE,FALSE,FALSE
LD,2024-09-29T12:00:00Z,6.353946513636363,-0.8177957999417718,5.5361507136945916,8.59645,0.229338,TRUE,FALSE,FALSE
LD,2024-09-30T00:00:00Z,4.255709346153846,2.057330092992032,6.313039439145879,1.19992,0.0611427,FALSE,TRUE,FALSE
LD,2024-09-30T00:30:00Z,4.6603485548148145,1.3439180055506554,6.00426656036547,0.00396914,0.0346942,FALSE,TRUE,FALSE
LD,2024-09-30T03:00:00Z,4.1977906915384615,1.6863181435418442,5.884108835080306,0,0.153498,FALSE,TRUE,FALSE
LD,2024-09-30T06:00:00Z,6.251280217777778,-0.7620368279845842,5.489243389793194,0,0.107296,TRUE,FALSE,FALSE
LD,2024-09-30T09:00:00Z,5.8834631670967745,-0.5088168032991316,5.374646363797643,0,0.0961492,TRUE,FALSE,FALSE
LD,2024-10-01T00:00:00Z,4.1857283125,2.071692021334771,6.257420333834771,0.924801,0.133954,FALSE,TRUE,FALSE
LD,2024-10-01T00:30:00Z,4.283588708333333,1.8115851339855737,6.095173842318907,0.00236363,0.13958,FALSE,TRUE,FALSE
LD,2024-10-01T01:00:00Z,4.615016577894737,1.3469732838345605,5.961989861729298,0,0.119459,FALSE,TRUE,FALSE
LD,2024-10-01T01:30:00Z,4.615016577894737,1.310730613286088,5.925747191180825,0,0.111099,FALSE,TRUE,FALSE
LD,2024-10-01T02:00:00Z,6.150879581428572,-0.6940997657152783,5.456779815713293,0,0.0588114,TRUE,FALSE,FALSE
LD,2024-10-01T02:30:00Z,6.445059456923078,-1.1349308498092459,5.310128607113832,0,0.0455398,TRUE,FALSE,FALSE
LD,2024-10-01T03:00:00Z,6.153410031428571,-0.891467859132332,5.261942172296239,0,0.0633721,TRUE,FALSE,FALSE
LD,2024-10-01T03:30:00Z,5.950441761875,-0.7302403370691106,5.2202014248058894,0,0.0566674,TRUE,FALSE,FALSE
LD,2024-10-01T04:30:00Z,5.65281463,-0.5085349189258936,5.144279711074106,0,0.150289,TRUE,FALSE,FALSE
LD,2024-10-01T05:00:00Z,6.380880291851852,-1.0679901723962182,5.312890119455634,0,0.129061,TRUE,FALSE,FALSE
LD,2024-10-01T05:30:00Z,6.150879581428572,-0.702243100194754,5.448636481233818,0,0.0729869,TRUE,FALSE,FALSE
LD,2024-10-01T06:00:00Z,6.150879581428572,-0.7175765782967964,5.433303003131775,0,0.10229100000000001,TRUE,FALSE,FALSE
LD,2024-10-01T06:30:00Z,6.150879581428572,-0.71190567655814,5.438973904870432,0,0.115715,TRUE,FALSE,FALSE
LD,2024-10-01T07:00:00Z,6.219215751111111,-0.8132955639729849,5.405920187138126,0,0.163535,TRUE,FALSE,FALSE
LD,2024-10-01T07:30:00Z,6.283350195555555,-0.9277046372033642,5.355645558352191,0,0.128952,TRUE,FALSE,FALSE
LD,2024-10-01T08:00:00Z,6.2444923135714285,-0.9011455763372123,5.343346737234216,0,0.118145,TRUE,FALSE,FALSE
LD,2024-10-01T08:30:00Z,6.408986645384616,-1.1107652358647266,5.298221409519889,0,0.0519031,TRUE,FALSE,FALSE
LD,2024-10-01T09:00:00Z,6.282766843703704,-0.9616859300024077,5.321080913701296,0,0.160375,TRUE,FALSE,FALSE
LD,2024-10-01T09:30:00Z,6.2444923135714285,-0.9207881979555701,5.323704115615858,0,0.098011,TRUE,FALSE,FALSE
LD,2024-10-01T10:00:00Z,6.241808956428572,-0.9387633997950084,5.303045556633563,0,0.182151,TRUE,FALSE,FALSE
LD,2024-10-01T10:30:00Z,6.380880291851852,-1.1124288590252354,5.268451432826617,0,0.205819,TRUE,FALSE,FALSE
LD,2024-10-01T11:00:00Z,6.333399,-1.0572894296243733,5.276109570375627,1.70116e-5,0.255567,TRUE,FALSE,FALSE
LD,2024-10-01T11:30:00Z,6.408986645384616,-1.1229477527855547,5.286038892599061,0.200888,0.189427,TRUE,FALSE,FALSE
LD,2024-10-01T12:00:00Z,6.129466756428571,-0.7726597760498661,5.356806980378705,3.00998,0.188617,TRUE,FALSE,FALSE
LD,2024-10-01T12:30:00Z,4.3201599999999996,1.1252042291440842,5.445364229144084,4.64775,0.24157,FALSE,TRUE,FALSE
LD,2024-10-01T23:30:00Z,5.652787,-0.7528100928621848,4.899976907137815,11.095,0.306124,TRUE,FALSE,FALSE
LD,2024-10-02T03:00:00Z,20.3940805,-16.380569557978337,4.013510942021665,0,0.029813,TRUE,FALSE,FALSE
LD,2024-10-02T03:30:00Z,4.961595572285714,-0.9620305727354914,3.9995649995502225,0,0.0557883,TRUE,FALSE,FALSE
LD,2024-10-02T04:00:00Z,4.961595572285714,-1.0314014352331213,3.9301941370525926,0,0.0679271,TRUE,FALSE,FALSE
LD,2024-10-02T04:30:00Z,4.961595572285714,-1.0326315133476687,3.9289640589380452,0,0.0344847,TRUE,FALSE,FALSE
LD,2024-10-02T05:00:00Z,4.961595572285714,-1.0565433314023194,3.9050522408833945,0,0.0313106,TRUE,FALSE,FALSE
LD,2024-10-02T05:30:00Z,4.8623759428985505,-0.9747521705216879,3.8876237723768625,0,0.0425362,TRUE,FALSE,FALSE
LD,2024-10-02T06:00:00Z,4.8623759428985505,-0.9859820176208305,3.87639392527772,0,0.145916,TRUE,FALSE,FALSE
LD,2024-10-02T06:30:00Z,20.3940805,-16.40035317029562,3.99372732970438,0,0.0742933,TRUE,FALSE,FALSE
LD,2024-10-02T07:00:00Z,5.0886167655882355,-1.2472649257098305,3.841351839878405,0,0.0293955,TRUE,FALSE,FALSE
LD,2024-10-02T07:30:00Z,5.0886167655882355,-1.1922838765095776,3.896332889078658,0,0.128639,TRUE,FALSE,FALSE
LD,2024-10-02T08:00:00Z,2.749727466,1.0213005266234711,3.771027992623471,0,0.0245378,FALSE,TRUE,FALSE
LD,2024-10-02T12:00:00Z,-0.6234041790909087,4.151400752872635,3.5279965737817265,6.8731,0.0543089,FALSE,TRUE,FALSE
LD,2024-10-03T05:30:00Z,5.388322,-1.021779868579375,4.3665421314206245,0,0.306863,TRUE,FALSE,FALSE
LD,2024-10-03T06:30:00Z,3.207955,1.2545785788289496,4.46253357882895,0,0.302516,FALSE,TRUE,FALSE
LD,2024-10-03T08:00:00Z,3.39268,1.0671083428138561,4.459788342813856,0,0.250649,FALSE,TRUE,FALSE
LD,2024-10-03T10:30:00Z,4.810927599999999,-0.5335644424239572,4.277363157576042,0,0.333197,TRUE,FALSE,FALSE
LD,2024-10-03T11:00:00Z,3.0425579999999997,1.2275905566767857,4.270148556676785,6.43486e-5,0.285375,FALSE,TRUE,FALSE
LD,2024-10-03T11:30:00Z,2.8801471,1.402077213172753,4.282224313172753,0.141098,0.233041,FALSE,TRUE,FALSE
LD,2024-10-03T12:00:00Z,2.110742,2.223913769373592,4.334655769373592,5.65967,0.285837,FALSE,TRUE,FALSE
LD,2024-10-06T04:30:00Z,5.119553,-0.5844851074293755,4.535067892570624,0,0.4815,TRUE,FALSE,FALSE
LD,2024-10-06T05:30:00Z,3.3951550000000004,1.1650667465854858,4.560221746585486,0,0.304242,FALSE,TRUE,FALSE
LD,2024-10-06T06:00:00Z,6.91634598,-2.2274054704595727,4.688940509540427,0,0.446362,TRUE,FALSE,FALSE
LD,2024-10-06T07:00:00Z,5.552175,-0.5819858341230209,4.970189165876979,0,0.518544,TRUE,FALSE,FALSE
LD,2024-10-06T07:30:00Z,6.071849,-1.0539946040328996,5.017854395967101,0,0.656066,TRUE,FALSE,FALSE
LD,2024-10-06T08:30:00Z,0.45478300000000005,4.6017592331192185,5.0565422331192185,0,0.580514,FALSE,TRUE,FALSE
LD,2024-10-06T09:30:00Z,5.97162,-0.8998809875728169,5.071739012427183,0,0.659153,TRUE,FALSE,FALSE
LD,2024-10-07T00:00:00Z,5.1953295,-0.849408285416148,4.345921214583852,0.109329,0.669484,TRUE,FALSE,FALSE
LD,2024-10-07T00:30:00Z,5.135946000000001,-0.8084220293966649,4.327523970603336,2.76131e-5,0.642738,TRUE,FALSE,FALSE
LD,2024-10-07T01:00:00Z,5.6501151,-1.3385791388816308,4.311535961118369,0,0.768472,TRUE,FALSE,FALSE
LD,2024-10-07T02:30:00Z,4.823005599999999,-0.5485282308165429,4.274477369183456,0,0.558241,TRUE,FALSE,FALSE
LD,2024-10-07T07:30:00Z,5.189031888444444,-0.9761877794371534,4.212844109007291,0,0.446649,TRUE,FALSE,FALSE
LD,2024-10-07T08:00:00Z,5.189031888444444,-0.96622196005102,4.222809928393424,0,0.379127,TRUE,FALSE,FALSE
LD,2024-10-07T08:30:00Z,5.189031888444444,-0.9778671942860475,4.211164694158397,0,0.29136,TRUE,FALSE,FALSE
LD,2024-10-07T09:00:00Z,5.189031888444444,-0.9944454102937037,4.1945864781507405,0,0.319892,TRUE,FALSE,FALSE
LD,2024-10-07T09:30:00Z,5.189031888444444,-1.00100126986292,4.188030618581524,0,0.353881,TRUE,FALSE,FALSE
LD,2024-10-07T10:30:00Z,5.351393639393939,-1.332110575016153,4.019283064377786,0,0.159438,TRUE,FALSE,FALSE
LD,2024-10-07T11:00:00Z,6.316975495238095,-2.399807457643877,3.917168037594218,0,0.0778196,TRUE,FALSE,FALSE
LD,2024-10-07T11:30:00Z,14.782604766666667,-10.998602973875176,3.7840017927914906,0.0675109,0.0904163,TRUE,FALSE,FALSE
LD,2024-10-07T12:00:00Z,2.1901841113333336,1.496972227579946,3.6871563389132795,4.71886,0.061651,FALSE,TRUE,FALSE
LD,2024-10-07T23:30:00Z,5.234468195217391,-0.8661250036500094,4.368343191567382,6.00876,0.168012,TRUE,FALSE,FALSE
LD,2024-10-08T00:00:00Z,5.211029564102564,-0.9571977134331702,4.2538318506693935,0.134826,0.163713,TRUE,FALSE,FALSE
LD,2024-10-08T00:30:00Z,5.607926486206897,-1.4357175958954853,4.172208890311412,2.49997e-4,0.0939854,TRUE,FALSE,FALSE
LD,2024-10-08T01:00:00Z,6.316975495238095,-2.223997637306666,4.092977857931429,2.71201e-5,0.0830163,TRUE,FALSE,FALSE
LD,2024-10-08T01:30:00Z,6.026295556521739,-1.9068310185002835,4.119464538021456,0,0.0742131,TRUE,FALSE,FALSE
LD,2024-10-08T02:00:00Z,6.36340817,-2.2869939168982727,4.076414253101727,0,0.0500854,TRUE,FALSE,FALSE
LD,2024-10-08T02:30:00Z,6.36340817,-2.2957501424515083,4.067658027548491,0,0.0852852,TRUE,FALSE,FALSE
LD,2024-10-08T03:00:00Z,6.36340817,-2.2678780854949068,4.095530084505093,0,0.168583,TRUE,FALSE,FALSE
LD,2024-10-08T03:30:00Z,6.36340817,-2.266916990641148,4.096491179358852,0,0.12795,TRUE,FALSE,FALSE
LD,2024-10-08T04:00:00Z,6.36340817,-2.279082501450689,4.084325668549311,0,0.122453,TRUE,FALSE,FALSE
LD,2024-10-08T04:30:00Z,6.36340817,-2.2404018851704315,4.123006284829568,0,0.130667,TRUE,FALSE,FALSE
LD,2024-10-08T05:00:00Z,5.766643215384616,-1.568208512180508,4.198434703204108,0,0.120431,TRUE,FALSE,FALSE
LD,2024-10-08T05:30:00Z,5.302602702941177,-1.0363039597262187,4.266298743214958,0,0.192125,TRUE,FALSE,FALSE
LD,2024-10-08T06:00:00Z,5.182837510000001,-0.8273724407440506,4.35546506925595,0,0.223709,TRUE,FALSE,FALSE
LD,2024-10-08T06:30:00Z,5.167616033658536,-0.7910742943605067,4.3765417392980295,0,0.191306,TRUE,FALSE,FALSE
LD,2024-10-08T07:00:00Z,5.766643215384616,-1.5582795927611937,4.2083636226234225,0,0.103445,TRUE,FALSE,FALSE
LD,2024-10-08T07:30:00Z,20.3940805,-16.421548457890367,3.9725320421096333,0,0.030271,TRUE,FALSE,FALSE
LD,2024-10-08T08:00:00Z,2.264511395,1.4892185802763658,3.7537299752763658,0,0.0754992,FALSE,TRUE,FALSE
LD,2024-10-08T08:30:00Z,2.171363363157895,1.428035936572296,3.599399299730191,0,0.0388541,FALSE,TRUE,FALSE
LD,2024-10-08T09:00:00Z,2.171363363157895,1.4011141526167834,3.572477515774678,0,0.0362576,FALSE,TRUE,FALSE
LD,2024-10-08T09:30:00Z,2.219645295,1.401688777215568,3.621334072215568,0,0.0375628,FALSE,TRUE,FALSE
LD,2024-10-08T10:00:00Z,2.171363363157895,1.3647269894586724,3.5360903526165672,0,0.027770800000000002,FALSE,TRUE,FALSE
LD,2024-10-08T10:30:00Z,2.0188375081250003,1.433481517248826,3.4523190253738263,0,0.0240524,FALSE,TRUE,FALSE
LD,2024-10-08T11:00:00Z,1.7093166176923078,1.7310889836602836,3.4404056013525914,0,0.025511,FALSE,TRUE,FALSE
LD,2024-10-08T11:30:00Z,1.8523658592857144,1.5962827747595942,3.4486486340453086,0.0373738,0.0891828,FALSE,TRUE,FALSE
LD,2024-10-08T12:00:00Z,2.1901841113333336,1.7791774171277468,3.9693615284610804,3.49859,0.117518,FALSE,TRUE,FALSE
LD,2024-10-09T00:30:00Z,5.179104106666667,-0.5453505287751925,4.633753577891475,1.60748e-4,0.101024,TRUE,FALSE,FALSE
LD,2024-10-09T01:00:00Z,5.302602702941177,-0.7894180462903622,4.5131846566508145,5.44866e-5,0.0533518,TRUE,FALSE,FALSE
LD,2024-10-09T01:30:00Z,5.766643215384616,-1.3221484429901427,4.444494772394473,0,0.0468537,TRUE,FALSE,FALSE
LD,2024-10-09T02:00:00Z,20.3940805,-16.20470750528451,4.189372994715493,1.06015e-5,0.0648372,TRUE,FALSE,FALSE
LD,2024-10-09T02:30:00Z,2.219645295,1.6740172026989342,3.893662497698934,0,0.0253303,FALSE,TRUE,FALSE
LD,2024-10-09T03:00:00Z,2.219645295,1.5893537889261964,3.8089990839261962,0,0.0386216,FALSE,TRUE,FALSE
LD,2024-10-09T11:00:00Z,4.687907666547619,-1.394713502036009,3.29319416451161,6.55812e-5,0.0120088,TRUE,FALSE,FALSE
LD,2024-10-09T11:30:00Z,4.687907666547619,-1.384571721370512,3.303335945177107,0.0299351,0.045101,TRUE,FALSE,FALSE
LD,2024-10-09T12:00:00Z,-8.736479333333332,12.07440644089917,3.337927107565837,2.72246,0.0736552,FALSE,TRUE,FALSE
LD,2024-10-10T01:30:00Z,5.459922519354839,-0.6873707064389807,4.772551812915858,0,0.165991,TRUE,FALSE,FALSE
LD,2024-10-10T02:00:00Z,6.086176972727272,-1.4085333755028397,4.677643597224432,4.41316e-5,0.230931,TRUE,FALSE,FALSE
LD,2024-10-10T02:30:00Z,7.58142955,-2.9998354722662803,4.58159407773372,0,0.180642,TRUE,FALSE,FALSE
LD,2024-10-10T03:00:00Z,8.184327728571429,-3.613372413071904,4.570955315499525,0,0.204235,TRUE,FALSE,FALSE
LD,2024-10-10T03:30:00Z,5.1603955599999995,-0.7030898974151407,4.457305662584859,0,0.0755991,TRUE,FALSE,FALSE
LD,2024-10-10T04:00:00Z,3.12882834,1.2316454822755123,4.360473822275512,0,0.0909473,FALSE,TRUE,FALSE
LD,2024-10-10T04:30:00Z,3.12882834,1.2014052392663501,4.33023357926635,0,0.0533967,FALSE,TRUE,FALSE
LD,2024-10-10T05:00:00Z,2.9078692255555554,1.3567322569951594,4.264601482550715,0,0.0839613,FALSE,TRUE,FALSE
LD,2024-10-10T05:30:00Z,2.939277903,1.2915342173860154,4.230812120386015,0,0.0947699,FALSE,TRUE,FALSE
LD,2024-10-10T06:00:00Z,2.9078350027272726,1.3132919504436331,4.221126953170906,0,0.143668,FALSE,TRUE,FALSE
LD,2024-10-10T06:30:00Z,2.849545703,1.3329232254181318,4.182468928418132,0,0.0907186,FALSE,TRUE,FALSE
LD,2024-10-10T07:00:00Z,2.8176061144444446,1.279304799073345,4.09691091351779,0,0.0913176,FALSE,TRUE,FALSE
LD,2024-10-10T07:30:00Z,2.8176061144444446,1.143755351149509,3.9613614655939537,0,0.0871907,FALSE,TRUE,FALSE
LD,2024-10-10T08:00:00Z,2.8176061144444446,1.0950802766015348,3.9126863910459795,0,0.0666157,FALSE,TRUE,FALSE
LD,2024-10-10T08:30:00Z,2.78285265375,1.073176323066492,3.856028976816492,0,0.0354213,FALSE,TRUE,FALSE
LD,2024-10-10T09:00:00Z,2.7055384614285716,1.124267549603898,3.8298060110324696,0,0.0302055,FALSE,TRUE,FALSE
LD,2024-10-10T09:30:00Z,2.7055384614285716,1.0864957021201866,3.792034163548758,0,0.0531584,FALSE,TRUE,FALSE
LD,2024-10-10T10:00:00Z,2.7055384614285716,1.0270696990928938,3.7326081605214654,0,0.0613603,FALSE,TRUE,FALSE
LD,2024-10-10T11:00:00Z,2.7055384614285716,1.0237859541319616,3.729324415560533,1.80964e-4,0.0502143,FALSE,TRUE,FALSE
LD,2024-10-10T11:30:00Z,2.7055384614285716,1.0418538351934692,3.7473922966220408,0.0362654,0.027646,FALSE,TRUE,FALSE
LD,2024-10-10T12:00:00Z,-1.6357538462499999,5.431920837143239,3.7961669908932394,3.43414,0.034845,FALSE,TRUE,FALSE
LD,2024-10-10T23:30:00Z,4.091968949166667,1.5516473187744504,5.643616267941117,3.65441,0.164818,FALSE,TRUE,FALSE
LD,2024-10-11T01:00:00Z,5.809006648148148,-0.6117277858850168,5.197278862263131,2.29781e-4,0.137156,TRUE,FALSE,FALSE
LD,2024-10-11T01:30:00Z,6.086432654545455,-0.957288301402218,5.129144353143237,2.97827e-4,0.117445,TRUE,FALSE,FALSE
LD,2024-10-11T02:00:00Z,9.011863016666666,-4.18305509400803,4.828807922658636,1.6913e-4,0.030517,TRUE,FALSE,FALSE
LD,2024-10-11T02:30:00Z,3.26185395,1.411117797729168,4.672971747729168,2.95115e-4,0.0171086,FALSE,TRUE,FALSE
LD,2024-10-11T03:00:00Z,3.12882834,1.4870489732520218,4.615877313252022,0,0.0282064,FALSE,TRUE,FALSE
LD,2024-10-11T03:30:00Z,3.12882834,1.4865439769278543,4.615372316927854,0,0.033474,FALSE,TRUE,FALSE
LD,2024-10-11T04:00:00Z,2.9078692255555554,1.6358292129970584,4.543698438552614,0,0.0202066,FALSE,TRUE,FALSE
LD,2024-10-11T04:30:00Z,2.9078692255555554,1.6314201149657483,4.539289340521304,0,0.0343067,FALSE,TRUE,FALSE
LD,2024-10-11T05:00:00Z,3.12882834,1.5138426486532266,4.642670988653227,1.57789e-5,0.0870729,FALSE,TRUE,FALSE
LD,2024-10-11T05:30:00Z,5.964221525,-0.7472231484664489,5.216998376533551,0,0.19017,TRUE,FALSE,FALSE
LD,2024-10-11T06:00:00Z,5.964221525,-0.7377169859164647,5.226504539083535,0,0.198318,TRUE,FALSE,FALSE
LD,2024-10-11T06:30:00Z,3.5596533,1.713126778301107,5.272780078301107,0,0.233929,FALSE,TRUE,FALSE
LD,2024-10-11T07:00:00Z,4.167873,1.2259448300625637,5.393817830062564,0,0.317746,FALSE,TRUE,FALSE
LD,2024-10-11T07:30:00Z,3.9920560000000003,1.3670896198155975,5.359145619815598,0,0.238113,FALSE,TRUE,FALSE
LD,2024-10-11T08:00:00Z,3.520771,1.828810537538848,5.349581537538848,0,0.235672,FALSE,TRUE,FALSE
LD,2024-10-11T08:30:00Z,3.0289979000000002,2.3418002816072274,5.370798181607228,0,0.274493,FALSE,TRUE,FALSE
LD,2024-10-11T09:00:00Z,3.0059955,2.3770735638885654,5.383069063888565,0,0.258136,FALSE,TRUE,FALSE
LD,2024-10-11T09:30:00Z,2.7925410000000004,2.5807485622795876,5.373289562279588,0,0.253977,FALSE,TRUE,FALSE
LD,2024-10-11T10:00:00Z,3.3633379999999997,2.0124043959881064,5.375742395988106,0,0.319853,FALSE,TRUE,FALSE
LD,2024-10-11T10:30:00Z,3.2191159999999996,2.1393924005912774,5.358508400591277,0,0.296047,FALSE,TRUE,FALSE
LD,2024-10-11T11:00:00Z,3.3611423,2.019474416944144,5.380616716944144,0,0.287716,FALSE,TRUE,FALSE
LD,2024-10-11T11:30:00Z,3.6775897,1.7540646604475802,5.43165436044758,0.0176169,0.313085,FALSE,TRUE,FALSE
LD,2024-10-11T12:00:00Z,5.953701582068965,-0.5805979871331592,5.373103594935806,2.49501,0.226463,TRUE,FALSE,FALSE
LD,2024-10-11T23:30:00Z,3.998364,3.005631398280371,7.003995398280371,1.20749,0.236091,FALSE,TRUE,FALSE
LD,2024-10-12T00:00:00Z,4.6520999192,2.2357559428709894,6.88785586207099,0.00714686,0.171556,FALSE,TRUE,FALSE
LD,2024-10-12T00:30:00Z,4.7722516792,2.0139039434938564,6.786155622693856,0,0.172515,FALSE,TRUE,FALSE
LD,2024-10-12T01:30:00Z,3.8952880000000003,2.956016288768098,6.851304288768098,0,0.259581,FALSE,TRUE,FALSE
LD,2024-10-12T02:00:00Z,4.718101790833334,2.0347504358753277,6.7528522267086615,0,0.115407,FALSE,TRUE,FALSE
LD,2024-10-12T02:30:00Z,4.537674449,2.09565654914823,6.63333099814823,0,0.350335,FALSE,TRUE,FALSE
LD,2024-10-12T03:00:00Z,4.5645679433333335,1.9737367526544327,6.538304695987766,0,0.690756,FALSE,TRUE,FALSE
LD,2024-10-12T03:30:00Z,4.672638036923077,1.6920646003921407,6.364702637315218,0,0.542489,FALSE,TRUE,FALSE
LD,2024-10-12T04:00:00Z,4.527496405333333,1.7162855617827812,6.2437819671161146,0,0.492675,FALSE,TRUE,FALSE
LD,2024-10-12T04:30:00Z,4.365109314736842,1.7345813313102294,6.099690646047072,0,0.380725,FALSE,TRUE,FALSE
LD,2024-10-12T05:00:00Z,4.280499824,1.670271057404813,5.950770881404813,0,0.211414,FALSE,TRUE,FALSE
LD,2024-10-12T05:30:00Z,4.7455186393333335,1.1293918507239624,5.874910490057296,0,0.423548,FALSE,TRUE,FALSE
LD,2024-10-12T06:00:00Z,4.707264918709678,1.1125064314363664,5.819771350146044,0,0.354562,FALSE,TRUE,FALSE
LD,2024-10-12T09:00:00Z,6.3793660368421055,-1.1306450447645204,5.248720992077585,0,0.161794,TRUE,FALSE,FALSE
LD,2024-10-12T10:30:00Z,3.059616405,1.840177406582442,4.899793811582442,0,0.175269,FALSE,TRUE,FALSE
LD,2024-10-12T11:00:00Z,2.947177723125,1.91860605157275,4.86578377469775,0,0.131084,FALSE,TRUE,FALSE
LD,2024-10-12T11:30:00Z,2.9724043046666666,1.8533564427397926,4.825760747406459,0.024445,0.114312,FALSE,TRUE,FALSE
LD,2024-10-12T12:00:00Z,2.9724043046666666,1.8315844710200904,4.803988775686757,2.38683,0.171102,FALSE,TRUE,FALSE
LD,2024-10-12T22:30:00Z,4.675983011875,1.2173322421895474,5.8933152540645475,6.56958,0.165263,FALSE,TRUE,FALSE
LD,2024-10-13T00:30:00Z,28.033599000000002,-22.613443267421914,5.420155732578089,0,0.35661,TRUE,FALSE,FALSE
LD,2024-10-13T01:30:00Z,6.015361043478261,-0.6557593876725791,5.359601655805682,0,0.203008,TRUE,FALSE,FALSE
LD,2024-10-13T02:00:00Z,6.273280425,-0.9684442479985202,5.30483617700148,0,0.170481,TRUE,FALSE,FALSE
LD,2024-10-13T02:30:00Z,6.3793660368421055,-1.1019391289054417,5.277426907936664,0,0.228829,TRUE,FALSE,FALSE
LD,2024-10-13T03:00:00Z,6.3793660368421055,-1.0956114671099675,5.283754569732138,4.14197e-5,0.228806,TRUE,FALSE,FALSE
LD,2024-10-13T03:30:00Z,6.3793660368421055,-1.1312426490098586,5.248123387832247,1.90087e-4,0.22277,TRUE,FALSE,FALSE
LD,2024-10-13T04:00:00Z,6.058950314285714,-0.836084090962725,5.222866223322989,1.49685e-4,0.177776,TRUE,FALSE,FALSE
LD,2024-10-13T04:30:00Z,5.881422016818182,-0.7272732669962796,5.1541487498219025,0,0.122762,TRUE,FALSE,FALSE
LD,2024-10-13T05:30:00Z,5.881422016818182,-0.7245537273885674,5.156868289429615,0,0.196243,TRUE,FALSE,FALSE
LD,2024-10-13T06:00:00Z,5.965472989047619,-0.7935524245615344,5.171920564486085,0,0.190202,TRUE,FALSE,FALSE
LD,2024-10-13T06:30:00Z,5.999742165238095,-0.8079771244200398,5.191765040818055,0,0.193261,TRUE,FALSE,FALSE
LD,2024-10-13T07:00:00Z,5.999742165238095,-0.8004506584878985,5.199291506750196,0,0.229276,TRUE,FALSE,FALSE
LD,2024-10-13T07:30:00Z,5.916475385,-0.7093135457743189,5.207161839225681,0,0.294994,TRUE,FALSE,FALSE
LD,2024-10-13T08:00:00Z,5.916475385,-0.7012704223841446,5.215204962615855,0,0.299082,TRUE,FALSE,FALSE
LD,2024-10-13T08:30:00Z,5.916475385,-0.7118821533574042,5.204593231642596,0,0.284814,TRUE,FALSE,FALSE
LD,2024-10-13T09:00:00Z,5.916475385,-0.7064045854909997,5.210070799509,0,0.293719,TRUE,FALSE,FALSE
LD,2024-10-13T09:30:00Z,5.916475385,-0.6940770139177763,5.222398371082224,0,0.218845,TRUE,FALSE,FALSE
LD,2024-10-13T10:00:00Z,5.999742165238095,-0.7937844970368824,5.205957668201212,0,0.260926,TRUE,FALSE,FALSE
LD,2024-10-13T10:30:00Z,5.756403472608695,-0.582843143129832,5.173560329478863,0,0.278396,TRUE,FALSE,FALSE
LD,2024-10-13T11:00:00Z,5.624096497857143,-0.5068303967232666,5.117266101133876,0,0.27419,TRUE,FALSE,FALSE
LD,2024-10-13T12:00:00Z,2.1610156043749997,2.7829478363548494,4.943963440729849,1.8707,0.134318,FALSE,TRUE,FALSE
LD,2024-10-13T21:00:00Z,17.07847,-11.351681450845991,5.726788549154008,29.1412,0.235601,TRUE,FALSE,FALSE
LD,2024-10-13T21:30:00Z,27.0394,-21.43264534862437,5.6067546513756295,16.2015,0.234008,TRUE,FALSE,FALSE
LD,2024-10-13T22:00:00Z,10.662790000000001,-5.162679170433113,5.500110829566888,21.301,0.372093,TRUE,FALSE,FALSE
LD,2024-10-13T22:30:00Z,7.771993999999999,-2.314614309809633,5.457379690190367,43.34,0.130295,TRUE,FALSE,FALSE
LD,2024-10-13T23:00:00Z,12.754562,-7.325580641079177,5.428981358920823,9.83337,0.263152,TRUE,FALSE,FALSE
LD,2024-10-14T00:00:00Z,5.817595534782608,-0.5445293039489982,5.27306623083361,0.00135748,0.196189,TRUE,FALSE,FALSE
LD,2024-10-14T00:30:00Z,5.837659653181818,-0.6443638091874666,5.193295843994352,1.08727e-4,0.260303,TRUE,FALSE,FALSE
LD,2024-10-14T01:30:00Z,3.705946111333333,1.3177957956439186,5.023741906977252,0,0.0590772,FALSE,TRUE,FALSE
LD,2024-10-14T02:30:00Z,3.705946111333333,1.3254763701872325,5.031422481520566,1.13411e-4,0.197947,FALSE,TRUE,FALSE
LD,2024-10-14T03:00:00Z,2.1610156043749997,2.8105808452021863,4.971596449577186,4.21593e-5,0.150412,FALSE,TRUE,FALSE
LD,2024-10-14T03:30:00Z,2.1866456217647054,2.757137059725171,4.943782681489877,3.32837e-5,0.256875,FALSE,TRUE,FALSE
LD,2024-10-14T04:00:00Z,2.162762285625,2.7172446950829956,4.8800069807079955,2.60599e-4,0.272054,FALSE,TRUE,FALSE
LD,2024-10-14T04:30:00Z,2.2141195736842105,2.5950714637811902,4.809191037465401,4.62027e-4,0.308006,FALSE,TRUE,FALSE
LD,2024-10-14T05:00:00Z,2.2141195736842105,2.5852296149442466,4.799349188628457,3.21989e-4,0.34856,FALSE,TRUE,FALSE
LD,2024-10-14T05:30:00Z,2.132458288235294,2.7006996286884064,4.8331579169237004,1.28204e-4,0.320396,FALSE,TRUE,FALSE
LD,2024-10-14T06:00:00Z,2.162762285625,2.7170653415565855,4.8798276271815855,0,0.33289,FALSE,TRUE,FALSE
LD,2024-10-14T06:30:00Z,2.162762285625,2.749650114774669,4.912412400399669,0,0.410131,FALSE,TRUE,FALSE
LD,2024-10-14T07:00:00Z,2.162762285625,2.7334025754776645,4.8961648611026645,0,0.39841,FALSE,TRUE,FALSE
LD,2024-10-14T07:30:00Z,2.132458288235294,2.717702768164341,4.850161056399635,0,0.340265,FALSE,TRUE,FALSE
LD,2024-10-14T08:00:00Z,2.264511395,2.5261884638212098,4.79069985882121,0,0.341919,FALSE,TRUE,FALSE
LD,2024-10-14T08:30:00Z,2.2801730428571427,2.4576204741242775,4.73779351698142,0,0.406338,FALSE,TRUE,FALSE
LD,2024-10-14T09:00:00Z,2.219645295,2.4496626525162832,4.669307947516283,0,0.376643,FALSE,TRUE,FALSE
LD,2024-10-14T09:30:00Z,2.171363363157895,2.4171629575425357,4.5885263207004305,0,0.369897,FALSE,TRUE,FALSE
LD,2024-10-14T10:00:00Z,2.171363363157895,2.340841434662383,4.512204797820278,0,0.345453,FALSE,TRUE,FALSE
LD,2024-10-14T10:30:00Z,2.171363363157895,2.276693711359177,4.448057074517072,0,0.333471,FALSE,TRUE,FALSE
LD,2024-10-14T11:00:00Z,2.0188375081250003,2.3590818098844997,4.3779193180095,0,0.238545,FALSE,TRUE,FALSE
LD,2024-10-14T11:30:00Z,1.5937901858333332,2.7307478613777016,4.324538047211035,0.00786629,0.284116,FALSE,TRUE,FALSE
LD,2024-10-14T12:00:00Z,-1.3519474808333334,5.62115536100526,4.269207880171927,1.67308,0.211775,FALSE,TRUE,FALSE
LD,2024-10-14T23:30:00Z,3.705946111333333,1.3593274843900454,5.0652735957233785,1.13554,0.164934,FALSE,TRUE,FALSE
LD,2024-10-15T00:00:00Z,2.132458288235294,2.7419612859524785,4.8744195741877725,0.00617228,0.0927631,FALSE,TRUE,FALSE
LD,2024-10-15T00:30:00Z,2.219645295,2.5107355166787397,4.73038081167874,6.88356e-4,0.104237,FALSE,TRUE,FALSE
LD,2024-10-15T01:00:00Z,2.171363363157895,2.4424659299479177,4.6138292931058125,5.68535e-4,0.115369,FALSE,TRUE,FALSE
LD,2024-10-15T01:30:00Z,2.171363363157895,2.3577642602574023,4.529127623415297,8.40721e-4,0.163899,FALSE,TRUE,FALSE
LD,2024-10-15T02:00:00Z,2.171363363157895,2.2911071339076376,4.4624704970655324,8.80908e-4,0.126633,FALSE,TRUE,FALSE
LD,2024-10-15T02:30:00Z,2.0188375081250003,2.381155290361911,4.399992798486911,9.72377e-4,0.17791,FALSE,TRUE,FALSE
LD,2024-10-15T03:00:00Z,1.7093166176923078,2.661607926545765,4.370924544238073,0.00108554,0.115678,FALSE,TRUE,FALSE
LD,2024-10-15T03:30:00Z,1.5937901858333332,2.7207648890727594,4.314555074906092,9.58324e-4,0.154409,FALSE,TRUE,FALSE
LD,2024-10-15T04:00:00Z,1.5937901858333332,2.7332229141807476,4.327013100014081,7.51225e-4,0.165647,FALSE,TRUE,FALSE
LD,2024-10-15T04:30:00Z,1.5937901858333332,2.7314195502358842,4.325209736069217,8.14217e-4,0.203279,FALSE,TRUE,FALSE
LD,2024-10-15T05:00:00Z,1.4364936572727272,2.855555942360569,4.292049599633296,9.61529e-4,0.152335,FALSE,TRUE,FALSE
LD,2024-10-15T05:30:00Z,2.7055384614285716,1.4238689524630201,4.129407413891592,0.00108061,0.0939575,FALSE,TRUE,FALSE
LD,2024-10-15T06:00:00Z,2.7236738883333333,1.3727181911916504,4.096392079524984,4.99255e-4,0.0952236,FALSE,TRUE,FALSE
LD,2024-10-15T06:30:00Z,1.1867099144444444,3.022002115804927,4.208712030249371,4.23812e-4,0.0816116,FALSE,TRUE,FALSE
LD,2024-10-15T07:00:00Z,1.4364936572727272,2.86734341960668,4.303837076879407,2.33972e-4,0.17522,FALSE,TRUE,FALSE
LD,2024-10-15T07:30:00Z,1.4364936572727272,2.8457831720290425,4.28227682930177,2.4408e-4,0.165767,FALSE,TRUE,FALSE
LD,2024-10-15T08:00:00Z,1.4364936572727272,2.8631895528005664,4.299683210073294,8.75238e-5,0.209646,FALSE,TRUE,FALSE
LD,2024-10-15T08:30:00Z,1.5937901858333332,2.740592719468495,4.334382905301828,1.23519e-4,0.188712,FALSE,TRUE,FALSE
LD,2024-10-15T09:00:00Z,1.4364936572727272,2.8491513213821964,4.285644978654924,8.92495e-5,0.153143,FALSE,TRUE,FALSE
LD,2024-10-15T09:30:00Z,2.58278215375,1.6179390442865866,4.200721198036587,0,0.190333,FALSE,TRUE,FALSE
LD,2024-10-15T10:00:00Z,2.58278215375,1.5776394088673378,4.160421562617338,0,0.137677,FALSE,TRUE,FALSE
LD,2024-10-15T10:30:00Z,2.58278215375,1.5742086133310638,4.156990767081064,0,0.227621,FALSE,TRUE,FALSE
LD,2024-10-15T11:00:00Z,1.1867099144444444,3.0266868760784247,4.213396790522869,0,0.23481,FALSE,TRUE,FALSE
LD,2024-10-15T11:30:00Z,2.7236738883333333,1.3943263417771932,4.1180002301105265,0.00527731,0.232916,FALSE,TRUE,FALSE
LD,2024-10-15T12:00:00Z,-3.0247271666666666,7.072576575939329,4.047849409272662,1.52493,0.190742,FALSE,TRUE,FALSE
LD,2024-10-15T23:30:00Z,2.264511395,2.5512758397468516,4.8157872347468516,1.46162,0.236725,FALSE,TRUE,FALSE
LD,2024-10-16T00:00:00Z,2.219645295,2.574412233268293,4.794057528268293,0.0109802,0.136989,FALSE,TRUE,FALSE
LD,2024-10-16T00:30:00Z,2.219645295,2.5016518177988813,4.721297112798881,3.74503e-4,0.228779,FALSE,TRUE,FALSE
LD,2024-10-16T01:00:00Z,2.219645295,2.467110530378967,4.686755825378967,8.53541e-4,0.205667,FALSE,TRUE,FALSE
LD,2024-10-16T01:30:00Z,2.171363363157895,2.4162558058398313,4.587619168997726,0.00112104,0.189547,FALSE,TRUE,FALSE
LD,2024-10-16T02:00:00Z,2.171363363157895,2.37045820593524,4.541821569093135,0.0012707,0.240145,FALSE,TRUE,FALSE
LD,2024-10-16T02:30:00Z,2.171363363157895,2.324099563048557,4.495462926206452,0.00149037,0.175259,FALSE,TRUE,FALSE
LD,2024-10-16T03:00:00Z,3.181232,1.2912935182839198,4.47252551828392,0.00147336,0.246572,FALSE,TRUE,FALSE
LD,2024-10-16T03:30:00Z,3.221956,1.2125189113870536,4.434474911387054,0.00166369,0.283188,FALSE,TRUE,FALSE
LD,2024-10-16T04:00:00Z,1.7093166176923078,2.700241026723211,4.409557644415519,0.0017633,0.208735,FALSE,TRUE,FALSE
LD,2024-10-16T04:30:00Z,2.5934060000000003,1.7855352951032377,4.378941295103238,0.00172631,0.262117,FALSE,TRUE,FALSE
LD,2024-10-16T05:00:00Z,2.0188375081250003,2.4272586996900802,4.4460962078150805,0.00165358,0.224308,FALSE,TRUE,FALSE
LD,2024-10-16T05:30:00Z,2.6352490000000004,1.8408603632788947,4.476109363278895,0.00124407,0.270527,FALSE,TRUE,FALSE
LD,2024-10-16T06:00:00Z,2.2445939999999998,2.2505124939850742,4.495106493985074,0.00111118,0.245056,FALSE,TRUE,FALSE
LD,2024-10-16T06:30:00Z,2.46560633,2.057750793160861,4.523357123160861,0.00111143,0.245296,FALSE,TRUE,FALSE
LD,2024-10-16T07:00:00Z,2.171363363157895,2.389499749622981,4.560863112780876,7.58129e-4,0.24675,FALSE,TRUE,FALSE
LD,2024-10-16T07:30:00Z,2.171363363157895,2.4634661062150056,4.6348294693729,7.4728e-4,0.198804,FALSE,TRUE,FALSE
LD,2024-10-16T08:00:00Z,2.219645295,2.492341826523234,4.711987121523234,4.74601e-4,0.260707,FALSE,TRUE,FALSE
LD,2024-10-16T08:30:00Z,3.324052,1.4680925557531923,4.792144555753192,3.61436e-4,0.288936,FALSE,TRUE,FALSE
LD,2024-10-16T09:00:00Z,3.0956338,1.7645628218367833,4.860196621836783,5.53495e-4,0.301129,FALSE,TRUE,FALSE
LD,2024-10-16T09:30:00Z,2.219645295,2.536301152107027,4.755946447107027,4.50285e-4,0.189947,FALSE,TRUE,FALSE
LD,2024-10-16T10:00:00Z,2.171363363157895,2.38780362825331,4.559166991411205,3.42699e-4,0.169213,FALSE,TRUE,FALSE
LD,2024-10-16T10:30:00Z,2.171363363157895,2.3756762705564527,4.5470396337143475,7.59361e-5,0.195793,FALSE,TRUE,FALSE
LD,2024-10-16T11:00:00Z,2.5967259,2.01547931348615,4.61220521348615,0,0.270664,FALSE,TRUE,FALSE
LD,2024-10-16T11:30:00Z,2.171363363157895,2.448492792243085,4.61985615540098,0.00386411,0.191069,FALSE,TRUE,FALSE
LD,2024-10-16T12:00:00Z,2.171363363157895,2.4821498379938753,4.65351320115177,0.759646,0.213258,FALSE,TRUE,FALSE
LD,2024-10-16T23:30:00Z,3.490728,1.724295563064711,5.215023563064711,1.92719,0.315732,FALSE,TRUE,FALSE
LD,2024-10-17T00:00:00Z,3.137002,1.9339408791589916,5.0709428791589914,0.00830859,0.265815,FALSE,TRUE,FALSE
LD,2024-10-17T00:30:00Z,2.162762285625,2.7681410218892566,4.9309033075142565,9.27259e-4,0.177872,FALSE,TRUE,FALSE
LD,2024-10-17T01:00:00Z,2.264511395,2.53742136599162,4.80193276099162,0.00129708,0.151678,FALSE,TRUE,FALSE
LD,2024-10-17T01:30:00Z,2.219645295,2.4966717616889134,4.716317056688913,0.00160378,0.199976,FALSE,TRUE,FALSE
LD,2024-10-17T02:00:00Z,2.219645295,2.3904729525741346,4.6101182475741345,0.00193366,0.114952,FALSE,TRUE,FALSE
LD,2024-10-17T02:30:00Z,2.219645295,2.3632421096631275,4.582887404663127,0.00216517,0.119285,FALSE,TRUE,FALSE
LD,2024-10-17T03:00:00Z,2.219645295,2.3705774230655066,4.590222718065506,0.00244278,0.093234,FALSE,TRUE,FALSE
LD,2024-10-17T03:30:00Z,2.171363363157895,2.243649724286794,4.415013087444689,0.00275268,0.18851299999999999,FALSE,TRUE,FALSE
LD,2024-10-17T04:00:00Z,2.7236738883333333,1.313327085890244,4.037000974223577,0.0029551,0.0450381,FALSE,TRUE,FALSE
LD,2024-10-17T04:30:00Z,2.283753,1.5423119655568276,3.8260649655568275,0.00301156,0.029599,FALSE,TRUE,FALSE
LD,2024-10-17T08:30:00Z,1.1867099144444444,2.841057204226808,4.027767118671252,0.00249677,0.0720893,FALSE,TRUE,FALSE
LD,2024-10-17T09:00:00Z,2.7752874000000003,1.0759286744238175,3.8512160744238177,0.00227808,0.0650644,FALSE,TRUE,FALSE
LD,2024-10-17T10:00:00Z,3.9553428833018867,-0.5275143749219176,3.427828508379969,0.00165481,0.0426869,TRUE,FALSE,FALSE
LD,2024-10-17T10:30:00Z,3.9272771554205606,-0.5727724340242779,3.3545047213962826,0.0013062,0.0414818,TRUE,FALSE,FALSE
LD,2024-10-18T01:00:00Z,5.3481347296296295,-0.5788955396535664,4.769239189976063,7.4728e-4,0.11693,TRUE,FALSE,FALSE
LD,2024-10-18T01:30:00Z,5.926022377272727,-1.2350624701826387,4.690959907090089,0.00111365,0.129985,TRUE,FALSE,FALSE
LD,2024-10-18T02:00:00Z,5.926022377272727,-1.2559203523835167,4.670102024889211,0.00145265,0.115544,TRUE,FALSE,FALSE
LD,2024-10-18T02:30:00Z,5.615222519583333,-1.0217315854223763,4.593490934160957,0.00163213,0.127535,TRUE,FALSE,FALSE
LD,2024-10-18T03:00:00Z,5.863107425909091,-1.325017770100362,4.538089655808729,0.00184022,0.166084,TRUE,FALSE,FALSE
LD,2024-10-18T03:30:00Z,5.470760198,-1.014483378328472,4.456276819671528,0.00226847,0.171047,TRUE,FALSE,FALSE
LD,2024-10-18T04:00:00Z,5.419035178,-1.0279052751131816,4.391129902886818,0.00229559,0.152291,TRUE,FALSE,FALSE
LD,2024-10-18T04:30:00Z,2.0718608629411763,2.2455293745867992,4.317390237527976,0.00262966,0.137749,FALSE,TRUE,FALSE
LD,2024-10-18T05:00:00Z,2.0718608629411763,2.225760960681429,4.297621823622605,0.00254411,0.177668,FALSE,TRUE,FALSE
LD,2024-10-18T05:30:00Z,2.0430079785,2.196121606276541,4.239129584776541,0.00266886,0.142911,FALSE,TRUE,FALSE
LD,2024-10-18T06:00:00Z,1.5051737083333332,2.6564962909658325,4.161669999299166,0.00259933,0.14372,FALSE,TRUE,FALSE
LD,2024-10-18T06:30:00Z,1.48955076,2.6414656754017436,4.131016435401744,0.00263508,0.191461,FALSE,TRUE,FALSE
LD,2024-10-18T07:00:00Z,2.7491849,1.3801488934099289,4.129333793409929,0.00253844,0.234691,FALSE,TRUE,FALSE
LD,2024-10-18T08:00:00Z,2.92450187,1.1643452388521545,4.088847108852154,0.00233947,0.247035,FALSE,TRUE,FALSE
LD,2024-10-18T08:30:00Z,2.957937,1.0893841335183851,4.047321133518385,0.00223913,0.247502,FALSE,TRUE,FALSE
LD,2024-10-18T10:00:00Z,2.1290182903225805,1.8312529588175464,3.960271249140127,0.0015668,0.206579,FALSE,TRUE,FALSE
LD,2024-10-18T10:30:00Z,2.783778,1.1075088713201282,3.891286871320128,0.00147656,0.244823,FALSE,TRUE,FALSE
LD,2024-10-18T11:00:00Z,2.337263,1.5043239782891753,3.8415869782891754,0.00110132,0.23487,FALSE,TRUE,FALSE
LD,2024-10-18T11:30:00Z,1.4093232666666666,2.3970789959965604,3.806402262663227,0.00562371,0.19016,FALSE,TRUE,FALSE
LD,2024-10-18T12:00:00Z,1.5164565,2.146133501586486,3.662590001586486,1.24481,0.10932,FALSE,TRUE,FALSE
LD,2024-10-18T23:30:00Z,3.329766246764706,1.3173049586702152,4.647071205434921,1.08635,0.0718945,FALSE,TRUE,FALSE
LD,2024-10-19T00:00:00Z,5.617206277272727,-1.314725741640741,4.302480535631986,0.00296447,0.176928,TRUE,FALSE,FALSE
LD,2024-10-19T01:30:00Z,1.1438185990322582,2.561836313488082,3.7056549125203406,4.78545e-4,0.0625638,FALSE,TRUE,FALSE
LD,2024-10-19T02:00:00Z,1.1616175675675675,2.4435326997871307,3.605150267354698,5.80369e-4,0.0447845,FALSE,TRUE,FALSE
LD,2024-10-19T02:30:00Z,1.0996698611111113,2.443294641499499,3.5429645026106105,9.921e-4,0.0332156,FALSE,TRUE,FALSE
LD,2024-10-19T03:00:00Z,1.4403858749999998,2.0153614084035336,3.4557472834035337,0.00111389,0.140038,FALSE,TRUE,FALSE
LD,2024-10-19T03:30:00Z,1.3497481379310345,2.068068394489487,3.4178165324205216,0.00125294,0.0476366,FALSE,TRUE,FALSE
LD,2024-10-19T04:00:00Z,1.5164565,1.8220602819463128,3.338516781946313,0.00142553,0.117467,FALSE,TRUE,FALSE
LD,2024-10-19T06:00:00Z,2.568779,1.3783691652351546,3.9471481652351548,0.00185994,0.247048,FALSE,TRUE,FALSE
LD,2024-10-19T09:00:00Z,1.371389089,2.212476711689618,3.583865800689618,0.00167059,0.0538141,FALSE,TRUE,FALSE
LD,2024-10-19T09:30:00Z,0.9103919647368423,2.157400480209007,3.0677924449458494,0.00157814,0.0311385,FALSE,TRUE,FALSE
LD,2024-10-19T10:00:00Z,0.5532721456250002,2.420637290069342,2.9739094356943423,0.00153529,0.0330091,FALSE,TRUE,FALSE
LD,2024-10-19T10:30:00Z,0.6582127841176472,2.329888137135224,2.988100921252871,0.00144402,0.043359,FALSE,TRUE,FALSE
LD,2024-10-19T11:00:00Z,1.8604898947368422,1.4728414439897994,3.3333313387266417,0.00130176,0.118951,FALSE,TRUE,FALSE
LD,2024-10-19T11:30:00Z,1.2243822,2.1636727883924887,3.3880549883924886,0.00493782,0.0795277,FALSE,TRUE,FALSE
LD,2024-10-19T12:00:00Z,1.5427466428571426,1.6562521601485403,3.198998803005683,1.00559,0.0658592,FALSE,TRUE,FALSE
LD,2024-10-20T02:00:00Z,4.693892,-0.9886947773662782,3.7051972226337218,1.32642e-4,0.235322,TRUE,FALSE,FALSE
LD,2024-10-20T02:30:00Z,4.474641504166667,-0.7930564925980246,3.681585011568642,2.14002e-4,0.136696,TRUE,FALSE,FALSE
LD,2024-10-20T03:00:00Z,4.61037195,-0.9589385826834103,3.65143336731659,3.99651e-4,0.109968,TRUE,FALSE,FALSE
LD,2024-10-20T03:30:00Z,4.474641504166667,-0.8183346704026944,3.6563068337639724,5.27115e-4,0.155229,TRUE,FALSE,FALSE
LD,2024-10-20T04:00:00Z,4.61037195,-0.9868556169261331,3.623516333073867,7.51964e-4,0.14682,TRUE,FALSE,FALSE
LD,2024-10-20T04:30:00Z,4.513218047826086,-0.895831895463139,3.6173861523629474,8.04725e-4,0.182384,TRUE,FALSE,FALSE
LD,2024-10-20T05:00:00Z,4.474641504166667,-0.8549043473666305,3.6197371568000363,8.81401e-4,0.174988,TRUE,FALSE,FALSE
LD,2024-10-20T05:30:00Z,0.892199,2.7002397318909344,3.592438731890934,9.30194e-4,0.234356,FALSE,TRUE,FALSE
LD,2024-10-20T06:00:00Z,2.5452500000000002,1.040299080763833,3.5855490807638333,9.88401e-4,0.230528,FALSE,TRUE,FALSE
LD,2024-10-20T06:30:00Z,2.5887354,1.0186076313423027,3.6073430313423027,0.0011489,0.248301,FALSE,TRUE,FALSE
LD,2024-10-20T07:00:00Z,4.61037195,-1.0222012749146718,3.5881706750853284,0.00130743,0.214558,TRUE,FALSE,FALSE
LD,2024-10-20T08:00:00Z,4.636496305,-1.120619665357664,3.5158766396423355,0.00117997,0.185323,TRUE,FALSE,FALSE
LD,2024-10-20T08:30:00Z,4.719332636842105,-1.1936941972235253,3.5256384396185796,0.00108086,0.203891,TRUE,FALSE,FALSE
LD,2024-10-20T09:00:00Z,4.719332636842105,-1.1990778405185885,3.5202547963235165,0.00109368,0.157139,TRUE,FALSE,FALSE
LD,2024-10-20T09:30:00Z,4.636496305,-1.1276094935573826,3.508886811442617,0.00113806,0.196534,TRUE,FALSE,FALSE
LD,2024-10-20T10:00:00Z,4.636496305,-1.1305687488737788,3.505927556126221,0.0010456,0.180142,TRUE,FALSE,FALSE
LD,2024-10-20T10:30:00Z,4.636496305,-1.1364657793790407,3.500030525620959,0.00107026,0.207897,TRUE,FALSE,FALSE
LD,2024-10-20T11:00:00Z,4.5616556,-1.054721507683258,3.506934092316742,8.2223e-4,0.29117,TRUE,FALSE,FALSE
LD,2024-10-20T23:30:00Z,5.276474100000001,-1.1414448001038462,4.135029299896154,0.566331,0.442572,TRUE,FALSE,FALSE
LD,2024-10-21T06:00:00Z,5.0482446,-0.9516606217132981,4.096583978286702,3.42452e-4,0.422258,TRUE,FALSE,FALSE
LD,2024-10-21T06:30:00Z,5.3011729999999995,-1.2330862055037404,4.068086794496259,3.14592e-4,0.33613,TRUE,FALSE,FALSE
LD,2024-10-21T07:00:00Z,5.109613,-1.1019504509973972,4.007662549002603,5.25882e-4,0.31912,TRUE,FALSE,FALSE
LD,2024-10-21T07:30:00Z,4.51826,-0.5810230292425063,3.9372369707574935,4.889e-4,0.297623,TRUE,FALSE,FALSE
LD,2024-10-21T10:30:00Z,4.3641164,-0.5733017328505752,3.790814667149425,7.13996e-4,0.381755,TRUE,FALSE,FALSE
LD,2024-10-22T10:30:00Z,3.95333,-0.5428418027150044,3.4104881972849954,4.92598e-4,0.268208,TRUE,FALSE,FALSE
LD,2024-10-22T12:00:00Z,4.0192824,-0.6415210412238861,3.3777613587761137,0.790809,0.229716,TRUE,FALSE,FALSE
LD,2024-10-22T23:30:00Z,5.194538,-1.1832499028845769,4.011288097115423,0.2161,0.288051,TRUE,FALSE,FALSE
LD,2024-10-23T02:30:00Z,5.9624581,-2.0354563042725005,3.9270017957274996,0,0.348749,TRUE,FALSE,FALSE
LD,2024-10-23T06:00:00Z,4.478442,-0.5120681570071421,3.966373842992858,0,0.389266,TRUE,FALSE,FALSE
LD,2024-10-23T06:30:00Z,5.698274,-1.8028059160633334,3.895468083936666,0,0.341835,TRUE,FALSE,FALSE
LD,2024-10-23T07:30:00Z,4.372579399999999,-0.6234866282038927,3.7490927717961067,0,0.278128,TRUE,FALSE,FALSE
LD,2024-10-23T08:00:00Z,4.39999,-0.7260974255248533,3.6738925744751465,0,0.230126,TRUE,FALSE,FALSE
LD,2024-10-23T08:30:00Z,0.826155,2.799428917334393,3.625583917334393,0,0.241865,FALSE,TRUE,FALSE
LD,2024-10-23T10:00:00Z,4.46025,-0.8635640174699679,3.5966859825300324,1.12671e-4,0.333276,TRUE,FALSE,FALSE
LD,2024-10-23T12:00:00Z,4.3414579,-0.7340333195076458,3.607424580492354,0.222385,0.327505,TRUE,FALSE,FALSE
LD,2024-10-24T00:30:00Z,0.7179428882142858,2.212849631727778,2.930792519942064,0,0.101806,FALSE,TRUE,FALSE
LD,2024-10-24T01:00:00Z,0.9576658358536586,1.7655721995609492,2.723238035414608,0,0.10069,FALSE,TRUE,FALSE
LD,2024-10-24T01:30:00Z,1.5573064684615383,1.1113642323018167,2.668670700763355,0,0.117936,FALSE,TRUE,FALSE
LD,2024-10-24T02:00:00Z,1.260425809,1.2934557648187326,2.5538815738187326,0,0.0373767,FALSE,TRUE,FALSE
LD,2024-10-24T02:30:00Z,0.743746804347826,1.7456716620069028,2.4894184663547287,0,0.0363083,FALSE,TRUE,FALSE
LD,2024-10-24T03:00:00Z,0.4754204476190476,1.9870721105534572,2.462492558172505,0,0.0713362,FALSE,TRUE,FALSE
LD,2024-10-24T03:30:00Z,0.4754204476190476,1.9908034059622335,2.466223853581281,1.50393e-5,0.0353453,FALSE,TRUE,FALSE
LD,2024-10-24T04:00:00Z,0.4754204476190476,1.9593851105012805,2.434805558120328,0,0.033823,FALSE,TRUE,FALSE
LD,2024-10-24T04:30:00Z,0.4754204476190476,1.9600214789396093,2.435441926558657,0,0.0208651,FALSE,TRUE,FALSE
LD,2024-10-24T05:00:00Z,0.4754204476190476,1.9745371542987897,2.4499576019178373,0,0.0454698,FALSE,TRUE,FALSE
LD,2024-10-24T05:30:00Z,0.4754204476190476,1.9886526516037424,2.46407309922279,0,0.0283703,FALSE,TRUE,FALSE
LD,2024-10-24T06:00:00Z,0.37982533684210523,2.0255756788306165,2.4054010156727217,0,0.0388075,FALSE,TRUE,FALSE
LD,2024-10-24T06:30:00Z,0.9567141499999999,1.3997112310324131,2.356425381032413,0,0.0401754,FALSE,TRUE,FALSE
LD,2024-10-24T07:00:00Z,0.8864491375000001,1.419126734351349,2.305575871851349,9.39339e-5,0.0221668,FALSE,TRUE,FALSE
LD,2024-10-24T07:30:00Z,0.8864491375000001,1.4185686876290102,2.3050178251290103,8.25927e-5,0.0285606,FALSE,TRUE,FALSE
LD,2024-10-24T09:00:00Z,0.2710788000000001,2.112889264198417,2.383968064198417,2.24357e-4,0.142889,FALSE,TRUE,FALSE
LD,2024-10-24T10:00:00Z,-0.44614,3.0682940727723347,2.622154072772335,2.0981e-4,0.333529,FALSE,TRUE,FALSE
LD,2024-10-24T10:30:00Z,0.9523099999999989,1.6364691765146264,2.5887791765146253,1.59053e-4,0.302585,FALSE,TRUE,FALSE
LD,2024-10-24T11:00:00Z,-4.91944,7.47483359299693,2.5553935929969307,1.49407e-4,0.313719,FALSE,TRUE,FALSE
LD,2024-10-24T11:30:00Z,-4.552509999999999,7.095266095133754,2.5427560951337553,0.00155817,0.317789,FALSE,TRUE,FALSE
LD,2024-10-25T01:00:00Z,0.39891162093749966,2.445899214966778,2.8448108359042776,0,0.0906721,FALSE,TRUE,FALSE
LD,2024-10-25T01:30:00Z,0.7891785817241382,2.1183586755445885,2.907537257268727,0,0.13358,FALSE,TRUE,FALSE
LD,2024-10-25T09:00:00Z,-6.87364,9.778867571577537,2.9052275715775377,0,0.470568,FALSE,TRUE,FALSE
LD,2024-10-25T09:30:00Z,21.190430000000003,-18.315660029487994,2.8747699705120073,0,0.489809,TRUE,FALSE,FALSE
LD,2024-10-25T10:00:00Z,4.983117,-2.1291209065372247,2.8539960934627753,0,0.316759,TRUE,FALSE,FALSE
LD,2024-10-25T10:30:00Z,-2.91305,5.770638002237383,2.8575880022373825,0,0.274458,FALSE,TRUE,FALSE
LD,2024-10-25T11:00:00Z,-2.3552399999999998,5.214240234245375,2.8590002342453755,0,0.356931,FALSE,TRUE,FALSE
LD,2024-10-25T11:30:00Z,0.9021938054545456,1.9738640624908195,2.876057867945365,0,0.228183,FALSE,TRUE,FALSE
LD,2024-10-25T12:00:00Z,0.45854816411764693,2.4067422868688255,2.8652904509864725,0.0309471,0.287674,FALSE,TRUE,FALSE
LD,2024-10-25T12:30:00Z,-17.37778,20.252204785527155,2.8744247855271534,0.49946,0.268473,FALSE,TRUE,FALSE
LD,2024-10-25T13:00:00Z,21.84006,-18.937507921501673,2.9025520784983283,6.42046,0.411589,TRUE,FALSE,FALSE
LD,2024-10-25T14:00:00Z,5.1819344965714285,-2.227159531968124,2.9547749646033044,12.2963,0.407669,TRUE,FALSE,FALSE
LD,2024-10-25T14:30:00Z,90.3269,-87.34141632804715,2.9854836719528555,26.2272,0.330831,TRUE,FALSE,FALSE
LD,2024-10-25T23:00:00Z,1.7898969999999998,1.4291064993537108,3.2190034993537107,6.41222,0.235399,FALSE,TRUE,FALSE
LD,2024-10-26T01:30:00Z,0.9375772817647058,1.9547029391013018,2.8922802208660077,0,0.0745179,FALSE,TRUE,FALSE
LD,2024-10-26T02:00:00Z,0.9375772817647058,1.9483002015263815,2.8858774832910874,0,0.0921334,FALSE,TRUE,FALSE
LD,2024-10-26T02:30:00Z,0.9375772817647058,1.9762966181743336,2.9138738999390394,0,0.108513,FALSE,TRUE,FALSE
LD,2024-10-26T03:00:00Z,0.9839430565714283,1.933708418261269,2.9176514748326974,0,0.0764821,FALSE,TRUE,FALSE
LD,2024-10-26T03:30:00Z,1.4664937935294116,1.4638220676760254,2.930315861205437,0,0.102834,FALSE,TRUE,FALSE
LD,2024-10-26T04:00:00Z,0.8743423229411763,2.046319384719661,2.9206617076608374,0,0.151528,FALSE,TRUE,FALSE
LD,2024-10-26T04:30:00Z,0.9375772817647058,1.962064275509381,2.899641557274087,0,0.103156,FALSE,TRUE,FALSE
LD,2024-10-26T05:00:00Z,0.49655878799999986,2.3736424023941827,2.8702011903941824,0,0.118108,FALSE,TRUE,FALSE
LD,2024-10-26T05:30:00Z,0.8542490757894737,1.9628170731611063,2.81706614895058,0,0.0699605,FALSE,TRUE,FALSE
LD,2024-10-26T06:00:00Z,0.8895023046153846,1.9111416151955951,2.80064391981098,0,0.0887598,FALSE,TRUE,FALSE
LD,2024-10-26T06:30:00Z,0.811778130857143,2.0259402405213764,2.8377183713785197,0,0.104318,FALSE,TRUE,FALSE
LD,2024-10-26T07:00:00Z,0.8323153652631581,1.9763098961864756,2.8086252614496336,0,0.161394,FALSE,TRUE,FALSE
LD,2024-10-26T08:00:00Z,1.725756,1.1114459070076768,2.837201907007677,0,0.288786,FALSE,TRUE,FALSE
LD,2024-10-26T09:00:00Z,0.5769059495238096,2.195151682854817,2.7720576323786266,0,0.161937,FALSE,TRUE,FALSE
LD,2024-10-26T09:30:00Z,0.6319612506666668,2.121675687320174,2.753636937986841,2.31752e-5,0.133022,FALSE,TRUE,FALSE
LD,2024-10-26T10:00:00Z,0.5765391659090912,2.1632352381148103,2.7397744040239016,0,0.130413,FALSE,TRUE,FALSE
LD,2024-10-26T10:30:00Z,0.5244816348837211,2.2057940431359313,2.7302756780196527,0,0.139466,FALSE,TRUE,FALSE
LD,2024-10-26T11:00:00Z,0.4293283731707316,2.2852919541245464,2.714620327295278,0,0.152152,FALSE,TRUE,FALSE
LD,2024-10-26T11:30:00Z,0.38154190750000005,2.314439404695521,2.6959813121955207,7.84015e-4,0.160033,FALSE,TRUE,FALSE
LD,2024-10-26T12:00:00Z,0.9170021432432434,1.7425480031864067,2.65955014642965,0.325295,0.141209,FALSE,TRUE,FALSE
LD,2024-10-26T12:30:00Z,0.4645549705882354,2.169381103326454,2.6339360739146893,8.9826,0.133778,FALSE,TRUE,FALSE
LD,2024-10-26T23:30:00Z,0.24982570562500012,2.6143765649678565,2.8642022705928567,0.0634894,0.168894,FALSE,TRUE,FALSE
LD,2024-10-27T00:00:00Z,1.1245905913513512,1.675929576563855,2.8005201679152063,7.32241e-5,0.195498,FALSE,TRUE,FALSE
LD,2024-10-27T00:30:00Z,0.8220835186046513,1.9138572959788296,2.735940814583481,0,0.195139,FALSE,TRUE,FALSE
LD,2024-10-27T01:00:00Z,0.6472703666666666,2.047627901726556,2.6948982683932226,0,0.124407,FALSE,TRUE,FALSE
LD,2024-10-27T01:30:00Z,0.7811132424242425,1.8650639535068967,2.646177195931139,0,0.0943952,FALSE,TRUE,FALSE
LD,2024-10-27T02:00:00Z,0.5325349000000001,2.0800920013454114,2.6126269013454113,0,0.137529,FALSE,TRUE,FALSE
LD,2024-10-27T02:30:00Z,0.6892960370370371,1.9115363266038,2.600832363640837,0,0.130095,FALSE,TRUE,FALSE
LD,2024-10-27T03:00:00Z,0.40532112499999995,2.1285316145501203,2.5338527395501202,0,0.0886451,FALSE,TRUE,FALSE
LD,2024-10-27T03:30:00Z,0.17544560000000015,2.2566751758026897,2.43212077580269,6.2376e-5,0.0482459,FALSE,TRUE,FALSE
LD,2024-10-27T04:30:00Z,3.0997668716145834,-0.9610448925227617,2.1387219790918217,0,0.0352447,TRUE,FALSE,FALSE
LD,2024-10-27T05:00:00Z,3.0997668716145834,-0.9284908315302713,2.171276040084312,0,0.0510665,TRUE,FALSE,FALSE
LD,2024-10-27T05:30:00Z,3.0997668716145834,-0.9960093248088175,2.103757546805766,0,0.0588724,TRUE,FALSE,FALSE
LD,2024-10-27T06:00:00Z,3.1113248185863873,-1.0426326967608754,2.068692121825512,0,0.0506809,TRUE,FALSE,FALSE
LD,2024-10-27T06:30:00Z,3.114304159736842,-1.1306196477978898,1.9836845119389523,0,0.0371053,TRUE,FALSE,FALSE
LD,2024-10-27T07:00:00Z,3.117084946825397,-1.19176810432803,1.925316842497367,0,0.030041000000000002,TRUE,FALSE,FALSE
LD,2024-10-27T07:30:00Z,3.117084946825397,-1.2410394533424776,1.8760454934829194,0,0.0457902,TRUE,FALSE,FALSE
LD,2024-10-27T08:00:00Z,3.1164158614361703,-1.2208260708063943,1.895589790629776,0,0.0513688,TRUE,FALSE,FALSE
LD,2024-10-27T08:30:00Z,3.1164158614361703,-1.254950267279778,1.8614655941563922,0,0.055204,TRUE,FALSE,FALSE
LD,2024-10-27T09:00:00Z,3.1164158614361703,-1.2528463270392598,1.8635695343969105,0,0.122601,TRUE,FALSE,FALSE
LD,2024-10-27T09:30:00Z,3.1164158614361703,-1.2314570468776076,1.8849588145585627,0,0.0552158,TRUE,FALSE,FALSE
LD,2024-10-27T10:00:00Z,3.1164158614361703,-1.2578327549727266,1.8585831064634437,0,0.0292622,TRUE,FALSE,FALSE
LD,2024-10-27T10:30:00Z,3.1164158614361703,-1.2642355477948153,1.852180313641355,0,0.0751217,TRUE,FALSE,FALSE
LD,2024-10-27T11:00:00Z,3.1164158614361703,-1.2488321769571042,1.867583684479066,0,0.0730065,TRUE,FALSE,FALSE
LD,2024-10-27T11:30:00Z,3.1086873066844922,-1.2273507538920179,1.8813365527924744,4.20607e-4,0.0376592,TRUE,FALSE,FALSE
LD,2024-10-27T12:00:00Z,3.0975614270053473,-1.0879385875062093,2.009622839499138,0.168159,0.0729743,TRUE,FALSE,FALSE
LD,2024-10-28T00:00:00Z,0.41894929666666664,2.452191985947302,2.871141282613969,0,0.137768,FALSE,TRUE,FALSE
LD,2024-10-28T00:30:00Z,0.6181407382352941,1.9924448498307656,2.61058558806606,0,0.0264514,FALSE,TRUE,FALSE
LD,2024-10-28T01:00:00Z,0.6222871366666667,1.9734401287674934,2.59572726543416,0,0.141772,FALSE,TRUE,FALSE
LD,2024-10-28T01:30:00Z,0.6305652700000001,1.9449397301714173,2.5755050001714173,0,0.279534,FALSE,TRUE,FALSE
LD,2024-10-28T02:00:00Z,0.8646195344186046,1.914637464885455,2.7792569993040597,0,0.0987086,FALSE,TRUE,FALSE
LD,2024-10-28T02:30:00Z,0.8593687106382981,1.8776543229056772,2.7370230335439754,0,0.157565,FALSE,TRUE,FALSE
LD,2024-10-28T03:00:00Z,0.8329047324324326,1.8048297725957876,2.63773450502822,0,0.0987967,FALSE,TRUE,FALSE
LD,2024-10-28T03:30:00Z,1.137819267804878,1.667426154116329,2.805245421921207,0,0.175187,FALSE,TRUE,FALSE
LD,2024-10-28T04:00:00Z,0.8722812440000002,1.8933329547616835,2.765614198761684,0,0.218434,FALSE,TRUE,FALSE
LD,2024-10-28T05:30:00Z,3.592251,-0.8170574381680131,2.775193561831987,0,0.301774,TRUE,FALSE,FALSE
LD,2024-10-28T06:00:00Z,0.7414788500000001,1.9541426092824588,2.6956214592824588,0,0.150546,FALSE,TRUE,FALSE
LD,2024-10-28T06:30:00Z,1.385724607894737,1.2600625220476345,2.6457871299423714,0,0.2058,FALSE,TRUE,FALSE
LD,2024-10-28T07:00:00Z,-0.016630000000000145,2.6860464562756814,2.6694164562756812,0,0.30278,FALSE,TRUE,FALSE
LD,2024-10-28T07:30:00Z,0.6658940032258065,1.9199297376876965,2.585823740913503,0,0.201911,FALSE,TRUE,FALSE
LD,2024-10-28T08:00:00Z,0.23897152400000002,2.254638544945195,2.493610068945195,0,0.0798479,FALSE,TRUE,FALSE
LD,2024-10-28T08:30:00Z,0.3166707346153848,2.196143266578158,2.5128140011935427,0,0.157817,FALSE,TRUE,FALSE
LD,2024-10-28T10:30:00Z,1.4026383,1.1602542200171122,2.562892520017112,0,0.341545,FALSE,TRUE,FALSE
LD,2024-10-28T12:00:00Z,1.0582294,1.4439019593683282,2.5021313593683283,0.111536,0.306561,FALSE,TRUE,FALSE
LD,2024-10-28T12:30:00Z,1.217365,1.2913547489456487,2.5087197489456488,6.75514,0.308729,FALSE,TRUE,FALSE
LD,2024-10-28T23:30:00Z,4.183477439130435,-0.7921147242637185,3.3913627148667165,0.0209505,0.161182,TRUE,FALSE,FALSE
LD,2024-10-29T00:00:00Z,4.287451533333333,-0.9550436606432475,3.3324078726900854,2.95855e-5,0.198802,TRUE,FALSE,FALSE
LD,2024-10-29T03:00:00Z,2.0683059,1.2826544850791848,3.3509603850791847,0,0.374382,FALSE,TRUE,FALSE
LD,2024-10-29T03:30:00Z,1.4576410000000002,1.882168465680662,3.3398094656806623,0,0.344114,FALSE,TRUE,FALSE
LD,2024-10-29T04:00:00Z,2.0972949,1.265495296811308,3.362790196811308,0,0.391966,FALSE,TRUE,FALSE
LD,2024-10-29T04:30:00Z,2.1690632,1.2412858086449186,3.4103490086449186,0,0.491529,FALSE,TRUE,FALSE
LD,2024-10-29T05:30:00Z,-3.0252799999999995,6.36350051449501,3.3382205144950112,0,0.304576,FALSE,TRUE,FALSE
LD,2024-10-29T06:30:00Z,-25.8301,28.903464419152066,3.073364419152062,0,0.257947,FALSE,TRUE,FALSE
LD,2024-10-29T07:00:00Z,3.75375,-0.65142511510517,3.10232488489483,0,0.29699,TRUE,FALSE,FALSE
LD,2024-10-29T07:30:00Z,20.116519999999998,-16.95819600374184,3.158323996258159,0,0.449686,TRUE,FALSE,FALSE
LD,2024-10-29T08:00:00Z,43.55736,-40.38371228683666,3.17364771316334,0,0.442436,TRUE,FALSE,FALSE
LD,2024-10-29T08:30:00Z,-9.51138,12.718796099690236,3.207416099690235,0,0.385963,FALSE,TRUE,FALSE
LD,2024-10-29T10:30:00Z,1.964884,1.4058732235843427,3.370757223584343,0,0.352071,FALSE,TRUE,FALSE
LD,2024-10-29T23:00:00Z,5.071424,-0.7805247165927529,4.2908992834072475,2.06556,0.32184,TRUE,FALSE,FALSE
LD,2024-10-30T00:30:00Z,5.262358000000001,-1.0891813871127871,4.173176612887214,0,0.37944,TRUE,FALSE,FALSE
LD,2024-10-30T01:00:00Z,5.08306,-0.7926062385020449,4.290453761497955,0,0.578429,TRUE,FALSE,FALSE
LD,2024-10-30T02:30:00Z,5.0730572,-0.8091092380778724,4.263947961922128,0,0.535985,TRUE,FALSE,FALSE
LD,2024-10-30T03:00:00Z,4.9390998,-0.6941218591262404,4.24497794087376,0,0.513583,TRUE,FALSE,FALSE
LD,2024-10-30T03:30:00Z,4.9385658999999995,-0.7056577957089871,4.232908104291012,0,0.5848,TRUE,FALSE,FALSE
LD,2024-10-30T04:00:00Z,5.1036998,-0.8657725989687934,4.237927201031207,0,0.613445,TRUE,FALSE,FALSE
LD,2024-10-30T04:30:00Z,5.0534977,-0.8319682325267896,4.221529467473211,0,0.683792,TRUE,FALSE,FALSE
LD,2024-10-30T05:00:00Z,4.8599760000000005,-0.6372034755817824,4.222772524418218,0,0.678504,TRUE,FALSE,FALSE
LD,2024-10-30T06:00:00Z,5.2900435,-1.0856888276572958,4.2043546723427045,0,0.722558,TRUE,FALSE,FALSE
LD,2024-10-30T06:30:00Z,5.2473655,-1.0583684067350028,4.188997093264997,0,0.741153,TRUE,FALSE,FALSE
LD,2024-10-30T08:00:00Z,5.2399125,-1.0573746739016583,4.182537826098342,0,0.780977,TRUE,FALSE,FALSE
LD,2024-10-30T08:30:00Z,5.326636000000001,-1.1442038489083668,4.182432151091634,0,0.874313,TRUE,FALSE,FALSE
LD,2024-10-30T09:30:00Z,4.8419431,-0.6866709357662257,4.155272164233774,0,0.810581,TRUE,FALSE,FALSE
LD,2024-10-30T11:00:00Z,5.4610937999999996,-1.3641276030107221,4.0969661969892774,0,0.82544,TRUE,FALSE,FALSE
LD,2024-10-30T11:30:00Z,4.7910661999999995,-0.6900166791047351,4.101049520895264,0,0.748973,TRUE,FALSE,FALSE
LD,2024-10-30T12:00:00Z,5.1175144,-1.0253910933640658,4.092123306635934,0.0699433,0.830315,TRUE,FALSE,FALSE
LD,2024-10-30T12:30:00Z,4.6199606399999995,-0.538773220517565,4.0811874194824345,3.84811,0.826854,TRUE,FALSE,FALSE
LD,2024-10-30T23:00:00Z,2.4410480000000003,1.8762277965209426,4.317275796520943,3.03896,0.367835,FALSE,TRUE,FALSE
LD,2024-10-30T23:30:00Z,5.010051,-0.7448693940867894,4.26518160591321,0.0205597,0.309979,TRUE,FALSE,FALSE
LD,2024-10-31T00:00:00Z,5.234565099999999,-0.9639106510576152,4.270654448942384,0,0.402811,TRUE,FALSE,FALSE
LD,2024-10-31T00:30:00Z,3.17359,1.0286400125572133,4.202230012557213,0,0.325668,FALSE,TRUE,FALSE
LD,2024-10-31T04:00:00Z,3.1816549999999997,1.0067034061868,4.1883584061868,0,0.402573,FALSE,TRUE,FALSE
LD,2024-10-31T06:00:00Z,4.72139319,-0.5557471979047746,4.165645992095225,0,0.393813,TRUE,FALSE,FALSE
LD,2024-10-31T09:00:00Z,2.863871,1.2932667570216707,4.157137757021671,0,0.479155,FALSE,TRUE,FALSE
LD,2024-10-31T13:00:00Z,-7.999249999999999,12.124772989033481,4.125522989033481,7.2695,0.725383,FALSE,TRUE,FALSE
LD,2024-10-31T13:30:00Z,64.17727000000001,-60.088552982880316,4.0887170171196905,27.6676,0.567233,TRUE,FALSE,FALSE
LD,2024-10-31T14:30:00Z,39.509609999999995,-35.45318503692358,4.056424963076416,72.0762,0.534475,TRUE,FALSE,FALSE
LD,2024-10-31T15:00:00Z,15.520107000000001,-11.455245915536558,4.064861084463444,75.5046,0.612475,TRUE,FALSE,FALSE
LD,2024-10-31T20:00:00Z,17.04216,-13.039103782186775,4.003056217813223,81.5982,0.828995,TRUE,FALSE,FALSE
LD,2024-10-31T23:30:00Z,2.5409490000000003,1.0305710809476771,3.5715200809476775,0.0416729,0.892764,FALSE,TRUE,FALSE
LD,2024-11-01T00:30:00Z,1.938967,1.5712718114110464,3.5102388114110465,0,0.764413,FALSE,TRUE,FALSE
LD,2024-11-01T05:30:00Z,5.98804,-2.888064917357682,3.099975082642318,0,0.695834,TRUE,FALSE,FALSE
LD,2024-11-01T06:00:00Z,1.7411480912500001,1.316923885174971,3.058071976424971,0,0.865093,FALSE,TRUE,FALSE
LD,2024-11-01T06:30:00Z,1.7141026336000003,1.3202961951109724,3.0343988287109727,0,0.830612,FALSE,TRUE,FALSE
LD,2024-11-01T07:00:00Z,1.7269048152941178,1.2814981218026746,3.0084029370967924,0,0.59402,FALSE,TRUE,FALSE
LD,2024-11-01T07:30:00Z,1.6530005713207547,1.330396692424713,2.9833972637454678,0,0.613934,FALSE,TRUE,FALSE
LD,2024-11-01T10:30:00Z,-5.701309999999999,8.657633824381808,2.9563238243818084,0,0.554585,FALSE,TRUE,TRUE
LD,2024-11-01T11:30:00Z,4.710368,-1.7981814653678816,2.9121865346321183,3.45159e-6,0.375792,TRUE,FALSE,FALSE
LD,2024-11-01T12:00:00Z,1.271757441025641,1.6148485792459915,2.8866060202716324,0.0238839,0.372944,FALSE,TRUE,FALSE
LD,2024-11-01T12:30:00Z,1.271757441025641,1.6035340824081539,2.875291523433795,2.08698,0.484996,FALSE,TRUE,FALSE
LD,2024-11-01T13:30:00Z,24.631023,-21.725780317461087,2.905242682538913,117.67,0.488299,TRUE,FALSE,FALSE
LD,2024-11-01T23:00:00Z,2.105232,1.0119422687243094,3.1171742687243094,3.08644,0.255184,FALSE,TRUE,FALSE
LD,2024-11-01T23:30:00Z,1.862481898292683,1.14445397545334,3.006935873746023,0.0320095,0.176503,FALSE,TRUE,FALSE
LD,2024-11-02T00:00:00Z,1.6294555055555555,1.3078454413347005,2.937300946890256,0,0.125269,FALSE,TRUE,FALSE
LD,2024-11-02T00:30:00Z,0.8609858636363639,1.9864041436148459,2.8473900072512097,0,0.0929769,FALSE,TRUE,FALSE
LD,2024-11-02T01:00:00Z,0.43346238888888883,2.358696372506702,2.7921587613955907,0,0.0860404,FALSE,TRUE,FALSE
LD,2024-11-02T01:30:00Z,0.7943313529411765,1.9630225451543697,2.757353898095546,0,0.0587744,FALSE,TRUE,FALSE
LD,2024-11-02T02:00:00Z,0.7943313529411765,1.9647101954204733,2.7590415483616497,0,0.0842255,FALSE,TRUE,FALSE
LD,2024-11-02T03:00:00Z,1.6265899124999998,1.006849607796248,2.633439520296248,0,0.0641154,FALSE,TRUE,FALSE
LD,2024-11-02T03:30:00Z,1.4882275999999999,1.1214240952650425,2.6096516952650424,0,0.0483474,FALSE,TRUE,FALSE
LD,2024-11-02T04:30:00Z,3.470488529289941,-1.0127523961474827,2.457736133142458,0,0.0347933,TRUE,FALSE,FALSE
LD,2024-11-02T05:00:00Z,3.470488529289941,-1.0626157914651997,2.407872737824741,0,0.0415506,TRUE,FALSE,FALSE
LD,2024-11-02T05:30:00Z,3.470488529289941,-1.1444073884812482,2.3260811408086925,0,0.0564857,TRUE,FALSE,FALSE
LD,2024-11-02T06:00:00Z,3.470488529289941,-1.107218067066189,2.3632704622237517,0,0.0435267,TRUE,FALSE,FALSE
LD,2024-11-02T06:30:00Z,3.470488529289941,-1.0783440399680155,2.3921444893219252,0,0.0698762,TRUE,FALSE,FALSE
LD,2024-11-02T07:30:00Z,3.470488529289941,-1.1218727988853616,2.348615730404579,0,0.0229207,TRUE,FALSE,FALSE
LD,2024-11-02T08:00:00Z,3.475471532440476,-1.1669763405861908,2.308495191854285,0,0.0192153,TRUE,FALSE,FALSE
LD,2024-11-02T08:30:00Z,3.485948870958084,-1.179968509202936,2.305980361755148,6.21296e-5,0.0347081,TRUE,FALSE,FALSE
LD,2024-11-02T09:00:00Z,3.49463964126506,-1.2672215119672234,2.2274181292978366,0,0.036963,TRUE,FALSE,FALSE
LD,2024-11-02T09:30:00Z,3.49463964126506,-1.3295461874116725,2.1650934538533875,0,0.0433484,TRUE,FALSE,FALSE
LD,2024-11-02T10:00:00Z,3.49463964126506,-1.3382403551754218,2.156399286089638,0,0.0549292,TRUE,FALSE,FALSE
LD,2024-11-02T10:30:00Z,3.49463964126506,-1.3262192755151876,2.1684203657498724,0,0.0272671,TRUE,FALSE,FALSE
LD,2024-11-02T11:00:00Z,3.49463964126506,-1.3502962609118376,2.1443433803532224,0,0.0507894,TRUE,FALSE,FALSE
LD,2024-11-02T11:30:00Z,3.49463964126506,-1.3554461769054242,2.1391934643596358,2.69475e-4,0.0190086,TRUE,FALSE,FALSE
LD,2024-11-02T12:00:00Z,3.49463964126506,-1.3975974194321257,2.0970422218329343,0.0603531,0.039319,TRUE,FALSE,FALSE
LD,2024-11-02T12:30:00Z,3.3850375322485204,-1.2124513459000217,2.1725861863484988,3.39551,0.0369688,TRUE,FALSE,FALSE
LD,2024-11-02T13:00:00Z,5.5532289825423735,-3.3568389646490595,2.196390017893314,26.2412,0.0367262,TRUE,FALSE,FALSE
LD,2024-11-03T00:30:00Z,1.7306839771428573,1.3863457771461811,3.1170297542890384,0,0.0707567,FALSE,TRUE,FALSE
LD,2024-11-03T01:00:00Z,0.9150835217391307,2.079144194935035,2.9942277166741658,0,0.0389274,FALSE,TRUE,FALSE
LD,2024-11-03T01:30:00Z,0.6376399625,2.2290916240824785,2.8667315865824787,0,0.0368663,FALSE,TRUE,FALSE
LD,2024-11-03T02:00:00Z,0.8609858636363639,2.124988109459929,2.985973973096293,0,0.0345087,FALSE,TRUE,FALSE
LD,2024-11-03T02:30:00Z,0.730925619047619,2.253717439716341,2.98464305876396,5.42403e-6,0.0395206,FALSE,TRUE,FALSE
LD,2024-11-03T03:00:00Z,1.4038944533333333,1.6704298977647207,3.074324351098054,0,0.131435,FALSE,TRUE,FALSE
LD,2024-11-03T03:30:00Z,1.3673012965517244,1.6977754593595473,3.0650767559112717,0,0.181467,FALSE,TRUE,FALSE
LD,2024-11-03T04:00:00Z,1.7306839771428573,1.3891012173173904,3.1197851944602477,0,0.213175,FALSE,TRUE,FALSE
LD,2024-11-03T04:30:00Z,1.706736,1.3902851761268724,3.0970211761268724,0,0.233687,FALSE,TRUE,FALSE
LD,2024-11-03T06:00:00Z,1.4642477612903226,1.6348882245093064,3.099135985799629,0,0.211135,FALSE,TRUE,FALSE
LD,2024-11-03T06:30:00Z,1.088919008,1.9649675379705842,3.053886545970584,0,0.165326,FALSE,TRUE,FALSE
LD,2024-11-03T07:00:00Z,1.2145289307692309,1.8463161008795341,3.060845031648765,0,0.222884,FALSE,TRUE,FALSE
LD,2024-11-03T07:30:00Z,1.3447029527586207,1.7357823611326983,3.080485313891319,0,0.183884,FALSE,TRUE,FALSE
LD,2024-11-03T08:00:00Z,1.0069446666666668,2.0417523842996514,3.048697050966318,0,0.15409,FALSE,TRUE,FALSE
LD,2024-11-03T08:30:00Z,1.3673012965517244,1.7270435514695768,3.094344848021301,0,0.217319,FALSE,TRUE,FALSE
LD,2024-11-03T09:00:00Z,1.3673012965517244,1.7364192508067289,3.1037205473584533,0,0.15367,FALSE,TRUE,FALSE
LD,2024-11-03T09:30:00Z,1.0069446666666668,2.0540838610061147,3.0610285276727813,0,0.111456,FALSE,TRUE,FALSE
LD,2024-11-03T10:00:00Z,1.3157341321428573,1.7684548154845936,3.084188947627451,0,0.160251,FALSE,TRUE,FALSE
LD,2024-11-03T10:30:00Z,1.3673012965517244,1.741512327776967,3.1088136243286915,0,0.163674,FALSE,TRUE,FALSE
LD,2024-11-03T11:00:00Z,1.4642477612903226,1.6661278692488395,3.130375630539162,0,0.210986,FALSE,TRUE,FALSE
LD,2024-11-03T11:30:00Z,1.5835762787878789,1.5576561329711978,3.1412324117590766,2.46572e-7,0.19901,FALSE,TRUE,FALSE
LD,2024-11-03T12:00:00Z,1.2784515,1.8864275938886461,3.164879093888646,0.0169066,0.233254,FALSE,TRUE,FALSE
LD,2024-11-03T12:30:00Z,1.5442822,1.6414101424929002,3.1856923424929002,1.09445,0.266125,FALSE,TRUE,FALSE
LD,2024-11-03T23:00:00Z,3.0612301611111112,1.169219674430778,4.230449835541889,0.205516,0.499937,FALSE,TRUE,FALSE
LD,2024-11-04T02:00:00Z,5.83632,-1.8703438978938984,3.9659761021061013,0,0.549775,TRUE,FALSE,FALSE
LD,2024-11-04T04:00:00Z,-0.8068200000000001,4.871074208678915,4.064254208678915,0,0.578264,FALSE,TRUE,FALSE
LD,2024-11-04T08:00:00Z,10.34763,-6.253250696348996,4.094379303651005,0,0.35845,TRUE,FALSE,FALSE
LD,2024-11-04T08:30:00Z,1.2633900000000002,2.862847349288705,4.126237349288705,0,0.266759,FALSE,TRUE,FALSE
LD,2024-11-04T09:00:00Z,9.078526,-4.9164194167228015,4.162106583277199,0,0.311068,TRUE,FALSE,FALSE
LD,2024-11-04T10:00:00Z,11.9005,-7.654531058567677,4.245968941432322,0,0.365887,TRUE,FALSE,FALSE
LD,2024-11-04T10:30:00Z,0.41389999999999993,3.8848658651852137,4.298765865185214,0,0.272594,FALSE,TRUE,FALSE
LD,2024-11-04T14:30:00Z,5.2421878287500006,-0.5301686719577781,4.7120191567922225,33.9987,0.399868,TRUE,FALSE,FALSE
LD,2024-11-04T16:00:00Z,7.570011,-2.789384977973966,4.780626022026034,42.1564,0.476187,TRUE,FALSE,FALSE
LD,2024-11-04T16:30:00Z,15.079605848823531,-10.3189910954742,4.760614753349332,26.699,0.446703,TRUE,FALSE,FALSE
LD,2024-11-04T17:00:00Z,6.158607159193549,-1.413298125561389,4.74530903363216,25.3103,0.432581,TRUE,FALSE,FALSE
LD,2024-11-04T18:00:00Z,5.421315420875,-0.6603872475070309,4.760928173367969,40.65,0.412226,TRUE,FALSE,FALSE
LD,2024-11-04T19:30:00Z,11.6561894565,-6.794865764556158,4.861323691943842,35.4892,0.632371,TRUE,FALSE,FALSE
LD,2024-11-04T20:30:00Z,102.105,-97.24441042981606,4.86058957018395,23.4771,0.509614,TRUE,FALSE,FALSE
LD,2024-11-04T21:00:00Z,13.91602467388889,-9.011938316751607,4.904086357137283,27.3771,0.468141,TRUE,FALSE,FALSE
LD,2024-11-04T21:30:00Z,11.06241848521739,-6.177296969200213,4.885121516017178,14.7875,0.451976,TRUE,FALSE,FALSE
LD,2024-11-04T22:00:00Z,5.641100000000002,-0.7543705521847164,4.886729447815285,20.5267,0.397807,TRUE,FALSE,FALSE
LD,2024-11-04T22:30:00Z,-0.37490000000000023,5.292509495900892,4.917609495900892,7.94944,0.432894,FALSE,TRUE,FALSE
LD,2024-11-05T00:30:00Z,3.313625333181818,1.6687531046710369,4.982378437852855,0,0.523788,FALSE,TRUE,FALSE
LD,2024-11-05T01:00:00Z,3.711732154896907,1.2201094192258046,4.9318415741227115,0,0.409713,FALSE,TRUE,FALSE
LD,2024-11-05T01:30:00Z,3.711732154896907,1.1888815866382525,4.900613741535159,0,0.304754,FALSE,TRUE,FALSE
LD,2024-11-05T02:00:00Z,3.717422642746114,1.1748371453370048,4.892259788083119,0,0.387119,FALSE,TRUE,FALSE
LD,2024-11-05T02:30:00Z,7.414651999999999,-2.5019498183686206,4.912702181631379,0,0.457582,TRUE,FALSE,FALSE
LD,2024-11-05T03:30:00Z,2.835491,2.1199511312775376,4.955442131277538,0,0.512259,FALSE,TRUE,FALSE
LD,2024-11-05T04:00:00Z,3.750408418253968,1.16066255233198,4.911070970585948,0,0.505176,FALSE,TRUE,FALSE
LD,2024-11-05T04:30:00Z,3.7592015752659576,1.1256711505439343,4.884872725809892,0,0.462778,FALSE,TRUE,FALSE
LD,2024-11-05T05:00:00Z,3.767704989037433,1.1158731435349698,4.883578132572403,0,0.457827,FALSE,TRUE,FALSE
LD,2024-11-05T05:30:00Z,3.773373473387097,1.1129260588972985,4.886299532284395,0,0.393329,FALSE,TRUE,FALSE
LD,2024-11-05T06:00:00Z,3.8101229516216217,1.0749856314602186,4.88510858308184,0,0.458633,FALSE,TRUE,FALSE
LD,2024-11-05T06:30:00Z,3.8101229516216217,1.095055572061931,4.905178523683553,0,0.38137,FALSE,TRUE,FALSE
LD,2024-11-05T08:00:00Z,3.8836954728021977,1.0733420492092476,4.957037522011445,0,0.430832,FALSE,TRUE,FALSE
LD,2024-11-05T08:30:00Z,3.6645039560773482,1.2974948283770886,4.961998784454437,0,0.346127,FALSE,TRUE,FALSE
LD,2024-11-05T09:00:00Z,3.7377033113888887,1.2118631609603208,4.949566472349209,0,0.281049,FALSE,TRUE,FALSE
LD,2024-11-05T09:30:00Z,3.739540030446927,1.2204940816504029,4.96003411209733,0,0.434439,FALSE,TRUE,FALSE
LD,2024-11-05T10:00:00Z,3.7413353957865167,1.2224258435985158,4.9637612393850326,0,0.38967,FALSE,TRUE,FALSE
LD,2024-11-05T10:30:00Z,3.745548259039548,1.2114821848789128,4.957030443918461,0,0.531445,FALSE,TRUE,FALSE
LD,2024-11-05T11:00:00Z,2.977478509090909,1.9659500788683721,4.943428587959281,0,0.574522,FALSE,TRUE,FALSE
LD,2024-11-05T11:30:00Z,2.977478509090909,1.9631519224097862,4.940630431500695,0,0.610648,FALSE,TRUE,FALSE
LD,2024-11-05T12:00:00Z,2.977478509090909,1.959250234406999,4.936728743497908,0.00112351,0.522946,FALSE,TRUE,FALSE
LD,2024-11-05T12:30:00Z,2.94626805,1.982634668801332,4.928902718801332,0.128394,0.529219,FALSE,TRUE,FALSE
LD,2024-11-05T13:00:00Z,3.1994469666666667,1.7184419677903078,4.9178889344569745,1.83357,0.603199,FALSE,TRUE,FALSE
LD,2024-11-05T13:30:00Z,10.807566430769231,-5.890873865738707,4.916692565030524,6.67235,0.573094,TRUE,FALSE,FALSE
LD,2024-11-05T14:00:00Z,15.691106475000002,-10.775855972951183,4.915250502048819,15.7205,0.541284,TRUE,FALSE,FALSE
LD,2024-11-05T14:30:00Z,16.136714282,-11.208694498126448,4.928019783873552,21.6387,0.577123,TRUE,FALSE,FALSE
LD,2024-11-05T15:00:00Z,16.235764815333336,-11.286560756949623,4.949204058383713,26.1236,0.580735,TRUE,FALSE,FALSE
LD,2024-11-05T16:00:00Z,57.46984,-52.45904770621367,5.010792293786334,29.7496,0.538227,TRUE,FALSE,FALSE
LD,2024-11-05T16:30:00Z,21.59559,-16.559537517661624,5.036052482338377,40.3326,0.561386,TRUE,FALSE,FALSE
LD,2024-11-05T17:00:00Z,5.904561133333333,-0.8410091751081925,5.0635519582251405,103.27,0.506556,TRUE,FALSE,FALSE
LD,2024-11-05T17:30:00Z,9.798668238095239,-4.700918834910994,5.0977494031842445,76.4218,0.640426,TRUE,FALSE,FALSE
LD,2024-11-05T18:00:00Z,31.0131,-25.89320119956516,5.119898800434844,142.312,0.598997,TRUE,FALSE,FALSE
LD,2024-11-05T18:30:00Z,6.0607500000000005,-0.91381745036196,5.1469325496380405,189.298,0.60966,TRUE,FALSE,FALSE
LD,2024-11-05T19:30:00Z,6.91918,-1.7397545835279784,5.1794254164720215,125.601,0.617324,TRUE,FALSE,FALSE
LD,2024-11-05T21:00:00Z,11.797602000000001,-6.604507352290245,5.193094647709756,55.2534,0.737039,TRUE,FALSE,FALSE
LD,2024-11-05T22:30:00Z,3.6806310321875,1.3810642199235894,5.06169525211109,1.82115,0.516772,FALSE,TRUE,FALSE
LD,2024-11-05T23:00:00Z,3.3529081545,1.6461728174135621,4.999080971913562,0.108553,0.477123,FALSE,TRUE,FALSE
LD,2024-11-05T23:30:00Z,3.742278399137931,1.2023845489319096,4.9446629480698405,2.98813e-4,0.455524,FALSE,TRUE,FALSE
LD,2024-11-06T00:00:00Z,3.742278399137931,1.2012783961018862,4.943556795239817,0,0.526837,FALSE,TRUE,FALSE
LD,2024-11-06T00:30:00Z,3.7419131528901732,1.19459685961959,4.936510012509763,0,0.565404,FALSE,TRUE,FALSE
LD,2024-11-06T01:00:00Z,3.733073357267442,1.18681161852983,4.919884975797272,0,0.578272,FALSE,TRUE,FALSE
LD,2024-11-06T01:30:00Z,3.7251786985380115,1.20815186978407,4.933330568322082,0,0.702888,FALSE,TRUE,FALSE
LD,2024-11-06T02:00:00Z,2.977478509090909,1.9041720899522718,4.881650599043181,0,0.729369,FALSE,TRUE,FALSE
LD,2024-11-06T02:30:00Z,3.714353800295858,1.0480509069334492,4.762404707229307,0,0.531081,FALSE,TRUE,FALSE
LD,2024-11-06T03:00:00Z,3.706266280059524,1.0187820664400102,4.725048346499534,0,0.440183,FALSE,TRUE,FALSE
LD,2024-11-06T03:30:00Z,3.6988840434131736,1.0416525229190268,4.7405365663322,0,0.53772,FALSE,TRUE,FALSE
LD,2024-11-06T04:00:00Z,3.691416080421687,1.0717814866380135,4.7631975670597,0,0.43487,FALSE,TRUE,FALSE
LD,2024-11-06T04:30:00Z,3.6734069334337347,1.0955803770197647,4.768987310453499,0,0.508452,FALSE,TRUE,FALSE
LD,2024-11-06T05:00:00Z,1.7154700000000003,3.050523158634902,4.7659931586349025,0,0.519694,FALSE,TRUE,FALSE
LD,2024-11-06T05:30:00Z,8.225636999999999,-3.481048691373572,4.744588308626427,0,0.479817,TRUE,FALSE,FALSE
LD,2024-11-06T06:30:00Z,6.008958,-1.3311576987775613,4.6778003012224385,0,0.485077,TRUE,FALSE,FALSE
LD,2024-11-06T07:00:00Z,5.18976,-0.5636566332316244,4.626103366768375,0,0.397556,TRUE,FALSE,FALSE
LD,2024-11-06T08:00:00Z,5.168549,-0.6859249115818242,4.482624088418175,0,0.343697,TRUE,FALSE,FALSE
LD,2024-11-06T08:30:00Z,5.042243999999999,-0.5667197405206679,4.475524259479331,0,0.298677,TRUE,FALSE,FALSE
LD,2024-11-06T11:30:00Z,6.77318,-2.465189693746307,4.307990306253693,0,0.264777,TRUE,FALSE,FALSE
LD,2024-11-06T12:00:00Z,4.926806999999999,-0.6232793221961153,4.303527677803884,0.004586,0.35318,TRUE,FALSE,FALSE
LD,2024-11-06T13:00:00Z,5.4504193,-1.2074074050074701,4.24301189499253,8.47724,0.353876,TRUE,FALSE,FALSE
LD,2024-11-06T22:00:00Z,5.283726234264706,-1.3305471715118657,3.9531790627528403,26.0941,0.311165,TRUE,FALSE,FALSE
LD,2024-11-07T02:00:00Z,4.747275,-0.9139123486590681,3.833362651340932,0,0.259743,TRUE,FALSE,FALSE
LD,2024-11-07T09:30:00Z,5.466667,-1.7311259503738192,3.735541049626181,0,0.258479,TRUE,FALSE,FALSE
LD,2024-11-07T10:30:00Z,4.914745,-1.2073801284176664,3.7073648715823335,0,0.24145,TRUE,FALSE,FALSE
LD,2024-11-07T12:00:00Z,2.3939231422,1.1291123507241942,3.523035492924194,0.0100176,0.0810206,FALSE,TRUE,FALSE
LD,2024-11-07T12:30:00Z,2.3050713514634147,1.1575309607012603,3.462602312164675,2.45846,0.117431,FALSE,TRUE,FALSE
LD,2024-11-08T00:00:00Z,2.470376516031746,1.0859598304710212,3.5563363465027673,0,0.16443,FALSE,TRUE,FALSE
LD,2024-11-08T00:30:00Z,2.4143798656896553,1.113707721295183,3.5280875869848383,0,0.193809,FALSE,TRUE,FALSE
LD,2024-11-08T01:00:00Z,2.1558299300000003,1.3644880471680851,3.5203179771680855,0,0.229812,FALSE,TRUE,FALSE
LD,2024-11-08T02:30:00Z,4.354777,-0.8462852776850727,3.5084917223149277,0,0.375844,TRUE,FALSE,FALSE
LD,2024-11-08T04:30:00Z,2.465096,1.0775760543267086,3.5426720543267085,0,0.262557,FALSE,TRUE,FALSE
LD,2024-11-08T07:00:00Z,2.3670139,1.3079069780962347,3.6749208780962346,0,0.256248,FALSE,TRUE,FALSE
LD,2024-11-08T09:00:00Z,4.295037,-0.6458172831794982,3.6492197168205016,0,0.424469,TRUE,FALSE,FALSE
LD,2024-11-08T10:00:00Z,2.327882,1.2302059592152985,3.5580879592152983,0,0.3656,FALSE,TRUE,FALSE
LD,2024-11-08T11:30:00Z,2.345209,1.058741989505592,3.403950989505592,0,0.234116,FALSE,TRUE,FALSE
LD,2024-11-08T12:00:00Z,2.3068942415625,1.0602006837746956,3.3670949253371956,0.0165738,0.162125,FALSE,TRUE,FALSE
LD,2024-11-08T12:30:00Z,2.3068942415625,1.0586483035452883,3.3655425451077883,2.05239,0.175812,FALSE,TRUE,FALSE
LD,2024-11-09T03:30:00Z,1.971703676923077,1.1619256912544782,3.133629368177555,0,0.0728317,FALSE,TRUE,FALSE
LD,2024-11-09T04:00:00Z,2.0491750714285715,1.0850431140692938,3.1342181854978652,0,0.088089,FALSE,TRUE,FALSE
LD,2024-11-09T04:30:00Z,1.6633897454545454,1.4291949607835892,3.0925847062381346,0,0.102261,FALSE,TRUE,FALSE
LD,2024-11-09T05:00:00Z,1.6633897454545454,1.4277360413827915,3.091125786837337,0,0.138651,FALSE,TRUE,FALSE
LD,2024-11-09T05:30:00Z,1.59520782,1.4453232514261047,3.0405310714261047,0,0.0744964,FALSE,TRUE,FALSE
LD,2024-11-09T06:00:00Z,1.783926859090909,1.094125130643777,2.878051989734686,0,0.0494983,FALSE,TRUE,FALSE
LD,2024-11-09T06:30:00Z,1.783926859090909,1.0316666692328649,2.815593528323774,1.26345e-5,0.0361316,FALSE,TRUE,FALSE
LD,2024-11-09T09:30:00Z,1.783926859090909,1.0207491443010814,2.8046760033919904,0,0.149723,FALSE,TRUE,FALSE
LD,2024-11-09T10:00:00Z,1.783926859090909,1.035208418636653,2.819135277727562,0,0.151731,FALSE,TRUE,FALSE
LD,2024-11-09T10:30:00Z,1.783926859090909,1.009619815903671,2.79354667499458,0,0.170332,FALSE,TRUE,FALSE
LD,2024-11-10T02:00:00Z,1.896935,1.6720851091516717,3.569020109151672,0,0.455035,FALSE,TRUE,FALSE
LD,2024-11-10T02:30:00Z,2.256612,1.3173259890104592,3.5739379890104592,0,0.462389,FALSE,TRUE,FALSE
LD,2024-11-10T03:30:00Z,2.4602719,1.0809560369736362,3.541227936973636,0,0.524979,FALSE,TRUE,FALSE
LD,2024-11-10T04:30:00Z,2.3636578000000004,1.125882259526231,3.4895400595262314,0,0.417086,FALSE,TRUE,FALSE
LD,2024-11-10T05:00:00Z,2.1428466999999998,1.3232853465952412,3.466132046595241,0,0.438331,FALSE,TRUE,FALSE
LD,2024-11-10T05:30:00Z,2.3989066,1.0520167620997798,3.45092336209978,0,0.404621,FALSE,TRUE,FALSE
LD,2024-11-10T12:30:00Z,1.1808699999999999,1.9790810699135741,3.159951069913574,0.196198,0.26171,FALSE,TRUE,FALSE
LD,2024-11-10T13:30:00Z,22.08682,-18.909059025384263,3.1777609746157367,13.8841,0.276045,TRUE,FALSE,FALSE
LD,2024-11-10T14:00:00Z,3.9968472125925927,-0.7995615178118554,3.1972856947807373,30.0272,0.318733,TRUE,FALSE,FALSE
LD,2024-11-10T15:00:00Z,20.11925,-16.86520739436239,3.2540426056376104,65.9076,0.391979,TRUE,FALSE,FALSE
LD,2024-11-10T16:00:00Z,6.6058,-3.29088822362107,3.3149117763789304,63.4137,0.284144,TRUE,FALSE,FALSE
LD,2024-11-10T21:00:00Z,4.2761523,-0.5609725950699143,3.7151797049300854,16.8441,0.20159,TRUE,FALSE,FALSE
LD,2024-11-10T22:30:00Z,15.3113,-11.779741142874448,3.531558857125552,21.7539,0.474881,TRUE,FALSE,FALSE
LD,2024-11-11T00:00:00Z,-1.64981,5.17335716422956,3.52354716422956,2.83527e-5,0.528005,FALSE,TRUE,FALSE
LD,2024-11-11T01:00:00Z,18.269374,-14.716733529408772,3.5526404705912262,0,0.489161,TRUE,FALSE,FALSE
LD,2024-11-11T01:30:00Z,4.264527999999999,-0.7575975362632983,3.506930463736701,0,0.577992,TRUE,FALSE,FALSE
LD,2024-11-11T03:00:00Z,13.623750000000001,-10.165982605841224,3.4577673941587777,0,0.578494,TRUE,FALSE,FALSE
LD,2024-11-11T06:00:00Z,4.017076,-0.589951242515403,3.4271247574845973,0,0.501162,TRUE,FALSE,FALSE
LD,2024-11-11T07:00:00Z,0.39321200000000006,3.0266774458600634,3.4198894458600635,0,0.694637,FALSE,TRUE,FALSE
LD,2024-11-11T08:00:00Z,4.199742,-0.8286115175069755,3.371130482493024,0,0.521705,TRUE,FALSE,FALSE
LD,2024-11-11T12:00:00Z,6.585586,-3.254893301600214,3.330692698399786,4.36632e-4,0.774108,TRUE,FALSE,FALSE
LD,2024-11-11T12:30:00Z,3.9070219999999996,-0.5858062487744169,3.3212157512255827,0.238141,0.66374,TRUE,FALSE,FALSE
LD,2024-11-12T12:00:00Z,2.9453793919526623,-0.9664540197806033,1.978925372172059,0.00677015,0.0410003,TRUE,FALSE,FALSE
LD,2024-11-12T12:30:00Z,2.937485366117647,-1.0097500418923977,1.9277353242252493,1.56133,0.0718834,TRUE,FALSE,FALSE
LD,2024-11-14T07:30:00Z,-0.7856000000000005,3.2642570824093995,2.478657082409399,0,0.32676500000000003,FALSE,TRUE,FALSE
LD,2024-11-14T11:00:00Z,-7.18713,9.641256785043561,2.4541267850435613,0,0.287613,FALSE,TRUE,TRUE
LD,2024-11-14T13:30:00Z,-8.7134,11.17898074941681,2.465580749416811,8.72105,0.308633,FALSE,TRUE,TRUE
LD,2024-11-14T14:00:00Z,28.23097,-25.754535366832812,2.4764346331671883,14.6172,0.291991,TRUE,FALSE,FALSE
LD,2024-11-14T14:30:00Z,9.493970000000001,-7.006806597006966,2.4871634029930356,25.8042,0.343445,TRUE,FALSE,FALSE
LD,2024-11-14T17:00:00Z,5.891769999999999,-3.3466061584751734,2.545163841524826,46.3947,0.148535,TRUE,FALSE,FALSE
LD,2024-11-15T02:30:00Z,3.7660912,-1.2495760745658142,2.5165151254341858,3.82392e-4,0.254611,TRUE,FALSE,FALSE
LD,2024-11-15T09:00:00Z,3.035878,-0.5982899480539299,2.43758805194607,1.09466e-4,0.236974,TRUE,FALSE,FALSE
LD,2024-11-15T09:30:00Z,3.414012,-0.9648440864607446,2.4491679135392554,2.69721e-4,0.2528,TRUE,FALSE,FALSE
LD,2024-11-15T10:00:00Z,3.3497881,-0.9016433110764255,2.4481447889235746,7.59361e-5,0.252102,TRUE,FALSE,FALSE
LD,2024-11-15T10:30:00Z,3.067972,-0.6307589581874438,2.4372130418125564,1.37079e-4,0.236362,TRUE,FALSE,FALSE
LD,2024-11-15T12:30:00Z,4.0572019,-1.6545289996260055,2.4026729003739944,0.20267,0.251883,TRUE,FALSE,FALSE
LD,2024-11-17T00:30:00Z,3.9618610000000003,-1.4954139367942774,2.466447063205723,0,0.352907,TRUE,FALSE,FALSE
LD,2024-11-17T03:00:00Z,1.012839,1.4431412490114042,2.455980249011404,5.5029e-4,0.477678,FALSE,TRUE,FALSE
LD,2024-11-17T03:30:00Z,2.9963728,-0.5500250893631451,2.446347710636855,7.78838e-4,0.557816,TRUE,FALSE,FALSE
LD,2024-11-17T06:30:00Z,1.326688,1.0235947848653082,2.3502827848653083,0.00230471,0.27817,FALSE,TRUE,FALSE
LD,2024-11-17T13:00:00Z,3.201294,-0.6974742473674858,2.503819752632514,1.52694,0.471417,TRUE,FALSE,FALSE
LD,2024-11-17T20:30:00Z,13.24231,-10.303951242744251,2.938358757255749,74.3379,0.481975,TRUE,FALSE,FALSE
LD,2024-11-18T15:00:00Z,5.79899,-3.405395546626067,2.393594453373933,186.945,0.133461,TRUE,FALSE,FALSE
LD,2024-11-18T17:00:00Z,25.2514,-22.439972803422897,2.8114271965771036,273.953,0.281061,TRUE,FALSE,FALSE
LD,2024-11-18T20:30:00Z,4.44790695,-1.2375247798014368,3.2103821701985633,NA,NA,TRUE,FALSE,FALSE
LD,2024-11-18T21:00:00Z,16.5503,-13.351188308195258,3.1991116918047413,46.3308,0.227936,TRUE,FALSE,FALSE
LD,2024-11-18T21:30:00Z,7.13399,-3.9420704395491066,3.191919560450893,22.5309,0.237128,TRUE,FALSE,FALSE
LD,2024-11-18T22:30:00Z,-3.8616099999999998,7.035605592254282,3.1739955922542826,1.76008,0.245668,FALSE,TRUE,FALSE
LD,2024-11-18T23:00:00Z,3.967500000000001,-0.856082778285491,3.11141722171451,0.0376591,0.257584,TRUE,FALSE,FALSE
LD,2024-11-18T23:30:00Z,1.8000455293023254,1.2683087402590076,3.068354269561333,7.59361e-5,0.271969,FALSE,TRUE,FALSE
LD,2024-11-19T00:00:00Z,1.8009699559523809,1.284771480904921,3.085741436857302,0,0.336602,FALSE,TRUE,FALSE
LD,2024-11-19T00:30:00Z,1.9506676294339622,1.094633733124917,3.045301362558879,0,0.323746,FALSE,TRUE,FALSE
LD,2024-11-19T03:00:00Z,9.61133,-6.616881978075133,2.994448021924867,0,0.46209,TRUE,FALSE,FALSE
LD,2024-11-19T04:30:00Z,-0.839004,3.883859802253357,3.0448558022533567,0,0.509373,FALSE,TRUE,FALSE
LD,2024-11-19T06:30:00Z,1.400189,1.68610887253627,3.08629787253627,3.64888e-5,0.448293,FALSE,TRUE,FALSE
LD,2024-11-19T07:00:00Z,1.8448879999999999,1.2597231328302618,3.1046111328302617,7.44569e-5,0.531619,FALSE,TRUE,FALSE
LD,2024-11-19T07:30:00Z,1.650647,1.4634916782712433,3.1141386782712432,1.43243e-4,0.59768,FALSE,TRUE,FALSE
LD,2024-11-19T09:30:00Z,1.7429129202702702,1.4703392526506738,3.213252172920944,9.2208e-5,0.589543,FALSE,TRUE,FALSE
LD,2024-11-19T10:00:00Z,1.7429129202702702,1.4830510723683341,3.2259639926386043,0,0.563899,FALSE,TRUE,FALSE
LD,2024-11-19T10:30:00Z,1.75921663,1.487049000217136,3.246265630217136,1.79485e-4,0.629167,FALSE,TRUE,FALSE
LD,2024-11-19T11:00:00Z,8.287499999999998,-5.0012089268910636,3.2862910731089348,0,0.564187,TRUE,FALSE,FALSE
LD,2024-11-19T11:30:00Z,5.2096800000000005,-1.914806918324632,3.2948730816753686,0,0.50709,TRUE,FALSE,FALSE
LD,2024-11-19T13:00:00Z,2.2618515228140703,1.0665404195230415,3.3283919423371118,0.550119,0.502101,FALSE,TRUE,FALSE
LD,2024-11-19T13:30:00Z,-0.511078,3.8814138647802308,3.370335864780231,2.06396,0.596022,FALSE,TRUE,FALSE
LD,2024-11-19T14:00:00Z,2.2878024482524273,1.0905156798645246,3.378318128116952,6.58224,0.532455,FALSE,TRUE,FALSE
LD,2024-11-19T20:30:00Z,4.44790695,-0.9638628079287526,3.4840441420712476,NA,NA,TRUE,FALSE,FALSE
LD,2024-11-20T02:30:00Z,4.8865966,-1.9843723897523255,2.9022242102476743,NA,NA,TRUE,FALSE,FALSE
LD,2024-11-20T03:00:00Z,5.4315967999999994,-2.541530195920372,2.8900666040796272,NA,NA,TRUE,FALSE,FALSE
LD,2024-11-20T03:30:00Z,4.0738844,-1.1958275741675362,2.8780568258324637,NA,NA,TRUE,FALSE,FALSE
LD,2024-11-20T07:30:00Z,3.8151256249999994,-0.9168622567084856,2.8982633682915138,NA,NA,TRUE,FALSE,FALSE
LD,2024-11-20T08:00:00Z,3.918839675,-1.0130062843728536,2.9058333906271465,NA,NA,TRUE,FALSE,FALSE
LD,2024-11-20T08:30:00Z,4.215118485714286,-1.3023777994191579,2.912740686295128,NA,NA,TRUE,FALSE,FALSE
LD,2024-11-20T09:00:00Z,4.1439079,-1.2217038089998127,2.9222040910001876,NA,NA,TRUE,FALSE,FALSE
LD,2024-11-20T12:00:00Z,3.4768223,-0.500810263029436,2.976012036970564,NA,NA,TRUE,FALSE,FALSE
LD,2024-11-21T00:30:00Z,1.7130226899999998,1.1946901779238193,2.907712867923819,0,0.251441,FALSE,TRUE,FALSE
LD,2024-11-21T01:00:00Z,-6.188388,8.97971894655832,2.7913309465583196,0,0.684223,FALSE,TRUE,TRUE
LD,2024-11-21T01:30:00Z,-6.384699999999999,9.081987914668906,2.6972879146689066,0,0.40721,FALSE,TRUE,TRUE
LD,2024-11-21T02:00:00Z,5.949558,-3.222592284445021,2.7269657155549787,0,0.313926,TRUE,FALSE,FALSE
LD,2024-11-21T02:30:00Z,13.741337,-10.998879362708113,2.7424576372918863,0,0.381343,TRUE,FALSE,FALSE
LD,2024-11-21T03:00:00Z,1.515458,1.0873238915944692,2.602781891594469,0,0.376942,FALSE,TRUE,FALSE
LD,2024-11-21T04:00:00Z,-3.6596990000000003,6.1454282990565385,2.485729299056538,0,0.265274,FALSE,TRUE,FALSE
LD,2024-11-21T05:00:00Z,3.9893599999999996,-1.474729734444339,2.5146302655556605,0,0.260652,TRUE,FALSE,FALSE
LD,2024-11-21T05:30:00Z,4.929879999999999,-2.41560658957681,2.514273410423189,3.57492e-5,0.321338,TRUE,FALSE,FALSE
LD,2024-11-21T07:30:00Z,-1.453385,3.9210939899407986,2.4677089899407987,0,0.310373,FALSE,TRUE,FALSE
LD,2024-11-21T08:00:00Z,11.975136,-9.53735261857312,2.4377833814268794,0,0.423863,TRUE,FALSE,FALSE
LD,2024-11-21T08:30:00Z,10.523810000000001,-8.099170531837766,2.424639468162235,1.6346e-4,0.411371,TRUE,FALSE,FALSE
LD,2024-11-21T10:00:00Z,-4.445119999999999,6.872057092156993,2.4269370921569933,1.93538e-4,0.409638,FALSE,TRUE,FALSE
LD,2024-11-21T10:30:00Z,0.5722399999999999,1.8582268533075608,2.4304668533075606,1.53105e-4,0.372498,FALSE,TRUE,FALSE
LD,2024-11-21T14:00:00Z,6.6483300000000005,-4.160383811886898,2.487946188113103,90.9918,0.341936,TRUE,FALSE,FALSE
LD,2024-11-21T17:30:00Z,11.320838,-8.715619757285445,2.6052182427145545,206.361,0.477739,TRUE,FALSE,FALSE
LD,2024-11-22T01:30:00Z,1.4965588644444443,1.004462094713951,2.5010209591583954,8.629e-6,0.094702,FALSE,TRUE,FALSE
LD,2024-11-22T02:00:00Z,1.4965588644444443,1.0012377068390537,2.497796571283498,2.63804e-5,0.122334,FALSE,TRUE,FALSE
LD,2024-11-22T02:30:00Z,3.6661930000000003,-1.0851464480856947,2.5810465519143055,0,0.257264,TRUE,FALSE,FALSE
LD,2024-11-22T03:00:00Z,3.539972,-0.9407713564005209,2.5992006435994792,0,0.278997,TRUE,FALSE,FALSE
LD,2024-11-22T04:00:00Z,4.019676,-1.422107328043357,2.5975686719566426,0,0.317446,TRUE,FALSE,FALSE
LD,2024-11-22T05:00:00Z,1.2346177388235293,1.2577485658009635,2.492366304624493,0,0.0398354,FALSE,TRUE,FALSE
LD,2024-11-22T11:30:00Z,3.552787,-0.7952660010120929,2.757520998987907,1.33628e-4,0.443558,TRUE,FALSE,FALSE
LD,2024-11-23T01:30:00Z,4.59335,-1.4581738503493225,3.1351761496506776,0,0.478875,TRUE,FALSE,FALSE
LD,2024-11-23T06:30:00Z,19.135046000000003,-16.02063841563759,3.114407584362414,0,0.6771,TRUE,FALSE,FALSE
LD,2024-11-23T07:30:00Z,11.63451,-8.553319971772954,3.0811900282270477,0,1.35204,TRUE,FALSE,FALSE
LD,2024-11-23T08:00:00Z,24.40496,-21.331771506460598,3.073188493539403,0,0.907896,TRUE,FALSE,FALSE
LD,2024-11-23T09:00:00Z,-1.7763259999999998,4.83905580703036,3.06272980703036,0,0.56952,FALSE,TRUE,FALSE
LD,2024-11-23T09:30:00Z,0.5120299999999998,2.5490592527293625,3.0610892527293623,0,0.50555,FALSE,TRUE,FALSE
LD,2024-11-23T10:00:00Z,-0.4814596,3.5301145213985583,3.0486549213985583,0,0.437061,FALSE,TRUE,FALSE
LD,2024-11-23T11:30:00Z,4.80816,-1.7987336997583938,3.009426300241606,0,0.400827,TRUE,FALSE,FALSE
LD,2024-11-23T12:00:00Z,5.004162,-1.9871016718152892,3.017060328184711,2.034e-4,0.619603,TRUE,FALSE,FALSE
LD,2024-11-23T23:30:00Z,1.75366,1.3440102178067361,3.097670217806736,0,0.255836,FALSE,TRUE,FALSE
LD,2024-11-24T12:30:00Z,1.8573779999999998,1.048703020781426,2.906081020781426,0.0238765,0.28541,FALSE,TRUE,FALSE
LD,2024-11-24T13:00:00Z,1.72147,1.144251986529075,2.865721986529075,2.12572,0.241625,FALSE,TRUE,FALSE
LD,2024-11-24T23:00:00Z,1.7622572,1.395290878533423,3.157548078533423,0.0193486,0.243061,FALSE,TRUE,FALSE
LD,2024-11-25T00:00:00Z,1.94067754,1.17002992869294,3.11070746869294,0,0.26021,FALSE,TRUE,FALSE
LD,2024-11-25T00:30:00Z,1.8371944,1.2636522461027537,3.1008466461027537,0,0.283451,FALSE,TRUE,FALSE
LD,2024-11-25T01:30:00Z,2.0416811000000004,1.0315079881353255,3.073189088135326,0,0.337592,FALSE,TRUE,FALSE
LD,2024-11-25T02:00:00Z,1.7296676,1.3341602281505294,3.0638278281505293,0,0.30319,FALSE,TRUE,FALSE
LD,2024-11-25T02:30:00Z,1.4379282,1.6038602319897572,3.0417884319897572,0,0.317679,FALSE,TRUE,FALSE
LD,2024-11-25T04:00:00Z,0.478479,2.5094143099208774,2.9878933099208775,0,0.363359,FALSE,TRUE,FALSE
LD,2024-11-25T04:30:00Z,-4.36354,7.276923479759006,2.913383479759006,0,0.40552,FALSE,TRUE,FALSE
LD,2024-11-25T05:00:00Z,6.642670000000001,-3.7820061934103557,2.860663806589645,0,0.287795,TRUE,FALSE,FALSE
LD,2024-11-25T05:30:00Z,0.13453000000000004,2.7110543769872253,2.8455843769872255,0,0.320437,FALSE,TRUE,FALSE
LD,2024-11-25T06:00:00Z,-1.740451,4.5705578483091,2.8301068483091005,0,0.282307,FALSE,TRUE,FALSE
LD,2024-11-25T06:30:00Z,3.5496499999999997,-0.730413896386243,2.8192361036137568,0,0.316416,TRUE,FALSE,FALSE
LD,2024-11-25T07:00:00Z,-0.9619979999999999,3.7687560669285407,2.806758066928541,0,0.308755,FALSE,TRUE,FALSE
LD,2024-11-25T07:30:00Z,1.4054119999999999,1.3936592943172232,2.799071294317223,0,0.309091,FALSE,TRUE,FALSE
LD,2024-11-25T08:00:00Z,1.4445437,1.3516008089322837,2.796144508932284,0,0.292368,FALSE,TRUE,FALSE
LD,2024-11-25T09:00:00Z,-1.0617400000000001,3.8445668989500072,2.782826898950007,0,0.344984,FALSE,TRUE,FALSE
LD,2024-11-25T09:30:00Z,5.72142,-2.9593613694162872,2.762058630583713,0,0.364298,TRUE,FALSE,FALSE
LD,2024-11-25T11:00:00Z,0.7924699999999999,1.9735540778539495,2.7660240778539493,0,0.29606,FALSE,TRUE,FALSE
LD,2024-11-25T11:30:00Z,0.04616500000000001,2.7222827229928344,2.7684477229928346,0,0.314863,FALSE,TRUE,FALSE
LD,2024-11-25T12:30:00Z,8.97431,-6.204308726305012,2.7700012736949877,0.00800953,0.290251,TRUE,FALSE,FALSE
LD,2024-11-25T13:00:00Z,9.61292,-6.857186438125328,2.755733561874673,0.706865,0.288576,TRUE,FALSE,FALSE
LD,2024-11-25T13:30:00Z,1.23457,1.5157835831120778,2.750353583112078,6.88961,0.249696,FALSE,TRUE,FALSE
LD,2024-11-25T23:00:00Z,1.549894,1.2275908584182438,2.777484858418244,0.0129059,0.284802,FALSE,TRUE,FALSE
LD,2024-11-26T00:00:00Z,-3.29232,6.075401899041987,2.7830818990419868,0,0.391984,FALSE,TRUE,FALSE
LD,2024-11-26T01:00:00Z,6.89612,-4.1561161146698575,2.7400038853301423,0,0.774335,TRUE,FALSE,FALSE
LD,2024-11-26T01:30:00Z,1.480823,1.2123825425813743,2.6932055425813743,0,0.672426,FALSE,TRUE,FALSE
LD,2024-11-26T02:00:00Z,-4.202386,6.864284920547074,2.661898920547074,0,0.689851,FALSE,TRUE,FALSE
LD,2024-11-26T03:00:00Z,3.9761408,-1.4038937753276395,2.5722470246723605,0,0.620502,TRUE,FALSE,FALSE
LD,2024-11-26T03:30:00Z,8.55864,-6.003089960591625,2.5555500394083754,0,0.586383,TRUE,FALSE,FALSE
LD,2024-11-26T04:00:00Z,3.6505,-1.1033337675427992,2.547166232457201,0,0.601285,TRUE,FALSE,FALSE
LD,2024-11-26T05:00:00Z,4.94851,-2.405545975080238,2.542964024919762,0,0.684078,TRUE,FALSE,FALSE
LD,2024-11-26T06:30:00Z,3.659399,-1.1300161685304766,2.5293828314695235,0,0.681694,TRUE,FALSE,FALSE
LD,2024-11-26T07:00:00Z,15.232598,-12.702175811118108,2.5304221888818916,0,0.6219,TRUE,FALSE,FALSE
LD,2024-11-26T08:00:00Z,-0.3871000000000011,2.829327737274192,2.442227737274191,0,0.616218,FALSE,TRUE,FALSE
LD,2024-11-26T08:30:00Z,-1.1121999999999996,3.5018333224521645,2.389633322452165,0,0.704232,FALSE,TRUE,FALSE
LD,2024-11-26T09:00:00Z,-1.1209699999999998,3.5087482487905115,2.3877782487905117,0,0.583754,FALSE,TRUE,FALSE
LD,2024-11-26T10:00:00Z,0.9463900000000001,1.4364687505534053,2.3828587505534053,0,0.655585,FALSE,TRUE,FALSE
LD,2024-11-26T12:00:00Z,2.9883019999999996,-0.7481539104427117,2.240148089557288,0,0.683315,TRUE,FALSE,FALSE
LD,2024-11-26T12:30:00Z,-0.22489009999999998,2.412250351821088,2.187360251821088,0.0373147,0.726544,FALSE,TRUE,FALSE
LD,2024-11-27T03:30:00Z,5.3950936,-2.860803641591283,2.534289958408717,NA,NA,TRUE,FALSE,FALSE
LD,2024-11-27T04:00:00Z,5.2834477,-2.7645636829085807,2.5188840170914193,NA,NA,TRUE,FALSE,FALSE
LD,2024-11-27T04:30:00Z,4.8136985,-2.3023166344189634,2.5113818655810367,NA,NA,TRUE,FALSE,FALSE
LD,2024-11-27T05:00:00Z,3.370859,-0.8641776230460247,2.506681376953975,NA,NA,TRUE,FALSE,FALSE
LD,2024-11-27T05:30:00Z,3.37308375,-0.8699218259317063,2.503161924068294,NA,NA,TRUE,FALSE,FALSE
LD,2024-11-27T06:00:00Z,5.7449866,-3.2439043151546425,2.5010822848453573,NA,NA,TRUE,FALSE,FALSE
LD,2024-11-27T06:30:00Z,5.94410575,-3.457065294700661,2.4870404552993395,NA,NA,TRUE,FALSE,FALSE
LD,2024-11-27T07:00:00Z,5.323044749999999,-2.8541926133033053,2.468852136696694,NA,NA,TRUE,FALSE,FALSE
LD,2024-11-27T07:30:00Z,4.34817425,-1.907402733079898,2.4407715169201016,NA,NA,TRUE,FALSE,FALSE
LD,2024-11-27T08:00:00Z,3.153082,-0.7402760001056876,2.4128059998943123,NA,NA,TRUE,FALSE,FALSE
LD,2024-11-28T03:30:00Z,5.3950936,-2.8938765229525147,2.5012170770474853,NA,NA,TRUE,FALSE,FALSE
LD,2024-11-28T04:00:00Z,5.2834477,-2.7974444538868317,2.4860032461131683,NA,NA,TRUE,FALSE,FALSE
LD,2024-11-28T04:30:00Z,4.8136985,-2.3351083923091656,2.4785901076908345,NA,NA,TRUE,FALSE,FALSE
LD,2024-11-28T05:00:00Z,3.370859,-0.8969169113928741,2.4739420886071257,NA,NA,TRUE,FALSE,FALSE
LD,2024-11-28T05:30:00Z,3.37308375,-0.9026240456548718,2.4704597043451284,NA,NA,TRUE,FALSE,FALSE
LD,2024-11-28T06:00:00Z,5.7449866,-3.27658826144191,2.4683983385580897,NA,NA,TRUE,FALSE,FALSE
LD,2024-11-28T06:30:00Z,5.94410575,-3.4895745940689045,2.454531155931096,NA,NA,TRUE,FALSE,FALSE
LD,2024-11-28T07:00:00Z,5.323044749999999,-2.8864729550935033,2.436571794906496,NA,NA,TRUE,FALSE,FALSE
LD,2024-11-28T07:30:00Z,4.34817425,-1.9393246150425547,2.408849634957445,NA,NA,TRUE,FALSE,FALSE
LD,2024-11-28T08:00:00Z,3.153082,-0.7718407326413015,2.3812412673586985,NA,NA,TRUE,FALSE,FALSE
LD,2024-11-29T04:00:00Z,3.2759937363636364,-0.7958505987806341,2.4801431375830023,NA,NA,TRUE,FALSE,FALSE
LD,2024-11-29T05:30:00Z,3.6850240000000003,-1.2360541902428124,2.448969809757188,NA,NA,TRUE,FALSE,FALSE
LD,2024-11-29T06:00:00Z,5.044034545454545,-2.598048534863446,2.4459860105910995,NA,NA,TRUE,FALSE,FALSE
LD,2024-11-29T06:30:00Z,5.175738363636364,-2.7319686398768077,2.443769723759556,NA,NA,TRUE,FALSE,FALSE
LD,2024-11-29T07:00:00Z,6.680320975,-4.2391905455244645,2.4411304294755354,NA,NA,TRUE,FALSE,FALSE
LD,2024-11-29T07:30:00Z,6.661843225,-4.226297766560781,2.4355454584392193,NA,NA,TRUE,FALSE,FALSE
LD,2024-11-29T08:00:00Z,4.136582308333333,-1.708749029218191,2.427833279115142,NA,NA,TRUE,FALSE,FALSE
LD,2024-11-29T08:30:00Z,3.4668198083333333,-1.0468154217902197,2.4200043865431136,NA,NA,TRUE,FALSE,FALSE
LD,2024-11-29T12:00:00Z,3.0217902414285716,-0.621800010950639,2.3999902304779326,NA,NA,TRUE,FALSE,FALSE
LD,2024-11-30T04:00:00Z,3.1640314555555555,-0.6474388288087725,2.516592626746783,NA,NA,TRUE,FALSE,FALSE
LD,2024-11-30T05:30:00Z,3.6850240000000003,-1.1894190871488197,2.4956049128511806,NA,NA,TRUE,FALSE,FALSE
LD,2024-11-30T06:00:00Z,5.044034545454545,-2.552473719632373,2.4915608258221726,NA,NA,TRUE,FALSE,FALSE
LD,2024-11-30T06:30:00Z,5.175738363636364,-2.6900702399633967,2.485668123672967,NA,NA,TRUE,FALSE,FALSE
LD,2024-11-30T07:00:00Z,6.680320975,-4.2032508286515045,2.4770701463484954,NA,NA,TRUE,FALSE,FALSE
LD,2024-11-30T07:30:00Z,6.661843225,-4.197598558105177,2.4642446668948232,NA,NA,TRUE,FALSE,FALSE
LD,2024-11-30T08:00:00Z,4.136582308333333,-1.6857278425555413,2.4508544657777915,NA,NA,TRUE,FALSE,FALSE
LD,2024-11-30T08:30:00Z,3.4668198083333333,-1.0278791022604485,2.4389407060728847,NA,NA,TRUE,FALSE,FALSE
LD,2024-11-30T12:00:00Z,3.157655798235294,-0.7870851901757643,2.3705706080595297,NA,NA,TRUE,FALSE,FALSE
LD,2024-11-30T12:30:00Z,2.8610340338888887,-0.5051269073021865,2.355907126586702,NA,NA,TRUE,FALSE,FALSE
LD,2024-12-01T04:00:00Z,3.1640314555555555,-0.7022593860898514,2.461772069465704,NA,NA,TRUE,FALSE,FALSE
LD,2024-12-01T06:00:00Z,3.6349334000000004,-1.2038009301808095,2.431132469819191,NA,NA,TRUE,FALSE,FALSE
LD,2024-12-01T12:00:00Z,2.9419672383333335,-0.6372460957027188,2.3047211426306147,NA,NA,TRUE,FALSE,FALSE
LD,2024-12-02T04:00:00Z,3.1640314555555555,-0.7287186306000124,2.435312824955543,NA,NA,TRUE,FALSE,FALSE
LD,2024-12-02T06:00:00Z,3.6349334000000004,-1.2536886543769659,2.3812447456230346,NA,NA,TRUE,FALSE,FALSE
LD,2024-12-02T06:30:00Z,2.907062888888889,-0.5353757612949539,2.371687127593935,NA,NA,TRUE,FALSE,FALSE
LD,2024-12-02T12:00:00Z,3.172475886,-0.9295737584379933,2.2429021275620067,NA,NA,TRUE,FALSE,FALSE
LD,2024-12-02T12:30:00Z,3.04829239,-0.818964068302158,2.229328321697842,NA,NA,TRUE,FALSE,FALSE
LD,2024-12-02T13:00:00Z,2.9715445099999998,-0.756581117949064,2.2149633920509357,NA,NA,TRUE,FALSE,FALSE
LD,2024-12-02T13:30:00Z,2.7153674555555556,-0.5099273115387395,2.205440144016816,NA,NA,TRUE,FALSE,FALSE
LD,2024-12-03T03:00:00Z,2.9957237,-0.6377937078049247,2.3579299921950754,NA,NA,TRUE,FALSE,FALSE
LD,2024-12-03T03:30:00Z,5.3950936,-3.059240929758675,2.335852670241325,NA,NA,TRUE,FALSE,FALSE
LD,2024-12-03T04:00:00Z,5.2834477,-2.9618483087780874,2.3215993912219126,NA,NA,TRUE,FALSE,FALSE
LD,2024-12-03T04:30:00Z,4.8136985,-2.499067181760174,2.314631318239826,NA,NA,TRUE,FALSE,FALSE
LD,2024-12-03T05:00:00Z,3.370859,-1.0606133531271205,2.3102456468728794,NA,NA,TRUE,FALSE,FALSE
LD,2024-12-03T05:30:00Z,3.37308375,-1.066135144270698,2.306948605729302,NA,NA,TRUE,FALSE,FALSE
LD,2024-12-03T06:00:00Z,5.7449866,-3.4400079928782477,2.304978607121752,NA,NA,TRUE,FALSE,FALSE
LD,2024-12-03T06:30:00Z,5.94410575,-3.652121090910122,2.2919846590898785,NA,NA,TRUE,FALSE,FALSE
LD,2024-12-03T07:00:00Z,5.323044749999999,-3.047874664044493,2.2751700859555064,NA,NA,TRUE,FALSE,FALSE
LD,2024-12-03T07:30:00Z,4.34817425,-2.098934024855838,2.2492402251441614,NA,NA,TRUE,FALSE,FALSE
LD,2024-12-03T08:00:00Z,3.153082,-0.9296643953193722,2.2234176046806278,NA,NA,TRUE,FALSE,FALSE
LD,2024-12-04T01:30:00Z,2.6782664633333333,-0.5353591183128361,2.142907345020497,NA,NA,TRUE,FALSE,FALSE
LD,2024-12-04T06:00:00Z,2.989761173076923,-0.90217678915129,2.087584383925633,NA,NA,TRUE,FALSE,FALSE
LD,2024-12-04T07:00:00Z,4.079448459259259,-1.9899353320720037,2.0895131271872556,NA,NA,TRUE,FALSE,FALSE
LD,2024-12-04T07:30:00Z,4.146291935714286,-2.057806003719286,2.088485931995,NA,NA,TRUE,FALSE,FALSE
LD,2024-12-04T08:00:00Z,3.1126107655172413,-1.0282735948482764,2.084337170668965,NA,NA,TRUE,FALSE,FALSE
LD,2024-12-04T08:30:00Z,2.6391971266666667,-0.559502589176399,2.079694537490268,NA,NA,TRUE,FALSE,FALSE
LD,2024-12-05T06:00:00Z,2.9158491037037035,-0.88898155332516815,2.0268675503785354,NA,NA,TRUE,FALSE,FALSE
LD,2024-12-05T07:00:00Z,3.969258703571428,-1.9422795108247688,2.0269791927466594,NA,NA,TRUE,FALSE,FALSE
LD,2024-12-05T07:30:00Z,4.146291935714285,-2.1207825991987255,2.02550933651556,NA,NA,TRUE,FALSE,FALSE
LD,2024-12-05T08:00:00Z,3.1126107655172413,-1.0912149397461821,2.021395825771059,NA,NA,TRUE,FALSE,FALSE
LD,2024-12-05T08:30:00Z,2.6391971266666663,-0.6230642324914726,2.0161328941751937,NA,NA,TRUE,FALSE,FALSE
LD,2024-12-06T06:00:00Z,2.792347432,-0.8304558219777567,1.9618916100222434,NA,NA,TRUE,FALSE,FALSE
LD,2024-12-06T06:30:00Z,2.5630933120000003,-0.600210598715841,1.9628827132841593,NA,NA,TRUE,FALSE,FALSE
LD,2024-12-06T07:00:00Z,3.869903565384616,-1.9066875639231775,1.9632160014614384,NA,NA,TRUE,FALSE,FALSE
LD,2024-12-06T07:30:00Z,3.802024528,-1.8395024918978014,1.9625220361021987,NA,NA,TRUE,FALSE,FALSE
LD,2024-12-06T08:00:00Z,2.662313507692308,-0.7027492567002949,1.959564250992013,NA,NA,TRUE,FALSE,FALSE
LD,2024-12-06T12:00:00Z,2.5259220262162163,-0.5838159729127057,1.9421060533035106,NA,NA,TRUE,FALSE,FALSE
LD,2024-12-07T00:00:00Z,2.2543270776,-1.2891661006229476,0.9651609769770525,NA,NA,TRUE,FALSE,FALSE
LD,2024-12-07T00:30:00Z,2.2914003256,-1.3496552597412366,0.9417450658587636,NA,NA,TRUE,FALSE,FALSE
LD,2024-12-07T01:00:00Z,2.1616951373076922,-1.2227455811969397,0.9389495561107525,NA,NA,TRUE,FALSE,FALSE
LD,2024-12-07T01:30:00Z,2.01712280762963,-1.077749889660192,0.939372917969438,NA,NA,TRUE,FALSE,FALSE
LD,2024-12-07T02:00:00Z,1.8555015930714285,-0.9227258585806994,0.932775734490729,NA,NA,TRUE,FALSE,FALSE
LD,2024-12-07T02:30:00Z,1.5191575668888888,-0.5865363582035984,0.9326212086852904,NA,NA,TRUE,FALSE,FALSE
LD,2024-12-07T03:30:00Z,1.52663675104,-0.5947047938240707,0.9319319572159294,NA,NA,TRUE,FALSE,FALSE
LD,2024-12-07T04:00:00Z,2.315824128,-1.389420752783649,0.926403375216351,NA,NA,TRUE,FALSE,FALSE
LD,2024-12-07T04:30:00Z,2.1119403,-1.190341989628265,0.9215983103717351,NA,NA,TRUE,FALSE,FALSE
LD,2024-12-07T05:00:00Z,1.5763851519999998,-0.6575868140261523,0.9187983379738476,NA,NA,TRUE,FALSE,FALSE
LD,2024-12-07T05:30:00Z,2.252874152,-1.3418685980027234,0.9110055539972766,NA,NA,TRUE,FALSE,FALSE
LD,2024-12-07T06:00:00Z,2.792347432,-1.8831797198607592,0.909167712139241,NA,NA,TRUE,FALSE,FALSE
LD,2024-12-07T06:30:00Z,2.5630933120000003,-1.6580044638260918,0.9050888481739086,NA,NA,TRUE,FALSE,FALSE
LD,2024-12-08T03:30:00Z,2.49003592,-1.1445365794721867,1.3454993405278133,NA,NA,TRUE,FALSE,FALSE
LD,2024-12-08T04:00:00Z,2.4508001999999998,-1.114474019583179,1.3363261804168207,NA,NA,TRUE,FALSE,FALSE
LD,2024-12-08T04:30:00Z,2.6781230000000003,-1.3469203177905165,1.3312026822094838,NA,NA,TRUE,FALSE,FALSE
LD,2024-12-08T05:00:00Z,2.2993844,-0.9683673100956038,1.3310170899043963,NA,NA,TRUE,FALSE,FALSE
LD,2024-12-08T05:30:00Z,2.8035145,-1.5251704074632824,1.2783440925367175,NA,NA,TRUE,FALSE,FALSE
LD,2024-12-09T05:30:00Z,2.415664722222222,-0.8432183868047722,1.5724463354174498,NA,NA,TRUE,FALSE,FALSE
LD,2024-12-09T16:00:00Z,3.0811731666666673,-0.9349712170131563,2.146201949653511,NA,NA,TRUE,FALSE,FALSE
LD,2024-12-09T16:30:00Z,4.891957687500001,-2.767279924598227,2.1246777629017735,NA,NA,TRUE,FALSE,FALSE
LD,2024-12-09T17:00:00Z,6.610430057142858,-4.518102566996113,2.092327490146745,NA,NA,TRUE,FALSE,FALSE
LD,2024-12-09T17:30:00Z,6.504414542857143,-4.3974703677901665,2.106944175066977,NA,NA,TRUE,FALSE,FALSE
LD,2024-12-10T00:00:00Z,3.5004747499999995,-1.7615525951881366,1.738922154811863,NA,NA,TRUE,FALSE,FALSE
LD,2024-12-10T00:30:00Z,3.7225710714285714,-1.99507107168645,1.7274999997421214,NA,NA,TRUE,FALSE,FALSE
LD,2024-12-10T01:00:00Z,3.84787972875,-2.125221036153303,1.7226586925966973,NA,NA,TRUE,FALSE,FALSE
LD,2024-12-10T01:30:00Z,3.7469464144444444,-2.0288858881171548,1.7180605263272897,NA,NA,TRUE,FALSE,FALSE
LD,2024-12-10T02:00:00Z,3.18301697,-1.4711980466579104,1.7118189233420897,NA,NA,TRUE,FALSE,FALSE
LD,2024-12-10T16:30:00Z,3.1907990153846155,-1.1734504101951022,2.0173486051895133,NA,NA,TRUE,FALSE,FALSE
LD,2024-12-10T17:00:00Z,3.9998001916666674,-2.0089694313724955,1.9908307602941722,NA,NA,TRUE,FALSE,FALSE
LD,2024-12-10T17:30:00Z,3.9506374,-1.9525297272446867,1.9981076727553135,NA,NA,TRUE,FALSE,FALSE
LD,2024-12-11T00:00:00Z,3.5004747499999995,-1.7672682286843862,1.7332065213156134,NA,NA,TRUE,FALSE,FALSE
LD,2024-12-11T00:30:00Z,3.7225710714285714,-1.99906852073242,1.7235025506961514,NA,NA,TRUE,FALSE,FALSE
LD,2024-12-11T01:00:00Z,3.84787972875,-2.128887263680973,1.7189924650690274,NA,NA,TRUE,FALSE,FALSE
LD,2024-12-11T01:30:00Z,3.7469464144444444,-2.032268709074666,1.7146777053697788,NA,NA,TRUE,FALSE,FALSE
LD,2024-12-11T02:00:00Z,3.18301697,-1.4738254911315143,1.7091914788684859,NA,NA,TRUE,FALSE,FALSE
LD,2024-12-11T17:00:00Z,2.7270605882352945,-0.8185363572699385,1.908524230965356,NA,NA,TRUE,FALSE,FALSE
LD,2024-12-11T17:30:00Z,2.7237814117647066,-0.8085539718524828,1.9152274399122238,NA,NA,TRUE,FALSE,FALSE
LD,2024-12-12T00:00:00Z,2.9542722818181817,-2.0613828177104576,0.8928894641077243,NA,NA,TRUE,FALSE,FALSE
LD,2024-12-12T00:30:00Z,2.9421696909090906,-2.0709647568135408,0.8712049340955497,NA,NA,TRUE,FALSE,FALSE
LD,2024-12-12T01:00:00Z,2.9619606023076925,-2.093363741079225,0.8685968612284675,NA,NA,TRUE,FALSE,FALSE
LD,2024-12-12T01:30:00Z,2.966552814714286,-2.0975862934612186,0.8689665212530674,NA,NA,TRUE,FALSE,FALSE
LD,2024-12-12T02:00:00Z,2.5682637361428573,-1.7054217765401753,0.862841959602682,NA,NA,TRUE,FALSE,FALSE
LD,2024-12-12T02:30:00Z,1.7322033218571429,-0.8695261525547381,0.8626771693024048,NA,NA,TRUE,FALSE,FALSE
LD,2024-12-12T03:00:00Z,1.6244510004000001,-0.7601803192358578,0.8642706811641423,NA,NA,TRUE,FALSE,FALSE
LD,2024-12-12T03:30:00Z,1.8727003650666667,-1.0107044636995326,0.8619959013671342,NA,NA,TRUE,FALSE,FALSE
LD,2024-12-12T04:00:00Z,2.00729054,-1.150430077768715,0.856860462231285,NA,NA,TRUE,FALSE,FALSE
LD,2024-12-12T04:30:00Z,1.7521246799999999,-0.8997302234538153,0.8523944565461846,NA,NA,TRUE,FALSE,FALSE
LD,2024-12-12T05:00:00Z,1.54840655,-0.6986234062270391,0.8497831437729608,NA,NA,TRUE,FALSE,FALSE
LD,2024-12-12T23:30:00Z,1.51316678,-0.6059966469729895,0.9071701330270104,NA,NA,TRUE,FALSE,FALSE
LD,2024-12-13T00:00:00Z,1.6055146,-0.7270794384661413,0.8784351615338587,NA,NA,TRUE,FALSE,FALSE
LD,2024-12-13T00:30:00Z,1.7387095000000001,-0.8816125922570931,0.857096907742907,NA,NA,TRUE,FALSE,FALSE
LD,2024-12-13T01:00:00Z,1.731153566,-0.8766272437479895,0.8545263222520104,NA,NA,TRUE,FALSE,FALSE
LD,2024-12-13T01:30:00Z,1.578073746,-0.7231885040902067,0.8548852419097933,NA,NA,TRUE,FALSE,FALSE
LD,2024-12-13T02:00:00Z,1.519827946,-0.6709727413749275,0.8488552046250725,NA,NA,TRUE,FALSE,FALSE
LD,2024-12-13T02:30:00Z,1.3826597459999999,-0.533971384574172,0.8486883614258278,NA,NA,TRUE,FALSE,FALSE
LD,2024-12-13T03:30:00Z,2.49003592,-1.6420272298026246,0.8480086901973752,NA,NA,TRUE,FALSE,FALSE
LD,2024-12-13T04:00:00Z,2.4508001999999998,-1.6078483203657281,0.8429518796342717,NA,NA,TRUE,FALSE,FALSE
LD,2024-12-13T04:30:00Z,2.6781230000000003,-1.8395693142189256,0.8385536857810746,NA,NA,TRUE,FALSE,FALSE
LD,2024-12-13T05:00:00Z,2.2993844,-1.4634042950672166,0.8359801049327835,NA,NA,TRUE,FALSE,FALSE
LD,2024-12-13T05:30:00Z,2.8035145,-1.974650465028664,0.828864034971336,NA,NA,TRUE,FALSE,FALSE
LD,2024-12-13T07:00:00Z,1.33249485,-0.507733471223998,0.824761378776002,NA,NA,TRUE,FALSE,FALSE
LD,2024-12-14T08:00:00Z,1.5516087,-0.7237327325179133,0.8278759674820868,0.00219746,0.267292,TRUE,FALSE,FALSE
LD,2024-12-14T10:30:00Z,1.971183,-1.1373134604358195,0.8338695395641805,9.35149e-4,0.365083,TRUE,FALSE,FALSE
LD,2024-12-14T11:30:00Z,1.4741579999999999,-0.592881841102508,0.8812761588974919,3.92008e-4,0.383539,TRUE,FALSE,FALSE
LD,2024-12-14T12:30:00Z,-0.137673,1.042138177330037,0.9044651773300371,0.00437939,0.347759,FALSE,TRUE,FALSE
LD,2024-12-15T00:30:00Z,2.708095,-1.1026427838026887,1.6054522161973115,0.00103426,0.55514,TRUE,FALSE,FALSE
LD,2024-12-15T03:00:00Z,2.4168659999999997,-0.7827303609733378,1.634135639026662,0.00123076,0.44556,TRUE,FALSE,FALSE
LD,2024-12-15T04:00:00Z,0.282864,1.3014222385585643,1.5842862385585643,0.00134713,0.432994,FALSE,TRUE,FALSE
LD,2024-12-15T04:30:00Z,7.864597,-6.29173380689132,1.5728631931086798,0.00111956,0.431853,TRUE,FALSE,FALSE
LD,2024-12-15T05:30:00Z,3.5534800000000004,-1.94323409415856,1.6102459058414405,0.00127982,0.438894,TRUE,FALSE,FALSE
LD,2024-12-15T06:00:00Z,-0.973465,2.596742293217571,1.623277293217571,0.00141788,0.392833,FALSE,TRUE,FALSE
LD,2024-12-16T03:30:00Z,0.11306,1.770008097883343,1.883068097883343,2.52709e-4,0.304318,FALSE,TRUE,FALSE
LD,2024-12-16T04:00:00Z,0.521578,1.3703152711950914,1.8918932711950915,3.03251e-4,0.275044,FALSE,TRUE,FALSE
LD,2024-12-16T04:30:00Z,2.6114859999999998,-0.7123741510731298,1.89911184892687,5.5818e-4,0.255915,TRUE,FALSE,FALSE
LD,2024-12-16T06:30:00Z,2.556517,-0.6434101916571369,1.913106808342863,7.04874e-4,0.368286,TRUE,FALSE,FALSE
LD,2024-12-16T08:00:00Z,4.118709,-2.1800685046636286,1.9386404953363716,5.38209e-4,0.355126,TRUE,FALSE,FALSE
LD,2024-12-16T08:30:00Z,-0.3290782,2.2789882204423124,1.9499100204423123,6.42991e-4,0.371466,FALSE,TRUE,FALSE
LD,2024-12-16T09:30:00Z,-0.430952,2.3858929430404405,1.9549409430404405,3.53547e-4,0.298356,FALSE,TRUE,FALSE
LD,2024-12-16T10:00:00Z,3.56708,-1.6193506019142607,1.947729398085739,2.47039e-4,0.273451,TRUE,FALSE,FALSE
LD,2024-12-16T12:00:00Z,4.1573306,-2.175877134047474,1.981453465952526,0,0.464144,TRUE,FALSE,FALSE
LD,2024-12-16T12:30:00Z,5.308889,-3.318425157711963,1.9904638422880367,2.50984e-4,0.405849,TRUE,FALSE,FALSE
LD,2024-12-16T14:00:00Z,3.9631869999999996,-1.9427496569920844,2.020437343007915,2.74543,0.391329,TRUE,FALSE,FALSE
LD,2024-12-16T15:00:00Z,12.04857,-9.999024214863883,2.049545785136116,12.5505,0.353086,TRUE,FALSE,FALSE
LD,2024-12-16T16:00:00Z,3.1383205,-1.0100862260965138,2.128234273903486,19.8112,0.472934,TRUE,FALSE,FALSE
LD,2024-12-16T16:30:00Z,53.42916,-51.282610567288,2.146549432711998,31.6763,0.419151,TRUE,FALSE,FALSE
LD,2024-12-16T17:00:00Z,28.28374025,-26.151273370810983,2.1324668791890162,NA,NA,TRUE,FALSE,FALSE
LD,2024-12-16T17:30:00Z,26.971491,-24.824755058822696,2.1467359411773064,NA,NA,TRUE,FALSE,FALSE
LD,2024-12-16T21:00:00Z,2.8946058,-0.7950926825489901,2.0995131174510098,22.3067,0.347973,TRUE,FALSE,FALSE
LD,2024-12-16T22:00:00Z,0.5750549999999999,1.5204982227259007,2.0955532227259006,4.8165,0.490185,FALSE,TRUE,FALSE
LD,2024-12-16T22:30:00Z,-7.43105,9.515176265006735,2.0841262650067347,0.442841,0.612669,FALSE,TRUE,TRUE
LD,2024-12-16T23:00:00Z,2.6117749999999997,-0.5736522883441175,2.038122711655882,0.0128936,0.611443,TRUE,FALSE,FALSE
LD,2024-12-17T00:30:00Z,6.54444,-4.625702577271345,1.9187374227286547,0,0.67887,TRUE,FALSE,FALSE
LD,2024-12-17T01:00:00Z,10.82001,-8.943004202417898,1.8770057975821024,0,0.759368,TRUE,FALSE,FALSE
LD,2024-12-17T02:00:00Z,4.7628200000000005,-2.9205713601768633,1.842248639823137,0,0.788703,TRUE,FALSE,FALSE
LD,2024-12-17T02:30:00Z,3.704879,-1.9062949521567665,1.7985840478432336,0,0.786294,TRUE,FALSE,FALSE
LD,2024-12-17T04:00:00Z,2.566336,-0.7965773696225322,1.769758630377468,0,0.466596,TRUE,FALSE,FALSE
LD,2024-12-17T04:30:00Z,0.595451,1.197252109665082,1.792703109665082,0,0.504526,FALSE,TRUE,FALSE
LD,2024-12-17T05:00:00Z,5.30476,-3.503762018725579,1.800997981274421,0,0.601924,TRUE,FALSE,FALSE
LD,2024-12-17T05:30:00Z,-3.72335,5.521115754956342,1.7977657549563422,8.87565e-5,0.56314,FALSE,TRUE,FALSE
LD,2024-12-17T06:00:00Z,-0.9517350000000001,2.7487574962066326,1.7970224962066326,2.56654e-4,0.634337,FALSE,TRUE,FALSE
LD,2024-12-17T06:30:00Z,-4.488630000000001,6.288558743214885,1.7999287432148843,3.6686e-4,0.632441,FALSE,TRUE,FALSE
LD,2024-12-17T07:00:00Z,4.80499,-3.0038271566990775,1.8011628433009226,2.56408e-4,0.691697,TRUE,FALSE,FALSE
LD,2024-12-17T07:30:00Z,-2.5261519999999997,4.319802679157807,1.7936506791578068,2.49504e-4,0.68392,FALSE,TRUE,FALSE
LD,2024-12-17T08:00:00Z,9.299586,-7.512197094388876,1.7873889056111238,5.75685e-4,0.675681,TRUE,FALSE,FALSE
LD,2024-12-17T08:30:00Z,-4.91711,6.694545911153609,1.7774359111536087,5.28348e-4,0.687532,FALSE,TRUE,FALSE
LD,2024-12-17T09:30:00Z,2.8555136,-1.1262867419399551,1.729226858060045,5.27608e-4,0.629249,TRUE,FALSE,FALSE
LD,2024-12-17T10:00:00Z,2.3711509,-0.6741586367275179,1.696992263272482,7.32241e-4,0.627994,TRUE,FALSE,FALSE
LD,2024-12-17T10:30:00Z,2.843903,-1.1725773923435474,1.6713256076564527,6.34116e-4,0.647526,TRUE,FALSE,FALSE
LD,2024-12-17T11:30:00Z,2.635176,-0.9932863341656997,1.6418896658343003,4.85695e-4,0.613596,TRUE,FALSE,FALSE
LD,2024-12-17T12:00:00Z,2.321872,-0.6855860328119443,1.6362859671880556,8.45189e-5,0.571125,TRUE,FALSE,FALSE
LD,2024-12-17T12:30:00Z,2.439962,-0.8150257501844949,1.624936249815505,3.31357e-4,0.591092,TRUE,FALSE,FALSE
LD,2024-12-17T13:00:00Z,2.3959485999999997,-0.7759788849838141,1.6199697150161856,0.0670827,0.677507,TRUE,FALSE,FALSE
LD,2024-12-17T13:30:00Z,2.31611122,-0.7064993274446212,1.6096118925553786,1.41524,0.641389,TRUE,FALSE,FALSE
LD,2024-12-19T00:30:00Z,1.8114735,-0.6350482565767499,1.17642524342325,0,0.48378,TRUE,FALSE,FALSE
LD,2024-12-19T01:00:00Z,1.8843575,-0.7098771450658932,1.1744803549341067,0,0.432303,TRUE,FALSE,FALSE
LD,2024-12-19T01:30:00Z,1.812672,-0.6486392722657179,1.1640327277342821,0,0.372375,TRUE,FALSE,FALSE
LD,2024-12-19T23:00:00Z,2.387167,-1.4448016139083109,0.9423653860916891,0.0378497,0.29018,TRUE,FALSE,FALSE
LD,2024-12-20T02:30:00Z,-7.55758,8.468866042121052,0.9112860421210524,3.92008e-5,0.270788,FALSE,TRUE,TRUE
LD,2024-12-20T03:00:00Z,-0.690038,1.5892696842365042,0.8992316842365041,1.35354e-4,0.312341,FALSE,TRUE,FALSE
LD,2024-12-21T08:00:00Z,3.2212125,-2.5298795231177014,0.6913329768822987,3.18891e-4,0.321961,TRUE,FALSE,FALSE
LD,2024-12-21T09:00:00Z,1.8809821000000002,-1.2545609131915367,0.6264211868084636,3.62176e-4,0.101537,TRUE,FALSE,FALSE
LD,2024-12-21T11:00:00Z,1.3809567333333332,-0.7726658837998177,0.6082908495335155,4.86681e-4,0.141121,TRUE,FALSE,FALSE
LD,2024-12-21T11:30:00Z,1.8809821000000002,-1.2651556153812007,0.6158264846187995,3.75982e-4,0.156058,TRUE,FALSE,FALSE
LD,2024-12-21T12:00:00Z,1.8809821000000002,-1.2615719739603826,0.6194101260396175,4.33921e-4,0.180176,TRUE,FALSE,FALSE
LD,2024-12-21T12:30:00Z,1.3133190103350254,-0.688391718567932,0.6249272917670934,0.00174653,0.279781,TRUE,FALSE,FALSE
LD,2024-12-21T13:00:00Z,1.7558832500000001,-1.1248687586664576,0.6310144913335425,0.2588,0.327281,TRUE,FALSE,FALSE
LD,2024-12-21T22:30:00Z,1.432900859598086,-0.8468655641865718,0.5860352954115143,6.14026,0.128056,TRUE,FALSE,FALSE
LD,2024-12-21T23:00:00Z,1.3809567333333332,-0.8239795011638261,0.5569772321695071,0.207641,0.0842135,TRUE,FALSE,FALSE
LD,2024-12-22T13:30:00Z,0.89507,-0.5441357796233529,0.3509342203766471,8.9876,0.308681,TRUE,FALSE,FALSE
LD,2024-12-22T20:30:00Z,2.0334890285714287,-1.3828730348552307,0.6506159937161979,NA,NA,TRUE,FALSE,FALSE
LD,2024-12-23T00:30:00Z,1.153219,-0.5301661386128061,0.6230528613871938,0,0.580389,TRUE,FALSE,FALSE
LD,2024-12-23T09:00:00Z,1.7615669999999999,-1.1039053770399565,0.6576616229600434,9.09754e-5,0.541756,TRUE,FALSE,FALSE
LD,2024-12-23T09:30:00Z,1.470549,-0.809515252969421,0.6610337470305792,0,0.415347,TRUE,FALSE,FALSE
LD,2024-12-23T10:00:00Z,1.294202,-0.6313734895208871,0.662828510479113,8.38255e-5,0.346401,TRUE,FALSE,FALSE
LD,2024-12-23T10:30:00Z,1.3967162,-0.7293355357888487,0.6673806642111513,1.67898e-4,0.503429,TRUE,FALSE,FALSE
LD,2024-12-23T11:30:00Z,1.3508706,-0.6672493210164303,0.6836212789835696,2.04633e-4,0.561178,TRUE,FALSE,FALSE
LD,2024-12-23T16:00:00Z,1.3171896,-0.5431313683743857,0.7740582316256144,46.5412,0.409453,TRUE,FALSE,FALSE
LD,2024-12-23T20:30:00Z,1.481153,-0.6652765237631695,0.8158764762368305,32.3797,0.334621,TRUE,FALSE,FALSE
LD,2024-12-23T21:00:00Z,1.6806699999999999,-0.8642192621558017,0.8164507378441982,32.6707,0.276523,TRUE,FALSE,FALSE
LD,2024-12-23T21:30:00Z,8.66772,-7.8480417529427005,0.8196782470572986,17.2476,0.2579,TRUE,FALSE,FALSE
LD,2024-12-23T22:00:00Z,5.517709999999999,-4.6947603046539275,0.8229496953460718,6.31825,0.286381,TRUE,FALSE,FALSE
LD,2024-12-23T22:30:00Z,-3.9117718,4.739642708266032,0.8278709082660328,0.948685,0.23701,FALSE,TRUE,FALSE
LD,2024-12-23T23:00:00Z,1.3503202762391304,-0.5178581887407233,0.8324620874984071,0.0384799,0.226064,TRUE,FALSE,FALSE
LD,2024-12-23T23:30:00Z,1.3434270810273223,-0.5088975459098231,0.8345295351174993,1.90333e-4,0.203419,TRUE,FALSE,FALSE
LD,2024-12-24T00:00:00Z,1.3434270810273223,-0.5077166880516014,0.8357103929757209,0,0.199371,TRUE,FALSE,FALSE
LD,2024-12-24T00:30:00Z,1.3434270810273223,-0.5042616359448686,0.8391654450824537,0,0.207772,TRUE,FALSE,FALSE
LD,2024-12-24T04:00:00Z,4.7918069999999995,-3.9403002066142023,0.8515067933857973,0,0.276363,TRUE,FALSE,FALSE
LD,2024-12-24T05:00:00Z,2.340236,-1.4880083180203771,0.8522276819796228,0,0.270386,TRUE,FALSE,FALSE
LD,2024-12-24T05:30:00Z,-2.252555,3.110159777757354,0.8576047777573538,0,0.26711,FALSE,TRUE,FALSE
LD,2024-12-24T14:30:00Z,1.47343,-0.6253944103443865,0.8480355896556135,27.5594,0.131871,TRUE,FALSE,FALSE
LD,2024-12-24T15:00:00Z,3.624248,-2.7635644259087035,0.8606835740912967,53.943600000000004,0.162094,TRUE,FALSE,FALSE
LD,2024-12-26T11:30:00Z,6.1093720000000005,-5.002810228148948,1.1065617718510523,0,0.314642,TRUE,FALSE,FALSE
LD,2024-12-26T12:00:00Z,-7.8862760000000005,9.001616696086813,1.1153406960868133,0,0.260469,FALSE,TRUE,TRUE
LD,2024-12-26T18:00:00Z,6.184027,-4.910948755365378,1.2730782446346227,69.5211,0.248678,TRUE,FALSE,FALSE
LD,2024-12-27T03:00:00Z,-3.43788,4.868651188746963,1.430771188746963,0,0.332831,FALSE,TRUE,FALSE
LD,2024-12-27T04:00:00Z,3.615,-2.1831348463940126,1.4318651536059874,0,0.388908,TRUE,FALSE,FALSE
LD,2024-12-27T05:30:00Z,-4.63323,6.0663156965248515,1.4330856965248513,0,0.359537,FALSE,TRUE,FALSE
LD,2024-12-27T07:30:00Z,8.00589,-6.587485180242074,1.418404819757927,0,0.338965,TRUE,FALSE,FALSE
LD,2024-12-27T08:30:00Z,-0.9167540000000001,2.3334881588906784,1.4167341588906786,0,0.343277,FALSE,TRUE,FALSE
LD,2024-12-27T09:00:00Z,3.5475512,-2.1326982641620593,1.4148529358379407,0,0.299871,TRUE,FALSE,FALSE
LD,2024-12-27T10:30:00Z,-1.2382700000000002,2.650448105115175,1.412178105115175,0,0.296024,FALSE,TRUE,FALSE
LD,2024-12-27T11:00:00Z,2.315853,-0.9083361205217455,1.4075168794782547,0,0.290067,TRUE,FALSE,FALSE
LD,2024-12-27T11:30:00Z,3.884559,-2.484023491811576,1.4005355081884237,0,0.30375,TRUE,FALSE,FALSE
LD,2024-12-27T13:00:00Z,2.0613126,-0.6648661188947389,1.396446481105261,0.0461861,0.330116,TRUE,FALSE,FALSE
LD,2024-12-27T13:30:00Z,1.9003177,-0.5030188155518927,1.3972988844481073,1.66068,0.297561,TRUE,FALSE,FALSE
LD,2024-12-27T14:00:00Z,2.0890377,-0.6879132917213531,1.401124408278647,13.0912,0.33564,TRUE,FALSE,FALSE
LD,2024-12-27T15:00:00Z,2.1798461000000002,-0.7565101370144565,1.4233359629855438,41.7101,0.346343,TRUE,FALSE,FALSE
LD,2024-12-27T15:30:00Z,6.5458,-5.113560834847393,1.4322391651526067,39.9305,0.353804,TRUE,FALSE,FALSE
LD,2024-12-27T20:00:00Z,4.6686,-3.1188456446420822,1.5497543553579176,84.8958,0.341292,TRUE,FALSE,FALSE
LD,2024-12-27T20:30:00Z,2.0762400000000003,-0.5169993964681172,1.559240603531883,67.0205,0.401859,TRUE,FALSE,FALSE
LD,2024-12-27T21:00:00Z,17.074599999999997,-15.513378409045384,1.5612215909546123,25.4994,0.375108,TRUE,FALSE,FALSE
LD,2024-12-27T22:00:00Z,-0.673802,2.23903768899035,1.5652356889903498,9.28259,0.396668,FALSE,TRUE,FALSE
LD,2024-12-27T23:30:00Z,-8.86111,10.4398564934239,1.5787464934239006,0,0.340298,FALSE,TRUE,TRUE
LD,2024-12-28T01:00:00Z,-4.38202,5.957901316706805,1.5758813167068053,0,0.430702,FALSE,TRUE,FALSE
LD,2024-12-28T02:00:00Z,-6.479190000000001,8.079419909111184,1.600229909111183,0,0.454247,FALSE,TRUE,TRUE
LD,2024-12-28T03:30:00Z,6.478973000000001,-4.841112818539188,1.6378601814608125,0,0.412486,TRUE,FALSE,FALSE
LD,2024-12-28T08:30:00Z,2.8754020833333334,-1.0113287039835954,1.864073379349738,0,0.717181,TRUE,FALSE,FALSE
LD,2024-12-28T09:00:00Z,-1.729788,3.5825951291681477,1.8528071291681476,0,0.663054,FALSE,TRUE,FALSE
LD,2024-12-28T09:30:00Z,3.04865,-1.2139077798182845,1.8347422201817154,0,0.716978,TRUE,FALSE,FALSE
LD,2024-12-28T10:30:00Z,8.412101999999999,-6.604444067636607,1.807657932363392,0,0.552389,TRUE,FALSE,FALSE
LD,2024-12-28T11:00:00Z,2.3512499999999994,-0.5433876798532393,1.80786232014676,0,0.486306,TRUE,FALSE,FALSE
LD,2024-12-28T11:30:00Z,3.031723,-1.210358134031448,1.821364865968552,0,0.548619,TRUE,FALSE,FALSE
LD,2024-12-28T12:00:00Z,2.732126,-0.90322230238935,1.82890369761065,0,0.675062,TRUE,FALSE,FALSE
LD,2024-12-28T13:00:00Z,5.97677,-4.16337909592442,1.8133909040755796,0.0516784,0.677689,TRUE,FALSE,FALSE
LD,2024-12-28T13:30:00Z,3.14842,-1.3421704827018903,1.80624951729811,1.40772,0.658164,TRUE,FALSE,FALSE
LD,2024-12-28T14:00:00Z,3.495234,-1.6955749790544494,1.7996590209455505,5.19845,0.727566,TRUE,FALSE,FALSE
LD,2024-12-28T21:30:00Z,2.336216,-0.5811653152151934,1.7550506847848064,29.6158,0.493942,TRUE,FALSE,FALSE
LD,2024-12-28T23:00:00Z,2.324094932,-0.6250289092886623,1.6990660227113377,0.154129,0.393319,TRUE,FALSE,FALSE
LD,2024-12-29T05:30:00Z,-3.0648300000000006,4.669140111023323,1.604310111023322,0,0.363536,FALSE,TRUE,FALSE
LD,2024-12-29T06:00:00Z,4.09492,-2.502003389804118,1.592916610195882,0,0.303093,TRUE,FALSE,FALSE
LD,2024-12-29T18:30:00Z,2.6320898269999997,-0.9857503873041857,1.646339439695814,30.9786,0.472612,TRUE,FALSE,FALSE
LD,2024-12-29T19:00:00Z,2.8724310237142854,-1.2325076903606185,1.639923333353667,28.1885,0.391074,TRUE,FALSE,FALSE
LD,2024-12-29T19:30:00Z,3.5269624483636357,-1.8936986974402057,1.63326375092343,25.189,0.41215,TRUE,FALSE,FALSE
LD,2024-12-29T20:00:00Z,3.0127250210909087,-1.3914518329629275,1.6212731881279812,15.7797,0.636529,TRUE,FALSE,FALSE
LD,2024-12-29T20:30:00Z,3.6460370932,-2.045241673330011,1.6007954198699885,22.8327,0.693092,TRUE,FALSE,FALSE
LD,2024-12-29T21:00:00Z,3.1067297947692305,-1.5258764624026357,1.5808533323665948,28.1452,0.584554,TRUE,FALSE,FALSE
LD,2024-12-30T04:00:00Z,11.80809,-10.338622989445627,1.469467010554374,0,0.546287,TRUE,FALSE,FALSE
LD,2024-12-30T06:30:00Z,-4.77396,6.244701332981757,1.4707413329817567,0,0.594561,FALSE,TRUE,FALSE
LD,2024-12-30T08:30:00Z,12.042919999999999,-10.582797782967914,1.460122217032085,0,0.579116,TRUE,FALSE,FALSE
LD,2024-12-30T09:00:00Z,7.566974,-6.10569887998094,1.4612751200190601,0,0.640789,TRUE,FALSE,FALSE
LD,2024-12-30T10:00:00Z,-3.63084,5.092418516897906,1.4615785168979056,0,0.609404,FALSE,TRUE,FALSE
LD,2024-12-30T10:30:00Z,-4.96694,6.421722571442264,1.4547825714422637,0,0.546012,FALSE,TRUE,FALSE
LD,2024-12-30T11:00:00Z,5.546479999999999,-4.099039080113403,1.4474409198865958,0,0.574496,TRUE,FALSE,FALSE
LD,2024-12-30T12:00:00Z,-0.021870000000000056,1.4552358543697508,1.4333658543697507,0,0.41435,FALSE,TRUE,FALSE
LD,2024-12-30T14:00:00Z,3.71699,-2.287385186304472,1.4296048136955282,16.238,0.489274,TRUE,FALSE,FALSE
LD,2024-12-30T15:00:00Z,2.5675294,-1.1193604033890787,1.4481689966109215,151.687,0.372121,TRUE,FALSE,FALSE
LD,2025-01-01T04:30:00Z,2.00092471,-0.656109064988518,1.344815645011482,0,0.333747,TRUE,FALSE,FALSE
MD,2024-01-01T07:00:00Z,1.617011,-0.6933704814074849,0.9236405185925151,0,0.310775,TRUE,FALSE,FALSE
MD,2024-01-01T10:00:00Z,1.49620642,-0.5821110823295211,0.9140953376704789,0,0.300192,TRUE,FALSE,FALSE
MD,2024-01-01T12:00:00Z,1.549766,-0.6455281292409301,0.9042378707590699,0,0.344896,TRUE,FALSE,FALSE
MD,2024-01-02T00:30:00Z,1.4831683999999998,-0.5883383858766216,0.8948300141233783,0,0.301856,TRUE,FALSE,FALSE
MD,2024-01-02T04:00:00Z,1.999019,-1.0787621155642997,0.9202568844357003,0,0.497664,TRUE,FALSE,FALSE
MD,2024-01-02T06:00:00Z,1.893701,-0.9691862257915167,0.9245147742084834,0,0.500893,TRUE,FALSE,FALSE
MD,2024-01-02T11:00:00Z,1.5062470000000001,-0.5950433771186133,0.9112036228813868,0,0.615286,TRUE,FALSE,FALSE
MD,2024-01-02T12:00:00Z,-0.870617,1.7760351347650198,0.9054181347650198,0,0.642566,FALSE,TRUE,FALSE
MD,2024-01-02T22:30:00Z,1.6372549,-0.60753361127348815,1.029721288726512,0.829412,0.627016,TRUE,FALSE,FALSE
MD,2024-01-02T23:00:00Z,2.3023554,-1.2806712293423395,1.0216841706576607,0.0666704,0.628236,TRUE,FALSE,FALSE
MD,2024-01-03T00:00:00Z,1.7488839999999999,-0.7417951672580978,1.007088832741902,0,0.540996,TRUE,FALSE,FALSE
MD,2024-01-03T08:30:00Z,-0.784098,1.7349582157034384,0.9508602157034385,0,0.354936,FALSE,TRUE,FALSE
MD,2024-01-03T09:00:00Z,3.2109966,-2.259529821091078,0.9514667789089221,0,0.271,TRUE,FALSE,FALSE
MD,2024-01-03T13:00:00Z,2.1925049999999997,-1.2292939006041257,0.963211099395874,0.0215619,0.338373,TRUE,FALSE,FALSE
MD,2024-01-03T15:00:00Z,3.6585919999999996,-2.689552333211078,0.9690396667889217,5.7912,0.227137,TRUE,FALSE,FALSE
MD,2024-01-03T15:30:00Z,1.736631,-0.7650189236564954,0.9716120763435047,10.2206,0.304332,TRUE,FALSE,FALSE
MD,2024-01-03T17:30:00Z,4.1786083000000005,-3.21520790078388,0.9634003992161206,68.8787,0.278511,TRUE,FALSE,FALSE
MD,2024-01-03T19:00:00Z,7.440810000000001,-6.475895347766697,0.964914652233304,53.9229,0.201248,TRUE,FALSE,FALSE
MD,2024-01-03T21:00:00Z,1.8119500000000013,-0.8378913999990388,0.9740586000009624,20.7604,0.343295,TRUE,FALSE,FALSE
MD,2024-01-03T21:30:00Z,5.21447,-4.246431761406951,0.9680382385930497,24.2772,0.253249,TRUE,FALSE,FALSE
MD,2024-01-03T23:30:00Z,-7.549612,8.530219321148195,0.9806073211481946,2.72926e-4,0.504127,FALSE,TRUE,TRUE
MD,2024-01-04T00:00:00Z,-1.4674525999999999,2.4150121669231748,0.9475595669231748,0,0.465422,FALSE,TRUE,FALSE
MD,2024-01-04T00:30:00Z,1.7208970000000001,-0.7701629641707017,0.9507340358292984,0,0.385326,TRUE,FALSE,FALSE
MD,2024-01-04T01:00:00Z,1.5540992,-0.591964531966169,0.962134668033831,0,0.405732,TRUE,FALSE,FALSE
MD,2024-01-04T03:00:00Z,1.532822,-0.5802811327722996,0.9525408672277003,0,0.662215,TRUE,FALSE,FALSE
MD,2024-01-04T04:00:00Z,1.786303,-0.8416773788013757,0.9446256211986243,0,0.452442,TRUE,FALSE,FALSE
MD,2024-01-05T11:30:00Z,-0.5125375,1.6217197768814757,1.1091822768814756,0,0.259796,FALSE,TRUE,FALSE
MD,2024-01-05T13:30:00Z,2.115955,-0.9696301178760169,1.146324882123983,1.85653,0.330848,TRUE,FALSE,FALSE
MD,2024-01-06T20:00:00Z,4.84938,-3.4577916386301597,1.39158836136984,NA,0.240877,TRUE,FALSE,FALSE
MD,2024-01-11T18:30:00Z,7.198550000000001,-6.066037173418326,1.132512826581675,NA,NA,TRUE,FALSE,FALSE
MD,2024-01-11T19:00:00Z,4.572804666666668,-3.450841917579192,1.1219627490874762,NA,NA,TRUE,FALSE,FALSE
MD,2024-01-11T19:30:00Z,3.3695536500000007,-2.2530338958762117,1.1165197541237888,NA,NA,TRUE,FALSE,FALSE
MD,2024-01-11T20:00:00Z,2.9232095200000003,-1.8139140494749575,1.1092954705250428,NA,NA,TRUE,FALSE,FALSE
MD,2024-01-12T07:00:00Z,2.3397954000000003,-1.3387604750128355,1.0010349249871648,NA,NA,TRUE,FALSE,FALSE
MD,2024-01-12T07:30:00Z,2.5583212000000004,-1.5608382879010454,0.997482912098955,NA,NA,TRUE,FALSE,FALSE
MD,2024-01-12T08:00:00Z,2.7054394,-1.72015001206488,0.9852893879351198,NA,NA,TRUE,FALSE,FALSE
MD,2024-01-12T08:30:00Z,2.55946524,-1.585921626951714,0.9735436130482861,NA,NA,TRUE,FALSE,FALSE
MD,2024-01-12T09:00:00Z,2.2326668,-1.2768876950929158,0.9557791049070843,NA,NA,TRUE,FALSE,FALSE
MD,2024-01-12T10:30:00Z,1.42375718,-0.5054010964116016,0.9183560835883984,NA,NA,TRUE,FALSE,FALSE
MD,2024-01-12T11:00:00Z,1.64099206,-0.732996116467085,0.9079959435329151,NA,NA,TRUE,FALSE,FALSE
MD,2024-01-12T11:30:00Z,1.69890442,-0.7952578287382598,0.9036465912617403,NA,NA,TRUE,FALSE,FALSE
MD,2024-01-12T12:00:00Z,1.8588768400000002,-0.9674889887775351,0.8913878512224651,NA,NA,TRUE,FALSE,FALSE
MD,2024-01-12T12:30:00Z,1.74685884,-0.8670655673890165,0.8797932726109835,NA,NA,TRUE,FALSE,FALSE
MD,2024-01-12T13:00:00Z,1.78104762,-0.9207055604612125,0.8603420595387875,NA,NA,TRUE,FALSE,FALSE
MD,2024-01-12T13:30:00Z,1.9073125000000002,-1.0629641331679942,0.844348366832006,NA,NA,TRUE,FALSE,FALSE
MD,2024-01-12T14:00:00Z,1.69971318,-0.8761806801812891,0.8235324998187109,NA,NA,TRUE,FALSE,FALSE
MD,2024-01-12T14:30:00Z,1.57892158,-0.7683203718387878,0.8106012081612123,NA,NA,TRUE,FALSE,FALSE
MD,2024-01-12T15:00:00Z,1.3306632520000001,-0.5357994090369801,0.79486384296302,NA,NA,TRUE,FALSE,FALSE
MD,2024-01-12T18:00:00Z,6.063819383333333,-5.240157479013627,0.8236619043197059,NA,NA,TRUE,FALSE,FALSE
MD,2024-01-12T18:30:00Z,7.198550000000001,-6.0826219596702495,1.1159280403297511,NA,NA,TRUE,FALSE,FALSE
MD,2024-01-12T19:00:00Z,4.572804666666668,-3.4672772202138584,1.1055274464528098,NA,NA,TRUE,FALSE,FALSE
MD,2024-01-12T19:30:00Z,3.3695536500000007,-2.269394458616109,1.1001591913838922,NA,NA,TRUE,FALSE,FALSE
MD,2024-01-12T20:00:00Z,2.9232095200000003,-1.8301737171637003,1.0930358028363,NA,NA,TRUE,FALSE,FALSE
MD,2024-01-13T07:00:00Z,2.3397954000000003,-1.3535325372854097,0.9862628627145906,NA,NA,TRUE,FALSE,FALSE
MD,2024-01-13T07:30:00Z,2.5583212000000004,-1.5755624605634353,0.9827587394365651,NA,NA,TRUE,FALSE,FALSE
MD,2024-01-13T08:00:00Z,2.7054394,-1.7346986662286277,0.9707407337713724,NA,NA,TRUE,FALSE,FALSE
MD,2024-01-13T08:30:00Z,2.55946524,-1.6003012680384625,0.9591639719615377,NA,NA,TRUE,FALSE,FALSE
MD,2024-01-13T09:00:00Z,2.2326668,-1.2910092925151067,0.9416575074848935,NA,NA,TRUE,FALSE,FALSE
MD,2024-01-13T10:30:00Z,1.42375718,-0.5189823115839505,0.9047748684160495,NA,NA,TRUE,FALSE,FALSE
MD,2024-01-13T11:00:00Z,1.64099206,-0.7464282579010161,0.894563802098984,NA,NA,TRUE,FALSE,FALSE
MD,2024-01-13T11:30:00Z,1.69890442,-0.808629750557351,0.8902746694426491,NA,NA,TRUE,FALSE,FALSE
MD,2024-01-13T12:00:00Z,1.8588768400000002,-0.9806835767316485,0.8781932632683517,NA,NA,TRUE,FALSE,FALSE
MD,2024-01-13T12:30:00Z,1.74685884,-0.8800925462191092,0.8667662937808909,NA,NA,TRUE,FALSE,FALSE
MD,2024-01-13T13:00:00Z,1.78104762,-0.9334484587182657,0.8475991612817344,NA,NA,TRUE,FALSE,FALSE
MD,2024-01-13T13:30:00Z,1.9073125000000002,-1.0754740021158005,0.8318384978841997,NA,NA,TRUE,FALSE,FALSE
MD,2024-01-13T14:00:00Z,1.69971318,-0.8883859085042453,0.8113272714957548,NA,NA,TRUE,FALSE,FALSE
MD,2024-01-13T14:30:00Z,1.57892158,-0.7803376614175825,0.7985839185824175,NA,NA,TRUE,FALSE,FALSE
MD,2024-01-13T15:00:00Z,1.3306632520000001,-0.5475870304118792,0.783076221588121,NA,NA,TRUE,FALSE,FALSE
MD,2024-01-13T18:00:00Z,6.063819383333333,-5.25239485267968,0.8114245306536523,NA,NA,TRUE,FALSE,FALSE
MD,2024-01-13T18:30:00Z,7.198550000000001,-6.0992067459221735,1.0993432540778274,NA,NA,TRUE,FALSE,FALSE
MD,2024-01-13T19:00:00Z,34.3114,-33.21240226230242,1.0989977376975788,328.91666666666663,0.843825,TRUE,FALSE,FALSE
MD,2024-01-14T06:00:00Z,-0.632594,1.608692972417137,0.9760989724171371,0.08333333333333333,0.295178,FALSE,TRUE,FALSE
MD,2024-01-14T06:30:00Z,-0.28447999999999984,1.2602699571127813,0.9757899571127815,0.08333333333333333,0.468619,FALSE,TRUE,FALSE
MD,2024-01-14T07:30:00Z,3.219251,-2.246178592297016,0.973072407702984,0.08333333333333333,0.392321,TRUE,FALSE,FALSE
MD,2024-01-14T08:00:00Z,8.810728000000001,-7.851600330158114,0.9591276698418875,0.11111111111111112,0.390885,TRUE,FALSE,FALSE
MD,2024-01-14T09:30:00Z,-0.1437988,1.0601751755715865,0.9163763755715865,0.11111111111111112,0.440141,FALSE,TRUE,FALSE
MD,2024-01-14T10:00:00Z,1.5852588,-0.6983637911099321,0.886895008890068,0.11111111111111112,0.439103,TRUE,FALSE,FALSE
MD,2024-01-14T10:30:00Z,1.4328489,-0.5462353789623967,0.8866135210376033,0.11111111111111112,0.52829,TRUE,FALSE,FALSE
MD,2024-01-14T11:00:00Z,2.039607,-1.1563955364475964,0.8832114635524039,0.11111111111111112,0.558921,TRUE,FALSE,FALSE
MD,2024-01-14T11:30:00Z,2.20487,-1.3219390332465828,0.8829309667534174,0.11111111111111112,0.597749,TRUE,FALSE,FALSE
MD,2024-01-14T12:30:00Z,1.8748206,-1.0090597873849847,0.8657608126150154,0.08333333333333333,0.642671,TRUE,FALSE,FALSE
MD,2024-01-14T13:00:00Z,2.232711,-1.4054924692457358,0.8272185307542643,0.1388888888888889,0.804373,TRUE,FALSE,FALSE
MD,2024-01-14T13:30:00Z,1.479517,-0.6525615175601737,0.8269554824398263,0.1388888888888889,0.649751,TRUE,FALSE,FALSE
MD,2024-01-14T14:00:00Z,2.3758139000000003,-1.5871528165969193,0.7886610834030809,3.25,0.666345,TRUE,FALSE,FALSE
MD,2024-01-14T14:30:00Z,1.5737,-0.7852898635756119,0.7884101364243882,3.25,0.691558,TRUE,FALSE,FALSE
MD,2024-01-14T15:30:00Z,1.628753,-0.8643393316710795,0.7644136683289204,18.75,0.708263,TRUE,FALSE,FALSE
MD,2024-01-14T21:00:00Z,3.3511800000000003,-2.524858471701579,0.8263215282984211,41.361111111111114,0.475213,TRUE,FALSE,FALSE
MD,2024-01-14T22:00:00Z,1.9409458,-1.0818462364521495,0.8590995635478504,18.666666666666668,0.604093,TRUE,FALSE,FALSE
MD,2024-01-14T23:30:00Z,1.6975753999999998,-0.8487133582598152,0.8488620417401846,1.8333333333333333,0.416454,TRUE,FALSE,FALSE
MD,2024-01-15T01:00:00Z,-0.31616328130000004,1.1601765240075412,0.8440132427075412,0.11111111111111112,0.405528,FALSE,TRUE,FALSE
MD,2024-01-15T01:30:00Z,1.3556185,-0.5120307082128677,0.8435877917871324,0.11111111111111112,0.441049,TRUE,FALSE,FALSE
MD,2024-01-15T02:00:00Z,-8.719626,9.567540185223818,0.8479141852238173,0.11111111111111112,0.537019,FALSE,TRUE,TRUE
MD,2024-01-15T02:30:00Z,4.34067,-3.4931836634276774,0.8474863365723226,0.11111111111111112,0.430385,TRUE,FALSE,FALSE
MD,2024-01-15T04:00:00Z,-0.586012,1.2288664840421237,0.6428544840421239,0.19444444444444445,0.341529,FALSE,TRUE,FALSE
MD,2024-01-15T05:30:00Z,-0.439521,1.1089045688588088,0.6693835688588088,0.1388888888888889,0.308411,FALSE,TRUE,FALSE
MD,2024-01-15T06:30:00Z,1.875339,-1.1502934279098525,0.7250455720901476,0.1388888888888889,0.269033,TRUE,FALSE,FALSE
MD,2024-01-15T08:00:00Z,-1.2135859999999998,1.8543972062705292,0.6408112062705293,0.1388888888888889,0.299855,FALSE,TRUE,FALSE
MD,2024-01-15T08:30:00Z,-1.191577,1.8320628898059619,0.6404858898059618,0.1388888888888889,0.315148,FALSE,TRUE,FALSE
MD,2024-01-15T10:00:00Z,1.206105,-0.6485013182999843,0.5576036817000157,0.16666666666666666,0.403158,TRUE,FALSE,FALSE
MD,2024-01-15T10:30:00Z,-0.7124663,1.2697863306620918,0.5573200306620919,0.16666666666666666,0.394524,FALSE,TRUE,FALSE
MD,2024-01-15T11:00:00Z,1.3158718999999999,-0.7679079760786641,0.5479639239213357,0.1388888888888889,0.33567,TRUE,FALSE,FALSE
MD,2024-01-15T11:30:00Z,1.5204339999999998,-0.9727491072900006,0.5476848927099992,0.1388888888888889,0.2967,TRUE,FALSE,FALSE
MD,2024-01-15T13:30:00Z,1.136306,-0.6071772335597885,0.5291287664402116,0.19444444444444445,0.283989,TRUE,FALSE,FALSE
MD,2024-01-15T14:00:00Z,2.432734,-1.865094155553571,0.5676398444464291,2.361111111111111,0.27753100000000003,TRUE,FALSE,FALSE
MD,2024-01-15T15:00:00Z,1.7218829999999998,-0.8829420256877895,0.8389409743122104,NA,0.274995,TRUE,FALSE,FALSE
MD,2024-01-15T16:30:00Z,14.9199,-14.044538244433802,0.875361755566198,NA,0.272312,TRUE,FALSE,FALSE
MD,2024-01-15T20:30:00Z,2.9789589999999997,-2.1353149941906118,0.8436440058093878,NA,0.2402,TRUE,FALSE,FALSE
MD,2024-01-15T21:00:00Z,1.9060300000000001,-1.0637544528553282,0.842275547144672,NA,0.232681,TRUE,FALSE,FALSE
MD,2024-01-15T23:30:00Z,1.473832,-0.6481508417662809,0.8256811582337191,NA,0.394621,TRUE,FALSE,FALSE
MD,2024-01-16T00:00:00Z,2.636811,-1.813993661134045,0.8228173388659548,NA,0.42955,TRUE,FALSE,FALSE
MD,2024-01-16T01:00:00Z,1.5476919999999998,-0.7261876368012,0.8215043631987998,NA,0.183427,TRUE,FALSE,FALSE
MD,2024-01-16T14:30:00Z,1.28795118,-0.7535219021139025,0.5344292778860976,NA,NA,TRUE,FALSE,FALSE
MD,2024-01-16T15:30:00Z,3.5446205799999997,-2.67973012796094,0.8648904520390601,NA,NA,TRUE,FALSE,FALSE
MD,2024-01-16T16:00:00Z,3.1475376,-2.290825069808665,0.8567125301913353,NA,NA,TRUE,FALSE,FALSE
MD,2024-01-16T16:30:00Z,2.8262648,-1.9724194192815783,0.8538453807184219,NA,NA,TRUE,FALSE,FALSE
MD,2024-01-16T17:00:00Z,2.3239758200000002,-1.475523180633823,0.8484526393661774,NA,NA,TRUE,FALSE,FALSE
MD,2024-01-16T17:30:00Z,1.98399202,-1.1378227434368386,0.8461692765631614,NA,NA,TRUE,FALSE,FALSE
MD,2024-01-16T21:30:00Z,1.4132282,-0.593551281392778,0.819676918607222,NA,NA,TRUE,FALSE,FALSE
MD,2024-01-16T23:00:00Z,1.356221,-0.5466997365134363,0.8095212634865636,NA,NA,TRUE,FALSE,FALSE
MD,2024-01-16T23:30:00Z,1.5330464,-0.7278070188930407,0.8052393811069593,NA,NA,TRUE,FALSE,FALSE
MD,2024-01-17T00:00:00Z,1.6587652499999999,-0.8563292996621972,0.8024359503378027,NA,NA,TRUE,FALSE,FALSE
MD,2024-01-17T00:30:00Z,1.794787,-0.9934543827965849,0.801332617203415,NA,NA,TRUE,FALSE,FALSE
MD,2024-01-17T01:00:00Z,1.5476919999999998,-0.7465575262309022,0.8011344737690976,NA,NA,TRUE,FALSE,FALSE
MD,2024-01-17T14:30:00Z,1.28795118,-0.7669609676256299,0.5209902123743702,NA,NA,TRUE,FALSE,FALSE
MD,2024-01-17T15:30:00Z,3.5446205799999997,-2.701501971891936,0.8431186081080637,NA,NA,TRUE,FALSE,FALSE
MD,2024-01-17T16:00:00Z,3.1475376,-2.1947154733511636,0.9528221266488367,NA,NA,TRUE,FALSE,FALSE
MD,2024-01-17T16:30:00Z,2.8262648,-1.7870985770793641,1.039166222920636,NA,NA,TRUE,FALSE,FALSE
MD,2024-01-17T17:00:00Z,2.3239758200000002,-1.2208787971424573,1.103097022857543,NA,NA,TRUE,FALSE,FALSE
MD,2024-01-17T17:30:00Z,1.98399202,-0.828871287890451,1.1551207321095491,NA,NA,TRUE,FALSE,FALSE
MD,2024-01-18T00:30:00Z,1.721478625,-0.5859094230743478,1.1355692019256522,NA,NA,TRUE,FALSE,FALSE
MD,2024-01-18T01:00:00Z,1.7210166599999999,-0.5887497531018029,1.132266906898197,NA,NA,TRUE,FALSE,FALSE
MD,2024-01-18T01:30:00Z,1.6538731119999999,-0.5229574054783777,1.1309157065216222,NA,NA,TRUE,FALSE,FALSE
MD,2024-01-18T11:30:00Z,1.4806842065217392,-0.5186191966719985,0.9620650098497406,NA,NA,TRUE,FALSE,FALSE
MD,2024-01-18T12:00:00Z,1.6925086759090908,-0.7374570638443223,0.9550516120647685,NA,NA,TRUE,FALSE,FALSE
MD,2024-01-19T01:00:00Z,1.98100365,-0.7892510069701155,1.1917526430298844,NA,NA,TRUE,FALSE,FALSE
MD,2024-01-19T01:30:00Z,2.0877001866666665,-0.8989997419533275,1.188700444713339,NA,NA,TRUE,FALSE,FALSE
MD,2024-01-19T02:00:00Z,1.9923516399999999,-0.8090449322308484,1.1833067077691515,NA,NA,TRUE,FALSE,FALSE
MD,2024-01-19T02:30:00Z,1.96775174,-0.7896667721482167,1.1780849678517833,NA,NA,TRUE,FALSE,FALSE
MD,2024-01-19T03:00:00Z,1.7605453253999999,-0.5941769287314398,1.16636839666856,NA,NA,TRUE,FALSE,FALSE
MD,2024-01-19T06:00:00Z,1.64677828,-0.508901103503484,1.1378771764965159,NA,NA,TRUE,FALSE,FALSE
MD,2024-01-19T06:30:00Z,1.8594333500000002,-0.7193107322845167,1.1401226177154835,NA,NA,TRUE,FALSE,FALSE
MD,2024-01-19T07:00:00Z,1.7233978666666667,-0.5860060022103506,1.1373918644563161,NA,NA,TRUE,FALSE,FALSE
MD,2024-01-19T07:30:00Z,1.7233978666666667,-0.5909814418026813,1.1324164248639854,NA,NA,TRUE,FALSE,FALSE
MD,2024-01-20T01:30:00Z,2.0877001866666665,-0.8709031049278653,1.2167970817388012,NA,0.108291,TRUE,FALSE,FALSE
MD,2024-01-20T02:00:00Z,2.4604538,-1.2476859242809129,1.212767875719087,NA,0.228294,TRUE,FALSE,FALSE
MD,2024-01-20T02:30:00Z,2.30109326,-1.0918751626133507,1.2092180973866493,NA,0.331751,TRUE,FALSE,FALSE
MD,2024-01-20T03:00:00Z,1.7063059999999999,-0.5061428697594466,1.2001631302405533,NA,0.397694,TRUE,FALSE,FALSE
MD,2024-01-20T06:30:00Z,1.8594333500000002,-0.6864329548568973,1.173000395143103,NA,0.0405161,TRUE,FALSE,FALSE
MD,2024-01-20T07:00:00Z,1.7233978666666667,-0.5533254819531945,1.1700723847134722,NA,0.014761,TRUE,FALSE,FALSE
MD,2024-01-20T07:30:00Z,1.7233978666666667,-0.5573103062845566,1.1660875603821101,NA,0.0310151,TRUE,FALSE,FALSE
MD,2024-01-21T06:30:00Z,2.3562357,-1.1677540498308496,1.1884816501691504,NA,0.253691,TRUE,FALSE,FALSE
MD,2024-01-21T07:30:00Z,1.7233978666666667,-0.5410683320873724,1.1823295345792944,NA,0.161652,TRUE,FALSE,FALSE
MD,2024-01-21T20:30:00Z,2.323358,-1.0081410167602727,1.3152169832397271,NA,0.547602,TRUE,FALSE,FALSE
MD,2024-01-21T21:00:00Z,8.894195999999999,-7.580431448466998,1.3137645515330014,NA,0.460179,TRUE,FALSE,FALSE
MD,2024-01-22T02:00:00Z,2.118201,-0.8701603956254866,1.2480406043745134,NA,0.497743,TRUE,FALSE,FALSE
MD,2024-01-23T04:00:00Z,5.484008611111111,-4.1789791608703935,1.3050294502407178,NA,0.176085,TRUE,FALSE,FALSE
MD,2024-01-23T11:00:00Z,3.909046666666666,-2.6376998230208657,1.2713468436458002,NA,0.274935,TRUE,FALSE,FALSE
MD,2024-01-23T11:30:00Z,6.752535,-5.482991510003863,1.2695434899961366,NA,0.270554,TRUE,FALSE,FALSE
MD,2024-01-23T12:00:00Z,15.128879999999999,-13.86126467351049,1.2676153264895076,NA,0.250361,TRUE,FALSE,FALSE
MD,2024-01-23T12:30:00Z,56.4726,-55.20647569613418,1.2661243038658259,NA,0.665505,TRUE,FALSE,FALSE
MD,2024-01-23T13:00:00Z,53.51913666666667,-52.25365078788151,1.2654858787851575,NA,0.167708,TRUE,FALSE,FALSE
MD,2024-01-23T13:30:00Z,97.81632,-96.551424395281,1.2648956047189979,NA,0.22453,TRUE,FALSE,FALSE
MD,2024-01-23T14:00:00Z,47.61221,-46.347469977346755,1.2647400226532408,NA,0.256582,TRUE,FALSE,FALSE
MD,2024-01-23T14:30:00Z,100.40270000000001,-99.13601098800197,1.2666890119980465,NA,0.846288,TRUE,FALSE,FALSE
MD,2024-01-23T15:00:00Z,74.00745500000001,-72.73759600585242,1.2698589941475784,NA,NA,TRUE,FALSE,FALSE
MD,2024-01-23T15:30:00Z,63.455850000000005,-62.180486159289686,1.2753638407103216,NA,0.497231,TRUE,FALSE,FALSE
MD,2024-01-23T16:00:00Z,17.589325000000002,-16.301382664760588,1.2879423352394144,NA,0.27441,TRUE,FALSE,FALSE
MD,2024-01-23T16:30:00Z,26.509,-25.189808808039103,1.3191911919608952,NA,0.324676,TRUE,FALSE,FALSE
MD,2024-01-23T17:00:00Z,8.66965,-7.346421139247236,1.3232288607527642,NA,0.340643,TRUE,FALSE,FALSE
MD,2024-01-23T17:30:00Z,6.20681,-4.880782332990227,1.3260276670097721,NA,0.451276,TRUE,FALSE,FALSE
MD,2024-01-23T19:30:00Z,27.615270000000002,-26.283963635885485,1.3313063641145164,NA,0.366873,TRUE,FALSE,FALSE
MD,2024-01-23T21:30:00Z,4.0099800000000005,-2.683305941881278,1.3266740581187224,NA,0.277721,TRUE,FALSE,FALSE
MD,2024-01-23T22:30:00Z,26.945909,-25.627682540767502,1.3182264592325001,NA,0.276469,TRUE,FALSE,FALSE
MD,2024-01-23T23:00:00Z,84.80212,-83.48911402544505,1.3130059745549558,NA,0.394541,TRUE,FALSE,FALSE
MD,2024-01-23T23:30:00Z,21.793048000000002,-20.486692083938163,1.30635591606184,NA,0.33336,TRUE,FALSE,FALSE
MD,2024-01-24T02:00:00Z,9.8334745,-8.552383868339222,1.2810906316607773,NA,0.173719,TRUE,FALSE,FALSE
MD,2024-01-24T03:00:00Z,34.39584,-33.12214347944149,1.273696520558507,NA,0.234233,TRUE,FALSE,FALSE
MD,2024-01-24T03:30:00Z,6.80257,-5.5327747401312415,1.2697952598687587,NA,0.292374,TRUE,FALSE,FALSE
MD,2024-01-24T04:30:00Z,2.8820850000000005,-1.620357953392133,1.2617270466078674,NA,0.166786,TRUE,FALSE,FALSE
MD,2024-01-24T05:30:00Z,2.519498357142857,-1.2630931815175916,1.2564051756252654,NA,0.12953,TRUE,FALSE,FALSE
MD,2024-01-24T06:00:00Z,2.494590242857143,-1.2398691511416948,1.254721091715448,NA,0.182917,TRUE,FALSE,FALSE
MD,2024-01-24T06:30:00Z,2.6596986333333335,-1.40670782037635,1.2529908129569836,NA,0.152272,TRUE,FALSE,FALSE
MD,2024-01-24T07:00:00Z,3.7517931142857153,-2.5004181575365596,1.2513749567491559,NA,0.13249,TRUE,FALSE,FALSE
MD,2024-01-24T07:30:00Z,3.6706374000000004,-2.421037772364846,1.2495996276351542,NA,0.120527,TRUE,FALSE,FALSE
MD,2024-01-24T08:00:00Z,2.5877228000000008,-1.3403595757203297,1.247363224279671,NA,0.13616,TRUE,FALSE,FALSE
MD,2024-01-24T08:30:00Z,2.5823315000000004,-1.3368824667100487,1.2454490332899517,NA,0.152581,TRUE,FALSE,FALSE
MD,2024-01-24T09:00:00Z,1.9236420985714289,-0.6804546175455037,1.2431874810259251,NA,0.135244,TRUE,FALSE,FALSE
MD,2024-01-24T11:30:00Z,4.7082329,-3.477286921552868,1.2309459784471313,NA,0.180971,TRUE,FALSE,FALSE
MD,2024-01-24T12:30:00Z,28.553483,-27.325901079936575,1.2275819200634266,NA,0.204622,TRUE,FALSE,FALSE
MD,2024-01-24T17:00:00Z,1.9019120999999999,-0.6340408477970187,1.2678712522029811,171.2777777777778,0.236204,TRUE,FALSE,FALSE
MD,2024-01-24T18:30:00Z,29.292930000000002,-27.998648078000603,1.2942819219994008,115.036,0.192797,TRUE,FALSE,FALSE
MD,2024-01-24T21:00:00Z,10.505711,-9.219516691959065,1.2861943080409344,80.8836,0.236349,TRUE,FALSE,FALSE
MD,2024-01-24T21:30:00Z,3.2145132999999997,-1.9307805694719837,1.283732730528016,70.4969,0.209463,TRUE,FALSE,FALSE
MD,2024-01-24T22:30:00Z,2.80795,-1.5248135378140804,1.2831364621859196,27.1624,0.177421,TRUE,FALSE,FALSE
MD,2024-01-25T20:30:00Z,1.8331480000000002,-0.5860473615481214,1.2471006384518788,143.861,0.312208,TRUE,FALSE,FALSE
MD,2024-01-25T23:00:00Z,3.5613799999999998,-2.3384351606270037,1.222944839372996,2.20307,0.323696,TRUE,FALSE,FALSE
MD,2024-01-25T23:30:00Z,-2.41495,3.6251111735824417,1.2101611735824416,0.0548739,0.421208,FALSE,TRUE,FALSE
MD,2024-01-26T03:30:00Z,-3.409155,4.564949349764127,1.1557943497641272,1.0774e-4,0.482776,FALSE,TRUE,FALSE
MD,2024-01-26T06:30:00Z,9.67265,-8.49949888616056,1.1731511138394408,4.31209e-4,0.543584,TRUE,FALSE,FALSE
MD,2024-01-26T08:00:00Z,9.726100000000002,-8.542968619887917,1.1831313801120849,1.43736e-4,0.311274,TRUE,FALSE,FALSE
MD,2024-01-26T11:00:00Z,5.30605,-4.128369812784737,1.177680187215263,0,0.283229,TRUE,FALSE,FALSE
MD,2024-01-26T12:00:00Z,8.001819999999999,-6.824550806185889,1.1772691938141095,0,0.378677,TRUE,FALSE,FALSE
MD,2024-01-26T12:30:00Z,7.075448,-5.89619234213995,1.1792556578600495,6.35349e-4,0.353261,TRUE,FALSE,FALSE
MD,2024-01-26T13:30:00Z,2.894066,-1.7032832237945374,1.1907827762054626,10.0291,0.0909694,TRUE,FALSE,FALSE
MD,2024-01-26T14:00:00Z,15.600605,-14.411747021155989,1.1888579788440112,48.4965,0.161383,TRUE,FALSE,FALSE
MD,2024-01-26T14:30:00Z,3.90904,-2.7094480836190753,1.1995919163809246,88.6386,0.240465,TRUE,FALSE,FALSE
MD,2024-01-26T15:00:00Z,2.416497,-1.2093816190155726,1.2071153809844275,86.3214,0.26961,TRUE,FALSE,FALSE
MD,2024-01-26T15:30:00Z,4.988600000000001,-3.7505098907982166,1.238090109201784,288.377,0.306982,TRUE,FALSE,FALSE
MD,2024-01-26T20:30:00Z,8.384489,-7.16725917779082,1.2172298222091804,69.8218,0.128016,TRUE,FALSE,FALSE
MD,2024-01-26T21:30:00Z,16.29377,-15.081873451243116,1.211896548756883,42.728,0.119474,TRUE,FALSE,FALSE
MD,2024-01-26T22:00:00Z,19.78462,-18.576893014062776,1.2077269859372246,31.9159,0.121645,TRUE,FALSE,FALSE
MD,2024-01-26T23:30:00Z,7.309620000000001,-6.112017759208261,1.1976022407917393,15.750000000000002,0.0796114,TRUE,FALSE,FALSE
MD,2024-01-28T06:00:00Z,0.0648136,1.1698830198577337,1.2346966198577336,0.05555555555555556,0.273526,FALSE,TRUE,FALSE
MD,2024-01-28T08:00:00Z,-0.017888000000000015,1.2615694346057564,1.2436814346057565,0.08333333333333333,0.321648,FALSE,TRUE,FALSE
MD,2024-01-28T08:30:00Z,3.32003,-2.073546903177233,1.2464830968227674,0.08333333333333333,0.259431,TRUE,FALSE,FALSE
MD,2024-01-28T09:00:00Z,-8.754690000000002,10.001271350989787,1.2465813509897856,0.08333333333333333,0.264243,FALSE,TRUE,TRUE
MD,2024-01-28T09:30:00Z,3.13665,-1.8872730494911878,1.2493769505088121,0.08333333333333333,0.310337,TRUE,FALSE,FALSE
MD,2024-01-28T11:00:00Z,-0.2659699999999994,1.5096262985196665,1.243656298519667,0.1388888888888889,0.360576,FALSE,TRUE,FALSE
MD,2024-01-28T11:30:00Z,3.385567,-2.1391464582330952,1.2464205417669048,0.1388888888888889,0.347666,TRUE,FALSE,FALSE
MD,2024-01-28T12:00:00Z,-8.80725,10.05414701736202,1.2468970173620204,0.1388888888888889,0.368561,FALSE,TRUE,TRUE
MD,2024-01-28T12:30:00Z,-2.1847299999999996,3.434386198150637,1.2496561981506378,0.1388888888888889,0.329716,FALSE,TRUE,FALSE
MD,2024-01-28T13:00:00Z,-1.0987900000000002,2.357637904074886,1.258847904074886,0.22222222222222224,0.299796,FALSE,TRUE,FALSE
MD,2024-01-28T17:30:00Z,27.51542,-26.204255621178845,1.311164378821154,237.642,0.406859,TRUE,FALSE,FALSE
MD,2024-01-29T14:30:00Z,0.15866449999999999,1.0176257474222603,1.1762902474222603,9.63888888888889,0.304042,FALSE,TRUE,FALSE
MD,2024-01-30T00:30:00Z,2.5978220000000003,-1.4302794793172364,1.1675425206827639,0.19444444444444445,0.31639,TRUE,FALSE,FALSE
MD,2024-01-30T01:30:00Z,2.3518410000000003,-1.2128838612802415,1.1389571387197588,0.08333333333333333,0.403643,TRUE,FALSE,FALSE
MD,2024-01-30T04:30:00Z,2.2516879999999997,-1.1078085087931162,1.1438794912068835,NA,0.517377,TRUE,FALSE,FALSE
MD,2024-01-30T06:30:00Z,2.989253,-1.8533442023294282,1.135908797670572,NA,0.359827,TRUE,FALSE,FALSE
MD,2024-01-30T07:00:00Z,29.15784,-28.01918111586668,1.1386588841333192,NA,0.467441,TRUE,FALSE,FALSE
MD,2024-01-30T08:30:00Z,5.3474200000000005,-4.19920175885341,1.1482182411465907,NA,0.360575,TRUE,FALSE,FALSE
MD,2024-01-30T09:00:00Z,25.86921,-24.71826989277944,1.1509401072205605,NA,0.367579,TRUE,FALSE,FALSE
MD,2024-01-30T10:30:00Z,2.198370500000001,-1.0451266530770769,1.1532438469229243,NA,0.352997,TRUE,FALSE,FALSE
MD,2024-01-30T11:30:00Z,21.872456,-20.720880050973207,1.151575949026791,NA,0.352538,TRUE,FALSE,FALSE
MD,2024-01-30T13:30:00Z,3.379467,-2.239078145021849,1.1403888549781513,NA,0.326023,TRUE,FALSE,FALSE
MD,2024-01-30T14:00:00Z,2.87987675,-1.7413417484160183,1.138535001583982,NA,0.330588,TRUE,FALSE,FALSE
MD,2024-01-30T14:30:00Z,4.01191,-2.8740688860148795,1.1378411139851206,NA,0.354741,TRUE,FALSE,FALSE
MD,2024-01-30T15:00:00Z,5.18788,-4.047260889711964,1.140619110288036,NA,0.359651,TRUE,FALSE,FALSE
MD,2024-01-30T16:00:00Z,3.4088279999999997,-2.2570800171745167,1.151747982825483,NA,0.325418,TRUE,FALSE,FALSE
MD,2024-01-30T20:30:00Z,2.663647,-1.4761589816499745,1.1874880183500256,55,0.106316,TRUE,FALSE,FALSE
MD,2024-01-31T00:00:00Z,1.7589608,-0.6297043890645011,1.129256410935499,NA,NA,TRUE,FALSE,FALSE
MD,2024-01-31T00:30:00Z,1.9427268000000002,-0.823559341440119,1.1191674585598812,NA,NA,TRUE,FALSE,FALSE
MD,2024-01-31T01:00:00Z,1.7075362,-0.5981883703597515,1.1093478296402486,NA,NA,TRUE,FALSE,FALSE
MD,2024-01-31T05:30:00Z,1.61830374,-0.5235347975629381,1.094768942437062,NA,NA,TRUE,FALSE,FALSE
MD,2024-01-31T06:00:00Z,6.99953414,-5.905885606116559,1.093648533883441,NA,NA,TRUE,FALSE,FALSE
MD,2024-01-31T06:30:00Z,4.52850774,-3.433889641314641,1.094618098685359,NA,NA,TRUE,FALSE,FALSE
MD,2024-01-31T07:00:00Z,2.86665294,-1.7694160903737988,1.097236849626201,NA,NA,TRUE,FALSE,FALSE
MD,2024-01-31T07:30:00Z,3.727570600000001,-2.627895343360345,1.0996752566396557,NA,NA,TRUE,FALSE,FALSE
MD,2024-01-31T08:00:00Z,8.303562,-7.199719362242451,1.1038426377575479,NA,NA,TRUE,FALSE,FALSE
MD,2024-01-31T09:00:00Z,2.1191052,-1.0101612034661054,1.1089439965338945,NA,NA,TRUE,FALSE,FALSE
MD,2024-01-31T09:30:00Z,4.463331500000001,-3.3534463130079573,1.1098851869920432,NA,NA,TRUE,FALSE,FALSE
MD,2024-01-31T10:00:00Z,3.197559,-2.08621750650384,1.11134149349616,NA,NA,TRUE,FALSE,FALSE
MD,2024-01-31T10:30:00Z,2.198370500000001,-1.0873030084060615,1.1110674915939396,NA,NA,TRUE,FALSE,FALSE
MD,2024-01-31T11:00:00Z,2.0983605000000005,-0.9880854403361141,1.1102750596638864,NA,NA,TRUE,FALSE,FALSE
MD,2024-01-31T14:00:00Z,2.87987675,-1.7832034382743678,1.0966733117256324,NA,NA,TRUE,FALSE,FALSE
MD,2024-01-31T14:30:00Z,3.33637175,-2.240398884097496,1.095972865902504,NA,NA,TRUE,FALSE,FALSE
MD,2024-01-31T15:00:00Z,3.343712,-2.245095556281929,1.0986164437180712,NA,NA,TRUE,FALSE,FALSE
MD,2024-01-31T15:30:00Z,2.8590336,-1.7568384776860013,1.1021951223139987,NA,NA,TRUE,FALSE,FALSE
MD,2024-02-01T00:00:00Z,1.7589608,-0.6718709151355837,1.0870898848644164,NA,NA,TRUE,FALSE,FALSE
MD,2024-02-01T00:30:00Z,1.9427268000000002,-0.8653816795749691,1.077345120425031,NA,NA,TRUE,FALSE,FALSE
MD,2024-02-01T01:00:00Z,1.7075362,-0.6396760564541506,1.0678601435458495,NA,NA,TRUE,FALSE,FALSE
MD,2024-02-01T05:30:00Z,1.61830374,-0.53075372484979,1.08755001515021,NA,NA,TRUE,FALSE,FALSE
MD,2024-02-01T06:00:00Z,6.99953414,-5.9115168392775335,1.088017300722466,NA,NA,TRUE,FALSE,FALSE
MD,2024-02-01T06:30:00Z,4.52850774,-3.439402353078153,1.0891053869218472,NA,NA,TRUE,FALSE,FALSE
MD,2024-02-01T07:00:00Z,2.86665294,-1.7762030008830356,1.0904499391169642,NA,NA,TRUE,FALSE,FALSE
MD,2024-02-01T07:30:00Z,3.727570600000001,-2.6352871418420802,1.0922834581579206,NA,NA,TRUE,FALSE,FALSE
MD,2024-02-01T08:00:00Z,8.303562,-7.21072330744213,1.0928386925578695,NA,NA,TRUE,FALSE,FALSE
MD,2024-02-01T09:00:00Z,2.1191052,-1.0279160593909165,1.0911891406090835,NA,NA,TRUE,FALSE,FALSE
MD,2024-02-01T09:30:00Z,4.463331500000001,-3.373676192938211,1.0896553070617896,NA,NA,TRUE,FALSE,FALSE
MD,2024-02-01T10:00:00Z,3.197559,-2.1094862845931575,1.0880727154068428,NA,NA,TRUE,FALSE,FALSE
MD,2024-02-01T10:30:00Z,2.198370500000001,-1.111887587356046,1.086482912643955,NA,NA,TRUE,FALSE,FALSE
MD,2024-02-01T11:00:00Z,2.0983605000000005,-1.0136788505723937,1.0846816494276068,NA,NA,TRUE,FALSE,FALSE
MD,2024-02-01T14:00:00Z,2.87987675,-1.7973568825058714,1.0825198674941288,NA,NA,TRUE,FALSE,FALSE
MD,2024-02-01T14:30:00Z,3.33637175,-2.2515389958456753,1.0848327541543248,NA,NA,TRUE,FALSE,FALSE
MD,2024-02-01T15:00:00Z,3.343712,-2.254442102948192,1.0892698970518082,NA,NA,TRUE,FALSE,FALSE
MD,2024-02-01T15:30:00Z,2.8590336,-1.7647755625489199,1.0942580374510802,NA,NA,TRUE,FALSE,FALSE
MD,2024-02-02T00:30:00Z,1.7304247,-0.6150590518272376,1.1153656481727623,NA,NA,TRUE,FALSE,FALSE
MD,2024-02-02T02:30:00Z,2.0314336730769234,-0.9577730265809892,1.0736606464959342,NA,NA,TRUE,FALSE,FALSE
MD,2024-02-02T03:00:00Z,3.2307260518518515,-2.1667375003337925,1.0639885515180592,NA,NA,TRUE,FALSE,FALSE
MD,2024-02-02T03:30:00Z,6.2648831666666664,-5.208197691518878,1.056685475147789,NA,NA,TRUE,FALSE,FALSE
MD,2024-02-02T04:00:00Z,5.743011214285715,-4.692446605248784,1.050564609036931,NA,NA,TRUE,FALSE,FALSE
MD,2024-02-02T04:30:00Z,5.750610831034484,-4.704174797357363,1.0464360336771208,NA,NA,TRUE,FALSE,FALSE
MD,2024-02-02T05:00:00Z,5.14270277586207,-4.1013404679807435,1.0413623078813259,NA,NA,TRUE,FALSE,FALSE
MD,2024-02-02T05:30:00Z,4.1219465322580655,-3.0802599298269215,1.041686602431144,NA,NA,TRUE,FALSE,FALSE
MD,2024-02-02T06:00:00Z,2.382085,-1.339742825888171,1.042342174111829,NA,NA,TRUE,FALSE,FALSE
MD,2024-02-02T06:30:00Z,2.2687939827586208,-1.2250690413183725,1.0437249414402483,NA,NA,TRUE,FALSE,FALSE
MD,2024-02-02T07:00:00Z,2.083361217857143,-1.0379521839893746,1.0454090338677684,NA,NA,TRUE,FALSE,FALSE
MD,2024-02-02T07:30:00Z,2.4381145035714287,-1.3904027126243572,1.0477117909470715,NA,NA,TRUE,FALSE,FALSE
MD,2024-02-02T08:00:00Z,2.7609039151851853,-1.7122395944249897,1.0486643207601956,NA,NA,TRUE,FALSE,FALSE
MD,2024-02-02T09:00:00Z,1.765363580357143,-0.7178928336991259,1.047470746658017,NA,NA,TRUE,FALSE,FALSE
MD,2024-02-02T09:30:00Z,1.7913851537037035,-0.7452598147399523,1.0461253389637513,NA,NA,TRUE,FALSE,FALSE
MD,2024-02-02T10:00:00Z,1.6455782618518517,-0.6009123057157297,1.044665956136122,NA,NA,TRUE,FALSE,FALSE
MD,2024-02-02T10:30:00Z,1.8435498725925927,-0.8001990812564554,1.0433507913361373,NA,NA,TRUE,FALSE,FALSE
MD,2024-02-02T11:00:00Z,1.6851029874074073,-0.6433609641504827,1.0417420232569246,NA,NA,TRUE,FALSE,FALSE
MD,2024-02-03T00:00:00Z,1.8557904461538461,-0.7656097909091946,1.0901806552446516,NA,NA,TRUE,FALSE,FALSE
MD,2024-02-03T00:30:00Z,2.181124182608696,-1.1057755148695039,1.075348667739192,NA,NA,TRUE,FALSE,FALSE
MD,2024-02-03T01:00:00Z,1.7648823434782608,-0.7044814878213648,1.060400855656896,NA,NA,TRUE,FALSE,FALSE
MD,2024-02-03T01:30:00Z,1.8152663208333333,-0.7655428333523586,1.0497234874809747,NA,NA,TRUE,FALSE,FALSE
MD,2024-02-03T02:00:00Z,1.6561676576923077,-0.6163917969173025,1.0397758607750052,NA,NA,TRUE,FALSE,FALSE
MD,2024-02-03T02:30:00Z,2.301996574074074,-1.2691919497119997,1.0328046243620743,NA,NA,TRUE,FALSE,FALSE
MD,2024-02-03T03:00:00Z,3.329208865517242,-2.3063201594640117,1.0228887060532301,NA,NA,TRUE,FALSE,FALSE
MD,2024-02-03T03:30:00Z,5.979247623333333,-4.963992448009379,1.015255175323954,NA,NA,TRUE,FALSE,FALSE
MD,2024-02-03T04:00:00Z,5.496814012903226,-4.488409816234499,1.0084041966687267,NA,NA,TRUE,FALSE,FALSE
MD,2024-02-03T04:30:00Z,5.5170683218750005,-4.513681497130259,1.0033868247447413,NA,NA,TRUE,FALSE,FALSE
MD,2024-02-03T05:00:00Z,4.724693178787879,-3.7277248589287484,0.9969683198591307,NA,NA,TRUE,FALSE,FALSE
MD,2024-02-03T05:30:00Z,3.7348340272727283,-2.7381775548050187,0.9966564724677096,NA,NA,TRUE,FALSE,FALSE
MD,2024-02-03T06:00:00Z,2.058458421212121,-1.0618465452379393,0.9966118759741818,NA,NA,TRUE,FALSE,FALSE
MD,2024-02-03T06:30:00Z,1.91915470625,-0.921699643917556,0.9974550623324441,NA,NA,TRUE,FALSE,FALSE
MD,2024-02-03T07:30:00Z,1.8638037500000002,-0.8628568719834366,1.0009468780165636,NA,NA,TRUE,FALSE,FALSE
MD,2024-02-03T08:00:00Z,2.397874906774194,-1.3962864181002719,1.001588488673922,NA,NA,TRUE,FALSE,FALSE
MD,2024-02-03T09:00:00Z,1.5770262484374997,-0.5767945579217635,1.0002316905157362,NA,NA,TRUE,FALSE,FALSE
MD,2024-02-03T09:30:00Z,1.84464247175,-0.845725654571664,0.998916817178336,NA,NA,TRUE,FALSE,FALSE
MD,2024-02-03T10:00:00Z,1.5253811618064517,-0.5280613099723118,0.9973198518341398,NA,NA,TRUE,FALSE,FALSE
MD,2024-02-03T10:30:00Z,1.6685651453548387,-0.6727513140620538,0.9958138312927849,NA,NA,TRUE,FALSE,FALSE
MD,2024-02-04T00:30:00Z,1.7551301459259259,-0.6654824320283039,1.089647713897622,NA,NA,TRUE,FALSE,FALSE
MD,2024-02-04T01:00:00Z,1.881439,-0.830045782624359,1.051393217375641,NA,NA,TRUE,FALSE,FALSE
MD,2024-02-04T01:30:00Z,1.6791386666666668,-0.6641693852538304,1.0149692814128364,NA,NA,TRUE,FALSE,FALSE
MD,2024-02-05T00:30:00Z,1.6626936933333334,-0.6209214530391689,1.0417722402941645,NA,NA,TRUE,FALSE,FALSE
MD,2024-02-05T01:00:00Z,1.881439,-0.8762828046012892,1.005156195398711,NA,NA,TRUE,FALSE,FALSE
MD,2024-02-05T01:30:00Z,1.6791386666666668,-0.70884552681427,0.9702931398523967,NA,NA,TRUE,FALSE,FALSE
MD,2024-02-05T23:30:00Z,1.5981971,-0.5384668513300601,1.0597302486699398,1.09701,0.058462600000000003,TRUE,FALSE,FALSE
MD,2024-02-06T00:00:00Z,1.9086317,-0.8916663947554297,1.0169653052445702,0.00777802,0.0418488,TRUE,FALSE,FALSE
MD,2024-02-06T00:30:00Z,2.2238825,-1.2195341988260815,1.0043483011739187,0,0.112101,TRUE,FALSE,FALSE
MD,2024-02-06T01:00:00Z,2.23037,-1.2648970402899895,0.9654729597100107,0,0.238521,TRUE,FALSE,FALSE
MD,2024-02-06T02:00:00Z,1.532508,-0.647669517342453,0.8848384826575469,0,0.255272,TRUE,FALSE,FALSE
MD,2024-02-06T03:30:00Z,-0.3845651,1.1888066656894747,0.8042415656894748,0,0.431912,FALSE,TRUE,FALSE
MD,2024-02-06T23:30:00Z,1.6421709125000001,-0.566697368630791,1.0754735438692091,1.17766,0.0644151,TRUE,FALSE,FALSE
MD,2024-02-07T12:00:00Z,1.65954426,-0.6470553741075387,1.0124888858924614,NA,0.145615,TRUE,FALSE,FALSE
MD,2024-02-07T12:30:00Z,1.5211018833333334,-0.5068358150965999,1.0142660682367335,NA,0.112357,TRUE,FALSE,FALSE
MD,2024-02-08T00:00:00Z,1.9086317,-0.6395659835928647,1.2690657164071353,0.00591734,0.0593676,TRUE,FALSE,FALSE
MD,2024-02-08T00:30:00Z,2.2238825,-0.9864520256931772,1.237430474306823,0,0.0450278,TRUE,FALSE,FALSE
MD,2024-02-08T01:00:00Z,2.2238825,-0.9664314165253685,1.2574510834746317,0,0.111364,TRUE,FALSE,FALSE
MD,2024-02-08T01:30:00Z,1.9086317,-0.6071655301690435,1.3014661698309564,0,0.18973,TRUE,FALSE,FALSE
MD,2024-02-08T02:00:00Z,1.9086317,-0.6156672995491765,1.2929644004508234,0,0.171636,TRUE,FALSE,FALSE
MD,2024-02-08T02:30:00Z,3.80097,-2.5217531191434737,1.2792168808565263,0,0.274149,TRUE,FALSE,FALSE
MD,2024-02-08T04:00:00Z,2.8676,-1.5789238415766165,1.2886761584233835,NA,0.317775,TRUE,FALSE,FALSE
MD,2024-02-08T04:30:00Z,1.944004,-0.8267278242089271,1.117276175791073,NA,0.364618,TRUE,FALSE,FALSE
MD,2024-02-08T05:00:00Z,1.89761,-0.8070065607539731,1.0906034392460269,NA,0.359988,TRUE,FALSE,FALSE
MD,2024-02-08T06:00:00Z,1.6310699999999998,-0.5346350685742707,1.0964349314257291,NA,0.26338,TRUE,FALSE,FALSE
MD,2024-02-08T07:30:00Z,1.884414,-0.8021273645045377,1.0822866354954623,NA,0.355441,TRUE,FALSE,FALSE
MD,2024-02-08T08:00:00Z,1.5902674,-0.5129357528343794,1.0773316471656207,NA,0.307149,TRUE,FALSE,FALSE
MD,2024-02-08T08:30:00Z,1.6395979,-0.5598775180713742,1.0797203819286258,NA,0.315399,TRUE,FALSE,FALSE
MD,2024-02-08T10:00:00Z,1.64050024,-0.555410559470839,1.085089680529161,NA,0.352047,TRUE,FALSE,FALSE
MD,2024-02-08T11:00:00Z,2.37671152,-1.286680557360055,1.0900309626399451,NA,0.382192,TRUE,FALSE,FALSE
MD,2024-02-08T12:00:00Z,2.040909,-0.945483420659625,1.095425579340375,NA,0.427832,TRUE,FALSE,FALSE
MD,2024-02-08T12:30:00Z,1.6614650000000002,-0.5642582040241766,1.0972067959758236,NA,0.44955,TRUE,FALSE,FALSE
MD,2024-02-08T13:00:00Z,2.3678700000000004,-1.2690065427864579,1.0988634572135425,NA,0.517017,TRUE,FALSE,FALSE
MD,2024-02-08T22:00:00Z,2.041736,-0.5592200483992351,1.482515951600765,NA,0.61162,TRUE,FALSE,FALSE
MD,2024-02-08T22:30:00Z,2.02453051,-0.5481654731129646,1.4763650368870354,NA,0.62742,TRUE,FALSE,FALSE
MD,2024-02-08T23:30:00Z,5.430973,-4.01084904767708,1.4201239523229199,NA,0.658389,TRUE,FALSE,FALSE
MD,2024-02-09T00:30:00Z,2.4339125,-1.0515758229173175,1.3823366770826824,NA,0.560658,TRUE,FALSE,FALSE
MD,2024-02-09T01:00:00Z,1.9396772,-0.5682500682128648,1.3714271317871352,NA,0.540602,TRUE,FALSE,FALSE
MD,2024-02-09T01:30:00Z,2.8816913,-1.5082402281955993,1.3734510718044006,NA,0.591194,TRUE,FALSE,FALSE
MD,2024-02-09T02:00:00Z,3.181596,-1.79794570924353,1.3836502907564698,NA,0.708422,TRUE,FALSE,FALSE
MD,2024-02-09T02:30:00Z,2.8269075999999997,-1.4373251305068173,1.3895824694931824,NA,0.712969,TRUE,FALSE,FALSE
MD,2024-02-09T03:00:00Z,2.7039999999999997,-1.3168470606236662,1.3871529393763335,NA,0.697337,TRUE,FALSE,FALSE
MD,2024-02-09T03:30:00Z,24.18656,-22.80102938594978,1.3855306140502217,NA,0.69147,TRUE,FALSE,FALSE
MD,2024-02-09T04:00:00Z,36.665729,-35.27695868546054,1.3887703145394583,NA,0.65514,TRUE,FALSE,FALSE
MD,2024-02-09T04:30:00Z,83.32650000000001,-82.12258286071037,1.2039171392896406,NA,0.714873,TRUE,FALSE,FALSE
MD,2024-02-09T05:30:00Z,7.3942499999999995,-6.21397182072327,1.1802781792767303,NA,0.516744,TRUE,FALSE,FALSE
MD,2024-02-09T06:00:00Z,2.32973,-1.1486803714738945,1.1810496285261056,NA,0.651119,TRUE,FALSE,FALSE
MD,2024-02-09T06:30:00Z,3.4348574,-2.2518886198094923,1.1829687801905076,NA,0.73541,TRUE,FALSE,FALSE
MD,2024-02-09T07:00:00Z,2.5144204,-1.3257826445729282,1.188637755427072,NA,0.709664,TRUE,FALSE,FALSE
MD,2024-02-09T08:00:00Z,3.137727675,-2.0245844256316925,1.113143249368307,NA,NA,TRUE,FALSE,FALSE
MD,2024-02-09T08:30:00Z,3.51821,-2.4074160082604728,1.110793991739527,NA,0.628248,TRUE,FALSE,FALSE
MD,2024-02-09T09:00:00Z,5.7636883,-4.655406542547637,1.108281757452363,NA,0.620182,TRUE,FALSE,FALSE
MD,2024-02-09T09:30:00Z,2.813349,-1.7034505811618132,1.1098984188381869,NA,0.642316,TRUE,FALSE,FALSE
MD,2024-02-09T10:00:00Z,4.321123,-3.2115875996426446,1.1095354003573554,NA,0.816294,TRUE,FALSE,FALSE
MD,2024-02-09T11:00:00Z,3.3530740000000003,-2.2470785094948793,1.105995490505121,NA,0.613908,TRUE,FALSE,FALSE
MD,2024-02-09T11:30:00Z,2.539924,-1.4367503951204295,1.1031736048795706,NA,0.678942,TRUE,FALSE,FALSE
MD,2024-02-09T12:00:00Z,2.7052419,-1.6041343059092128,1.101107594090787,NA,0.57721,TRUE,FALSE,FALSE
MD,2024-02-09T12:30:00Z,3.063036,-1.9620520922733602,1.1009839077266397,NA,0.546295,TRUE,FALSE,FALSE
MD,2024-02-09T13:00:00Z,2.5273260000000004,-1.4236863423959492,1.1036396576040512,NA,0.484074,TRUE,FALSE,FALSE
MD,2024-02-09T13:30:00Z,1.6904382,-0.5763585339863666,1.1140796660136334,NA,0.456956,TRUE,FALSE,FALSE
MD,2024-02-09T23:00:00Z,2.834655,-1.2761180688560594,1.5585369311439408,NA,0.458819,TRUE,FALSE,FALSE
MD,2024-02-09T23:30:00Z,2.173814,-0.6499339655099021,1.523880034490098,NA,0.399775,TRUE,FALSE,FALSE
MD,2024-02-10T00:00:00Z,2.261475,-0.7652446437286946,1.4962303562713053,NA,0.339567,TRUE,FALSE,FALSE
MD,2024-02-10T01:30:00Z,2.39361,-0.9204200807360554,1.4731899192639444,NA,0.277246,TRUE,FALSE,FALSE
MD,2024-02-10T04:30:00Z,2.1291024999999997,-0.9393380256914454,1.1897644743085543,NA,0.323652,TRUE,FALSE,FALSE
MD,2024-02-10T08:30:00Z,3.225504,-2.081956028602559,1.143547971397441,NA,0.366957,TRUE,FALSE,FALSE
MD,2024-02-10T09:00:00Z,2.47016,-1.329857403939523,1.140302596060477,NA,0.464685,TRUE,FALSE,FALSE
MD,2024-02-10T09:30:00Z,2.178468,-1.0375796871992529,1.1408883128007472,NA,0.497575,TRUE,FALSE,FALSE
MD,2024-02-10T12:30:00Z,1.835174,-0.7089699949870205,1.1262040050129796,NA,0.588327,TRUE,FALSE,FALSE
MD,2024-02-12T08:00:00Z,2.183199,-0.9187117022535243,1.2644872977464758,NA,0.0661418,TRUE,FALSE,FALSE
MD,2024-02-12T08:30:00Z,2.0409801,-0.7754088876539753,1.2655712123460248,NA,0.11953,TRUE,FALSE,FALSE
MD,2024-02-12T09:00:00Z,1.9484918800000002,-0.6675023134398295,1.2809895665601707,NA,0.111114,TRUE,FALSE,FALSE
MD,2024-02-12T09:30:00Z,1.8826736800000001,-0.5797595472025208,1.3029141327974794,NA,0.103698,TRUE,FALSE,FALSE
MD,2024-02-12T10:00:00Z,1.8826736800000001,-0.552361056742305,1.3303126232576952,NA,0.0479532,TRUE,FALSE,FALSE
MD,2024-02-13T09:00:00Z,3.09967,-1.8029478025661194,1.2967221974338807,0.05555555555555556,0.233344,TRUE,FALSE,FALSE
MD,2024-02-13T09:30:00Z,2.6440140000000003,-1.347761211532887,1.2962527884671133,0.05555555555555556,0.287192,TRUE,FALSE,FALSE
MD,2024-02-13T13:00:00Z,0.34922200000000014,1.0656124916747183,1.4148344916747184,1.1666666666666667,0.415873,FALSE,TRUE,FALSE
MD,2024-02-13T13:30:00Z,0.265313,1.149007838940311,1.414320838940311,1.1666666666666667,0.376358,FALSE,TRUE,FALSE
MD,2024-02-14T23:30:00Z,2.5575804122727273,-1.014701443625076,1.5428789686476512,3.02341,0.187597,TRUE,FALSE,FALSE
MD,2024-02-15T00:00:00Z,2.447210485,-0.9083732945444802,1.5388371904555196,0.0354824,0.190072,TRUE,FALSE,FALSE
MD,2024-02-15T00:30:00Z,2.447210485,-0.9070457008036517,1.5401647841963482,0,0.143729,TRUE,FALSE,FALSE
MD,2024-02-15T01:00:00Z,2.447210485,-0.9113084540294321,1.5359020309705678,0,0.183351,TRUE,FALSE,FALSE
MD,2024-02-15T01:30:00Z,2.0443415489655172,-0.5279730508668754,1.5163684980986418,0,0.146364,TRUE,FALSE,FALSE
MD,2024-02-15T04:30:00Z,2.366974,-0.9036566066498519,1.463317393350148,0,0.268972,TRUE,FALSE,FALSE
MD,2024-02-15T05:00:00Z,2.393153,-0.9156414024186574,1.4775115975813424,0,0.310277,TRUE,FALSE,FALSE
MD,2024-02-15T07:00:00Z,2.0443415489655172,-0.5333573016939854,1.5109842472715318,0,0.19711,TRUE,FALSE,FALSE
MD,2024-02-15T13:00:00Z,-4.20988,5.564739328222808,1.3548593282228083,0.1388888888888889,0.634472,FALSE,TRUE,FALSE
MD,2024-02-15T16:00:00Z,31.22869,-29.82431749329293,1.404372506707068,17.694444444444446,0.334966,TRUE,FALSE,FALSE
MD,2024-02-15T18:30:00Z,3.8948599999999995,-2.4297696979628,1.4650903020372,53.30555555555556,0.853372,TRUE,FALSE,FALSE
MD,2024-02-16T03:30:00Z,2.000174,-0.660094266486962,1.3400797335130379,0.08333333333333333,0.556742,TRUE,FALSE,FALSE
MD,2024-02-16T10:00:00Z,1.8197375,-0.6095198416123129,1.2102176583876871,0.05555555555555556,0.406742,TRUE,FALSE,FALSE
MD,2024-02-16T14:00:00Z,1.7002995,-0.566444572724393,1.133854927275607,46.77777777777778,0.126649,TRUE,FALSE,FALSE
MD,2024-02-16T15:00:00Z,4.966561761428571,-3.693756523643724,1.2728052377848473,NA,NA,TRUE,FALSE,FALSE
MD,2024-02-16T15:30:00Z,4.2654803,-2.8911573090844653,1.3743229909155346,NA,NA,TRUE,FALSE,FALSE
MD,2024-02-16T16:00:00Z,3.7220975875,-2.339227187230807,1.3828704002691927,NA,NA,TRUE,FALSE,FALSE
MD,2024-02-16T16:30:00Z,3.148140677777778,-1.7601383134675943,1.3880023643101838,NA,NA,TRUE,FALSE,FALSE
MD,2024-02-16T17:00:00Z,2.67233134,-1.2704230785808155,1.4019082614191845,NA,NA,TRUE,FALSE,FALSE
MD,2024-02-17T04:30:00Z,-1.4162569999999999,2.489961513727363,1.0737045137273629,1.53845e-4,0.569867,FALSE,TRUE,FALSE
MD,2024-02-17T05:00:00Z,2.407489,-1.330103984323014,1.077385015676986,6.90329e-5,0.602052,TRUE,FALSE,FALSE
MD,2024-02-17T05:30:00Z,1.6363627,-0.5711464889541094,1.0652162110458907,0,0.520042,TRUE,FALSE,FALSE
MD,2024-02-17T06:00:00Z,2.3448086,-1.3068099850464368,1.0379986149535632,5.1528e-5,0.59135,TRUE,FALSE,FALSE
MD,2024-02-17T23:30:00Z,1.630284,-0.5314424487481983,1.0988415512518017,4.56863,0.612351,TRUE,FALSE,FALSE
MD,2024-02-18T00:30:00Z,2.5079380000000002,-1.341587510283222,1.1663504897167782,8.94222e-4,0.655821,TRUE,FALSE,FALSE
MD,2024-02-18T01:00:00Z,2.0957979,-0.8955813871812428,1.2002165128187572,3.17551e-4,0.753974,TRUE,FALSE,FALSE
MD,2024-02-18T01:30:00Z,2.3266394,-1.106583566650455,1.2200558333495448,4.56602e-4,0.752676,TRUE,FALSE,FALSE
MD,2024-02-18T02:00:00Z,2.4750827,-1.2358023367344881,1.239280363265512,3.56259e-4,0.89418,TRUE,FALSE,FALSE
MD,2024-02-18T02:30:00Z,2.6359160999999998,-1.3880321577876267,1.247883942212373,3.23468e-4,0.991512,TRUE,FALSE,FALSE
MD,2024-02-18T03:00:00Z,2.3048872,-1.0529712089350562,1.2519159910649438,3.21003e-4,0.998368,TRUE,FALSE,FALSE
MD,2024-02-18T04:00:00Z,2.0833909999999998,-0.8330906541297001,1.2503003458702997,2.88952e-4,0.882517,TRUE,FALSE,FALSE
MD,2024-02-18T04:30:00Z,2.2083500000000003,-0.9582593244886051,1.2500906755113952,2.31013e-4,0.930957,TRUE,FALSE,FALSE
MD,2024-02-20T23:30:00Z,0.72868,1.0148206959475858,1.7435006959475858,8.04162,0.214785,FALSE,TRUE,FALSE
MD,2024-02-21T00:00:00Z,0.659328,1.0698258304216361,1.729153830421636,0.201983,0.251121,FALSE,TRUE,FALSE
MD,2024-02-21T02:00:00Z,2.456172,-0.7629430610087511,1.693228938991249,6.59155e-4,0.338378,TRUE,FALSE,FALSE
MD,2024-02-21T02:30:00Z,2.3372374,-0.6410732327450248,1.696164167254975,8.85839e-4,0.294843,TRUE,FALSE,FALSE
MD,2024-02-21T03:00:00Z,2.662814,-0.9734488954952656,1.6893651045047344,0.00102834,0.230394,TRUE,FALSE,FALSE
MD,2024-02-21T03:30:00Z,2.1959656,-0.5151501160122758,1.6808154839877243,8.79922e-4,0.242803,TRUE,FALSE,FALSE
MD,2024-02-21T17:30:00Z,47.563449999999996,-45.66811314646299,1.8953368535370008,273.947,0.341202,TRUE,FALSE,FALSE
MD,2024-02-21T18:00:00Z,6.982290000000001,-5.014797704378566,1.9674922956214353,518.749,0.481027,TRUE,FALSE,FALSE
MD,2024-02-22T06:30:00Z,2.3857623587096777,-0.9544609473769945,1.4313014113326832,0.00141739,0.0434293,TRUE,FALSE,FALSE
MD,2024-02-22T07:00:00Z,2.154187063142857,-0.7445322742079861,1.409654788934871,0.00118441,0.0589563,TRUE,FALSE,FALSE
MD,2024-02-22T08:00:00Z,2.0628423534210527,-0.6648329930617831,1.3980093603592696,0.00116197,0.126268,TRUE,FALSE,FALSE
MD,2024-02-22T08:30:00Z,2.4637550879310344,-1.0438378722776165,1.4199172156534179,6.71837e-4,0.0625225,TRUE,FALSE,FALSE
MD,2024-02-22T09:00:00Z,2.2364031378125,-0.8263133142556385,1.4100898235568617,5.51523e-4,0.0609744,TRUE,FALSE,FALSE
MD,2024-02-22T09:30:00Z,1.874302624057971,-0.5378526755695476,1.3364499484884234,3.03744e-4,0.0813992,TRUE,FALSE,FALSE
MD,2024-02-22T10:00:00Z,2.3405075803333335,-0.925265769379138,1.4152418109541955,1.38066e-4,0.0535936,TRUE,FALSE,FALSE
MD,2024-02-22T10:30:00Z,2.0098573496666665,-0.65976868984956,1.3500886598171065,3.09661e-4,0.120904,TRUE,FALSE,FALSE
MD,2024-02-22T13:00:00Z,2.084584,-0.7911301177214203,1.2934538822785797,14.8276,0.0566648,TRUE,FALSE,FALSE
MD,2024-02-22T22:30:00Z,2.572324,-0.5515227474613744,2.0208012525386256,163.108,0.364325,TRUE,FALSE,FALSE
MD,2024-02-23T05:00:00Z,2.125834,-0.5536609596596493,1.5721730403403504,0.00181606,0.253576,TRUE,FALSE,FALSE
MD,2024-02-23T05:30:00Z,2.349418,-0.8034317124514929,1.545986287548507,0.00177291,0.277398,TRUE,FALSE,FALSE
MD,2024-02-23T06:00:00Z,2.527574,-1.0114444105197382,1.5161295894802618,0.00186413,0.321216,TRUE,FALSE,FALSE
MD,2024-02-23T07:30:00Z,2.941877,-1.4427164853307612,1.4991605146692386,0.00163115,0.236617,TRUE,FALSE,FALSE
MD,2024-02-23T13:00:00Z,2.653194,-1.2399713435483544,1.4132226564516457,21.6307,0.118356,TRUE,FALSE,FALSE
MD,2024-02-24T02:00:00Z,0.2102363,1.0063547687285475,1.2165910687285475,6.07489e-4,0.532529,FALSE,TRUE,FALSE
MD,2024-02-24T07:00:00Z,1.6230736,-0.649407469357605,0.9736661306423949,0.00272458,0.576936,TRUE,FALSE,FALSE
MD,2024-02-24T10:00:00Z,1.538932,-0.6446537620244829,0.8942782379755171,0.00175935,0.401809,TRUE,FALSE,FALSE
MD,2024-02-26T10:30:00Z,3.1163839999999996,-1.1856607389615057,1.930723261038494,7.42842e-4,0.352764,TRUE,FALSE,FALSE
MD,2024-02-27T12:30:00Z,1.454543,1.2081532013412597,2.6626962013412596,0.865004,0.295008,FALSE,TRUE,FALSE
MD,2024-02-28T00:30:00Z,3.703391715,-0.7102146837290944,2.9931770312709056,8.82635e-4,0.117835,TRUE,FALSE,FALSE
MD,2024-02-28T01:00:00Z,3.616677807222222,-0.6571708193979906,2.9595069878242315,0,0.0787102,TRUE,FALSE,FALSE
MD,2024-02-28T01:30:00Z,3.694389978139535,-0.7602162540737245,2.9341737240658103,0,0.0922171,TRUE,FALSE,FALSE
MD,2024-02-28T02:00:00Z,3.694389978139535,-0.7612178812164476,2.9331720969230872,0,0.157534,TRUE,FALSE,FALSE
MD,2024-02-28T02:30:00Z,4.369758,-1.4124145911443002,2.9573434088557,0,0.329835,TRUE,FALSE,FALSE
MD,2024-02-28T04:30:00Z,7.75742,-4.781879223144669,2.9755407768553312,0,0.439637,TRUE,FALSE,FALSE
MD,2024-02-28T05:00:00Z,3.545172369189189,-0.5928271548057831,2.952345214383406,0,0.762273,TRUE,FALSE,FALSE
MD,2024-02-28T05:30:00Z,13.666799999999999,-10.813293603905798,2.8535063960942013,0,0.610479,TRUE,FALSE,FALSE
MD,2024-02-28T06:00:00Z,1.540131,1.2800867898719217,2.8202177898719216,0,0.541983,FALSE,TRUE,FALSE
MD,2024-02-28T06:30:00Z,3.372575,-0.6969272470604477,2.675647752939552,0,0.35964,TRUE,FALSE,FALSE
MD,2024-02-28T08:00:00Z,4.024566999999999,-1.4538321244024899,2.5707348755975095,0,0.322862,TRUE,FALSE,FALSE
MD,2024-02-28T08:30:00Z,3.2711219999999996,-0.67837546128635,2.5927465387136497,0,0.538366,TRUE,FALSE,FALSE
MD,2024-02-28T11:30:00Z,10.67632,-8.985671533082865,1.6906484669171356,0,0.841827,TRUE,FALSE,FALSE
MD,2024-02-28T12:30:00Z,-6.422451,8.050039395405351,1.627588395405351,0.563959,0.812306,FALSE,TRUE,TRUE
MD,2024-02-28T13:30:00Z,2.230609,-0.6904322014558042,1.5401767985441956,20.5707,0.797665,TRUE,FALSE,FALSE
MD,2024-02-29T06:00:00Z,2.5137316999999997,-1.130362367944719,1.3833693320552807,5.91707e-5,0.643716,TRUE,FALSE,FALSE
MD,2024-02-29T06:30:00Z,1.9973209,-0.6468702067004892,1.3504506932995108,1.36833e-4,0.623615,TRUE,FALSE,FALSE
MD,2024-02-29T07:30:00Z,2.006629,-0.6823025618890866,1.3243264381109137,2.83035e-4,0.524659,TRUE,FALSE,FALSE
MD,2024-02-29T09:00:00Z,1.84688,-0.5733650714824929,1.2735149285175071,2.70707e-4,0.413854,TRUE,FALSE,FALSE
MD,2024-03-01T03:00:00Z,2.690287,-1.0107358749541133,1.6795511250458868,0,0.302033,TRUE,FALSE,FALSE
MD,2024-03-01T04:30:00Z,0.6970799999999999,1.085964760270274,1.783044760270274,0,0.449522,FALSE,TRUE,FALSE
MD,2024-03-02T01:30:00Z,0.5892699999999998,1.680851699004715,2.270121699004715,0,0.453795,FALSE,TRUE,FALSE
MD,2024-03-02T03:00:00Z,1.093194,1.128931710136674,2.222125710136674,0,0.347275,FALSE,TRUE,FALSE
MD,2024-03-03T06:00:00Z,3.911237,-1.6874620012881767,2.223774998711823,0,0.265517,TRUE,FALSE,FALSE
MD,2024-03-03T10:30:00Z,1.144343,1.0025799377582216,2.1469229377582217,0,0.461476,FALSE,TRUE,FALSE
MD,2024-03-03T11:00:00Z,0.611505,1.5479592433154974,2.1594642433154974,0,0.531741,FALSE,TRUE,FALSE
MD,2024-03-03T12:00:00Z,0.665238,1.5207517649276041,2.185989764927604,0.0462917,0.540331,FALSE,TRUE,FALSE
MD,2024-03-04T02:00:00Z,1.8181402,1.0613497216502827,2.8794899216502827,0,0.792356,FALSE,TRUE,FALSE
MD,2024-03-05T00:30:00Z,3.814832,-0.7732650093263782,3.041566990673622,0.0103939,0.238674,TRUE,FALSE,FALSE
MD,2024-03-05T01:00:00Z,4.873893,-1.8551750491632406,3.018717950836759,0,0.366715,TRUE,FALSE,FALSE
MD,2024-03-05T01:30:00Z,3.9495497999999998,-0.9095290622981134,3.0400207377018864,0,0.435517,TRUE,FALSE,FALSE
MD,2024-03-05T03:30:00Z,3.813991,-0.7814763745243236,3.0325146254756765,0,0.38244,TRUE,FALSE,FALSE
MD,2024-03-05T04:00:00Z,1.611518,1.4413090315798656,3.0528270315798656,0,0.393802,FALSE,TRUE,FALSE
MD,2024-03-05T05:00:00Z,3.6247672611999997,-0.6006357748904843,3.0241314863095154,0,0.204594,TRUE,FALSE,FALSE
MD,2024-03-05T05:30:00Z,17.488879999999998,-14.569122835433884,2.9197571645661133,0,0.253385,TRUE,FALSE,FALSE
MD,2024-03-05T06:00:00Z,12.45604,-9.641180284998086,2.814859715001915,0,0.311631,TRUE,FALSE,FALSE
MD,2024-03-05T06:30:00Z,15.71827,-12.952580523450058,2.7656894765499427,0,0.287191,TRUE,FALSE,FALSE
MD,2024-03-05T07:00:00Z,3.654018742926829,-0.8236674715600754,2.830351271366754,0,0.356843,TRUE,FALSE,FALSE
MD,2024-03-05T07:30:00Z,-6.86487,9.661001865617846,2.7961318656178467,0,0.285757,FALSE,TRUE,TRUE
MD,2024-03-05T08:00:00Z,0.98855,1.6524654459012558,2.641015445901256,0,0.562787,FALSE,TRUE,FALSE
MD,2024-03-05T08:30:00Z,-0.58476,3.05690474217164,2.47214474217164,0,0.350888,FALSE,TRUE,FALSE
MD,2024-03-05T13:00:00Z,9.7277887,-7.5109028516320935,2.216885848367906,6.88967,0.668688,TRUE,FALSE,FALSE
MD,2024-03-05T15:30:00Z,5.89857,-3.6594688228177947,2.2391011771822056,95.109,0.576429,TRUE,FALSE,FALSE
MD,2024-03-06T00:30:00Z,0.07114999999999999,2.3582217269611894,2.429371726961189,0.00694445,0.423514,FALSE,TRUE,FALSE
MD,2024-03-06T02:00:00Z,1.176787,1.2159496953217865,2.3927366953217866,0,0.444554,FALSE,TRUE,FALSE
MD,2024-03-06T02:30:00Z,3.907931,-1.531375561154527,2.376555438845473,0,0.418297,TRUE,FALSE,FALSE
MD,2024-03-06T03:00:00Z,0.3035821,2.058804451550087,2.362386551550087,0,0.462057,FALSE,TRUE,FALSE
MD,2024-03-06T03:30:00Z,4.60119,-2.2653609921106708,2.335829007889329,0,0.382975,TRUE,FALSE,FALSE
MD,2024-03-06T05:00:00Z,-4.59939,6.854885440876959,2.25549544087696,0,0.400307,FALSE,TRUE,FALSE
MD,2024-03-06T05:30:00Z,-2.839727,5.07961803977976,2.2398910397797596,0,0.351538,FALSE,TRUE,FALSE
MD,2024-03-06T06:00:00Z,-9.18176,11.411213478161994,2.2294534781619935,0,0.272387,FALSE,TRUE,TRUE
MD,2024-03-06T06:30:00Z,0.050980000000000025,2.171668144871193,2.222648144871193,0,0.253376,FALSE,TRUE,FALSE
MD,2024-03-06T12:00:00Z,2.5926546000000004,-0.563835918509271,2.0288186814907294,0.145833,0.418086,TRUE,FALSE,FALSE
MD,2024-03-07T01:30:00Z,2.7168924,-0.5382529297002572,2.1786394702997427,0,0.314308,TRUE,FALSE,FALSE
MD,2024-03-07T02:00:00Z,3.483219,-1.342256113707366,2.140962886292634,0,0.442338,TRUE,FALSE,FALSE
MD,2024-03-07T02:30:00Z,3.0085382999999997,-0.908528909558981,2.1000093904410186,0,0.429668,TRUE,FALSE,FALSE
MD,2024-03-07T03:00:00Z,2.6363794,-0.5833791696058359,2.053000230394164,0,0.405282,TRUE,FALSE,FALSE
MD,2024-03-07T04:00:00Z,2.6755827,-0.7037459260566261,1.971836773943374,0,0.326807,TRUE,FALSE,FALSE
MD,2024-03-07T05:00:00Z,2.6417762,-0.7143332958395823,1.9274429041604175,0,0.357308,TRUE,FALSE,FALSE
MD,2024-03-07T05:30:00Z,3.0414208,-1.1292273582260826,1.9121934417739175,0,0.4217,TRUE,FALSE,FALSE
MD,2024-03-07T06:00:00Z,2.5710201,-0.6738592496039364,1.8971608503960637,0,0.417085,TRUE,FALSE,FALSE
MD,2024-03-07T06:30:00Z,2.6624742,-0.7904825951785748,1.8719916048214253,0,0.406842,TRUE,FALSE,FALSE
MD,2024-03-07T07:00:00Z,2.8857754,-1.021342567623813,1.864432832376187,0,0.468116,TRUE,FALSE,FALSE
MD,2024-03-07T07:30:00Z,2.4383137,-0.5695360084538923,1.8687776915461078,0,0.422744,TRUE,FALSE,FALSE
MD,2024-03-07T08:00:00Z,2.4235918,-0.5649941511573768,1.8585976488426232,0,0.459676,TRUE,FALSE,FALSE
MD,2024-03-07T08:30:00Z,2.4564655,-0.6094525041699479,1.8470129958300523,0,0.453836,TRUE,FALSE,FALSE
MD,2024-03-07T10:00:00Z,2.385459,-0.6042999408193439,1.781159059180656,0,0.42584,TRUE,FALSE,FALSE
MD,2024-03-07T10:30:00Z,2.2881025,-0.5266338774427897,1.7614686225572103,0,0.420772,TRUE,FALSE,FALSE
MD,2024-03-07T11:00:00Z,2.6532554,-0.8945714539794838,1.7586839460205161,0,0.478489,TRUE,FALSE,FALSE
MD,2024-03-08T00:00:00Z,2.777130814025974,-0.6146464848201205,2.1624843292058533,1.54556,0.205019,TRUE,FALSE,FALSE
MD,2024-03-08T00:30:00Z,2.9478749,-0.7973184384226908,2.150556461577309,0.0166245,0.319881,TRUE,FALSE,FALSE
MD,2024-03-08T03:00:00Z,2.6780303,-0.6589197302274084,2.0191105697725917,0,0.281122,TRUE,FALSE,FALSE
MD,2024-03-08T05:00:00Z,2.505649,-0.5900541757385627,1.9155948242614373,0,0.269866,TRUE,FALSE,FALSE
MD,2024-03-08T19:00:00Z,14.100018,-12.127388080433656,1.9726299195663441,69.9421,0.377431,TRUE,FALSE,FALSE
MD,2024-03-08T20:00:00Z,11.61585,-9.649861316712922,1.9659886832870777,54.9933,0.384171,TRUE,FALSE,FALSE
MD,2024-03-08T20:30:00Z,48.078630000000004,-46.113034645280344,1.9655953547196598,59.7186,0.464084,TRUE,FALSE,FALSE
MD,2024-03-08T21:00:00Z,3.7818152746153846,-1.8202910393201401,1.9615242352952444,44.1881,0.394314,TRUE,FALSE,FALSE
MD,2024-03-08T21:30:00Z,52.87679,-50.920355916119654,1.9564340838803462,38.6162,0.434446,TRUE,FALSE,FALSE
MD,2024-03-08T22:00:00Z,4.35246,-2.4002087681272157,1.952251231872784,29.2666,0.428861,TRUE,FALSE,FALSE
MD,2024-03-08T23:00:00Z,22.047600000000003,-20.100943565176635,1.9466564348233673,9.09618,0.428251,TRUE,FALSE,FALSE
MD,2024-03-08T23:30:00Z,13.41629,-11.469435173978104,1.9468548260218965,4.29525,0.41813,TRUE,FALSE,FALSE
MD,2024-03-09T00:00:00Z,2.642007011028037,-0.6993261942394613,1.9426808167885758,0.62707,0.418564,TRUE,FALSE,FALSE
MD,2024-03-09T00:30:00Z,2.642007011028037,-0.702181719187613,1.9398252918404242,0.00556134,0.412827,TRUE,FALSE,FALSE
MD,2024-03-09T01:00:00Z,2.592482872037037,-0.6564071534169376,1.9360757186200996,0,0.412563,TRUE,FALSE,FALSE
MD,2024-03-09T01:30:00Z,2.586206288,-0.6559043728023144,1.9303019151976857,0,0.442784,TRUE,FALSE,FALSE
MD,2024-03-09T02:00:00Z,2.6137657596428574,-0.6954305112405021,1.9183352484023553,0,0.349714,TRUE,FALSE,FALSE
MD,2024-03-09T02:30:00Z,2.648291298148148,-0.7562365940421889,1.892054704105959,0,0.366779,TRUE,FALSE,FALSE
MD,2024-03-09T03:00:00Z,2.6546847028301888,-0.7877264504287744,1.8669582524014143,0,0.387445,TRUE,FALSE,FALSE
MD,2024-03-09T03:30:00Z,2.7066740220000005,-0.8538594951610232,1.8528145268389773,0,0.408795,TRUE,FALSE,FALSE
MD,2024-03-09T04:00:00Z,8.125689999999999,-6.278630424103701,1.8470595758962973,0,0.355921,TRUE,FALSE,FALSE
MD,2024-03-09T04:30:00Z,2.7308244030612245,-0.8871228936057651,1.8437015094554594,0,0.388458,TRUE,FALSE,FALSE
MD,2024-03-09T05:00:00Z,2.7426936701030926,-0.9022283671868312,1.8404653029162614,0,0.481042,TRUE,FALSE,FALSE
MD,2024-03-09T05:30:00Z,2.7426936701030926,-0.9071313126313845,1.8355623574717082,0,0.439704,TRUE,FALSE,FALSE
MD,2024-03-09T06:00:00Z,4.193393,-2.3582622725504088,1.8351307274495914,0,0.481096,TRUE,FALSE,FALSE
MD,2024-03-09T06:30:00Z,2.7426936701030926,-0.9103179980114089,1.8323756720916837,0,0.500445,TRUE,FALSE,FALSE
MD,2024-03-09T07:00:00Z,2.86006,-1.0288349943030148,1.831225005696985,0,0.410822,TRUE,FALSE,FALSE
MD,2024-03-09T07:30:00Z,0.15008,1.6724579710434704,1.8225379710434704,0,0.414364,FALSE,TRUE,FALSE
MD,2024-03-09T08:00:00Z,-3.331202,5.1477921127018345,1.8165901127018338,0,0.401542,FALSE,TRUE,FALSE
MD,2024-03-09T08:30:00Z,-3.910489,5.7151182521184944,1.8046292521184943,0,0.432905,FALSE,TRUE,FALSE
MD,2024-03-09T09:00:00Z,2.628173854347826,-0.8431438849522161,1.78502996939561,0,0.510133,TRUE,FALSE,FALSE
MD,2024-03-09T09:30:00Z,-2.7066,4.462366616078283,1.7557666160782834,0,0.50165,FALSE,TRUE,FALSE
MD,2024-03-09T11:00:00Z,-4.73813,6.357449317285231,1.619319317285231,0,0.51568,FALSE,TRUE,FALSE
MD,2024-03-09T11:30:00Z,-3.91722,5.5279280248679505,1.6107080248679508,5.52265e-5,0.514967,FALSE,TRUE,FALSE
MD,2024-03-09T12:00:00Z,5.11032,-3.505623658165658,1.6046963418343416,0.216675,0.461067,TRUE,FALSE,FALSE
MD,2024-03-10T00:00:00Z,0.3553231,1.2437780851186693,1.5991011851186694,1.75816,0.456359,FALSE,TRUE,FALSE
MD,2024-03-10T01:30:00Z,2.103819,-0.5676232619497052,1.5361957380502949,0,0.407475,TRUE,FALSE,FALSE
MD,2024-03-10T12:30:00Z,1.9905808,-0.5224333244486261,1.468147475551374,10.477,0.493592,TRUE,FALSE,FALSE
MD,2024-03-10T23:30:00Z,2.8521123,-1.112052587838846,1.7400597121611538,58.16,0.558412,TRUE,FALSE,FALSE
MD,2024-03-12T00:00:00Z,2.977101,-0.6218516120332804,2.35524938796672,4.71126,0.438593,TRUE,FALSE,FALSE
MD,2024-03-12T01:00:00Z,2.7918725,-0.5303613743075384,2.261511125692462,0,0.51481,TRUE,FALSE,FALSE
MD,2024-03-12T03:00:00Z,3.403664375757576,-1.3152990738758716,2.0883653018817045,0,0.155766,TRUE,FALSE,FALSE
MD,2024-03-12T03:30:00Z,2.9793949736111114,-0.9139707941353863,2.065424179475725,0,0.172663,TRUE,FALSE,FALSE
MD,2024-03-12T04:00:00Z,3.12606703875,-1.0907529521906136,2.0353140865593864,0,0.159028,TRUE,FALSE,FALSE
MD,2024-03-12T04:30:00Z,3.1477496441558444,-1.1352758794545652,2.012473764701279,0,0.147859,TRUE,FALSE,FALSE
MD,2024-03-12T05:00:00Z,3.153785712820513,-1.146241337615011,2.007544375205502,0,0.196924,TRUE,FALSE,FALSE
MD,2024-03-12T05:30:00Z,2.837918,-0.8162201380732994,2.0216978619267008,0,0.231031,TRUE,FALSE,FALSE
MD,2024-03-12T07:00:00Z,2.8581496,-0.8238676201614652,2.0342819798385348,0,0.317158,TRUE,FALSE,FALSE
MD,2024-03-12T08:30:00Z,2.752224,-0.7250603010496679,2.027163698950332,0,0.34707,TRUE,FALSE,FALSE
MD,2024-03-12T10:00:00Z,2.744163,-0.7481356522579508,1.9960273477420492,0,0.30801,TRUE,FALSE,FALSE
MD,2024-03-12T10:30:00Z,2.8469312,-0.8502022805803611,1.9967289194196391,0,0.29244,TRUE,FALSE,FALSE
MD,2024-03-13T00:00:00Z,3.1530940999999997,-0.6006963361468447,2.552397763853155,4.00264,0.502945,TRUE,FALSE,FALSE
MD,2024-03-13T01:00:00Z,3.054352,-0.5218129762853936,2.5325390237146066,0,0.471036,TRUE,FALSE,FALSE
MD,2024-03-13T01:30:00Z,3.0416013,-0.5326154238698235,2.5089858761301764,0,0.514479,TRUE,FALSE,FALSE
MD,2024-03-13T05:30:00Z,3.1091561999999997,-0.9237743111197272,2.1853818888802725,0,0.22406,TRUE,FALSE,FALSE
MD,2024-03-13T06:30:00Z,2.740561,-0.5673993290680901,2.17316167093191,0,0.276608,TRUE,FALSE,FALSE
MD,2024-03-13T08:00:00Z,3.176987,-1.0363033476355459,2.140683652364454,0,0.288281,TRUE,FALSE,FALSE
MD,2024-03-13T08:30:00Z,3.13703418,-1.0176476126196947,2.1193865673803054,0,0.190702,TRUE,FALSE,FALSE
MD,2024-03-13T09:00:00Z,3.686837200322581,-1.6650737306491523,2.0217634696734286,0,0.0995475,TRUE,FALSE,FALSE
MD,2024-03-13T09:30:00Z,3.4060543303076924,-1.4239426929650039,1.9821116373426886,0,0.0751231,TRUE,FALSE,FALSE
MD,2024-03-13T10:00:00Z,2.948014060116279,-1.0223577300194544,1.9256563300968248,0,0.014384,TRUE,FALSE,FALSE
MD,2024-03-13T10:30:00Z,2.9044541864835165,-1.0067451855061107,1.8977090009774058,0,0.0326831,TRUE,FALSE,FALSE
MD,2024-03-13T11:00:00Z,2.974250444886364,-1.1210796228095545,1.8531708220768093,0,0.0847968,TRUE,FALSE,FALSE
MD,2024-03-13T13:30:00Z,11.513160000000001,-9.553701357183273,1.959458642816727,208.2,0.0972969,TRUE,FALSE,FALSE
MD,2024-03-14T02:30:00Z,-8.34075,10.830196316829252,2.4894463168292518,0,0.215471,FALSE,TRUE,TRUE
MD,2024-03-14T03:30:00Z,3.7228000000000003,-1.2543064744697485,2.468493525530252,0,0.296581,TRUE,FALSE,FALSE
MD,2024-03-14T04:00:00Z,3.807729,-1.357188456111551,2.450540543888449,0,0.46053,TRUE,FALSE,FALSE
MD,2024-03-14T05:00:00Z,3.877044,-1.484377905159163,2.392666094840837,0,0.296061,TRUE,FALSE,FALSE
MD,2024-03-14T08:00:00Z,-8.04778,10.267185963445538,2.2194059634455376,0,0.241986,FALSE,TRUE,TRUE
MD,2024-03-14T08:30:00Z,2.7375920000000002,-0.5318983124983503,2.20569368750165,0,0.293516,TRUE,FALSE,FALSE
MD,2024-03-14T09:30:00Z,3.7200341,-1.494989649904762,2.225044450095238,0,0.360334,TRUE,FALSE,FALSE
MD,2024-03-14T10:00:00Z,3.13352,-0.9238252083380614,2.2096947916619385,0,0.430304,TRUE,FALSE,FALSE
MD,2024-03-14T10:30:00Z,3.707415,-1.5121126676468428,2.1953023323531573,0,0.513732,TRUE,FALSE,FALSE
MD,2024-03-14T11:00:00Z,3.557443,-1.3643758620591289,2.1930671379408713,0,0.586777,TRUE,FALSE,FALSE
MD,2024-03-14T11:30:00Z,3.0969860000000002,-0.9138747020797089,2.1831112979202913,8.22969e-4,0.517975,TRUE,FALSE,FALSE
MD,2024-03-14T15:00:00Z,27.23269,-24.99018486671075,2.2425051332892516,65.5073,0.522371,TRUE,FALSE,FALSE
MD,2024-03-14T15:30:00Z,50.1739,-48.008243591961715,2.1656564080382905,27.3813,0.412213,TRUE,FALSE,FALSE
MD,2024-03-14T16:00:00Z,21.19965,-19.122926873733366,2.0767231262666312,45.1674,0.345639,TRUE,FALSE,FALSE
MD,2024-03-14T16:30:00Z,17.74515,-15.712200223515548,2.0329497764844495,73.5969,0.410749,TRUE,FALSE,FALSE
MD,2024-03-14T18:30:00Z,15.376190000000001,-13.387643208939988,1.9885467910600134,45.0773,0.618317,TRUE,FALSE,FALSE
MD,2024-03-14T20:00:00Z,20.69443,-18.721511960518143,1.9729180394818593,56.9148,0.749201,TRUE,FALSE,FALSE
MD,2024-03-14T21:00:00Z,3.5743654356862744,-1.6194011878878045,1.95496424779847,50.5408,0.721152,TRUE,FALSE,FALSE
MD,2024-03-14T22:00:00Z,4.4296655354545456,-2.4457005016044517,1.9839650338500936,25.5723,0.701164,TRUE,FALSE,FALSE
MD,2024-03-14T22:30:00Z,37.68159,-35.6842210210647,1.9973689789352975,13.1265,0.578072,TRUE,FALSE,FALSE
MD,2024-03-14T23:00:00Z,19.697135,-17.687776650084317,2.009358349915681,13.7975,0.460897,TRUE,FALSE,FALSE
MD,2024-03-14T23:30:00Z,2.5787100000000005,-0.5586499351037153,2.020060064896285,8.24862,0.379024,TRUE,FALSE,FALSE
MD,2024-03-15T00:00:00Z,3.8393804823999997,-1.80978062583121,2.02959985656879,0.744743,0.439962,TRUE,FALSE,FALSE
MD,2024-03-15T00:30:00Z,3.8393804823999997,-1.8035768838026782,2.0358035985973215,0.0239137,0.36732,TRUE,FALSE,FALSE
MD,2024-03-15T01:00:00Z,3.857574473877551,-1.8250693095852708,2.0325051642922802,0,0.289651,TRUE,FALSE,FALSE
MD,2024-03-15T01:30:00Z,3.89571985875,-1.8610656630849034,2.0346541956650968,0,0.390202,TRUE,FALSE,FALSE
MD,2024-03-15T02:00:00Z,-1.6811100000000003,3.7205759960407554,2.039465996040755,0,0.47485,FALSE,TRUE,FALSE
MD,2024-03-15T02:30:00Z,-1.975989,4.00567592993018,2.0296869299301803,0,0.535759,FALSE,TRUE,FALSE
MD,2024-03-15T03:00:00Z,0.0868199999999999,1.9378642440185034,2.0246842440185033,0,0.306837,FALSE,TRUE,FALSE
MD,2024-03-15T04:00:00Z,3.5187163088679245,-1.53259665644599,1.9861196524219344,0,0.195162,TRUE,FALSE,FALSE
MD,2024-03-15T04:30:00Z,3.226008,-1.2583051180597618,1.9677028819402385,0,0.3949,TRUE,FALSE,FALSE
MD,2024-03-15T05:00:00Z,2.5111559,-0.56338943368035,1.94776646631965,0,0.423876,TRUE,FALSE,FALSE
MD,2024-03-15T05:30:00Z,6.252526,-4.326287804157022,1.9262381958429782,0,0.426685,TRUE,FALSE,FALSE
MD,2024-03-15T06:00:00Z,3.661416,-1.782875151813546,1.878540848186454,0,0.400454,TRUE,FALSE,FALSE
MD,2024-03-15T06:30:00Z,4.522297,-2.6993731200522664,1.8229238799477339,0,0.355213,TRUE,FALSE,FALSE
MD,2024-03-15T07:00:00Z,3.4633469999999997,-1.684941205484844,1.7784057945151557,0,0.281466,TRUE,FALSE,FALSE
MD,2024-03-15T07:30:00Z,2.3544270000000003,-0.6043800766361678,1.7500469233638325,0,0.326738,TRUE,FALSE,FALSE
MD,2024-03-15T09:00:00Z,2.3790089,-0.6989363313705406,1.6800725686294595,0,0.256805,TRUE,FALSE,FALSE
MD,2024-03-15T15:30:00Z,2.65232,-0.857854997698537,1.794465002301463,539.977,0.305802,TRUE,FALSE,FALSE
MD,2024-03-16T00:30:00Z,2.8489830503921567,-0.9062848962718637,1.942698154120293,0.415734,0.17213,TRUE,FALSE,FALSE
MD,2024-03-16T01:00:00Z,2.747861267358491,-0.848845769963867,1.8990154973946238,9.94319e-4,0.151961,TRUE,FALSE,FALSE
MD,2024-03-16T01:30:00Z,2.607350878888889,-0.7415929950659039,1.8657578838229851,0,0.116152,TRUE,FALSE,FALSE
MD,2024-03-16T08:00:00Z,-0.38532800000000006,2.1429918194487434,1.7576638194487435,0,0.324537,FALSE,TRUE,FALSE
MD,2024-03-16T09:00:00Z,2.2549189999999997,-0.5034797395029598,1.75143926049704,0,0.386588,TRUE,FALSE,FALSE
MD,2024-03-16T09:30:00Z,3.3266565,-1.5826921873401676,1.7439643126598323,0,0.409251,TRUE,FALSE,FALSE
MD,2024-03-16T10:00:00Z,2.561437,-0.8010719687492276,1.7603650312507726,0,0.415521,TRUE,FALSE,FALSE
MD,2024-03-16T11:00:00Z,2.298809,-0.5118717065502589,1.786937293449741,0,0.329685,TRUE,FALSE,FALSE
MD,2024-03-16T21:30:00Z,14.92995,-12.733669628619353,2.196280371380646,72.5009,0.673149,TRUE,FALSE,FALSE
MD,2024-03-17T00:00:00Z,3.5065310000000003,-1.4189475656298778,2.0875834343701225,3.96838,0.748932,TRUE,FALSE,FALSE
MD,2024-03-17T00:30:00Z,3.0436968199999996,-0.9788351885082354,2.0648616314917643,0.237539,0.506779,TRUE,FALSE,FALSE
MD,2024-03-17T01:30:00Z,-0.7711490000000001,2.7600727943565464,1.9889237943565463,0,0.515339,FALSE,TRUE,FALSE
MD,2024-03-17T02:00:00Z,-0.13172499999999998,2.06633100246145,1.9346060024614502,0,0.464234,FALSE,TRUE,FALSE
MD,2024-03-17T02:30:00Z,-0.04554200000000003,1.912796106544918,1.867254106544918,0,0.411048,FALSE,TRUE,FALSE
MD,2024-03-17T03:00:00Z,-1.861897,3.6995926028161543,1.8376956028161542,4.36384e-5,0.278434,FALSE,TRUE,FALSE
MD,2024-03-17T04:30:00Z,2.313958,-0.501524596348569,1.812433403651431,0,0.273451,TRUE,FALSE,FALSE
MD,2024-03-17T05:30:00Z,2.496139,-0.6913804919492783,1.8047585080507216,0,0.396649,TRUE,FALSE,FALSE
MD,2024-03-17T06:30:00Z,2.332492,-0.556455008199223,1.7760369918007768,0,0.301641,TRUE,FALSE,FALSE
MD,2024-03-17T07:00:00Z,2.5818679999999996,-0.8247058952441229,1.7571621047558768,0,0.466663,TRUE,FALSE,FALSE
MD,2024-03-17T09:00:00Z,2.225134,-0.5145671592125571,1.710566840787443,0,0.292419,TRUE,FALSE,FALSE
MD,2024-03-17T10:00:00Z,2.3400434999999997,-0.6276206887811271,1.7124228112188726,0,0.576454,TRUE,FALSE,FALSE
MD,2024-03-18T13:00:00Z,3.3034779999999997,-1.6135880831279092,1.6898899168720904,43.22,0.332591,TRUE,FALSE,FALSE
MD,2024-03-18T14:30:00Z,3.0786670000000003,-1.2530417694987919,1.8256252305012084,173.408,0.424178,TRUE,FALSE,FALSE
MD,2024-03-19T00:00:00Z,0.9376507000000001,1.0275298643562765,1.9651805643562765,3.7528,0.508271,FALSE,TRUE,FALSE
MD,2024-03-19T02:00:00Z,0.5450739,1.454717468635408,1.999791368635408,2.85746e-4,0.273546,FALSE,TRUE,FALSE
MD,2024-03-19T02:30:00Z,0.7806270000000001,1.226076506614334,2.006703506614334,3.01032e-4,0.265468,FALSE,TRUE,FALSE
MD,2024-03-19T06:00:00Z,0.9849239999999999,1.115212931403339,2.100136931403339,1.04042e-4,0.288141,FALSE,TRUE,FALSE
MD,2024-03-19T06:30:00Z,0.71896,1.4150711633131494,2.1340311633131495,1.23766e-4,0.347339,FALSE,TRUE,FALSE
MD,2024-03-20T00:30:00Z,1.86572855,1.003191181859942,2.868919731859942,0.652766,0.400296,FALSE,TRUE,FALSE
MD,2024-03-20T01:30:00Z,1.7739205,1.0506387020928654,2.8245592020928654,5.31553e-4,0.24068,FALSE,TRUE,FALSE
MD,2024-03-20T02:30:00Z,1.6897585502272727,1.0395582875771823,2.729316837804455,7.48513e-4,0.0847241,FALSE,TRUE,FALSE
MD,2024-03-20T06:30:00Z,4.2711310000000005,-1.6086979338845517,2.6624330661154487,1.47434e-4,0.476278,TRUE,FALSE,FALSE
MD,2024-03-20T07:30:00Z,3.105519,-0.5842253839624085,2.5212936160375916,0,0.352496,TRUE,FALSE,FALSE
MD,2024-03-20T08:00:00Z,8.638295999999999,-6.162620924619248,2.4756750753807504,0,0.305705,TRUE,FALSE,FALSE
MD,2024-03-20T09:00:00Z,1.287246,1.1714691264583734,2.4587151264583733,0,0.285384,FALSE,TRUE,FALSE
MD,2024-03-21T00:30:00Z,1.1830556,1.1524329981912296,2.3354885981912297,0.976551,0.300091,FALSE,TRUE,FALSE
MD,2024-03-21T02:30:00Z,3.7735997674,-1.5940774604869152,2.1795223069130847,0.00105127,0.0865266,TRUE,FALSE,FALSE
MD,2024-03-21T03:00:00Z,-0.9539420000000001,3.1176864284433794,2.1637444284433793,0.00104733,0.260714,FALSE,TRUE,FALSE
MD,2024-03-21T04:00:00Z,3.4325945,-1.3927870724019633,2.0398074275980367,8.92742e-4,0.265308,TRUE,FALSE,FALSE
MD,2024-03-21T04:30:00Z,3.8759859999999997,-1.937049270406002,1.9389367295939977,9.51913e-4,0.256416,TRUE,FALSE,FALSE
MD,2024-03-21T05:00:00Z,10.157442,-8.253113341002047,1.9043286589979525,8.79182e-4,0.324992,TRUE,FALSE,FALSE
MD,2024-03-21T05:30:00Z,4.870994,-2.973057420307241,1.8979365796927588,8.69074e-4,0.297706,TRUE,FALSE,FALSE
MD,2024-03-21T06:00:00Z,5.016147,-3.117759510733595,1.8983874892664052,8.36283e-4,0.406647,TRUE,FALSE,FALSE
MD,2024-03-21T06:30:00Z,22.452185,-20.504692546455598,1.9474924535444034,6.41758e-4,0.542363,TRUE,FALSE,FALSE
MD,2024-03-21T07:00:00Z,12.434503,-10.465792207095555,1.9687107929044445,6.06749e-4,0.57956,TRUE,FALSE,FALSE
MD,2024-03-21T07:30:00Z,23.769321,-21.801244377246793,1.9680766227532078,5.49304e-4,0.62159,TRUE,FALSE,FALSE
MD,2024-03-21T08:00:00Z,21.326991,-19.345092203481475,1.9818987965185235,5.32786e-4,0.630405,TRUE,FALSE,FALSE
MD,2024-03-21T08:30:00Z,12.521917,-10.586972050184121,1.934944949815879,5.16513e-4,0.580608,TRUE,FALSE,FALSE
MD,2024-03-21T09:00:00Z,18.605411,-16.666176427328402,1.9392345726715963,2.89691e-4,0.667304,TRUE,FALSE,FALSE
MD,2024-03-21T10:30:00Z,-5.0270274,7.08736798730415,2.0603405873041507,3.69816e-6,0.652086,FALSE,TRUE,TRUE
MD,2024-03-21T11:00:00Z,5.768147716923076,-3.772402421245152,1.9957452956779242,4.57589e-4,0.601658,TRUE,FALSE,FALSE
MD,2024-03-21T11:30:00Z,-3.805208,5.709249604284237,1.9040416042842365,0.151026,0.551526,FALSE,TRUE,FALSE
MD,2024-03-21T12:00:00Z,-5.409093,7.3136571607503225,1.9045641607503219,9.11838,0.604245,FALSE,TRUE,TRUE
MD,2024-03-21T13:00:00Z,7.1771329999999995,-4.85106475572668,2.326068244273319,NA,0.226735,TRUE,FALSE,FALSE
MD,2024-03-22T08:30:00Z,-0.5554540000000001,2.638896099491249,2.083442099491249,0,0.292859,FALSE,TRUE,FALSE
MD,2024-03-22T09:00:00Z,8.641777,-6.61210472434477,2.029672275655229,1.02563e-4,0.262391,TRUE,FALSE,FALSE
MD,2024-03-22T11:00:00Z,9.81496,-7.781121630784739,2.033838369215261,1.71842e-4,0.230446,TRUE,FALSE,FALSE
MD,2024-03-22T16:30:00Z,18.39787,-16.192669925521955,2.2052000744780473,213.707,0.359001,TRUE,FALSE,FALSE
MD,2024-03-22T18:00:00Z,6.6416,-4.3677180754106715,2.2738819245893294,338.064,0.334837,TRUE,FALSE,FALSE
MD,2024-03-22T22:30:00Z,2.729256,-0.5128241888617917,2.216431811138208,112.96,0.324083,TRUE,FALSE,FALSE
MD,2024-03-23T07:00:00Z,2.795328,-0.7570419967642059,2.038286003235794,6.26473e-4,0.233775,TRUE,FALSE,FALSE
MD,2024-03-23T07:30:00Z,0.19511099999999992,1.837156257622277,2.032267257622277,6.19323e-4,0.267815,FALSE,TRUE,FALSE
MD,2024-03-23T10:30:00Z,2.7293382999999998,-0.9048053770526789,1.8245329229473208,5.79382e-5,0.241137,TRUE,FALSE,FALSE
MD,2024-03-23T14:00:00Z,3.00606,-1.1598832880657945,1.8461767119342056,NA,0.358535,TRUE,FALSE,FALSE
MD,2024-03-24T07:00:00Z,4.901645,-3.3794618718401566,1.522183128159844,0.00146596,0.333842,TRUE,FALSE,FALSE
MD,2024-03-25T03:00:00Z,0.453225,1.2784855081802464,1.7317105081802464,0.00137992,0.566912,FALSE,TRUE,FALSE
MD,2024-03-26T02:30:00Z,3.458634,-1.2631588166404204,2.1954751833595796,0,0.53152,TRUE,FALSE,FALSE
MD,2024-03-26T03:00:00Z,2.8101018,-0.609395610864337,2.200706189135663,0,0.452597,TRUE,FALSE,FALSE
MD,2024-03-26T04:30:00Z,-1.7680960000000001,3.947452430319972,2.1793564303199715,0,0.420915,FALSE,TRUE,FALSE
MD,2024-03-26T05:30:00Z,-2.7333659999999997,4.920688941636369,2.187322941636369,0,0.363286,FALSE,TRUE,FALSE
MD,2024-03-26T07:30:00Z,-7.213913999999999,9.199309827267907,1.985395827267908,0,0.31199,FALSE,TRUE,TRUE
MD,2024-03-26T08:00:00Z,7.748515571428571,-5.804785946875045,1.9437296245535263,0,0.402752,TRUE,FALSE,FALSE
MD,2024-03-26T08:30:00Z,8.755014875,-6.8478828835989,1.9071319914011005,0,0.705883,TRUE,FALSE,FALSE
MD,2024-03-26T09:00:00Z,-9.36876,11.235322851864174,1.866562851864174,0,0.573578,FALSE,TRUE,TRUE
MD,2024-03-26T09:30:00Z,8.755014875,-6.876887228059001,1.878127646940999,0,0.81755,TRUE,FALSE,FALSE
MD,2024-03-26T10:00:00Z,8.755014875,-6.8820422553265015,1.8729726196734988,0,0.803642,TRUE,FALSE,FALSE
MD,2024-03-26T10:30:00Z,-3.64198,5.518451843968043,1.8764718439680428,0,0.780946,FALSE,TRUE,FALSE
MD,2024-03-26T11:00:00Z,-6.46828,8.354810540562136,1.8865305405621364,0,0.681806,FALSE,TRUE,TRUE
MD,2024-03-26T11:30:00Z,5.98991,-4.092364825354558,1.897545174645442,0.0220471,0.714881,TRUE,FALSE,FALSE
MD,2024-03-26T12:00:00Z,8.755014875,-6.844814628329413,1.9102002466705876,0.659168,0.902807,TRUE,FALSE,FALSE
MD,2024-03-26T12:30:00Z,8.755014875,-6.833687234230631,1.9213276407693702,2.38314,0.958381,TRUE,FALSE,FALSE
MD,2024-03-26T13:00:00Z,8.755014875,-6.833108611353186,1.9219062636468143,7.26895,0.963657,TRUE,FALSE,FALSE
MD,2024-03-26T13:30:00Z,67.65886,-65.72644606315903,1.9324139368409774,12.773,0.904894,TRUE,FALSE,FALSE
MD,2024-03-26T14:00:00Z,53.23484,-51.290225989428926,1.9446140105710708,43.5309,0.906261,TRUE,FALSE,FALSE
MD,2024-03-26T15:00:00Z,2.9565,-0.9482784824042256,2.0082215175957745,52.5667,0.7509,TRUE,FALSE,FALSE
MD,2024-03-26T18:00:00Z,35.62835,-33.48928981353568,2.1390601864643215,225.308,0.74359,TRUE,FALSE,FALSE
MD,2024-03-26T19:00:00Z,35.81713,-33.6880305603154,2.1290994396846035,177.8,0.667615,TRUE,FALSE,FALSE
MD,2024-03-26T19:30:00Z,5.978033333333332,-3.838481715918298,2.1395516174150346,131.866,0.822004,TRUE,FALSE,FALSE
MD,2024-03-26T23:00:00Z,3.006729,-1.1963523655764652,1.8103766344235348,51.6883,0.862843,TRUE,FALSE,FALSE
MD,2024-03-26T23:30:00Z,2.600945,-0.8127439770769058,1.788201022923094,32.7454,0.882527,TRUE,FALSE,FALSE
MD,2024-03-27T00:30:00Z,2.646162,-0.8901396980796503,1.7560223019203496,0.476852,0.718551,TRUE,FALSE,FALSE
MD,2024-03-27T01:30:00Z,4.650411999999999,-2.8998829572128217,1.7505290427871778,0,0.790498,TRUE,FALSE,FALSE
MD,2024-03-27T02:00:00Z,3.580523570641025,-1.852519803972668,1.728003766668357,0,0.739186,TRUE,FALSE,FALSE
MD,2024-03-27T02:30:00Z,5.48934,-3.8000039032984656,1.6893360967015347,0,0.712068,TRUE,FALSE,FALSE
MD,2024-03-27T03:00:00Z,2.716651508168224,-1.0427775703039108,1.6738739378643133,0,0.746125,TRUE,FALSE,FALSE
MD,2024-03-27T03:30:00Z,10.53411,-8.881958556081397,1.652151443918604,0,0.795859,TRUE,FALSE,FALSE
MD,2024-03-27T04:00:00Z,0.4830699999999999,1.1345814582491134,1.6176514582491133,0,0.77194,FALSE,TRUE,FALSE
MD,2024-03-27T06:00:00Z,2.2567334000000003,-0.7106962837694009,1.5460371162305995,0,0.815422,TRUE,FALSE,FALSE
MD,2024-03-27T06:30:00Z,2.074048,-0.5351531738564894,1.5388948261435105,0,0.755172,TRUE,FALSE,FALSE
MD,2024-03-28T03:00:00Z,0.5075820166736842,1.02012750292679,1.5277095196004742,0,0.181373,FALSE,TRUE,FALSE
MD,2024-03-28T04:30:00Z,2.201219,-0.6355118665541628,1.5657071334458372,5.47332e-5,0.312178,TRUE,FALSE,FALSE
MD,2024-03-28T07:00:00Z,2.2129934000000002,-0.67448636464204,1.5385070353579602,5.13801e-4,0.320369,TRUE,FALSE,FALSE
MD,2024-03-28T07:30:00Z,2.200023,-0.6552373482676346,1.5447856517323653,5.40182e-4,0.263213,TRUE,FALSE,FALSE
MD,2024-03-30T00:30:00Z,4.6046265192857145,-2.538879163677174,2.0657473556085404,1.95392,0.137414,TRUE,FALSE,FALSE
MD,2024-03-30T01:00:00Z,3.427251942149533,-1.4178895984589,2.009362343690633,0.0116764,0.0407069,TRUE,FALSE,FALSE
MD,2024-03-30T01:30:00Z,3.25491384424,-1.258634665194685,1.996279179045315,0,0.0235819,TRUE,FALSE,FALSE
MD,2024-03-30T02:00:00Z,3.0428373410000003,-1.051339263913657,1.9914980770863433,0,0.108469,TRUE,FALSE,FALSE
MD,2024-03-30T02:30:00Z,2.7121648342467535,-0.759648979258839,1.9525158549879145,0,0.0443946,TRUE,FALSE,FALSE
MD,2024-03-30T13:30:00Z,24.9095,-22.894864013457283,2.0146359865427192,52.2408,0.433463,TRUE,FALSE,FALSE
MD,2024-03-30T14:00:00Z,14.78039,-12.769181064598286,2.0112089354017155,80.1771,0.37001,TRUE,FALSE,FALSE
MD,2024-03-30T19:00:00Z,3.86972,-1.59580404783229,2.27391595216771,178.186,0.253936,TRUE,FALSE,FALSE
MD,2024-03-30T21:00:00Z,17.70671,-15.354781549258263,2.3519284507417373,72.3157,0.131417,TRUE,FALSE,FALSE
MD,2024-03-30T21:30:00Z,13.09845,-10.747332071785193,2.351117928214807,54.6389,0.30988,TRUE,FALSE,FALSE
MD,2024-03-30T22:30:00Z,3.5060219999999997,-1.158943490920318,2.3470785090796817,35.0986,0.298748,TRUE,FALSE,FALSE
MD,2024-03-30T23:00:00Z,4.661377,-2.3098778574987846,2.3514991425012153,25.898,0.283788,TRUE,FALSE,FALSE
MD,2024-03-31T00:00:00Z,3.147906440075188,-0.7878725592159426,2.3600338808592456,6.4167,0.16709,TRUE,FALSE,FALSE
MD,2024-03-31T00:30:00Z,-0.3624100000000001,2.7297339002293928,2.3673239002293927,0.538641,0.226909,FALSE,TRUE,FALSE
MD,2024-03-31T01:00:00Z,-8.589886,10.96519552010423,2.3753095201042296,0.00329459,0.308757,FALSE,TRUE,TRUE
MD,2024-03-31T01:30:00Z,10.16832,-7.793686692959757,2.3746333070402423,0,0.308682,TRUE,FALSE,FALSE
MD,2024-03-31T02:00:00Z,7.0666009999999995,-4.6944321525904265,2.3721688474095726,0,0.34409,TRUE,FALSE,FALSE
MD,2024-03-31T02:30:00Z,-8.31006,10.661643138052945,2.351583138052944,0,0.285912,FALSE,TRUE,TRUE
MD,2024-03-31T03:00:00Z,-1.01078,3.3506371349605004,2.3398571349605004,0,0.366411,FALSE,TRUE,FALSE
MD,2024-03-31T03:30:00Z,-1.148689,3.485337121026954,2.336648121026954,0,0.359521,FALSE,TRUE,FALSE
MD,2024-03-31T04:00:00Z,1.2544980000000003,1.0816563638785466,2.336154363878547,0,0.352635,FALSE,TRUE,FALSE
MD,2024-03-31T05:00:00Z,0.9273779,1.3937575317637145,2.3211354317637145,0,0.21463,FALSE,TRUE,FALSE
MD,2024-04-01T00:00:00Z,4.115485995789473,-1.2822607580825305,2.8332252377069422,8.36991,0.143768,TRUE,FALSE,FALSE
MD,2024-04-01T00:30:00Z,4.154195129024391,-1.3305598131331404,2.8236353158912504,1.03424,0.103377,TRUE,FALSE,FALSE
MD,2024-04-01T01:00:00Z,4.6770477455434785,-1.85945182754896,2.8175959179945185,0.0167967,0.143051,TRUE,FALSE,FALSE
MD,2024-04-01T01:30:00Z,4.154830839545454,-1.3607710334578473,2.7940598060876067,0,0.13904,TRUE,FALSE,FALSE
MD,2024-04-01T02:00:00Z,3.3918219772033895,-0.6056974369833745,2.786124540220015,0,0.135762,TRUE,FALSE,FALSE
MD,2024-04-01T03:30:00Z,1.7757094,1.026686342673924,2.802395742673924,0,0.275641,FALSE,TRUE,FALSE
MD,2024-04-01T04:00:00Z,1.7616954,1.0454220492346133,2.8071174492346134,0,0.235087,FALSE,TRUE,FALSE
MD,2024-04-01T04:30:00Z,4.525319,-1.7169943265548961,2.8083246734451035,0,0.327512,TRUE,FALSE,FALSE
MD,2024-04-01T05:00:00Z,1.058853,1.7365995622358783,2.7954525622358783,0,0.239133,FALSE,TRUE,FALSE
MD,2024-04-01T07:00:00Z,1.647022,1.1376010869146096,2.7846230869146096,0,0.249257,FALSE,TRUE,FALSE
MD,2024-04-01T07:30:00Z,1.6841685000000002,1.093606262140789,2.777774762140789,0,0.284459,FALSE,TRUE,FALSE
MD,2024-04-01T08:30:00Z,1.673703,1.0618127878455954,2.7355157878455953,0,0.224898,FALSE,TRUE,FALSE
MD,2024-04-01T22:30:00Z,31.91707,-28.398716215023608,3.5183537849763895,38.9448,0.647014,TRUE,FALSE,FALSE
MD,2024-04-01T23:00:00Z,7.283773,-3.8639531889314798,3.4198198110685203,19.8248,0.56907,TRUE,FALSE,FALSE
MD,2024-04-01T23:30:00Z,15.800510000000001,-12.466138234545888,3.3343717654541125,9.15637,0.547741,TRUE,FALSE,FALSE
MD,2024-04-02T00:00:00Z,4.3495669999999995,-1.0974936289110255,3.252073371088974,3.73754,0.527773,TRUE,FALSE,FALSE
MD,2024-04-02T00:30:00Z,20.60021,-17.45808070627438,3.142129293725619,0.188647,0.472559,TRUE,FALSE,FALSE
MD,2024-04-02T01:00:00Z,-8.21978,11.288562972288041,3.06878297228804,0.00363655,0.542289,FALSE,TRUE,FALSE
MD,2024-04-02T01:30:00Z,15.294799999999999,-12.25892878404073,3.035871215959268,0,0.606908,TRUE,FALSE,FALSE
MD,2024-04-02T02:00:00Z,6.20781,-3.205887626365341,3.001922373634659,0,0.575729,TRUE,FALSE,FALSE
MD,2024-04-02T02:30:00Z,26.587569999999996,-23.611018974592564,2.976551025407432,0,0.621408,TRUE,FALSE,FALSE
MD,2024-04-02T03:00:00Z,9.487639999999999,-6.520416482491001,2.9672235175089985,0,0.562851,TRUE,FALSE,FALSE
MD,2024-04-02T04:00:00Z,-7.87955,10.833312092096794,2.953762092096794,0,0.540161,FALSE,TRUE,FALSE
MD,2024-04-02T04:30:00Z,-29.972203,32.92726980921819,2.955066809218189,0,0.527628,FALSE,TRUE,FALSE
MD,2024-04-02T05:00:00Z,10.470859999999998,-7.5308846858647085,2.93997531413529,0,0.529648,TRUE,FALSE,FALSE
MD,2024-04-02T05:30:00Z,-3.49256,6.433197403527117,2.9406374035271172,0,0.540948,FALSE,TRUE,FALSE
MD,2024-04-02T06:00:00Z,-3.9246570000000003,6.869983659986335,2.9453266599863346,0,0.522313,FALSE,TRUE,FALSE
MD,2024-04-02T06:30:00Z,20.39642,-17.444381071011236,2.9520389289887645,0,0.500041,TRUE,FALSE,FALSE
MD,2024-04-02T07:30:00Z,-22.21162,25.192575683500092,2.9809556835000928,0,0.608153,FALSE,TRUE,FALSE
MD,2024-04-02T08:00:00Z,-28.604169999999996,31.613320755410214,3.009150755410217,0,0.610933,FALSE,TRUE,FALSE
MD,2024-04-02T10:00:00Z,3.8543865999999998,-0.7127381270055881,3.1416484729944116,0,0.450925,TRUE,FALSE,FALSE
MD,2024-04-02T10:30:00Z,10.076229999999999,-6.934916537177536,3.1413134628224637,0,0.585042,TRUE,FALSE,FALSE
MD,2024-04-02T11:00:00Z,8.67126,-5.521622583874583,3.1496374161254175,0.00122533,0.599911,TRUE,FALSE,FALSE
MD,2024-04-02T12:30:00Z,4.090630000000001,-0.98828737712053,3.102342622879471,9.6009,0.534717,TRUE,FALSE,FALSE
MD,2024-04-02T16:30:00Z,12.121346,-8.904158972575427,3.2171870274245733,104.896,0.721422,TRUE,FALSE,FALSE
MD,2024-04-02T17:30:00Z,4.98053,-1.761690991918445,3.218839008081555,50.2214,0.697011,TRUE,FALSE,FALSE
MD,2024-04-02T22:30:00Z,38.929300000000005,-35.696499212251474,3.232800787748528,13.0244,0.455853,TRUE,FALSE,FALSE
MD,2024-04-02T23:30:00Z,12.17257,-8.924350301620022,3.248219698379978,9.61695,0.7416,TRUE,FALSE,FALSE
MD,2024-04-03T00:00:00Z,19.105229,-15.849673197811438,3.2555558021885647,3.09101,0.649024,TRUE,FALSE,FALSE
MD,2024-04-03T00:30:00Z,4.166607053333333,-0.89879015975874,3.2678168935745933,0.407997,0.602011,TRUE,FALSE,FALSE
MD,2024-04-03T01:00:00Z,15.9476,-12.668513958922206,3.2790860410777927,0.00240752,0.583835,TRUE,FALSE,FALSE
MD,2024-04-03T01:30:00Z,32.633165,-29.342971632833414,3.290193367166583,0,0.440346,TRUE,FALSE,FALSE
MD,2024-04-03T02:00:00Z,4.22425177942029,-0.9309169722451713,3.2933348071751185,0,0.546161,TRUE,FALSE,FALSE
MD,2024-04-03T02:30:00Z,-18.189500000000002,21.374667315454484,3.185167315454481,0,0.550151,FALSE,TRUE,FALSE
MD,2024-04-03T03:00:00Z,9.89829,-6.786983098704313,3.1113069012956855,0,0.561619,TRUE,FALSE,FALSE
MD,2024-04-03T04:00:00Z,9.728103,-6.7125055377490614,3.015597462250939,0,0.615335,TRUE,FALSE,FALSE
MD,2024-04-03T04:30:00Z,43.305350000000004,-40.33412122389632,2.971228776103685,0,0.5741,TRUE,FALSE,FALSE
MD,2024-04-03T05:00:00Z,17.64941,-14.699313428221,2.9500965717789995,0,0.571043,TRUE,FALSE,FALSE
MD,2024-04-03T05:30:00Z,-14.321788,17.24401758228172,2.922229582281722,0,0.497589,FALSE,TRUE,FALSE
MD,2024-04-03T06:00:00Z,17.219594999999998,-14.339568672523155,2.8800263274768425,0,0.484429,TRUE,FALSE,FALSE
MD,2024-04-03T07:00:00Z,-5.585440000000001,8.434042875004558,2.8486028750045556,0,0.513154,FALSE,TRUE,FALSE
MD,2024-04-03T08:00:00Z,7.023789999999999,-4.198101967645082,2.825688032354917,0,0.522366,TRUE,FALSE,FALSE
MD,2024-04-03T08:30:00Z,6.3665,-3.55851876466052,2.80798123533948,0,0.485717,TRUE,FALSE,FALSE
MD,2024-04-03T09:00:00Z,-15.713099999999999,18.477465473749078,2.7643654737490797,0,0.521198,FALSE,TRUE,FALSE
MD,2024-04-03T09:30:00Z,10.572949999999999,-7.81854283566185,2.754407164338149,0,0.519339,TRUE,FALSE,FALSE
MD,2024-04-03T10:30:00Z,7.702020000000001,-4.9362557690109465,2.7657642309890544,0,0.497065,TRUE,FALSE,FALSE
MD,2024-04-03T11:00:00Z,-1.3779858,4.119451236751852,2.7414654367518514,0.00666438,0.453631,FALSE,TRUE,FALSE
MD,2024-04-03T11:30:00Z,-20.04016,22.788520980174845,2.748360980174845,0.833473,0.511272,FALSE,TRUE,FALSE
MD,2024-04-03T16:00:00Z,13.47096,-10.451755347197205,3.0192046528027956,419.736,0.651649,TRUE,FALSE,FALSE
MD,2024-04-03T20:00:00Z,33.44229,-30.344460022145054,3.0978299778549463,350.243,0.562412,TRUE,FALSE,FALSE
MD,2024-04-03T23:00:00Z,9.11166,-6.185067943686722,2.9265920563132783,84.1827,0.42984,TRUE,FALSE,FALSE
MD,2024-04-04T00:00:00Z,9.470780000000001,-6.565652702950963,2.9051272970490385,30.633,0.335967,TRUE,FALSE,FALSE
MD,2024-04-04T00:30:00Z,-24.36637,27.257602185843172,2.8912321858431738,3.98576,0.456425,FALSE,TRUE,FALSE
MD,2024-04-04T01:00:00Z,-2.27038,5.107024278369606,2.836644278369606,0.0531269,0.333845,FALSE,TRUE,FALSE
MD,2024-04-04T01:30:00Z,1.3496014,1.4561334344987564,2.8057348344987565,0,0.268132,FALSE,TRUE,FALSE
MD,2024-04-04T02:00:00Z,0.8931800000000001,1.9059351999882268,2.799115199988227,0,0.218849,FALSE,TRUE,FALSE
MD,2024-04-04T06:30:00Z,1.564265,1.153648809426109,2.717913809426109,0,0.22448100000000001,FALSE,TRUE,FALSE
MD,2024-04-04T11:00:00Z,-6.5107099999999996,9.222739195460184,2.7120291954601843,0.0140053,0.304366,FALSE,TRUE,FALSE
MD,2024-04-04T11:30:00Z,6.043139999999999,-3.3254979581327624,2.717642041867237,1.15561,0.281991,TRUE,FALSE,FALSE
MD,2024-04-04T13:30:00Z,31.0274,-28.337559439612154,2.6898405603878475,80.2062,0.409612,TRUE,FALSE,FALSE
MD,2024-04-04T15:00:00Z,4.10219,-1.454290506964349,2.647899493035651,221.871,0.385422,TRUE,FALSE,FALSE
MD,2024-04-04T15:30:00Z,13.8582,-11.163155469046977,2.6950445309530235,254.422,0.330822,TRUE,FALSE,FALSE
MD,2024-04-04T16:00:00Z,33.45707,-30.722337364120953,2.7347326358790474,235.348,0.469501,TRUE,FALSE,FALSE
MD,2024-04-04T18:00:00Z,4.39717,-1.5939288168911583,2.8032411831088417,336.417,0.505881,TRUE,FALSE,FALSE
MD,2024-04-05T01:00:00Z,3.5127819999999996,-0.7597948104375569,2.7529871895624427,0.0192039,0.482861,TRUE,FALSE,FALSE
MD,2024-04-05T02:30:00Z,4.332988,-1.5900779718924838,2.7429100281075165,0,0.315067,TRUE,FALSE,FALSE
MD,2024-04-05T03:00:00Z,1.23727,1.476429773806741,2.713699773806741,0,0.275072,FALSE,TRUE,FALSE
MD,2024-04-05T03:30:00Z,-1.416449,4.124565050583917,2.708116050583917,0,0.346292,FALSE,TRUE,FALSE
MD,2024-04-05T04:00:00Z,6.82911,-4.141736122476713,2.687373877523287,0,0.351185,TRUE,FALSE,FALSE
MD,2024-04-05T04:30:00Z,22.09081,-19.456776185148126,2.634033814851875,0,0.32274,TRUE,FALSE,FALSE
MD,2024-04-05T05:00:00Z,11.464374,-8.857795390496443,2.606578609503556,0,0.281383,TRUE,FALSE,FALSE
MD,2024-04-06T00:30:00Z,1.3357024999999998,1.4304407539064916,2.7661432539064914,7.22334,0.298708,FALSE,TRUE,FALSE
MD,2024-04-06T01:30:00Z,3.1270623,-0.5015061206993905,2.6255561793006095,1.96743e-4,0.333706,TRUE,FALSE,FALSE
MD,2024-04-06T03:00:00Z,3.149409,-0.6380474229858657,2.511361577014134,0,0.31791,TRUE,FALSE,FALSE
MD,2024-04-06T05:00:00Z,3.09963,-0.6040580717324286,2.4955719282675712,0,0.353653,TRUE,FALSE,FALSE
MD,2024-04-06T10:00:00Z,-0.12053082438297893,2.3657263040553143,2.2451954796723355,0,0.0727926,FALSE,TRUE,FALSE
MD,2024-04-06T10:30:00Z,5.364727,-3.146664766385634,2.2180622336143663,1.2993e-4,0.253715,TRUE,FALSE,FALSE
MD,2024-04-07T01:30:00Z,4.5606234501388885,-1.4707303871991018,3.0898930629397867,5.6385e-4,0.18551,TRUE,FALSE,FALSE
MD,2024-04-07T02:00:00Z,4.866601666794872,-1.8376905577697742,3.0289111090250977,0,0.0679142,TRUE,FALSE,FALSE
MD,2024-04-07T02:30:00Z,4.8743678575,-1.8835864702086158,2.9907813872913844,0,0.0738905,TRUE,FALSE,FALSE
MD,2024-04-07T03:00:00Z,4.825172030744681,-1.8383581309437966,2.986813899800884,0,0.0620064,TRUE,FALSE,FALSE
MD,2024-04-07T03:30:00Z,4.6028750370103095,-1.678557524886187,2.9243175121241225,0,0.0926815,TRUE,FALSE,FALSE
MD,2024-04-07T04:00:00Z,3.9640919776521737,-1.1910321866391316,2.773059791013042,0,0.0638642,TRUE,FALSE,FALSE
MD,2024-04-07T08:00:00Z,3.462569764581818,-0.7149983957388111,2.747571368843007,0,0.207557,TRUE,FALSE,FALSE
MD,2024-04-07T09:30:00Z,4.1660937587735845,-1.3324437783810965,2.833649980392488,0,0.179255,TRUE,FALSE,FALSE
MD,2024-04-07T11:00:00Z,3.8692495229245285,-1.0066412803555358,2.8626082425689927,0.186876,0.148281,TRUE,FALSE,FALSE
MD,2024-04-07T11:30:00Z,3.6210516400943398,-0.8372010682870572,2.7838505718072826,7.61464,0.137378,TRUE,FALSE,FALSE
MD,2024-04-07T12:00:00Z,3.520496,-0.7711630782379086,2.7493329217620914,59.8248,0.294469,TRUE,FALSE,FALSE
MD,2024-04-08T00:00:00Z,11.444099999999999,-7.752505499528541,3.6915945004714574,2.88512,0.530748,TRUE,FALSE,FALSE
MD,2024-04-08T00:30:00Z,4.272989999999999,-0.8390894476514581,3.433900552348541,0.517823,0.64602,TRUE,FALSE,FALSE
MD,2024-04-08T01:00:00Z,4.287003873731344,-0.9274092700930621,3.3595946036382816,0.0237202,0.544219,TRUE,FALSE,FALSE
MD,2024-04-08T01:30:00Z,-12.180547,15.568498958367236,3.3879519583672346,0,0.455398,FALSE,TRUE,FALSE
MD,2024-04-08T02:00:00Z,10.85831,-7.447454316685492,3.410855683314508,0,0.650923,TRUE,FALSE,FALSE
MD,2024-04-08T02:30:00Z,-11.739514999999999,15.155823043330662,3.416308043330662,0,0.593268,FALSE,TRUE,FALSE
MD,2024-04-08T03:00:00Z,0.6532099999999996,2.7534864213367913,3.406696421336791,0,0.651394,FALSE,TRUE,FALSE
MD,2024-04-08T03:30:00Z,3.9430129000000003,-0.5286061038277436,3.4144067961722566,0,0.691789,TRUE,FALSE,FALSE
MD,2024-04-08T06:00:00Z,1.4076505,1.947723801106041,3.355374301106041,0,0.475974,FALSE,TRUE,FALSE
MD,2024-04-08T07:30:00Z,2.1811455,1.2210123273220557,3.4021578273220556,0,0.44277300000000003,FALSE,TRUE,FALSE
MD,2024-04-08T11:30:00Z,2.1771333,1.1715159122196273,3.348649212219627,8.06381,0.463972,FALSE,TRUE,FALSE
MD,2024-04-09T00:30:00Z,2.01059775,2.375621324315968,4.386219074315968,9.2727,0.207893,FALSE,TRUE,FALSE
MD,2024-04-09T01:00:00Z,3.0633167500000003,1.2279241906283627,4.291240940628363,0.228492,0.0986003,FALSE,TRUE,FALSE
MD,2024-04-09T03:00:00Z,4.753566391,-0.6699938877023124,4.083572503297687,0,0.0427865,TRUE,FALSE,FALSE
MD,2024-04-09T04:00:00Z,4.650637212222223,-0.5117079916109857,4.138929220611237,0,0.0258079,TRUE,FALSE,FALSE
MD,2024-04-09T09:30:00Z,6.646470000000001,-2.671580117552148,3.9748898824478527,0,0.233724,TRUE,FALSE,FALSE
MD,2024-04-09T10:00:00Z,4.624770000000001,-0.6417469276830126,3.983023072316988,0,0.368942,TRUE,FALSE,FALSE
MD,2024-04-09T10:30:00Z,4.90426091,-0.9188814226922863,3.9853794873077133,1.90827e-4,0.374604,TRUE,FALSE,FALSE
MD,2024-04-09T11:00:00Z,4.6951163,-0.6527368153794129,4.042379484620587,0.0873262,0.38506,TRUE,FALSE,FALSE
MD,2024-04-10T07:00:00Z,2.285472767818182,1.122565420284297,3.408038188102479,0,0.0635039,FALSE,TRUE,FALSE
MD,2024-04-10T07:30:00Z,1.768741491607143,1.6066382074980439,3.3753796991051868,0,0.047688,FALSE,TRUE,FALSE
MD,2024-04-11T00:00:00Z,5.458310933333333,-1.217674934117607,4.240635999215726,NA,0.0501517,TRUE,FALSE,FALSE
MD,2024-04-11T00:30:00Z,9.3416093,-5.141350968175629,4.200258331824371,NA,0.0478168,TRUE,FALSE,FALSE
MD,2024-04-11T02:00:00Z,5.083162499999999,-1.0150409136010747,4.068121586398925,NA,0.0503365,TRUE,FALSE,FALSE
MD,2024-04-11T03:30:00Z,8.65036625,-4.6406918493474905,4.009674400652509,NA,0.052864800000000003,TRUE,FALSE,FALSE
MD,2024-04-11T04:30:00Z,3.2915107634090903,1.1322949895179342,4.4238057529270245,0,0.0447756,FALSE,TRUE,FALSE
MD,2024-04-11T05:00:00Z,2.885860002,1.64553732226137,4.53139732426137,0,0.10365,FALSE,TRUE,FALSE
MD,2024-04-11T05:30:00Z,2.885860002,1.6466033789477055,4.532463380947705,0,0.096628,FALSE,TRUE,FALSE
MD,2024-04-11T06:00:00Z,2.6961863977083333,1.7694450321227024,4.465631429831036,0,0.0916066,FALSE,TRUE,FALSE
MD,2024-04-11T06:30:00Z,3.4340396872916665,1.0022482638413353,4.436287951133002,0,0.1016,FALSE,TRUE,FALSE
MD,2024-04-11T07:00:00Z,2.893699195625,1.5852125204750043,4.478911716100004,0,0.0777307,FALSE,TRUE,FALSE
MD,2024-04-11T07:30:00Z,2.815775162826087,1.677797148432985,4.493572311259072,0,0.0889387,FALSE,TRUE,FALSE
MD,2024-04-11T08:00:00Z,2.6833166253191494,1.7893870017892355,4.472703627108385,0,0.0737456,FALSE,TRUE,FALSE
MD,2024-04-11T08:30:00Z,3.118867663333333,1.2346381792722294,4.353505842605562,0,0.0857925,FALSE,TRUE,FALSE
MD,2024-04-11T10:00:00Z,3.271625102533333,1.02389477026649,4.295519872799823,0,0.182375,FALSE,TRUE,FALSE
MD,2024-04-11T11:30:00Z,5.679929,-1.3334640205977433,4.346464979402256,3.49485,0.317474,TRUE,FALSE,FALSE
MD,2024-04-11T14:00:00Z,37.8472,-33.544139357543045,4.303060642456956,108.209,0.409983,TRUE,FALSE,FALSE
MD,2024-04-11T15:00:00Z,10.659229999999999,-6.379282749497412,4.2799472505025875,124.285,0.459954,TRUE,FALSE,FALSE
MD,2024-04-11T19:00:00Z,30.38953,-26.154526905377622,4.2350030946223765,116.923,0.615713,TRUE,FALSE,FALSE
MD,2024-04-11T21:00:00Z,21.00863,-16.862116995374855,4.146513004625146,144.156,0.608251,TRUE,FALSE,FALSE
MD,2024-04-11T21:30:00Z,9.50327,-5.3629329354788675,4.140337064521133,69.4618,0.618496,TRUE,FALSE,FALSE
MD,2024-04-11T22:00:00Z,15.5738,-11.43630921809837,4.137490781901631,35.3174,0.561058,TRUE,FALSE,FALSE
MD,2024-04-11T23:30:00Z,28.00017,-23.897081103061325,4.103088896938674,20.0567,0.467812,TRUE,FALSE,FALSE
MD,2024-04-12T00:00:00Z,-0.22268,4.313995075190949,4.091315075190949,6.08539,0.456986,FALSE,TRUE,FALSE
MD,2024-04-12T00:30:00Z,20.388419999999996,-16.290618574974356,4.09780142502564,1.26211,0.564395,TRUE,FALSE,FALSE
MD,2024-04-12T01:00:00Z,14.670129999999999,-10.60381041593994,4.066319584060058,0.0565941,0.517642,TRUE,FALSE,FALSE
MD,2024-04-12T01:30:00Z,9.833749999999998,-5.768589145594435,4.065160854405564,4.53646e-5,0.589353,TRUE,FALSE,FALSE
MD,2024-04-12T02:00:00Z,-24.919069999999998,28.97692018634512,4.057850186345123,0,0.541499,FALSE,TRUE,FALSE
MD,2024-04-12T03:00:00Z,20.74784,-16.71801761185081,4.029822388149188,0,0.496556,TRUE,FALSE,FALSE
MD,2024-04-12T03:30:00Z,4.643549999999999,-0.6263211795497252,4.017228820450274,0,0.532497,TRUE,FALSE,FALSE
MD,2024-04-12T04:00:00Z,-13.321155,17.31783348704358,3.996678487043581,0,0.467194,FALSE,TRUE,FALSE
MD,2024-04-12T04:30:00Z,22.53123,-18.55339207399589,3.9778379260041095,0,0.420472,TRUE,FALSE,FALSE
MD,2024-04-12T05:00:00Z,-10.20143,14.184965894644359,3.983535894644359,0,0.440434,FALSE,TRUE,FALSE
MD,2024-04-12T05:30:00Z,2.6327700000000007,1.3460548522681859,3.9788248522681866,0,0.399739,FALSE,TRUE,FALSE
MD,2024-04-12T06:00:00Z,44.06044,-40.08094655666584,3.9794934433341536,0,0.389236,TRUE,FALSE,FALSE
MD,2024-04-12T06:30:00Z,-2.97297,6.9578140149955345,3.984844014995535,0,0.506883,FALSE,TRUE,FALSE
MD,2024-04-12T07:00:00Z,31.90589,-27.92845643628704,3.977433563712961,0,0.530787,TRUE,FALSE,FALSE
MD,2024-04-12T07:30:00Z,-5.337289999999999,9.298860419692431,3.961570419692433,0,0.522017,FALSE,TRUE,FALSE
MD,2024-04-12T08:00:00Z,-10.098471,14.049434934853199,3.950963934853198,0,0.583778,FALSE,TRUE,FALSE
MD,2024-04-12T08:30:00Z,15.893116,-11.941375711760294,3.9517402882397046,0,0.621196,TRUE,FALSE,FALSE
MD,2024-04-12T09:30:00Z,-4.636979999999999,8.594385394832589,3.957405394832589,0,0.514506,FALSE,TRUE,FALSE
MD,2024-04-12T10:00:00Z,2.9372,1.0331996796956693,3.970399679695669,0,0.483695,FALSE,TRUE,FALSE
MD,2024-04-12T10:30:00Z,-12.416146,16.384741741131993,3.968595741131994,0,0.575264,FALSE,TRUE,FALSE
MD,2024-04-12T11:00:00Z,2.79755,1.1535999231827958,3.951149923182796,0.100832,0.570551,FALSE,TRUE,FALSE
MD,2024-04-12T11:30:00Z,10.4507,-6.5250440541943675,3.925655945805632,2.55536,0.591247,TRUE,FALSE,FALSE
MD,2024-04-12T12:00:00Z,29.14302,-25.23488799547612,3.908132004523878,10.5801,0.60146,TRUE,FALSE,FALSE
MD,2024-04-12T12:30:00Z,4.925255110322581,-1.0178966008565742,3.907358509466007,24.0354,0.625836,TRUE,FALSE,FALSE
MD,2024-04-12T14:00:00Z,23.505524,-19.50125769918592,4.004266300814081,94.5996,0.670302,TRUE,FALSE,FALSE
MD,2024-04-13T03:00:00Z,4.946979,-0.8370372729041504,4.109941727095849,0,0.632362,TRUE,FALSE,FALSE
MD,2024-04-13T06:30:00Z,2.8245502,1.1015534485050962,3.926103648505096,0,0.404584,FALSE,TRUE,FALSE
MD,2024-04-13T11:00:00Z,2.2872290000000004,1.408690588803439,3.6959195888034393,0.731999,0.215664,FALSE,TRUE,FALSE
MD,2024-04-14T05:00:00Z,4.909556,-0.8363999889538283,4.073156011046172,NA,0.420995,TRUE,FALSE,FALSE
MD,2024-04-14T07:00:00Z,4.822476,-0.8680532052095433,3.9544227947904567,NA,0.414206,TRUE,FALSE,FALSE
MD,2024-04-14T07:30:00Z,5.338893,-1.412092469895267,3.9268005301047326,NA,0.457825,TRUE,FALSE,FALSE
MD,2024-04-14T08:30:00Z,5.049934,-1.1808661723607936,3.8690678276392068,NA,0.639732,TRUE,FALSE,FALSE
MD,2024-04-14T09:00:00Z,5.195778,-1.3552671960790486,3.8405108039209512,NA,0.651038,TRUE,FALSE,FALSE
MD,2024-04-14T09:30:00Z,4.642155000000001,-0.8319805608373092,3.8101744391626915,NA,0.562429,TRUE,FALSE,FALSE
MD,2024-04-14T10:00:00Z,4.9660958,-1.1805006334127381,3.7855951665872616,NA,0.555753,TRUE,FALSE,FALSE
MD,2024-04-15T08:00:00Z,4.9030242,-0.7859610515379494,4.117063148462051,NA,0.24978,TRUE,FALSE,FALSE
MD,2024-04-15T09:00:00Z,4.607525714285714,-0.5548149221368925,4.0527107921488215,NA,0.114058,TRUE,FALSE,FALSE
MD,2024-04-16T01:00:00Z,-1.2135545333333335,6.07094039215233,4.857385858818997,0.984747,0.160155,FALSE,TRUE,FALSE
MD,2024-04-16T01:30:00Z,-0.6610477842105268,5.450299232151674,4.789251447941147,0.00379557,0.146533,FALSE,TRUE,FALSE
MD,2024-04-16T02:00:00Z,1.8141991565217392,2.9450916239892466,4.759290780510986,1.40038e-4,0.110283,FALSE,TRUE,FALSE
MD,2024-04-16T02:30:00Z,1.560717525,3.164057437356096,4.724774962356096,4.73368e-5,0.162152,FALSE,TRUE,FALSE
MD,2024-04-16T03:00:00Z,2.3133920326470583,2.3309021730787465,4.644294205725805,1.69131e-4,0.0946561,FALSE,TRUE,FALSE
MD,2024-04-16T03:30:00Z,2.8853702932608694,1.6783039995410145,4.563674292801884,2.21892e-5,0.106754,FALSE,TRUE,FALSE
MD,2024-04-16T05:30:00Z,6.812519099999999,-2.6287062819724403,4.183812818027559,9.6153e-6,0.249344,TRUE,FALSE,FALSE
MD,2024-04-16T06:00:00Z,4.927362077176471,-0.8202430188393679,4.107119058337103,0,0.178766,TRUE,FALSE,FALSE
MD,2024-04-16T06:30:00Z,6.528443,-2.399535426671001,4.128907573328999,0,0.241767,TRUE,FALSE,FALSE
MD,2024-04-16T07:00:00Z,4.8222299,-0.737135247963522,4.085094652036478,0,0.270546,TRUE,FALSE,FALSE
MD,2024-04-16T08:00:00Z,4.763031165189874,-0.7513206853157204,4.011710479874154,0,0.206637,TRUE,FALSE,FALSE
MD,2024-04-16T08:30:00Z,4.723246354938271,-0.7418590595197547,3.9813872954185165,0,0.182856,TRUE,FALSE,FALSE
MD,2024-04-16T09:00:00Z,4.722073309375,-0.7681298791113398,3.9539434302636605,0,0.181842,TRUE,FALSE,FALSE
MD,2024-04-17T00:30:00Z,-22.03106,26.94884740985102,4.9177874098510195,1.98107,0.600407,FALSE,TRUE,FALSE
MD,2024-04-17T01:00:00Z,10.75687,-6.033101739956615,4.723768260043384,0.090676,0.710107,TRUE,FALSE,FALSE
MD,2024-04-17T01:30:00Z,-1.0534083062500001,5.747476534165431,4.694068227915431,9.39092e-4,0.799699,FALSE,TRUE,FALSE
MD,2024-04-17T02:00:00Z,12.78168,-8.098685632810021,4.68299436718998,0,0.961284,TRUE,FALSE,FALSE
MD,2024-04-17T02:30:00Z,-7.153724,11.808574575792441,4.65485057579244,0,0.979777,FALSE,TRUE,FALSE
MD,2024-04-17T03:30:00Z,6.09715,-1.4521654411688854,4.644984558831115,0,0.761483,TRUE,FALSE,FALSE
MD,2024-04-17T04:00:00Z,5.7710892,-1.1535170387208646,4.617572161279135,6.06502e-5,0.783723,TRUE,FALSE,FALSE
MD,2024-04-17T05:00:00Z,-3.8872400000000003,8.387356156412132,4.5001161564121315,0,0.577962,FALSE,TRUE,FALSE
MD,2024-04-17T05:30:00Z,-0.4272799999999999,4.865764686554709,4.438484686554709,0,0.470734,FALSE,TRUE,FALSE
MD,2024-04-17T06:00:00Z,24.93033,-20.573153480616984,4.3571765193830165,0,0.446623,TRUE,FALSE,FALSE
MD,2024-04-17T06:30:00Z,1.6949500000000004,2.536955123146689,4.2319051231466895,0,0.554279,FALSE,TRUE,FALSE
MD,2024-04-17T07:00:00Z,30.567320000000002,-26.463301240535476,4.104018759464528,0,0.550029,TRUE,FALSE,FALSE
MD,2024-04-17T07:30:00Z,4.81709,-0.6582149971154996,4.158875002884501,0,0.53896,TRUE,FALSE,FALSE
MD,2024-04-17T08:00:00Z,10.394954,-6.153917799212647,4.241036200787353,0,0.540852,TRUE,FALSE,FALSE
MD,2024-04-17T09:00:00Z,-7.4182,11.757072254037265,4.338872254037264,0,0.685585,FALSE,TRUE,FALSE
MD,2024-04-17T10:00:00Z,5.355903,-0.9819428991717336,4.373960100828266,0,0.641276,TRUE,FALSE,FALSE
MD,2024-04-17T10:30:00Z,5.1705951,-0.7606518457615357,4.409943254238464,0.00139397,0.591912,TRUE,FALSE,FALSE
MD,2024-04-17T11:00:00Z,7.882944,-3.4499932615861404,4.43295073841386,0.481467,0.639408,TRUE,FALSE,FALSE
MD,2024-04-17T11:30:00Z,6.098992,-1.626609088726008,4.472382911273992,3.75667,0.488356,TRUE,FALSE,FALSE
MD,2024-04-17T12:30:00Z,10.37642,-5.827395377413017,4.549024622586982,69.9577,0.312306,TRUE,FALSE,FALSE
MD,2024-04-17T13:00:00Z,12.58535,-8.083606812190665,4.5017431878093355,26.0569,0.278685,TRUE,FALSE,FALSE
MD,2024-04-17T16:30:00Z,35.3095,-30.189219777838353,5.120280222161648,222.114,0.685483,TRUE,FALSE,FALSE
MD,2024-04-17T17:00:00Z,40.510042000000006,-35.859809906973766,4.6502320930262435,76.7916,0.571522,TRUE,FALSE,FALSE
MD,2024-04-17T18:00:00Z,12.434190000000001,-7.761712699357254,4.672477300642747,195,0.47527,TRUE,FALSE,FALSE
MD,2024-04-18T00:00:00Z,-4.455808,8.752452406805892,4.296644406805892,8.20555,0.562092,FALSE,TRUE,FALSE
MD,2024-04-18T00:30:00Z,5.23847,-0.9691184642761419,4.2693515357238585,2.43005,0.422106,TRUE,FALSE,FALSE
MD,2024-04-18T01:00:00Z,-4.26936,8.50270594914836,4.233345949148361,0.487749,0.606091,FALSE,TRUE,FALSE
MD,2024-04-18T01:30:00Z,-3.754258,7.967971837208406,4.213713837208406,0.00183282,0.567393,FALSE,TRUE,FALSE
MD,2024-04-18T02:00:00Z,0.21877000000000013,3.979602042630466,4.198372042630466,0,0.602266,FALSE,TRUE,FALSE
MD,2024-04-18T02:30:00Z,5.18319,-0.9837267814376398,4.19946321856236,0,0.628652,TRUE,FALSE,FALSE
MD,2024-04-18T03:00:00Z,4.810854399999999,-0.6483310667599049,4.162523333240094,0,0.683939,TRUE,FALSE,FALSE
MD,2024-04-18T03:30:00Z,5.4572184,-1.3323491975581296,4.124869202441871,1.18342e-5,0.626856,TRUE,FALSE,FALSE
MD,2024-04-18T04:00:00Z,5.3340438699999995,-1.2245340908782927,4.109509779121707,0,0.588475,TRUE,FALSE,FALSE
MD,2024-04-18T04:30:00Z,5.07648471,-0.9593542126307701,4.11713049736923,0,0.566656,TRUE,FALSE,FALSE
MD,2024-04-18T05:00:00Z,4.8782497,-0.7696737018194035,4.108575998180596,0,0.662427,TRUE,FALSE,FALSE
MD,2024-04-18T05:30:00Z,5.6017374,-1.5277158530546773,4.074021546945323,0,0.683065,TRUE,FALSE,FALSE
MD,2024-04-18T06:00:00Z,5.548210399999999,-1.5219029355982965,4.026307464401703,0,0.698647,TRUE,FALSE,FALSE
MD,2024-04-18T07:30:00Z,5.5770365,-1.6318465686395371,3.945189931360463,0,0.593171,TRUE,FALSE,FALSE
MD,2024-04-18T08:30:00Z,4.415925,-0.5836219777596474,3.8323030222403522,0,0.245336,TRUE,FALSE,FALSE
MD,2024-04-18T09:00:00Z,4.750980372222222,-0.988760670903321,3.762219701318901,0,0.170038,TRUE,FALSE,FALSE
MD,2024-04-18T10:00:00Z,4.4997435,-0.7636812116748852,3.736062288325115,0,0.404498,TRUE,FALSE,FALSE
MD,2024-04-18T18:00:00Z,26.2932,-22.237773397458536,4.055426602541464,167.283,0.290434,TRUE,FALSE,FALSE
MD,2024-04-18T20:30:00Z,7.794459999999999,-3.8221238842952263,3.9723361157047727,183.372,0.150146,TRUE,FALSE,FALSE
MD,2024-04-19T00:00:00Z,4.663944048627451,-0.6560178784784094,4.007926170149042,9.7274,0.110319,TRUE,FALSE,FALSE
MD,2024-04-19T00:30:00Z,4.813822,-0.8236102463464059,3.990211753653594,2.9827,0.296774,TRUE,FALSE,FALSE
MD,2024-04-19T01:30:00Z,4.93061,-1.0299912341722712,3.9006187658277285,0.00149062,0.266989,TRUE,FALSE,FALSE
MD,2024-04-19T02:00:00Z,4.462264866987952,-0.6151152350505931,3.847149631937359,4.26524e-5,0.17688,TRUE,FALSE,FALSE
MD,2024-04-19T02:30:00Z,4.856747338641975,-1.08418553518392,3.7725618034580553,1.30669e-5,0.0795356,TRUE,FALSE,FALSE
MD,2024-04-19T03:00:00Z,4.823181546710527,-1.0944470888416173,3.7287344578689092,0,0.0912948,TRUE,FALSE,FALSE
MD,2024-04-19T03:30:00Z,4.583509673026316,-0.880029188220512,3.703480484805804,0,0.102379,TRUE,FALSE,FALSE
MD,2024-04-19T04:00:00Z,4.593716317763158,-0.8958919015999993,3.6978244161631584,0,0.121688,TRUE,FALSE,FALSE
MD,2024-04-19T04:30:00Z,4.773477001948052,-1.0828469895750708,3.6906300123729814,0,0.169133,TRUE,FALSE,FALSE
MD,2024-04-19T05:00:00Z,-0.1898200000000001,3.870403063594595,3.680583063594595,0,0.343901,FALSE,TRUE,FALSE
MD,2024-04-19T05:30:00Z,-2.59711,6.263033066760299,3.6659230667602984,0,0.264851,FALSE,TRUE,FALSE
MD,2024-04-19T06:00:00Z,4.335870260945946,-0.6732738059246168,3.662596455021329,0,0.131824,TRUE,FALSE,FALSE
MD,2024-04-19T08:30:00Z,25.9476,-22.3170575395227,3.6305424604773013,0,0.26457,TRUE,FALSE,FALSE
MD,2024-04-19T09:00:00Z,20.80932,-17.1467587523601,3.6625612476398994,0,0.310908,TRUE,FALSE,FALSE
MD,2024-04-19T09:30:00Z,-6.923769999999999,10.626544110216525,3.7027741102165246,0,0.501509,FALSE,TRUE,FALSE
MD,2024-04-19T10:00:00Z,-13.30327,16.993270648909018,3.6900006489090202,0,0.535774,FALSE,TRUE,FALSE
MD,2024-04-19T10:30:00Z,-17.6026,21.251497316348058,3.648897316348057,0.00869937,0.523966,FALSE,TRUE,FALSE
MD,2024-04-20T01:00:00Z,5.008325,-1.159438597192266,3.848886402807734,1.25912,0.418245,TRUE,FALSE,FALSE
MD,2024-04-20T02:30:00Z,4.3869723,-0.5742907921778628,3.812681507822137,2.80569e-4,0.448917,TRUE,FALSE,FALSE
MD,2024-04-20T04:30:00Z,4.3522235,-0.7971740623054355,3.5550494376945645,2.45066e-4,0.579446,TRUE,FALSE,FALSE
MD,2024-04-20T05:30:00Z,3.9663469,-0.550766563054998,3.415580336945002,3.04977e-4,0.548949,TRUE,FALSE,FALSE
MD,2024-04-20T06:00:00Z,4.3133152,-0.9308602266681545,3.3824549733318454,3.42699e-4,0.678898,TRUE,FALSE,FALSE
MD,2024-04-20T06:30:00Z,3.902789,-0.5682689771718805,3.3345200228281193,2.96348e-4,0.561469,TRUE,FALSE,FALSE
MD,2024-04-20T07:30:00Z,3.826075,-0.5479598896501736,3.2781151103498263,8.45652e-5,0.455338,TRUE,FALSE,FALSE
MD,2024-04-21T01:00:00Z,2.187533,1.2579921959354299,3.44552519593543,1.18395,0.292938,FALSE,TRUE,FALSE
MD,2024-04-21T02:00:00Z,2.125363,1.2827481861492163,3.4081111861492164,3.21249e-4,0.222114,FALSE,TRUE,FALSE
MD,2024-04-21T03:30:00Z,2.1558874,1.2321574702182194,3.3880448702182195,3.72284e-4,0.21719,FALSE,TRUE,FALSE
MD,2024-04-21T08:00:00Z,1.756208,1.625150137241946,3.381358137241946,0,0.232353,FALSE,TRUE,FALSE
MD,2024-04-22T03:00:00Z,5.307074,-1.553799793234969,3.753274206765031,9.81006e-4,0.292589,TRUE,FALSE,FALSE
MD,2024-04-22T03:30:00Z,4.5560794,-0.909154603046523,3.646924796953477,9.77307e-4,0.326334,TRUE,FALSE,FALSE
MD,2024-04-22T04:30:00Z,2.484417,1.1534345761468394,3.6378515761468395,0.00119895,0.244028,FALSE,TRUE,FALSE
MD,2024-04-23T02:30:00Z,4.9315767,-1.0470988450554843,3.8844778549445156,NA,NA,TRUE,FALSE,FALSE
MD,2024-04-23T03:00:00Z,4.4582863999999995,-0.6238049116435236,3.834481488356476,NA,NA,TRUE,FALSE,FALSE
MD,2024-04-23T06:00:00Z,3.969580868,-0.5136127915691011,3.455968076430899,NA,NA,TRUE,FALSE,FALSE
MD,2024-04-23T06:30:00Z,4.3146612719999995,-0.881397703713517,3.4332635682864825,NA,NA,TRUE,FALSE,FALSE
MD,2024-04-23T07:00:00Z,3.9823195355555554,-0.5763468655939352,3.40597266996162,NA,NA,TRUE,FALSE,FALSE
MD,2024-04-24T05:30:00Z,4.486693,-0.9831401146370231,3.5035528853629767,NA,NA,TRUE,FALSE,FALSE
MD,2024-04-24T06:00:00Z,5.10629446,-1.6768631996533205,3.4294312603466794,NA,NA,TRUE,FALSE,FALSE
MD,2024-04-24T06:30:00Z,5.82792426,-2.4418276808704,3.3860965791295996,NA,NA,TRUE,FALSE,FALSE
MD,2024-04-24T07:00:00Z,5.635169825,-2.3035217873780574,3.331648037621943,NA,NA,TRUE,FALSE,FALSE
MD,2024-04-24T07:30:00Z,5.633813775,-2.3675121827520376,3.2663015922479626,NA,NA,TRUE,FALSE,FALSE
MD,2024-04-24T08:00:00Z,5.6192677,-2.4062295675948158,3.213038132405184,NA,NA,TRUE,FALSE,FALSE
MD,2024-04-24T08:30:00Z,4.976431333333333,-1.8015451838612648,3.1748861494720684,NA,NA,TRUE,FALSE,FALSE
MD,2024-04-24T09:00:00Z,3.7683875,-0.6271004867365897,3.14128701326341,NA,NA,TRUE,FALSE,FALSE
MD,2024-04-24T09:30:00Z,3.803283,-0.69376211717791,3.10952088282209,NA,NA,TRUE,FALSE,FALSE
MD,2024-04-25T03:00:00Z,2.9265366136065576,1.110474815087486,4.0370114286940435,1.74308e-4,0.202544,FALSE,TRUE,FALSE
MD,2024-04-25T04:00:00Z,1.334116,2.544798594542808,3.8789145945428083,4.47234e-4,0.382633,FALSE,TRUE,FALSE
MD,2024-04-25T04:30:00Z,1.381051,2.391961357321213,3.773012357321213,4.99009e-4,0.458818,FALSE,TRUE,FALSE
MD,2024-04-25T05:30:00Z,6.598942,-3.0453720086622567,3.5535699913377434,6.57045e-4,0.331236,TRUE,FALSE,FALSE
MD,2024-04-25T06:00:00Z,4.99165,-1.4202358941229303,3.5714141058770696,7.90179e-4,0.355351,TRUE,FALSE,FALSE
MD,2024-04-25T06:30:00Z,5.677452,-2.1944344033604373,3.4830175966395625,7.65278e-4,0.354031,TRUE,FALSE,FALSE
MD,2024-04-25T07:00:00Z,4.4790583,-1.0852155873128875,3.3938427126871127,8.73265e-4,0.362916,TRUE,FALSE,FALSE
MD,2024-04-25T07:30:00Z,7.392519,-4.053166487186946,3.3393525128130546,7.25584e-4,0.397221,TRUE,FALSE,FALSE
MD,2024-04-25T08:00:00Z,4.49994293,-1.2257149318834055,3.274227998116594,8.15573e-4,0.180574,TRUE,FALSE,FALSE
MD,2024-04-25T08:30:00Z,4.9862258,-1.7492822943306483,3.2369435056693514,6.08475e-4,0.273118,TRUE,FALSE,FALSE
MD,2024-04-25T09:00:00Z,4.232066757142857,-1.0216949217474358,3.2103718353954216,5.25142e-4,0.190688,TRUE,FALSE,FALSE
MD,2024-04-25T10:00:00Z,4.232066757142857,-1.0648412354144603,3.167225521728397,0.00117652,0.187058,TRUE,FALSE,FALSE
MD,2024-04-25T10:30:00Z,3.8730740000000003,-0.7617618397165233,3.111312160283477,0.231489,0.310786,TRUE,FALSE,FALSE
MD,2024-04-26T01:00:00Z,2.4254769140816332,2.358065189885436,4.783542103967069,4.23507,0.180406,FALSE,TRUE,FALSE
MD,2024-04-26T01:30:00Z,2.0412769166666664,2.6543210844176763,4.695598001084343,0.0454946,0.210487,FALSE,TRUE,FALSE
MD,2024-04-26T02:30:00Z,2.5532586489130438,2.0345888487568864,4.58784749766993,0,0.15096,FALSE,TRUE,FALSE
MD,2024-04-26T03:00:00Z,3.0900298097222225,1.441141634424206,4.531171444146429,0,0.121834,FALSE,TRUE,FALSE
MD,2024-04-26T03:30:00Z,2.874599562857143,1.528864017208858,4.403463580066001,0,0.103668,FALSE,TRUE,FALSE
MD,2024-04-26T04:00:00Z,5.419255,-1.062984122605389,4.356270877394611,1.45463e-5,0.280411,TRUE,FALSE,FALSE
MD,2024-04-26T04:30:00Z,1.8323399999999999,2.5173857246462643,4.349725724646264,7.98809e-5,0.305988,FALSE,TRUE,FALSE
MD,2024-04-26T05:30:00Z,3.0265964000000003,1.1891719146306063,4.215768314630607,2.9265e-4,0.474739,FALSE,TRUE,FALSE
MD,2024-04-26T06:30:00Z,2.54798291,1.5426089298569332,4.090591839856933,5.52262e-4,0.420204,FALSE,TRUE,FALSE
MD,2024-04-26T07:00:00Z,2.3367219,1.6976812409639144,4.0344031409639145,4.67944e-4,0.365971,FALSE,TRUE,FALSE
MD,2024-04-26T07:30:00Z,2.974064,1.0071455003247234,3.981209500324723,4.59315e-4,0.353531,FALSE,TRUE,FALSE
MD,2024-04-26T08:00:00Z,2.728177,1.192086582683237,3.920263582683237,4.31702e-4,0.323382,FALSE,TRUE,FALSE
MD,2024-04-26T09:00:00Z,2.374875,1.4572086881581603,3.83208368815816,2.87719e-4,0.298438,FALSE,TRUE,FALSE
MD,2024-04-26T09:30:00Z,2.731645,1.068500253065276,3.800145253065276,3.51821e-4,0.281124,FALSE,TRUE,FALSE
MD,2024-04-26T11:00:00Z,2.584767,1.1827655869441762,3.767532586944176,8.91536,0.302666,FALSE,TRUE,FALSE
MD,2024-04-27T01:00:00Z,3.774953,1.8248819179091234,5.599834917909123,0.654189,0.736899,FALSE,TRUE,FALSE
MD,2024-04-27T01:30:00Z,4.465371,1.0716000634503056,5.536971063450306,0.00651966,0.671863,FALSE,TRUE,FALSE
MD,2024-04-27T02:00:00Z,-7.28951,12.533647898528704,5.244137898528704,0,0.446343,FALSE,TRUE,FALSE
MD,2024-04-27T02:30:00Z,-1.78343,6.708074155789277,4.924644155789277,0,0.276485,FALSE,TRUE,FALSE
MD,2024-04-27T03:00:00Z,8.72945,-3.851504933142957,4.877945066857043,0,0.415907,TRUE,FALSE,FALSE
MD,2024-04-27T03:30:00Z,12.70801,-7.796894547920972,4.911115452079028,0,0.519186,TRUE,FALSE,FALSE
MD,2024-04-27T04:00:00Z,16.05461,-11.109453885568279,4.945156114431721,0,0.56165,TRUE,FALSE,FALSE
MD,2024-04-27T04:30:00Z,8.45481,-3.490956315470134,4.963853684529866,0,0.555195,TRUE,FALSE,FALSE
MD,2024-04-27T05:30:00Z,2.7051700000000003,2.355403075888725,5.060573075888725,0,0.521744,FALSE,TRUE,FALSE
MD,2024-04-27T06:00:00Z,33.55487,-28.432801811001415,5.122068188998585,0,0.502285,TRUE,FALSE,FALSE
MD,2024-04-27T06:30:00Z,-11.869010000000001,17.010582811804476,5.141572811804473,0,0.433878,FALSE,TRUE,FALSE
MD,2024-04-27T07:00:00Z,-4.80201,9.972441591909327,5.170431591909326,0,0.482766,FALSE,TRUE,FALSE
MD,2024-04-27T07:30:00Z,11.04286,-5.872296466597845,5.170563533402154,0,0.502893,TRUE,FALSE,FALSE
MD,2024-04-27T08:00:00Z,4.065436082903226,1.1448543702721095,5.210290453175335,0,0.499455,FALSE,TRUE,FALSE
MD,2024-04-27T08:30:00Z,1.34379,3.8417902391646663,5.185580239164667,0,0.415846,FALSE,TRUE,FALSE
MD,2024-04-27T09:00:00Z,12.749463,-7.5510471962671755,5.198415803732825,0,0.383467,TRUE,FALSE,FALSE
MD,2024-04-27T09:30:00Z,3.16674,2.109728325967068,5.276468325967068,0,0.443631,FALSE,TRUE,FALSE
MD,2024-04-27T10:00:00Z,67.82916,-62.510327915841096,5.318832084158903,0,0.440933,TRUE,FALSE,FALSE
MD,2024-04-27T10:30:00Z,42.392027999999996,-37.06038795719566,5.331640042804341,0.0312302,0.426463,TRUE,FALSE,FALSE
MD,2024-04-27T11:00:00Z,21.04257,-15.669297317627711,5.37327268237229,0.794618,0.480236,TRUE,FALSE,FALSE
MD,2024-04-28T01:00:00Z,9.412425,-3.0149145940258677,6.397510405974133,1.8431,0.745179,TRUE,FALSE,FALSE
MD,2024-04-28T01:30:00Z,7.947152,-1.5749082786506579,6.372243721349342,0.0244376,0.593696,TRUE,FALSE,FALSE
MD,2024-04-28T02:00:00Z,8.90507,-2.5348568310015196,6.370213168998481,0,0.564223,TRUE,FALSE,FALSE
MD,2024-04-28T02:30:00Z,7.405255,-1.0300167505967908,6.37523824940321,0,0.530481,TRUE,FALSE,FALSE
MD,2024-04-28T03:00:00Z,7.069074,-0.7035169390384954,6.365557060961504,0,0.626705,TRUE,FALSE,FALSE
MD,2024-04-28T03:30:00Z,8.5884,-2.2260581069503003,6.3623418930497,0,0.691519,TRUE,FALSE,FALSE
MD,2024-04-28T04:00:00Z,7.053013,-0.6637576397586384,6.3892553602413615,0,0.642664,TRUE,FALSE,FALSE
MD,2024-04-28T04:30:00Z,7.2070438999999995,-0.8214628168075739,6.385581083192426,0,0.687827,TRUE,FALSE,FALSE
MD,2024-04-28T05:00:00Z,7.101648,-0.7613711583264342,6.340276841673566,0,0.768573,TRUE,FALSE,FALSE
MD,2024-04-28T05:30:00Z,8.0233416,-1.7447507952539647,6.2785908047460355,0,0.726275,TRUE,FALSE,FALSE
MD,2024-04-28T06:00:00Z,6.9284591,-0.7054966139819951,6.222962486018005,0,0.610528,TRUE,FALSE,FALSE
MD,2024-04-28T06:30:00Z,7.439506000000001,-1.2610826532883133,6.178423346711687,0,0.595669,TRUE,FALSE,FALSE
MD,2024-04-28T07:30:00Z,6.6670915,-0.5393188928583621,6.127772607141638,0,0.602462,TRUE,FALSE,FALSE
MD,2024-04-28T09:30:00Z,7.098412000000001,-1.1444249475053851,5.9539870524946155,0,0.474068,TRUE,FALSE,FALSE
MD,2024-04-28T10:30:00Z,6.520478,-0.6553625663309708,5.865115433669029,0.0256827,0.343925,TRUE,FALSE,FALSE
MD,2024-04-28T11:00:00Z,3.530575,2.302356247358235,5.832931247358235,1.05322,0.258272,FALSE,TRUE,FALSE
MD,2024-04-28T11:30:00Z,-10.48055,16.330537229701985,5.849987229701987,7.02492,0.257016,FALSE,TRUE,FALSE
MD,2024-04-28T12:00:00Z,18.2208,-12.396345186838087,5.824454813161914,8.25155,0.259466,TRUE,FALSE,FALSE
MD,2024-04-28T13:30:00Z,6.3095300000000005,-0.511097824849192,5.7984321751508086,40.6351,0.249529,TRUE,FALSE,FALSE
MD,2024-04-28T21:30:00Z,13.41354,-7.271530211610174,6.142009788389825,394.255,0.439167,TRUE,FALSE,FALSE
MD,2024-04-28T23:30:00Z,4.102263,1.5130126451839603,5.61527564518396,8.6377,0.382305,FALSE,TRUE,FALSE
MD,2024-04-29T00:00:00Z,-19.1833,24.67941236989483,5.496112369894832,2.74953,0.450792,FALSE,TRUE,FALSE
MD,2024-04-29T00:30:00Z,22.94368,-17.56325852859904,5.380421471400962,2.4463,0.411007,TRUE,FALSE,FALSE
MD,2024-04-29T01:00:00Z,-22.808428,28.11442810121071,5.306000101210711,0.728173,0.437982,FALSE,TRUE,FALSE
MD,2024-04-29T01:30:00Z,-6.75514,11.99545004042594,5.240310040425941,0.0126875,0.378587,FALSE,TRUE,FALSE
MD,2024-04-29T02:00:00Z,-3.386457,8.569162014509569,5.182705014509569,0,0.482561,FALSE,TRUE,FALSE
MD,2024-04-29T03:00:00Z,-2.149274,7.2890458161218925,5.139771816121892,0,0.44232900000000003,FALSE,TRUE,FALSE
MD,2024-04-29T03:30:00Z,3.5391100000000004,1.6002532239423268,5.139363223942327,0,0.397831,FALSE,TRUE,FALSE
MD,2024-04-29T04:00:00Z,3.49926,1.626582598935728,5.125842598935728,0,0.430131,FALSE,TRUE,FALSE
MD,2024-04-29T04:30:00Z,6.52527,-1.406999598687472,5.118270401312528,0,0.443522,TRUE,FALSE,FALSE
MD,2024-04-29T05:00:00Z,0.49983999999999984,4.621727946149702,5.1215679461497015,0,0.352978,FALSE,TRUE,FALSE
MD,2024-04-29T06:00:00Z,-0.05301999999999962,5.184499165246381,5.131479165246382,0,0.362807,FALSE,TRUE,FALSE
MD,2024-04-29T06:30:00Z,6.604029,-1.4871603338456305,5.116868666154369,0,0.386485,TRUE,FALSE,FALSE
MD,2024-04-29T07:00:00Z,2.2922799999999994,2.815669752672171,5.10794975267217,0,0.373071,FALSE,TRUE,FALSE
MD,2024-04-29T07:30:00Z,2.7548,2.3373038572238465,5.092103857223846,0,0.411763,FALSE,TRUE,FALSE
MD,2024-04-29T08:30:00Z,10.982769999999999,-5.913233220417554,5.069536779582444,0,0.443465,TRUE,FALSE,FALSE
MD,2024-04-29T09:00:00Z,6.6033024000000005,-1.5472735189124105,5.05602888108759,0,0.394269,TRUE,FALSE,FALSE
MD,2024-04-29T09:30:00Z,-13.2972,18.37173821105294,5.074538211052938,0,0.399173,FALSE,TRUE,FALSE
MD,2024-04-29T10:00:00Z,-14.77197,19.869530042821918,5.097560042821918,0,0.395517,FALSE,TRUE,FALSE
MD,2024-04-29T10:30:00Z,-6.5271300000000005,11.638507366538764,5.111377366538763,0.0475977,0.314361,FALSE,TRUE,FALSE
MD,2024-04-29T11:00:00Z,-12.61774,17.74890931549643,5.131169315496431,3.82407,0.331824,FALSE,TRUE,FALSE
MD,2024-04-29T11:30:00Z,13.66487,-8.520167860368911,5.14470213963109,29.7941,0.280125,TRUE,FALSE,FALSE
MD,2024-04-29T13:30:00Z,8.00328,-2.683231783252552,5.320048216747448,80.1315,0.397161,TRUE,FALSE,FALSE
MD,2024-04-29T15:00:00Z,20.318489999999997,-14.795587011207626,5.52290298879237,109.129,0.244431,TRUE,FALSE,FALSE
MD,2024-04-29T17:00:00Z,16.004425,-10.029417080717305,5.975007919282697,541.051,0.361655,TRUE,FALSE,FALSE
MD,2024-04-30T02:00:00Z,4.803249048333334,1.0869645261899645,5.890213574523298,6.55565e-4,0.180612,FALSE,TRUE,FALSE
MD,2024-04-30T03:30:00Z,7.078001,-1.224042152984949,5.853958847015051,0,0.288125,TRUE,FALSE,FALSE
MD,2024-04-30T04:00:00Z,7.549924,-1.6762218178596822,5.873702182140318,0,0.453131,TRUE,FALSE,FALSE
MD,2024-04-30T05:00:00Z,6.493914,-0.8971224300478431,5.596791569952157,0,0.535047,TRUE,FALSE,FALSE
MD,2024-04-30T05:30:00Z,7.929548,-2.4463739294581295,5.48317407054187,0,0.527451,TRUE,FALSE,FALSE
MD,2024-04-30T07:00:00Z,3.2363772,2.1029701846956024,5.3393473846956025,0,0.317014,FALSE,TRUE,FALSE
MD,2024-04-30T08:30:00Z,3.759402801,1.2357152170005699,4.99511801800057,0,0.130809,FALSE,TRUE,FALSE
MD,2024-04-30T09:00:00Z,3.7656366180851064,1.1711381479314502,4.936774766016557,0,0.129768,FALSE,TRUE,FALSE
MD,2024-04-30T09:30:00Z,3.8754529280487806,1.0079347539751065,4.883387682023887,0,0.140722,FALSE,TRUE,FALSE
MD,2024-05-01T01:00:00Z,7.0187914933333335,-1.3214719792906457,5.697319514042688,4.01124,0.11811,TRUE,FALSE,FALSE
MD,2024-05-01T03:30:00Z,3.751454932,1.4918075905678045,5.243262522567805,0,0.0765094,FALSE,TRUE,FALSE
MD,2024-05-01T04:30:00Z,3.9383414143333333,1.1850993188833696,5.123440733216703,0,0.0842699,FALSE,TRUE,FALSE
MD,2024-05-01T05:00:00Z,3.9928933091803276,1.1371751614801142,5.130068470660442,0,0.122446,FALSE,TRUE,FALSE
MD,2024-05-01T06:00:00Z,4.365868,1.1795449356195604,5.54541293561956,0,0.226447,FALSE,TRUE,FALSE
MD,2024-05-01T06:30:00Z,-5.54696,11.094202510059324,5.5472425100593235,0,0.39857,FALSE,TRUE,FALSE
MD,2024-05-01T08:00:00Z,6.119712000000001,-0.50347283206521,5.616239167934791,0,0.420944,TRUE,FALSE,FALSE
MD,2024-05-01T08:30:00Z,-2.0254570000000003,7.6899103370970625,5.664453337097062,0,0.471412,FALSE,TRUE,FALSE
MD,2024-05-01T09:00:00Z,7.2974,-1.6069838496654478,5.690416150334552,0,0.350983,TRUE,FALSE,FALSE
MD,2024-05-01T09:30:00Z,4.4246,1.2792041189418306,5.7038041189418305,0,0.353259,FALSE,TRUE,FALSE
MD,2024-05-01T10:00:00Z,8.845415,-3.0888427125818367,5.756572287418162,3.84611e-5,0.403432,TRUE,FALSE,FALSE
MD,2024-05-01T10:30:00Z,-12.075809999999999,17.911424954173054,5.835614954173056,0.0603021,0.335384,FALSE,TRUE,FALSE
MD,2024-05-01T11:00:00Z,18.07091,-12.027660344492148,6.043249655507854,2.51926,0.48718,TRUE,FALSE,FALSE
MD,2024-05-02T01:00:00Z,6.895686,-0.6184539572277279,6.2772320427722725,6.61013,0.240587,TRUE,FALSE,FALSE
MD,2024-05-02T01:30:00Z,4.109143886538462,2.0139652734145175,6.123109159952979,0.203232,0.13738,FALSE,TRUE,FALSE
MD,2024-05-02T02:00:00Z,7.157035652459016,-1.150930539857555,6.006105112601461,5.96394e-4,0.0945398,TRUE,FALSE,FALSE
MD,2024-05-02T02:30:00Z,6.875838507605635,-0.9668396672355426,5.908998840370092,0,0.0345126,TRUE,FALSE,FALSE
MD,2024-05-02T03:00:00Z,7.217443250555556,-1.3796489147918995,5.837794335763657,0,0.0505506,TRUE,FALSE,FALSE
MD,2024-05-02T05:30:00Z,5.967949623684211,-0.52758278149813,5.440366842186081,0,0.0874622,TRUE,FALSE,FALSE
MD,2024-05-02T09:30:00Z,3.0131528075,1.9395992683910217,4.952752075891022,3.94468e-6,0.0691094,FALSE,TRUE,FALSE
MD,2024-05-02T10:00:00Z,2.7411006066666666,2.141196733612783,4.882297340279449,0.00500857,0.0680096,FALSE,TRUE,FALSE
MD,2024-05-02T10:30:00Z,2.961467263333333,1.9892249354831093,4.9506921988164425,1.22778,0.0446498,FALSE,TRUE,FALSE
MD,2024-05-02T11:30:00Z,13.87558,-8.6574957413748,5.218084258625199,52.1312,0.129741,TRUE,FALSE,FALSE
MD,2024-05-03T00:00:00Z,9.100724,-1.9810291128706465,7.119694887129353,26.9336,0.427203,TRUE,FALSE,FALSE
MD,2024-05-03T00:30:00Z,9.902562000000001,-2.8558323285122187,7.046729671487783,5.9167,0.715665,TRUE,FALSE,FALSE
MD,2024-05-03T01:00:00Z,10.110081000000001,-3.3987695290074065,6.7113114709925945,0.985524,0.752588,TRUE,FALSE,FALSE
MD,2024-05-03T02:00:00Z,8.292773,-1.651399599321893,6.641373400678107,0,0.554254,TRUE,FALSE,FALSE
MD,2024-05-03T03:00:00Z,7.595254,-0.9248790794204629,6.670374920579537,0,0.495195,TRUE,FALSE,FALSE
MD,2024-05-03T03:30:00Z,8.871832999999999,-2.1523287683125547,6.719504231687444,0,0.54268,TRUE,FALSE,FALSE
MD,2024-05-03T04:00:00Z,7.8177623999999994,-1.1146671874867167,6.703095212513283,0,0.610399,TRUE,FALSE,FALSE
MD,2024-05-03T05:30:00Z,12.01406,-5.3765431678735816,6.637516832126419,0,0.286747,TRUE,FALSE,FALSE
MD,2024-05-03T06:00:00Z,-21.54501,28.142931003814144,6.597921003814144,0,0.472188,FALSE,TRUE,FALSE
MD,2024-05-03T06:30:00Z,4.730687692830188,1.6732937615698624,6.403981454400051,0,0.4376,FALSE,TRUE,FALSE
MD,2024-05-03T07:00:00Z,25.91768,-19.5854368499697,6.332243150030302,0,0.294923,TRUE,FALSE,FALSE
MD,2024-05-03T08:00:00Z,7.387477645614036,-1.140822908255556,6.2466547373584795,0,0.0861424,TRUE,FALSE,FALSE
MD,2024-05-03T08:30:00Z,7.296201093548388,-1.0722226977459455,6.223978395802442,0,0.0998908,TRUE,FALSE,FALSE
MD,2024-05-03T09:00:00Z,7.181202867741936,-0.9707927786739932,6.210410089067943,0,0.157969,TRUE,FALSE,FALSE
MD,2024-05-03T09:30:00Z,4.92256,1.3129201469481124,6.235480146948112,0,0.391455,FALSE,TRUE,FALSE
MD,2024-05-03T10:00:00Z,21.833779999999997,-15.57144205675895,6.262337943241046,3.01279e-4,0.395826,TRUE,FALSE,FALSE
MD,2024-05-03T10:30:00Z,-18.45307,24.72422210600076,6.271152106000757,0.139997,0.332707,FALSE,TRUE,FALSE
MD,2024-05-03T11:00:00Z,33.85032,-27.581732277972385,6.26858772202762,4.20073,0.281112,TRUE,FALSE,FALSE
MD,2024-05-03T11:30:00Z,26.61342,-20.342679694540703,6.270740305459299,12.9256,0.239139,TRUE,FALSE,FALSE
MD,2024-05-03T18:30:00Z,29.6065,-23.194475662977926,6.412024337022075,790.473,0.486304,TRUE,FALSE,FALSE
MD,2024-05-04T01:30:00Z,7.451987014285716,-1.1025737396084505,6.349413274677265,0.2974,0.0489942,TRUE,FALSE,FALSE
MD,2024-05-04T02:30:00Z,7.397717104810127,-1.2533106942176238,6.144406410592503,0,0.0300358,TRUE,FALSE,FALSE
MD,2024-05-04T03:30:00Z,6.387009703482143,-0.6207873312355101,5.766222372246633,0,0.0684097,TRUE,FALSE,FALSE
MD,2024-05-04T04:30:00Z,6.239809873125,-0.5029684909060164,5.736841382218984,0,0.050982,TRUE,FALSE,FALSE
MD,2024-05-04T07:00:00Z,7.266006999999999,-1.387566109109982,5.878440890890017,0,0.353626,TRUE,FALSE,FALSE
MD,2024-05-04T07:30:00Z,7.938740999999999,-2.031012316424186,5.907728683575813,0,0.418071,TRUE,FALSE,FALSE
MD,2024-05-04T08:30:00Z,6.3627389999999995,-0.5424497016698497,5.82028929833015,0,0.300574,TRUE,FALSE,FALSE
MD,2024-05-04T10:30:00Z,8.39275,-2.716682939574347,5.676067060425653,0.542047,0.445538,TRUE,FALSE,FALSE
MD,2024-05-04T11:00:00Z,2.07836,3.626765949883337,5.705125949883337,6.181,0.508116,FALSE,TRUE,FALSE
MD,2024-05-05T01:00:00Z,7.965870977272727,-0.511403022756741,7.454467954515986,7.13158,0.0835225,TRUE,FALSE,FALSE
MD,2024-05-05T02:00:00Z,9.377398,-2.0341159355429657,7.343282064457034,1.67158e-4,0.314096,TRUE,FALSE,FALSE
MD,2024-05-05T03:00:00Z,10.42556,-3.4773248909250363,6.9482351090749646,0,0.698868,TRUE,FALSE,FALSE
MD,2024-05-05T03:30:00Z,-4.79946,11.552219851345292,6.752759851345292,0,0.389093,FALSE,TRUE,FALSE
MD,2024-05-05T04:00:00Z,4.36999852826087,2.3607029869267713,6.730701515187642,0,0.16415,FALSE,TRUE,FALSE
MD,2024-05-05T04:30:00Z,4.4342801860000005,2.2777638692167974,6.712044055216798,0,0.043208,FALSE,TRUE,FALSE
MD,2024-05-05T05:00:00Z,4.650659378431373,2.047483125363719,6.698142503795092,0,0.0980778,FALSE,TRUE,FALSE
MD,2024-05-05T05:30:00Z,4.575744206,2.137455703760062,6.713199909760062,0,0.0706631,FALSE,TRUE,FALSE
MD,2024-05-05T06:00:00Z,16.387552,-9.666943943456946,6.720608056543054,0,0.25074,TRUE,FALSE,FALSE
MD,2024-05-05T06:30:00Z,21.11477,-14.372597981659927,6.742172018340073,0,0.335439,TRUE,FALSE,FALSE
MD,2024-05-05T07:00:00Z,2.5437700000000003,4.153506013782741,6.697276013782742,0,0.431937,FALSE,TRUE,FALSE
MD,2024-05-05T07:30:00Z,-3.28597,9.765927851034782,6.479957851034782,0,0.482255,FALSE,TRUE,FALSE
MD,2024-05-05T08:00:00Z,28.49909,-22.136543421871956,6.362546578128044,0,0.436746,TRUE,FALSE,FALSE
MD,2024-05-05T09:30:00Z,7.908302000000001,-1.6994506492191173,6.208851350780884,0,0.407613,TRUE,FALSE,FALSE
MD,2024-05-05T10:30:00Z,7.51886,-1.4222388865102102,6.09662111348979,0.260233,0.554989,TRUE,FALSE,FALSE
MD,2024-05-05T11:30:00Z,7.2753513000000005,-1.3261225335900795,5.949228766409921,16.2507,0.543063,TRUE,FALSE,FALSE
MD,2024-05-06T01:00:00Z,7.827336000000001,-0.7987172832979175,7.028618716702083,7.73862,0.305727,TRUE,FALSE,FALSE
MD,2024-05-06T01:30:00Z,7.453086659574468,-0.5342643915874925,6.918822267986975,0.511418,0.211885,TRUE,FALSE,FALSE
MD,2024-05-06T02:00:00Z,8.896053,-2.118084124171074,6.777968875828926,0.00170634,0.247714,TRUE,FALSE,FALSE
MD,2024-05-06T03:00:00Z,5.494728187272727,1.0807200799276648,6.575448267200392,0,0.177103,FALSE,TRUE,FALSE
MD,2024-05-06T03:30:00Z,5.098508121799999,1.352357079709658,6.450865201509657,0,0.092924,FALSE,TRUE,FALSE
MD,2024-05-06T04:00:00Z,5.40677575872549,1.0046876971781726,6.411463455903663,0,0.0976662,FALSE,TRUE,FALSE
MD,2024-05-06T04:30:00Z,5.254078994019608,1.17449285208993,6.428571846109538,0,0.0643016,FALSE,TRUE,FALSE
MD,2024-05-06T05:30:00Z,4.62445993943662,1.4468175899472477,6.071277529383868,0,0.0561065,FALSE,TRUE,FALSE
MD,2024-05-06T06:00:00Z,4.615102024285714,1.459381509408641,6.074483533694355,0,0.150959,FALSE,TRUE,FALSE
MD,2024-05-06T06:30:00Z,4.761149984819277,1.428613873895948,6.189763858715225,0,0.107602,FALSE,TRUE,FALSE
MD,2024-05-06T07:00:00Z,4.72729540419753,1.4472748282709027,6.174570232468433,0,0.13825,FALSE,TRUE,FALSE
MD,2024-05-06T07:30:00Z,4.7236529069230775,1.450765350926793,6.1744182578498705,0,0.142649,FALSE,TRUE,FALSE
MD,2024-05-06T08:00:00Z,8.944077,-2.728777434557152,6.215299565442848,0,0.239192,TRUE,FALSE,FALSE
MD,2024-05-06T08:30:00Z,4.786974895443039,1.4224499493968379,6.2094248448398766,0,0.188766,FALSE,TRUE,FALSE
MD,2024-05-06T09:30:00Z,4.670058583421054,1.5398788579022877,6.2099374413233415,0,0.210828,FALSE,TRUE,FALSE
MD,2024-05-07T03:30:00Z,8.59657,-1.628681288149453,6.967888711850547,0,0.302584,TRUE,FALSE,FALSE
MD,2024-05-07T07:00:00Z,5.346356999999999,1.3182178222456455,6.664574822245645,0,0.359822,FALSE,TRUE,FALSE
MD,2024-05-07T07:30:00Z,5.285296000000001,1.3850401591416546,6.670336159141655,0,0.270373,FALSE,TRUE,FALSE
MD,2024-05-07T09:00:00Z,5.484625,1.0340959129495628,6.518720912949563,0,0.34406,FALSE,TRUE,FALSE
MD,2024-05-07T09:30:00Z,5.3919690000000005,1.062971528128326,6.4549405281283265,0,0.35589,FALSE,TRUE,FALSE
MD,2024-05-07T10:00:00Z,4.320021809999999,2.0875879915987268,6.407609801598726,0.0152689,0.310851,FALSE,TRUE,FALSE
MD,2024-05-07T10:30:00Z,4.141614,2.307914652342431,6.449528652342431,1.58495,0.305217,FALSE,TRUE,FALSE
MD,2024-05-07T22:00:00Z,22.873839999999998,-14.932856761358796,7.940983238641202,47.0699,0.709706,TRUE,FALSE,FALSE
MD,2024-05-07T23:30:00Z,8.697178,-0.8728098661225934,7.824368133877406,59.5736,0.426019,TRUE,FALSE,FALSE
MD,2024-05-08T00:30:00Z,8.640486000000001,-0.8079659239536978,7.832520076046303,39.9794,0.267404,TRUE,FALSE,FALSE
MD,2024-05-08T01:30:00Z,5.7433567436363635,1.922764662841736,7.6661214064781,0.225614,0.0867906,FALSE,TRUE,FALSE
MD,2024-05-08T02:00:00Z,5.846441844230769,1.8444588408693097,7.690900685100079,0.00169969,0.094831,FALSE,TRUE,FALSE
MD,2024-05-08T04:00:00Z,-18.65426,26.28167961617187,7.627419616171871,0,0.376357,FALSE,TRUE,FALSE
MD,2024-05-08T05:00:00Z,32.493900000000004,-25.247545033793322,7.246354966206683,0,0.484512,TRUE,FALSE,FALSE
MD,2024-05-08T06:00:00Z,8.248000000000001,-1.125812336576832,7.122187663423169,0,0.307273,TRUE,FALSE,FALSE
MD,2024-05-08T08:30:00Z,15.815740000000002,-8.951315778094319,6.864424221905684,0,0.294174,TRUE,FALSE,FALSE
MD,2024-05-08T09:00:00Z,8.61359,-1.7718585458968183,6.841731454103182,0,0.345856,TRUE,FALSE,FALSE
MD,2024-05-08T09:30:00Z,3.06822,3.7226766493321897,6.79089664933219,0,0.343229,FALSE,TRUE,FALSE
MD,2024-05-08T10:30:00Z,11.534189,-4.837161128131893,6.697027871868107,1.71099,0.272351,TRUE,FALSE,FALSE
MD,2024-05-09T01:30:00Z,5.884320691914893,1.7701791036333194,7.654499795548213,0.697538,0.0516948,FALSE,TRUE,FALSE
MD,2024-05-09T04:30:00Z,4.733040000000001,2.3461706476037882,7.079210647603789,0,0.589276,FALSE,TRUE,FALSE
MD,2024-05-09T05:00:00Z,5.6604920000000005,1.352280170747501,7.0127721707475015,0,0.416959,FALSE,TRUE,FALSE
MD,2024-05-09T05:30:00Z,5.791402,1.1206515592557835,6.912053559255783,0,0.370248,FALSE,TRUE,FALSE
MD,2024-05-09T08:30:00Z,7.4569905,-0.7016810101926989,6.755309489807301,0,0.583385,TRUE,FALSE,FALSE
MD,2024-05-09T09:00:00Z,5.4987945,1.2277894051482239,6.726583905148224,0,0.525124,FALSE,TRUE,FALSE
MD,2024-05-09T10:30:00Z,4.3736196000000005,2.2596080655887976,6.633227665588798,1.98846,0.382705,FALSE,TRUE,FALSE
MD,2024-05-10T01:00:00Z,8.396418,-1.514342416073144,6.882075583926857,4.08497,0.301263,TRUE,FALSE,FALSE
MD,2024-05-10T01:30:00Z,7.440131,-0.6684371846843495,6.7716938153156505,0.126666,0.436324,TRUE,FALSE,FALSE
MD,2024-05-10T02:00:00Z,4.6285991,1.9802270094657697,6.608826109465769,0.00111858,0.261494,FALSE,TRUE,FALSE
MD,2024-05-10T08:30:00Z,3.881372475,1.8146336575610258,5.696006132561026,0,0.0232386,FALSE,TRUE,FALSE
MD,2024-05-10T09:00:00Z,3.881372475,1.795238584097497,5.676611059097497,0,0.0217627,FALSE,TRUE,FALSE
MD,2024-05-10T09:30:00Z,6.42252796698718,-0.9250476093103659,5.497480357676814,1.25985e-4,0.0319852,TRUE,FALSE,FALSE
MD,2024-05-10T10:00:00Z,0.314129825,5.257044722689841,5.571174547689841,0.0215972,0.038736,FALSE,TRUE,FALSE
MD,2024-05-10T10:30:00Z,4.14455845,1.4555349013632206,5.6000933513632205,2.0436,0.0707132,FALSE,TRUE,FALSE
MD,2024-05-10T11:00:00Z,9.553334225,-3.967757890845344,5.5855763341546565,23.7151,0.152752,TRUE,FALSE,FALSE
MD,2024-05-10T12:00:00Z,7.3826,-1.5680301071465772,5.814569892853423,193.553,0.130499,TRUE,FALSE,FALSE
MD,2024-05-11T03:30:00Z,9.455944,-2.9949838769432295,6.460960123056771,5.96641e-5,0.322441,TRUE,FALSE,FALSE
MD,2024-05-11T05:00:00Z,4.2364282,2.4247461995211292,6.661174399521129,0,0.457791,FALSE,TRUE,FALSE
MD,2024-05-11T06:30:00Z,-17.854010000000002,23.97020822382853,6.116198223828524,0,0.377276,FALSE,TRUE,FALSE
MD,2024-05-11T08:00:00Z,7.359850000000001,-1.4281931942957877,5.931656805704213,1.60254e-5,0.350139,TRUE,FALSE,FALSE
MD,2024-05-11T08:30:00Z,4.0375,1.8985492604185215,5.936049260418521,0,0.339987,FALSE,TRUE,FALSE
MD,2024-05-11T09:00:00Z,17.3862434,-11.441145141209105,5.945098258790897,0,0.455527,TRUE,FALSE,FALSE
MD,2024-05-11T09:30:00Z,9.09168,-3.1920682756118,5.8996117243882,0,0.680004,TRUE,FALSE,FALSE
MD,2024-05-11T10:00:00Z,2.958782,2.8682931221315076,5.827075122131507,0.00950803,0.657817,FALSE,TRUE,FALSE
MD,2024-05-11T10:30:00Z,4.277591,1.5220701046515028,5.799661104651503,0.405596,0.498819,FALSE,TRUE,FALSE
MD,2024-05-11T11:30:00Z,2.09157,3.649240645584266,5.740810645584266,8.81194,0.493373,FALSE,TRUE,FALSE
MD,2024-05-11T12:00:00Z,18.14071,-12.425174017857966,5.7155359821420335,38.2433,0.599241,TRUE,FALSE,FALSE
MD,2024-05-11T12:30:00Z,11.78351,-6.08723393807245,5.696276061927549,41.8718,0.517878,TRUE,FALSE,FALSE
MD,2024-05-12T04:30:00Z,6.02674655875,-0.5310772990099668,5.495669259740033,0,0.0230674,TRUE,FALSE,FALSE
MD,2024-05-12T05:00:00Z,6.168247883888889,-0.7167570827064393,5.45149080118245,0,0.0405278,TRUE,FALSE,FALSE
MD,2024-05-12T05:30:00Z,6.3705911469230765,-0.95694983927807,5.4136413076450065,0,0.108506,TRUE,FALSE,FALSE
MD,2024-05-12T06:00:00Z,6.413420567777778,-1.0481044299052877,5.36531613787249,0,0.0708216,TRUE,FALSE,FALSE
MD,2024-05-12T07:30:00Z,3.881372475,1.3506315583062038,5.232004033306204,0,0.0773503,FALSE,TRUE,FALSE
MD,2024-05-12T08:00:00Z,6.1755168685185184,-1.0577296388691666,5.117787229649352,0,0.0398093,TRUE,FALSE,FALSE
MD,2024-05-12T08:30:00Z,6.008923039179105,-0.9184869689953814,5.090436070183723,0,0.0460034,TRUE,FALSE,FALSE
MD,2024-05-12T09:00:00Z,6.018095106343284,-1.1749181910900157,4.843176915253268,0,0.084098,TRUE,FALSE,FALSE
MD,2024-05-12T09:30:00Z,6.020229680970149,-1.254246676805752,4.765983004164397,1.16616e-4,0.0430316,TRUE,FALSE,FALSE
MD,2024-05-12T10:00:00Z,5.998182658582089,-1.2801170734625087,4.7180655851195805,0.0370055,0.0154649,TRUE,FALSE,FALSE
MD,2024-05-12T10:30:00Z,5.938504031021898,-1.2620266319089568,4.676477399112941,2.87443,0.0750207,TRUE,FALSE,FALSE
MD,2024-05-12T11:00:00Z,8.95514,-4.23952955695562,4.71561044304438,36.1985,0.0398378,TRUE,FALSE,FALSE
MD,2024-05-12T11:30:00Z,5.760420000000001,-0.8432121535276202,4.9172078464723805,108.61,0.071032,TRUE,FALSE,FALSE
MD,2024-05-13T01:00:00Z,7.874566000000001,-0.6377601810285354,7.236805818971465,9.91747,0.294407,TRUE,FALSE,FALSE
MD,2024-05-13T01:30:00Z,12.829174,-5.69186667522487,7.13730732477513,0.636605,0.310874,TRUE,FALSE,FALSE
MD,2024-05-13T02:00:00Z,9.953992,-2.833776090172333,7.1202159098276665,0.0042539,0.381131,TRUE,FALSE,FALSE
MD,2024-05-13T02:30:00Z,8.7577926,-1.6507794106228877,7.1070131893771125,0,0.41862,TRUE,FALSE,FALSE
MD,2024-05-13T03:00:00Z,5.977018,1.0576387795471183,7.034656779547118,0,0.389095,FALSE,TRUE,FALSE
MD,2024-05-13T03:30:00Z,33.96213,-26.999559749798088,6.962570250201915,0,0.384516,TRUE,FALSE,FALSE
MD,2024-05-13T04:00:00Z,-3.6352900000000004,10.441315040164906,6.806025040164905,0,0.310521,FALSE,TRUE,FALSE
MD,2024-05-13T05:00:00Z,0.981942,5.684009246819435,6.665951246819435,0,0.651024,FALSE,TRUE,FALSE
MD,2024-05-13T06:30:00Z,4.897431259999999,1.493301711275432,6.3907329712754315,0,0.171525,FALSE,TRUE,FALSE
MD,2024-05-13T07:00:00Z,4.817908834090908,1.578859858228694,6.396768692319602,0,0.142108,FALSE,TRUE,FALSE
MD,2024-05-13T07:30:00Z,11.93675,-5.562126598372862,6.374623401627138,0,0.225415,TRUE,FALSE,FALSE
MD,2024-05-13T08:00:00Z,16.719569999999997,-10.425998714945788,6.29357128505421,0,0.280957,TRUE,FALSE,FALSE
MD,2024-05-13T08:30:00Z,8.951100000000002,-2.674336952188172,6.27676304781183,0,0.243428,TRUE,FALSE,FALSE
MD,2024-05-13T09:00:00Z,1.83305,4.459570548767335,6.292620548767335,0,0.314115,FALSE,TRUE,FALSE
MD,2024-05-13T09:30:00Z,8.008216299999999,-1.6312518752581289,6.37696442474187,0,0.310727,TRUE,FALSE,FALSE
MD,2024-05-13T10:30:00Z,4.914183375510204,1.4476570751134448,6.361840450623649,2.95987,0.199367,FALSE,TRUE,FALSE
MD,2024-05-14T01:00:00Z,8.806711660526316,-2.440395209313289,6.366316451213027,6.76771,0.0657579,TRUE,FALSE,FALSE
MD,2024-05-14T01:30:00Z,7.723814091891892,-1.3926854290943567,6.331128662797536,0.439496,0.0599965,TRUE,FALSE,FALSE
MD,2024-05-14T02:00:00Z,7.285247345,-1.011214546972866,6.274032798027134,0.00171522,0.0719897,TRUE,FALSE,FALSE
MD,2024-05-14T02:30:00Z,7.229887795555555,-0.9946450499046069,6.2352427456509485,0,0.117917,TRUE,FALSE,FALSE
MD,2024-05-14T03:00:00Z,5.094597191836734,1.1023637023708073,6.196960894207542,0,0.115707,FALSE,TRUE,FALSE
MD,2024-05-14T04:00:00Z,4.9766232769230765,1.2008835706266714,6.177506847549748,0,0.12227,FALSE,TRUE,FALSE
MD,2024-05-14T05:30:00Z,8.82665,-2.6757751904173173,6.1508748095826835,0,0.347809,TRUE,FALSE,FALSE
MD,2024-05-14T06:00:00Z,1.9564000000000004,4.154631946054575,6.111031946054576,0,0.379391,FALSE,TRUE,FALSE
MD,2024-05-14T07:00:00Z,7.817946,-1.836632293402638,5.981313706597362,0,0.289303,TRUE,FALSE,FALSE
MD,2024-05-14T07:30:00Z,-2.1435500000000003,8.063443232272185,5.919893232272186,0,0.295865,FALSE,TRUE,FALSE
MD,2024-05-14T08:00:00Z,9.83749,-3.9826049741357323,5.854885025864268,0,0.273627,TRUE,FALSE,FALSE
MD,2024-05-14T08:30:00Z,-11.07075,16.878126038414322,5.807376038414323,0,0.309678,FALSE,TRUE,FALSE
MD,2024-05-14T09:30:00Z,4.601649999999999,1.2328953316651923,5.834545331665192,0,0.305907,FALSE,TRUE,FALSE
MD,2024-05-14T10:00:00Z,7.4905574,-1.6299758181819008,5.860581581818099,0.0121488,0.326104,TRUE,FALSE,FALSE
MD,2024-05-14T10:30:00Z,8.611654,-2.764800217774879,5.8468537822251205,0.541212,0.31524,TRUE,FALSE,FALSE
MD,2024-05-15T01:30:00Z,4.480757,1.3265308539639156,5.807287853963915,1.39377,0.292532,FALSE,TRUE,FALSE
MD,2024-05-15T02:30:00Z,4.5539338,1.1539763072413916,5.707910107241392,0,0.392178,FALSE,TRUE,FALSE
MD,2024-05-15T03:30:00Z,6.1084423,-0.5185715833889288,5.589870716611071,0,0.514043,TRUE,FALSE,FALSE
MD,2024-05-15T05:30:00Z,4.344985,1.096407778098584,5.441392778098584,0,0.321916,FALSE,TRUE,FALSE
MD,2024-05-16T01:30:00Z,7.1236950000000006,-0.7057312719122999,6.417963728087701,1.33638,0.355967,TRUE,FALSE,FALSE
MD,2024-05-16T02:00:00Z,6.853677,-0.5499505014297741,6.303726498570226,0.0129244,0.302122,TRUE,FALSE,FALSE
MD,2024-05-16T02:30:00Z,7.53075478627451,-1.3467257464431892,6.184029039831321,1.8269e-4,0.181734,TRUE,FALSE,FALSE
MD,2024-05-16T10:00:00Z,4.098024758333334,1.0904795214057765,5.18850427973911,0.112484,0.126804,FALSE,TRUE,FALSE
MD,2024-05-16T10:30:00Z,4.072970681818182,1.078239981605381,5.151210663423563,4.79694,0.110677,FALSE,TRUE,FALSE
MD,2024-05-17T01:30:00Z,9.422219785714287,-2.522328489541434,6.899891296172853,1.58061,0.188156,TRUE,FALSE,FALSE
MD,2024-05-17T02:00:00Z,8.508597,-1.6568543572231267,6.851742642776873,0.0182528,0.269667,TRUE,FALSE,FALSE
MD,2024-05-17T02:30:00Z,10.4898744,-3.6952320343709397,6.79464236562906,1.42996e-4,0.291983,TRUE,FALSE,FALSE
MD,2024-05-17T03:00:00Z,8.745333077142858,-2.0540696196469588,6.691263457495899,5.57194e-5,0.192918,TRUE,FALSE,FALSE
MD,2024-05-17T03:30:00Z,7.86277097,-1.2506180592682048,6.612152910731795,0,0.153918,TRUE,FALSE,FALSE
MD,2024-05-17T04:00:00Z,7.86277097,-1.24299027470708,6.61978069529292,6.06503e-5,0.138097,TRUE,FALSE,FALSE
MD,2024-05-17T04:30:00Z,7.825834041860466,-1.2401020140087589,6.585732027851707,0,0.0938461,TRUE,FALSE,FALSE
MD,2024-05-17T05:00:00Z,7.616703754,-1.0692912479500576,6.547412506049943,1.01084e-4,0.0834235,TRUE,FALSE,FALSE
MD,2024-05-17T05:30:00Z,7.413027492982456,-0.9199584261474634,6.493069066834993,0,0.119528,TRUE,FALSE,FALSE
MD,2024-05-17T06:00:00Z,7.522791101785715,-1.0360532862162906,6.486737815569424,0,0.21292,TRUE,FALSE,FALSE
MD,2024-05-17T08:30:00Z,7.443693608928571,-0.9071028217354611,6.53659078719311,0,0.130044,TRUE,FALSE,FALSE
MD,2024-05-17T09:00:00Z,7.494701209433963,-0.9406617126967438,6.554039496737219,0,0.121199,TRUE,FALSE,FALSE
MD,2024-05-17T09:30:00Z,7.413027492982456,-0.8717645851003972,6.541262907882059,7.4001e-7,0.11755,TRUE,FALSE,FALSE
MD,2024-05-17T10:00:00Z,7.49202511754386,-0.9663093112872909,6.525715806256569,0.028924,0.104498,TRUE,FALSE,FALSE
MD,2024-05-17T10:30:00Z,7.484585808474576,-0.9405374695177295,6.544048338956847,2.12919,0.184776,TRUE,FALSE,FALSE
MD,2024-05-18T01:30:00Z,9.199351466666666,-2.0132038178657696,7.186147648800897,2.52832,0.0539479,TRUE,FALSE,FALSE
MD,2024-05-18T02:00:00Z,8.898249167647059,-1.869052558656791,7.029196608990268,0.0303845,0.105111,TRUE,FALSE,FALSE
MD,2024-05-18T02:30:00Z,7.451994483333333,-0.6815590495565322,6.770435433776801,5.78889e-4,0.0559644,TRUE,FALSE,FALSE
MD,2024-05-18T04:30:00Z,5.187380164814815,1.1106967140480313,6.2980768788628465,3.0547e-4,0.0916817,FALSE,TRUE,FALSE
MD,2024-05-18T05:00:00Z,4.715996922222222,1.4938766312975096,6.209873553519731,2.14002e-4,0.120601,FALSE,TRUE,FALSE
MD,2024-05-18T05:30:00Z,4.9158514146341465,1.2465467695838912,6.162398184218038,1.13165e-4,0.0518607,FALSE,TRUE,FALSE
MD,2024-05-18T06:00:00Z,4.496985055882353,1.5713598674260272,6.068344923308381,2.52463e-4,0.0521575,FALSE,TRUE,FALSE
MD,2024-05-18T06:30:00Z,4.675051958620689,1.3230948028213847,5.998146761442074,4.61041e-5,0.102657,FALSE,TRUE,FALSE
MD,2024-05-18T08:30:00Z,6.4082501625,-0.7076986197525921,5.700551542747408,0,0.0457979,TRUE,FALSE,FALSE
MD,2024-05-18T09:00:00Z,6.746928757142857,-1.0747108893353472,5.67221786780751,0,0.0531226,TRUE,FALSE,FALSE
MD,2024-05-18T10:00:00Z,4.15011558,1.4475392675307015,5.597654847530701,0.170604,0.0454576,FALSE,TRUE,FALSE
MD,2024-05-18T10:30:00Z,4.447948975,1.1565751970522582,5.604524172052258,5.38454,0.0399026,FALSE,TRUE,FALSE
MD,2024-05-18T12:00:00Z,8.19424,-1.9974323461101315,6.196807653889869,175.164,0.14789,TRUE,FALSE,FALSE
MD,2024-05-19T01:30:00Z,9.346388354230768,-1.210051208187025,8.136337146043743,1.60147,0.0987139,TRUE,FALSE,FALSE
MD,2024-05-19T02:00:00Z,9.234621164,-1.1762893270835235,8.058331836916476,0.0293003,0.0331987,TRUE,FALSE,FALSE
MD,2024-05-19T04:00:00Z,8.37916500952381,-0.513127000677831,7.866038008845979,1.73322e-4,0.0819313,TRUE,FALSE,FALSE
MD,2024-05-19T04:30:00Z,8.41724776,-0.5872572412676487,7.829990518732352,2.67256e-4,0.110248,TRUE,FALSE,FALSE
MD,2024-05-19T05:00:00Z,9.392570526086958,-1.6146345846458345,7.7779359414411235,0,0.117024,TRUE,FALSE,FALSE
MD,2024-05-19T05:30:00Z,10.232683204,-2.4846959102785657,7.747987293721435,4.14197e-5,0.107041,TRUE,FALSE,FALSE
MD,2024-05-19T06:00:00Z,9.794988522222223,-2.07446717701462,7.720521345207603,0,0.149835,TRUE,FALSE,FALSE
MD,2024-05-19T06:30:00Z,10.407359727586208,-2.7125330787860493,7.694826648800158,0,0.184036,TRUE,FALSE,FALSE
MD,2024-05-19T07:00:00Z,10.407359727586208,-2.728432252044989,7.678927475541219,0,0.182994,TRUE,FALSE,FALSE
MD,2024-05-19T07:30:00Z,10.407359727586208,-2.7231796683627616,7.684180059223446,0,0.20943,TRUE,FALSE,FALSE
MD,2024-05-19T08:30:00Z,9.794988522222223,-2.0369947106212933,7.7579938116009295,0,0.18684,TRUE,FALSE,FALSE
MD,2024-05-19T09:30:00Z,6.035863,1.823138991997162,7.859001991997162,1.86389e-4,0.271011,FALSE,TRUE,FALSE
MD,2024-05-19T10:00:00Z,4.954001,2.873355915919829,7.827356915919829,0.170893,0.287128,FALSE,TRUE,FALSE
MD,2024-05-20T01:30:00Z,13.688152067741935,-5.794771461947838,7.893380605794097,1.81693,0.0330999,TRUE,FALSE,FALSE
MD,2024-05-20T02:00:00Z,9.4936688825,-1.8553447879263407,7.638324094573659,0.0237379,0.0459774,TRUE,FALSE,FALSE
MD,2024-05-20T02:30:00Z,8.612086975,-1.124383936772503,7.487703038227497,8.05958e-4,0.070994,TRUE,FALSE,FALSE
MD,2024-05-20T03:30:00Z,5.9218846406250005,1.1024217075876175,7.024306348212618,5.40675e-4,0.0582068,FALSE,TRUE,FALSE
MD,2024-05-20T04:00:00Z,5.659415154,1.1975369365201045,6.856952090520105,5.74451e-4,0.0523914,FALSE,TRUE,FALSE
MD,2024-05-20T04:30:00Z,4.886335886206897,1.7560628666985227,6.64239875290542,5.07391e-4,0.0404458,FALSE,TRUE,FALSE
MD,2024-05-20T05:00:00Z,4.962725066666667,1.501824352227021,6.464549418893688,5.9023e-4,0.0597217,FALSE,TRUE,FALSE
MD,2024-05-20T05:30:00Z,4.97424144375,1.3905340496523904,6.364775493402391,4.6252e-4,0.0820625,FALSE,TRUE,FALSE
MD,2024-05-20T06:00:00Z,4.862193644444445,1.3927489589719286,6.2549426034163735,2.11783e-4,0.0799002,FALSE,TRUE,FALSE
MD,2024-05-20T06:30:00Z,4.881953154545455,1.4360017638677602,6.317954918413215,3.17797e-4,0.0529967,FALSE,TRUE,FALSE
MD,2024-05-20T07:00:00Z,4.4175653125,2.182344961561415,6.599910274061415,1.86389e-4,0.0522538,FALSE,TRUE,FALSE
MD,2024-05-20T07:30:00Z,5.67024680212766,1.1844849682627325,6.8547317703903925,2.09564e-4,0.151928,FALSE,TRUE,FALSE
MD,2024-05-20T08:00:00Z,5.58680701372549,1.3544903013848897,6.94129731511038,0,0.115675,FALSE,TRUE,FALSE
MD,2024-05-20T08:30:00Z,5.461992637931035,1.5533594107451387,7.015352048676173,0,0.112351,FALSE,TRUE,FALSE
MD,2024-05-20T09:00:00Z,6.080062357142857,1.0632330567836936,7.143295413926551,0,0.118769,FALSE,TRUE,FALSE
MD,2024-05-20T09:30:00Z,11.463175999999999,-4.320970314643879,7.14220568535612,1.11192e-4,0.247881,TRUE,FALSE,FALSE
MD,2024-05-20T10:00:00Z,4.33857,2.8443750211995527,7.1829450211995525,0.0962332,0.222207,FALSE,TRUE,FALSE
MD,2024-05-20T10:30:00Z,5.221559699999999,1.9953691612318352,7.2169288612318345,3.49045,0.349937,FALSE,TRUE,FALSE
MD,2024-05-20T15:30:00Z,58.61280000000001,-50.808206088626314,7.804593911373693,23.6221,0.551131,TRUE,FALSE,FALSE
MD,2024-05-20T16:30:00Z,47.529900000000005,-40.37269613569677,7.157203864303237,342.255,0.447498,TRUE,FALSE,FALSE
MD,2024-05-20T22:30:00Z,31.47631,-22.540184529055473,8.93612547094453,79.108,0.363513,TRUE,FALSE,FALSE
MD,2024-05-20T23:00:00Z,70.38130000000001,-62.39614231619075,7.985157683809261,8.42534,0.627106,TRUE,FALSE,FALSE
MD,2024-05-20T23:30:00Z,12.53057,-4.650927447843174,7.8796425521568265,21.822,0.13413,TRUE,FALSE,FALSE
MD,2024-05-21T00:00:00Z,8.9864646,-1.0922365181093996,7.8942280818906,39.8242,0.18166,TRUE,FALSE,FALSE
MD,2024-05-21T01:00:00Z,31.393708,-23.420097932429087,7.973610067570912,5.29091,0.263938,TRUE,FALSE,FALSE
MD,2024-05-21T01:30:00Z,12.21458,-4.255077657066007,7.959502342933993,1.08609,0.339576,TRUE,FALSE,FALSE
MD,2024-05-21T02:00:00Z,10.280162166666667,-2.268859307350928,8.01130285931574,0.00711285,0.191268,TRUE,FALSE,FALSE
MD,2024-05-21T02:30:00Z,10.19146545945946,-2.1913249008093576,8.000140558650102,0,0.111217,TRUE,FALSE,FALSE
MD,2024-05-21T03:00:00Z,-19.74664,27.763865024805455,8.017225024805455,0,0.26273,FALSE,TRUE,FALSE
MD,2024-05-21T03:30:00Z,2.4837999999999987,5.47738244078029,7.961182440780289,0,0.425966,FALSE,TRUE,FALSE
MD,2024-05-21T04:00:00Z,-0.3721800000000002,8.168417256509558,7.796237256509558,4.73366e-5,0.263276,FALSE,TRUE,FALSE
MD,2024-05-21T04:30:00Z,8.629524,-0.9386811560014587,7.690842843998541,0,0.414934,TRUE,FALSE,FALSE
MD,2024-05-21T06:00:00Z,5.890978,1.5635210725045487,7.454499072504548,0,0.310311,FALSE,TRUE,FALSE
MD,2024-05-21T09:00:00Z,5.990993398360656,1.398653119045683,7.389646517406339,0,0.189731,FALSE,TRUE,FALSE
MD,2024-05-22T01:30:00Z,10.809282999999999,-1.4392780398767488,9.37000496012325,1.88613,0.379474,TRUE,FALSE,FALSE
MD,2024-05-22T02:00:00Z,13.418775,-4.137995638351875,9.280779361648126,0.0264859,0.428334,TRUE,FALSE,FALSE
MD,2024-05-22T02:30:00Z,11.156371,-1.9615100338670644,9.194860966132936,2.09564e-5,0.441953,TRUE,FALSE,FALSE
MD,2024-05-22T03:00:00Z,10.055724999999999,-0.86861303238218035,9.187111967617819,0,0.394052,TRUE,FALSE,FALSE
MD,2024-05-22T03:30:00Z,12.600457,-3.384764466742471,9.21569253325753,1.06015e-4,0.475307,TRUE,FALSE,FALSE
MD,2024-05-22T04:00:00Z,10.196492,-0.8267719326570617,9.369720067342937,0,0.612959,TRUE,FALSE,FALSE
MD,2024-05-22T04:30:00Z,11.202532,-1.8254826100687023,9.377049389931297,6.4102e-5,0.616444,TRUE,FALSE,FALSE
MD,2024-05-22T05:00:00Z,11.945359,-2.580325912506977,9.365033087493023,0,0.709491,TRUE,FALSE,FALSE
MD,2024-05-22T05:30:00Z,11.534386,-2.1781676018866793,9.35621839811332,0,0.665058,TRUE,FALSE,FALSE
MD,2024-05-22T06:00:00Z,10.634713999999999,-1.2264618361956199,9.408252163804379,0,0.678312,TRUE,FALSE,FALSE
MD,2024-05-22T06:30:00Z,10.75872871,-1.3373130163506257,9.421415693649374,0,0.670574,TRUE,FALSE,FALSE
MD,2024-05-22T07:00:00Z,10.9678873,-1.5913615656011455,9.376525734398854,0,0.700345,TRUE,FALSE,FALSE
MD,2024-05-22T09:00:00Z,10.853566,-1.513438198375244,9.340127801624757,0,0.804809,TRUE,FALSE,FALSE
MD,2024-05-22T10:00:00Z,9.805077500000001,-0.7029053356172792,9.102172164382722,0.10947,0.844753,TRUE,FALSE,FALSE
MD,2024-05-22T10:30:00Z,6.976261,1.925201589805666,8.901462589805666,4.31898,0.614466,FALSE,TRUE,FALSE
MD,2024-05-23T01:30:00Z,5.47235,2.6763284838737205,8.14867848387372,3.4619,0.246455,FALSE,TRUE,FALSE
MD,2024-05-23T02:00:00Z,6.400686,1.635662176009017,8.036348176009017,0.0728288,0.256896,FALSE,TRUE,FALSE
MD,2024-05-23T03:00:00Z,6.661952,1.1802709575715493,7.84222295757155,2.83281e-4,0.270382,FALSE,TRUE,FALSE
MD,2024-05-23T03:30:00Z,6.488718,1.2821663873496076,7.770884387349608,5.47578e-4,0.263214,FALSE,TRUE,FALSE
MD,2024-05-23T04:00:00Z,6.558517005769231,1.1489478052065563,7.707464810975787,6.68878e-4,0.206508,FALSE,TRUE,FALSE
MD,2024-05-23T04:30:00Z,6.628368067346939,1.046199069517745,7.674567136864684,6.35348e-4,0.205872,FALSE,TRUE,FALSE
MD,2024-05-23T05:00:00Z,6.607363475510204,1.0467998642825025,7.6541633397927065,5.87518e-4,0.167475,FALSE,TRUE,FALSE
MD,2024-05-23T05:30:00Z,6.1057185177777775,1.4853100239443844,7.591028541722162,6.67153e-4,0.134208,FALSE,TRUE,FALSE
MD,2024-05-23T06:00:00Z,5.990475244736842,1.5002490332863925,7.490724278023235,3.04268e-4,0.0354035,FALSE,TRUE,FALSE
MD,2024-05-23T06:30:00Z,6.100957865714285,1.2640717423447585,7.365029608059044,6.89342e-4,0.0575397,FALSE,TRUE,FALSE
MD,2024-05-23T07:00:00Z,5.990475244736842,1.4558120768671072,7.44628732160395,5.50044e-4,0.123373,FALSE,TRUE,FALSE
MD,2024-05-23T07:30:00Z,6.105827758333334,1.29094305041294,7.396770808746274,6.29184e-4,0.137118,FALSE,TRUE,FALSE
MD,2024-05-23T08:00:00Z,6.1881,1.1553456076031647,7.343445607603165,4.76326e-4,0.219441,FALSE,TRUE,FALSE
MD,2024-05-23T08:30:00Z,6.070839754545454,1.2689488190040574,7.339788573549511,2.67502e-4,0.197326,FALSE,TRUE,FALSE
MD,2024-05-23T09:00:00Z,4.969479300000001,2.346513774399347,7.315993074399348,3.74751e-5,0.2229,FALSE,TRUE,FALSE
MD,2024-05-23T09:30:00Z,6.117020955555556,1.1636630222316633,7.280683977787219,0.00180595,0.202221,FALSE,TRUE,FALSE
MD,2024-05-23T10:00:00Z,5.5771523,1.614982040935339,7.192134340935339,0.374775,0.185076,FALSE,TRUE,FALSE
MD,2024-05-23T10:30:00Z,5.475711588888889,1.6833428810374382,7.159054469926327,8.42999,0.140415,FALSE,TRUE,FALSE
MD,2024-05-24T01:30:00Z,18.46343745652174,-9.724062891670552,8.739374564851186,3.83812,0.0252253,TRUE,FALSE,FALSE
MD,2024-05-24T02:00:00Z,10.226642222222223,-1.88683975101719,8.339802471205033,0.0630484,0.0599591,TRUE,FALSE,FALSE
MD,2024-05-24T03:00:00Z,5.990475244736842,1.62531195365779,7.615787198394632,0,0.0435653,FALSE,TRUE,FALSE
MD,2024-05-24T04:00:00Z,6.8884841588235295,1.01116967913467,7.8996538379581995,7.47033e-5,0.0308995,FALSE,TRUE,FALSE
MD,2024-05-24T04:30:00Z,6.117020955555556,1.2590538644502205,7.376074820005776,2.89445e-4,0.0466967,FALSE,TRUE,FALSE
MD,2024-05-24T05:00:00Z,5.545432452941176,1.7190915052121492,7.264523958153325,4.068e-4,0.037092,FALSE,TRUE,FALSE
MD,2024-05-24T05:30:00Z,4.708030927272727,2.4794578931103555,7.1874888203830825,4.82983e-4,0.0322894,FALSE,TRUE,FALSE
MD,2024-05-24T06:00:00Z,4.5498945200000005,2.5151792997987323,7.065073819798733,4.46494e-4,0.0404644,FALSE,TRUE,FALSE
MD,2024-05-24T06:30:00Z,4.5498945200000005,2.519408478223081,7.0693029982230815,4.78052e-4,0.0233146,FALSE,TRUE,FALSE
MD,2024-05-24T07:00:00Z,4.5498945200000005,2.4946952349358336,7.044589754935834,5.10842e-4,0.0456199,FALSE,TRUE,FALSE
MD,2024-05-24T07:30:00Z,5.75144124,1.2219816220916186,6.973422862091619,4.22086e-4,0.0356592,FALSE,TRUE,FALSE
MD,2024-05-24T08:00:00Z,5.444407,1.5039236602709263,6.948330660270926,4.46248e-4,0.0457434,FALSE,TRUE,FALSE
MD,2024-05-24T08:30:00Z,4.349390938095238,2.556164665261914,6.9055556033571515,4.80518e-4,0.0533898,FALSE,TRUE,FALSE
MD,2024-05-24T09:00:00Z,4.1961810687500005,2.6822412271707723,6.878422295920773,3.03498e-4,0.0251051,FALSE,TRUE,FALSE
MD,2024-05-24T09:30:00Z,3.9856930615384614,2.8864537176938954,6.872146779232357,0.00283281,0.0282372,FALSE,TRUE,FALSE
MD,2024-05-24T10:00:00Z,6.0275952825,1.6508838411762712,7.678479123676271,0.332482,0.00641026,FALSE,TRUE,FALSE
MD,2024-05-24T10:30:00Z,5.4077486125,1.5897769466295433,6.997525559129543,9.48628,0.0451185,FALSE,TRUE,FALSE
MD,2024-05-24T11:30:00Z,15.905726000000001,-8.611427360456304,7.294298639543697,150.892,0.154407,TRUE,FALSE,FALSE
MD,2024-05-25T01:00:00Z,7.617509999999999,1.7665859893592462,9.384095989359245,8.02811,0.23975,FALSE,TRUE,FALSE
MD,2024-05-25T01:30:00Z,13.9182196084,-4.620480736494352,9.297738871905647,0.846531,0.138693,TRUE,FALSE,FALSE
MD,2024-05-25T02:30:00Z,10.944025,-1.722947989453841,9.221077010546159,0,0.26512,TRUE,FALSE,FALSE
MD,2024-05-25T03:30:00Z,7.644362682352941,1.4483121433856354,9.092674825738577,0,0.0726734,FALSE,TRUE,FALSE
MD,2024-05-25T04:00:00Z,6.627044054545455,2.3210441508821935,8.948088205427648,0,0.201041,FALSE,TRUE,FALSE
MD,2024-05-25T05:00:00Z,11.23823965,-2.4459692023303923,8.792270447669608,0,0.146662,TRUE,FALSE,FALSE
MD,2024-05-25T05:30:00Z,2.8172546,5.856633871679941,8.673888471679941,0,0.397218,FALSE,TRUE,FALSE
MD,2024-05-25T06:00:00Z,10.905180129166666,-2.348088292836234,8.557091836330432,0,0.117321,TRUE,FALSE,FALSE
MD,2024-05-25T06:30:00Z,11.615124523076924,-3.1344851184027593,8.480639404674164,0,0.0578151,TRUE,FALSE,FALSE
MD,2024-05-25T07:00:00Z,11.504546725925925,-3.0409849303828143,8.46356179554311,0,0.136989,TRUE,FALSE,FALSE
MD,2024-05-25T07:30:00Z,11.540195651851851,-3.155945020870007,8.384250630981844,0,0.135156,TRUE,FALSE,FALSE
MD,2024-05-25T08:00:00Z,11.962584184,-3.6360554308556683,8.326528753144332,0,0.108972,TRUE,FALSE,FALSE
MD,2024-05-25T08:30:00Z,11.962584184,-3.6360855067336306,8.32649867726637,0,0.15207,TRUE,FALSE,FALSE
MD,2024-05-25T09:00:00Z,11.79351083076923,-3.447262755489664,8.346248075279567,0,0.20628,TRUE,FALSE,FALSE
MD,2024-05-25T09:30:00Z,36.3668,-28.089567416292432,8.277232583707566,0,0.367279,TRUE,FALSE,FALSE
MD,2024-05-25T10:00:00Z,12.77928,-4.638903282430267,8.140376717569733,0.0162047,0.390079,TRUE,FALSE,FALSE
MD,2024-05-25T10:30:00Z,6.33977,1.7725747635620426,8.112344763562042,0.475954,0.367534,FALSE,TRUE,FALSE
MD,2024-05-25T11:00:00Z,6.37582,1.708823646109681,8.084643646109681,3.15739,0.551747,FALSE,TRUE,FALSE
MD,2024-05-25T12:00:00Z,15.2357,-7.231802604534511,8.003897395465488,67.4614,0.509995,TRUE,FALSE,FALSE
MD,2024-05-26T01:30:00Z,9.059465302040817,-1.274587646121633,7.784877655919184,3.85628,0.118986,TRUE,FALSE,FALSE
MD,2024-05-26T02:00:00Z,6.540473160869565,1.07733397779017,7.617807138659735,0.0858482,0.132539,FALSE,TRUE,FALSE
MD,2024-05-26T02:30:00Z,6.1004553404761905,1.409204328777415,7.5096596692536055,4.45015e-4,0.128352,FALSE,TRUE,FALSE
MD,2024-05-26T03:00:00Z,5.990475244736842,1.3686833688139286,7.359158613550771,0,0.0346567,FALSE,TRUE,FALSE
MD,2024-05-26T03:30:00Z,6.097269496875,1.0940797337749988,7.191349230649998,0,0.0645122,FALSE,TRUE,FALSE
MD,2024-05-26T04:00:00Z,5.795514890909091,1.2964442138600072,7.091959104769098,0,0.0812242,FALSE,TRUE,FALSE
MD,2024-05-26T04:30:00Z,4.5498945200000005,2.2717169642445088,6.821611484244509,0,0.0358515,FALSE,TRUE,FALSE
MD,2024-05-26T05:00:00Z,5.652495314285714,1.0956365985914438,6.748131912877158,0,0.0615045,FALSE,TRUE,FALSE
MD,2024-05-26T05:30:00Z,4.382682666666667,2.311495066266845,6.694177732933512,1.70115e-5,0.0548164,FALSE,TRUE,FALSE
MD,2024-05-26T06:00:00Z,4.382682666666667,2.300365848467405,6.683048515134072,7.56895e-5,0.0794083,FALSE,TRUE,FALSE
MD,2024-05-26T06:30:00Z,5.459450224999999,1.2390823016145651,6.6985325266145646,1.64693e-4,0.0363209,FALSE,TRUE,FALSE
MD,2024-05-26T07:00:00Z,4.556034755555555,2.07556952793934,6.631604283494895,1.38066e-4,0.0735439,FALSE,TRUE,FALSE
MD,2024-05-26T07:30:00Z,3.742161,2.7959910009749636,6.538152000974963,2.61831e-4,0.0371715,FALSE,TRUE,FALSE
MD,2024-05-26T08:00:00Z,3.742161,2.7989983103239324,6.541159310323932,1.56556e-4,0.162395,FALSE,TRUE,FALSE
MD,2024-05-26T08:30:00Z,3.742161,2.8389434587226723,6.581104458722672,2.49011e-4,0.0591858,FALSE,TRUE,FALSE
MD,2024-05-26T09:00:00Z,3.742161,2.762693142513712,6.504854142513712,1.25738e-4,0.0457264,FALSE,TRUE,FALSE
MD,2024-05-26T09:30:00Z,4.382682666666667,2.293915810585351,6.676598477252018,0.00242428,0.110871,FALSE,TRUE,FALSE
MD,2024-05-26T10:00:00Z,4.708030927272727,2.1438621961740987,6.851893123446826,0.355247,0.0994634,FALSE,TRUE,FALSE
MD,2024-05-26T21:30:00Z,113.89359999999999,-105.17778074180369,8.71581925819631,20.2497,0.439518,TRUE,FALSE,FALSE
MD,2024-05-26T22:00:00Z,11.967096559090908,-4.040538773865481,7.926557785225428,52.9896,0.366366,TRUE,FALSE,FALSE
MD,2024-05-26T23:30:00Z,21.726399999999998,-13.862086017829785,7.864313982170213,121.595,0.426155,TRUE,FALSE,FALSE
MD,2024-05-27T00:00:00Z,12.896780000000001,-4.974050359715897,7.922729640284104,101.475,0.376167,TRUE,FALSE,FALSE
MD,2024-05-27T01:00:00Z,12.527359,-4.600354961081753,7.9270040389182475,7.44554,0.369697,TRUE,FALSE,FALSE
MD,2024-05-27T01:30:00Z,12.627152,-4.72988577878085,7.897266221219151,2.13706,0.392248,TRUE,FALSE,FALSE
MD,2024-05-27T02:00:00Z,3.514991,4.362965846908866,7.877956846908866,0.0645437,0.43652,FALSE,TRUE,FALSE
MD,2024-05-27T02:30:00Z,9.947589999999998,-2.0513357252607456,7.896254274739253,8.94962e-5,0.423396,TRUE,FALSE,FALSE
MD,2024-05-27T03:00:00Z,13.547537,-5.649892821527325,7.897644178472675,0,0.480687,TRUE,FALSE,FALSE
MD,2024-05-27T03:30:00Z,13.792929999999998,-5.931283981360171,7.861646018639827,0,0.528511,TRUE,FALSE,FALSE
MD,2024-05-27T04:00:00Z,9.658619,-1.8119566217394087,7.846662378260591,0,0.545306,TRUE,FALSE,FALSE
MD,2024-05-27T04:30:00Z,6.565672999999999,1.2699842727245922,7.835657272724592,0,0.641402,FALSE,TRUE,FALSE
MD,2024-05-27T05:00:00Z,12.041343000000001,-4.213043490421412,7.8282995095785894,0,0.592275,TRUE,FALSE,FALSE
MD,2024-05-27T05:30:00Z,-2.617325,10.435619942069435,7.818294942069435,0,0.540109,FALSE,TRUE,FALSE
MD,2024-05-27T06:00:00Z,8.401627255980392,-0.5951550984390792,7.806472157541313,0,0.42101,TRUE,FALSE,FALSE
MD,2024-05-27T06:30:00Z,-2.826241,10.633475699740695,7.807234699740694,0,0.370386,FALSE,TRUE,FALSE
MD,2024-05-27T07:00:00Z,21.30852,-13.500197594908279,7.808322405091722,0,0.351062,TRUE,FALSE,FALSE
MD,2024-05-27T07:30:00Z,0.8148300000000006,6.963480612203277,7.778310612203278,0,0.395135,FALSE,TRUE,FALSE
MD,2024-05-27T08:00:00Z,29.6745,-21.917106973566206,7.757393026433791,0,0.354084,TRUE,FALSE,FALSE
MD,2024-05-27T08:30:00Z,-1.5827600000000004,9.11399041583529,7.53123041583529,0,0.439726,FALSE,TRUE,FALSE
MD,2024-05-27T10:00:00Z,6.1602383,1.1434484500510305,7.30368675005103,0.0950964,0.387057,FALSE,TRUE,FALSE
MD,2024-05-27T10:30:00Z,5.8714328,1.3857371332066224,7.257169933206622,1.33915,0.361316,FALSE,TRUE,FALSE
MD,2024-05-27T11:00:00Z,7.9951547,-0.7762103700725058,7.218944329927494,3.51359,0.386389,TRUE,FALSE,FALSE
MD,2024-05-27T12:30:00Z,21.99957,-14.791978557566768,7.207591442433231,109.626,0.439597,TRUE,FALSE,FALSE
MD,2024-05-27T13:30:00Z,10.73217,-3.5790174076000953,7.153152592399905,142.265,0.51851,TRUE,FALSE,FALSE
MD,2024-05-27T14:30:00Z,42.98532,-35.95209416260898,7.033225837391023,63.9699,0.574724,TRUE,FALSE,FALSE
MD,2024-05-27T15:00:00Z,10.124697,-3.103417814636387,7.021279185363612,122.489,0.511784,TRUE,FALSE,FALSE
MD,2024-05-27T16:00:00Z,12.40381,-5.452132755941763,6.951677244058237,142.411,0.590005,TRUE,FALSE,FALSE
MD,2024-05-28T01:00:00Z,5.1742533,2.053399504614057,7.227652804614057,7.43235,0.492292,FALSE,TRUE,FALSE
MD,2024-05-28T01:30:00Z,5.226174,1.9305870595302235,7.156761059530224,2.16161,0.427703,FALSE,TRUE,FALSE
MD,2024-05-28T02:00:00Z,7.713611,-0.5886093044157423,7.125001695584258,0.0645074,0.419526,TRUE,FALSE,FALSE
MD,2024-05-28T02:30:00Z,5.489327,1.6116314292355316,7.100958429235532,4.46494e-4,0.284065,FALSE,TRUE,FALSE
MD,2024-05-28T04:00:00Z,8.551027000000001,-1.6962462941632586,6.854780705836743,0,0.29377,TRUE,FALSE,FALSE
MD,2024-05-28T04:30:00Z,4.20916,2.6318715952426093,6.841031595242609,0,0.277205,FALSE,TRUE,FALSE
MD,2024-05-28T05:00:00Z,5.578269000000001,1.221999631799048,6.800268631799049,0,0.230242,FALSE,TRUE,FALSE
MD,2024-05-28T06:00:00Z,5.524739,1.2484163191947424,6.773155319194743,0,0.271869,FALSE,TRUE,FALSE
MD,2024-05-28T07:00:00Z,5.489947,1.2878805776473214,6.777827577647321,0,0.227419,FALSE,TRUE,FALSE
MD,2024-05-28T08:30:00Z,0.8167799999999996,5.989009270873724,6.805789270873723,0,0.295932,FALSE,TRUE,FALSE
MD,2024-05-28T09:00:00Z,8.025169239404763,-1.227331453227488,6.797837786177275,0,0.175148,TRUE,FALSE,FALSE
MD,2024-05-28T09:30:00Z,7.374360000000001,-0.5875076601419682,6.786852339858033,1.18588e-4,0.348968,TRUE,FALSE,FALSE
MD,2024-05-28T10:00:00Z,-9.659980000000001,16.489426704268766,6.829446704268765,0.0627706,0.389124,FALSE,TRUE,FALSE
MD,2024-05-28T10:30:00Z,5.303671,1.5147866396282774,6.818457639628277,1.18748,0.358071,FALSE,TRUE,FALSE
MD,2024-05-28T12:30:00Z,7.5771560000000004,-0.6492743232463409,6.9278816767536595,139.023,0.253416,TRUE,FALSE,FALSE
MD,2024-05-29T01:00:00Z,8.624003306060606,-1.3671153098772075,7.256887996183399,7.26576,0.126819,TRUE,FALSE,FALSE
MD,2024-05-29T01:30:00Z,8.695100154545454,-1.5383649737866518,7.156735180758802,0.67355,0.0988616,TRUE,FALSE,FALSE
MD,2024-05-29T03:30:00Z,5.598884689285715,1.2975682212840205,6.896452910569735,0,0.0741045,FALSE,TRUE,FALSE
MD,2024-05-29T04:00:00Z,5.598884689285715,1.2694880461324827,6.868372735418197,0,0.0681306,FALSE,TRUE,FALSE
MD,2024-05-29T04:30:00Z,5.598884689285715,1.2995318280198633,6.898416517305578,0,0.0611842,FALSE,TRUE,FALSE
MD,2024-05-29T05:00:00Z,5.598884689285715,1.2986418984848012,6.897526587770516,0,0.081784,FALSE,TRUE,FALSE
MD,2024-05-29T05:30:00Z,5.631766975862069,1.2753452033020114,6.907112179164081,0,0.190817,FALSE,TRUE,FALSE
MD,2024-05-29T06:00:00Z,5.598884689285715,1.2895891905735306,6.888473879859245,0,0.100736,FALSE,TRUE,FALSE
MD,2024-05-29T06:30:00Z,5.598884689285715,1.2624085433196104,6.861293232605325,0,0.181623,FALSE,TRUE,FALSE
MD,2024-05-29T07:00:00Z,8.67588,-1.8319215463984664,6.843958453601533,0,0.241405,TRUE,FALSE,FALSE
MD,2024-05-29T07:30:00Z,5.598884689285715,1.2280692235101798,6.8269539127958945,0,0.210025,FALSE,TRUE,FALSE
MD,2024-05-29T08:00:00Z,5.598884689285715,1.186359904420537,6.785244593706252,0,0.193062,FALSE,TRUE,FALSE
MD,2024-05-29T08:30:00Z,5.547051381481482,1.1888384429291037,6.735889824410585,0,0.146251,FALSE,TRUE,FALSE
MD,2024-05-29T10:00:00Z,8.689752899999998,-2.1324722393148035,6.557280660685195,0.283737,0.21612,TRUE,FALSE,FALSE
MD,2024-05-29T10:30:00Z,5.310544999999999,1.2003502281078475,6.510895228107847,7.65706,0.214398,FALSE,TRUE,FALSE
MD,2024-05-30T04:30:00Z,4.877245516666667,1.387562804775385,6.264808321442052,0,0.186577,FALSE,TRUE,FALSE
MD,2024-05-30T05:00:00Z,4.708030927272727,1.4714475064417183,6.179478433714445,0,0.12909,FALSE,TRUE,FALSE
MD,2024-05-30T07:30:00Z,4.102525,1.5002397063316177,5.602764706331618,0,0.0459909,FALSE,TRUE,FALSE
MD,2024-05-30T08:00:00Z,7.4024370245614035,-2.0072895973734406,5.395147427187963,0,0.0440064,TRUE,FALSE,FALSE
MD,2024-05-30T08:30:00Z,7.424121614285714,-2.085023030299059,5.339098583986655,0,0.040812,TRUE,FALSE,FALSE
MD,2024-05-30T09:00:00Z,7.424121614285714,-1.9798997333719797,5.444221880913735,2.38903e-4,0.0902042,TRUE,FALSE,FALSE
MD,2024-05-30T09:30:00Z,7.468751474545455,-2.0237666392497653,5.444984835295689,0.0060734,0.0665413,TRUE,FALSE,FALSE
MD,2024-05-30T10:00:00Z,9.318285949122808,-3.8885984861467344,5.429687462976074,0.689232,0.058765,TRUE,FALSE,FALSE
MD,2024-05-31T01:30:00Z,10.460501572222222,-3.323441665869548,7.1370599063526745,6.2687,0.171655,TRUE,FALSE,FALSE
MD,2024-05-31T02:00:00Z,9.104150539285714,-2.160440572897665,6.943709966388049,0.168347,0.0798391,TRUE,FALSE,FALSE
MD,2024-05-31T02:30:00Z,5.53561716,1.2303891217312888,6.766006281731289,0.00102957,0.0577796,FALSE,TRUE,FALSE
MD,2024-05-31T05:00:00Z,4.514528988888888,1.718280092114087,6.2328090810029755,0,0.066995,FALSE,TRUE,FALSE
MD,2024-05-31T07:00:00Z,4.613740675,1.0382992831790467,5.652039958179047,0,0.0668812,FALSE,TRUE,FALSE
MD,2024-05-31T07:30:00Z,4.102525,1.4715261779111461,5.574051177911146,0,0.0547226,FALSE,TRUE,FALSE
MD,2024-05-31T08:00:00Z,3.33284,2.1469235258663844,5.479763525866384,0,0.0577792,FALSE,TRUE,FALSE
MD,2024-05-31T08:30:00Z,7.468751474545455,-2.082160092089998,5.386591382455457,0,0.0530306,TRUE,FALSE,FALSE
MD,2024-05-31T09:00:00Z,7.468751474545455,-2.1366513967716534,5.332100077773801,1.26724e-4,0.0718813,TRUE,FALSE,FALSE
MD,2024-05-31T09:30:00Z,7.468751474545455,-2.063200348429935,5.40555112611552,0.00577583,0.102189,TRUE,FALSE,FALSE
MD,2024-05-31T10:00:00Z,4.102525,1.426413698652917,5.528938698652917,0.716047,0.0497196,FALSE,TRUE,FALSE
MD,2024-06-01T01:30:00Z,12.449640084615384,-4.956116807390581,7.493523277224803,4.71266,0.0480711,TRUE,FALSE,FALSE
MD,2024-06-01T02:00:00Z,9.787946352380953,-2.7088350788702824,7.07911127351067,0.13479,0.0687202,TRUE,FALSE,FALSE
MD,2024-06-01T03:00:00Z,5.4548755652173915,1.1985503301687723,6.653425895386164,0,0.0383022,FALSE,TRUE,FALSE
MD,2024-06-01T03:30:00Z,5.4548755652173915,1.1114047690933253,6.566280334310717,0,0.067367,FALSE,TRUE,FALSE
MD,2024-06-01T05:00:00Z,4.736936689999999,1.5041506686099773,6.241087358609977,0,0.024332,FALSE,TRUE,FALSE
MD,2024-06-01T05:30:00Z,4.514528988888888,1.6757294495871236,6.190258438476012,0,0.0594638,FALSE,TRUE,FALSE
MD,2024-06-01T06:00:00Z,4.736936689999999,1.515773235788794,6.2527099257887935,0,0.0508786,FALSE,TRUE,FALSE
MD,2024-06-01T06:30:00Z,8.15700181153846,-1.2487164557468793,6.908285355791581,0,0.056518,TRUE,FALSE,FALSE
MD,2024-06-01T07:00:00Z,9.31382508076923,-2.302657491985042,7.011167588784189,0,0.0993445,TRUE,FALSE,FALSE
MD,2024-06-01T07:30:00Z,9.201809151851851,-2.2721788799651996,6.929630271886651,0,0.063196,TRUE,FALSE,FALSE
MD,2024-06-01T09:30:00Z,5.4548755652173915,1.2341254133847093,6.689000978602101,0.00537544,0.112675,FALSE,TRUE,FALSE
MD,2024-06-01T10:00:00Z,5.4970627499999996,1.1092878114953848,6.606350561495384,0.549399,0.0896903,FALSE,TRUE,FALSE
MD,2024-06-01T10:30:00Z,5.367970257692308,1.234323738136852,6.60229399582916,8.14006,0.108058,FALSE,TRUE,FALSE
MD,2024-06-02T02:30:00Z,7.867512428571429,-0.9423531704652932,6.925159258106135,NA,NA,TRUE,FALSE,FALSE
MD,2024-06-02T03:00:00Z,7.996078692307693,-1.2813435450646251,6.714735147243068,NA,NA,TRUE,FALSE,FALSE
MD,2024-06-02T03:30:00Z,8.101581666666666,-1.5432945668911824,6.558287099775484,NA,NA,TRUE,FALSE,FALSE
MD,2024-06-02T04:00:00Z,8.414906454545454,-1.9765078638932643,6.43839859065219,NA,NA,TRUE,FALSE,FALSE
MD,2024-06-02T04:30:00Z,6.9708659,-0.6251889819156586,6.345676918084341,NA,NA,TRUE,FALSE,FALSE
MD,2024-06-02T07:00:00Z,8.666398399999999,-1.8753206498426138,6.791077750157385,NA,NA,TRUE,FALSE,FALSE
MD,2024-06-02T08:00:00Z,8.31005794,-1.4343449074720045,6.875713032527996,NA,NA,TRUE,FALSE,FALSE
MD,2024-06-02T08:30:00Z,8.2698612,-1.4585463303831636,6.811314869616836,NA,NA,TRUE,FALSE,FALSE
MD,2024-06-02T09:00:00Z,8.853695349999999,-2.1069268075661203,6.746768542433879,NA,NA,TRUE,FALSE,FALSE
MD,2024-06-03T02:30:00Z,7.621872763157895,-0.7017347742040094,6.920137988953885,NA,NA,TRUE,FALSE,FALSE
MD,2024-06-03T03:00:00Z,7.6732063055555555,-0.9633399274663175,6.709866378089238,NA,NA,TRUE,FALSE,FALSE
MD,2024-06-03T03:30:00Z,7.747571811764706,-1.19404011448633,6.553531697278376,NA,NA,TRUE,FALSE,FALSE
MD,2024-06-03T04:00:00Z,7.8613685,-1.427638451420787,6.433730048579213,NA,NA,TRUE,FALSE,FALSE
MD,2024-06-03T07:00:00Z,7.679622536,-0.8934695051898975,6.786153030810103,NA,NA,TRUE,FALSE,FALSE
MD,2024-06-03T08:00:00Z,7.41786474,-0.54713795286695,6.87072678713305,NA,NA,TRUE,FALSE,FALSE
MD,2024-06-03T08:30:00Z,7.433429126666666,-0.627053875729322,6.806375250937344,NA,NA,TRUE,FALSE,FALSE
MD,2024-06-03T09:00:00Z,7.932695029411764,-1.1908193700814733,6.741875659330291,NA,NA,TRUE,FALSE,FALSE
MD,2024-06-04T08:30:00Z,6.8339384899999995,-0.670367538282644,6.163570951717356,NA,NA,TRUE,FALSE,FALSE
MD,2024-06-04T09:00:00Z,7.195696266666666,-1.0565890853194837,6.139107181347183,NA,NA,TRUE,FALSE,FALSE
MD,2024-06-05T06:00:00Z,7.0349491933333335,-0.6485816625564782,6.386367530776855,NA,NA,TRUE,FALSE,FALSE
MD,2024-06-05T08:30:00Z,7.518530612499999,-1.2698079323984581,6.248722680101541,NA,NA,TRUE,FALSE,FALSE
MD,2024-06-05T09:00:00Z,9.41327862,-3.191393912674643,6.221884707325357,NA,NA,TRUE,FALSE,FALSE
MD,2024-06-05T09:30:00Z,7.1285887,-0.8958962255190759,6.232692474480924,NA,NA,TRUE,FALSE,FALSE
MD,2024-06-06T05:30:00Z,7.154759853333333,-0.5233852128409682,6.631374640492365,NA,NA,TRUE,FALSE,FALSE
MD,2024-06-06T06:00:00Z,8.084357561666666,-1.4855478027267663,6.5988097589398995,NA,NA,TRUE,FALSE,FALSE
MD,2024-06-07T05:30:00Z,7.154759853333333,-0.8389595566755004,6.315800296657833,NA,NA,TRUE,FALSE,FALSE
MD,2024-06-07T06:00:00Z,8.084357561666666,-1.7899430440319613,6.294414517634705,NA,NA,TRUE,FALSE,FALSE
MD,2024-06-07T08:30:00Z,10.448473333333332,-4.097010621360788,6.351462711972545,NA,NA,TRUE,FALSE,FALSE
MD,2024-06-07T09:00:00Z,16.838656999999998,-10.472850196197165,6.365806803802833,NA,NA,TRUE,FALSE,FALSE
MD,2024-06-07T09:30:00Z,11.799166999999999,-5.42078410415098,6.378382895849019,NA,NA,TRUE,FALSE,FALSE
MD,2024-06-07T10:00:00Z,9.248763,-2.8444286362146,6.4043343637854,NA,NA,TRUE,FALSE,FALSE
MD,2024-06-07T11:00:00Z,8.4300784,-1.9670474714898223,6.463030928510177,NA,NA,TRUE,FALSE,FALSE
MD,2024-06-08T08:30:00Z,10.448473333333332,-4.101633514458876,6.346839818874456,NA,NA,TRUE,FALSE,FALSE
MD,2024-06-08T09:00:00Z,16.838656999999998,-10.477483599858019,6.361173400141978,NA,NA,TRUE,FALSE,FALSE
MD,2024-06-08T09:30:00Z,11.799166999999999,-5.425426731820992,6.373740268179007,NA,NA,TRUE,FALSE,FALSE
MD,2024-06-08T10:00:00Z,9.248763,-2.8490902238436524,6.399672776156348,NA,NA,TRUE,FALSE,FALSE
MD,2024-06-08T11:00:00Z,8.4300784,-1.9717519258594018,6.4583264741405975,NA,NA,TRUE,FALSE,FALSE
MD,2024-06-09T07:30:00Z,-9.199670000000001,15.546387741141762,6.346717741141761,0,0.245167,FALSE,TRUE,FALSE
MD,2024-06-09T08:00:00Z,20.067909999999998,-13.700720933392716,6.367189066607281,0,0.3075,TRUE,FALSE,FALSE
MD,2024-06-09T09:30:00Z,20.477179999999997,-14.09531061903616,6.3818693809638365,0.00514467,0.26371,TRUE,FALSE,FALSE
MD,2024-06-09T10:00:00Z,9.970881,-3.5526962082523807,6.41818479174762,0.568573,0.323844,TRUE,FALSE,FALSE
MD,2024-06-09T10:30:00Z,4.94944,1.4803961013080738,6.429836101308074,7.19056,0.316049,FALSE,TRUE,FALSE
MD,2024-06-09T12:00:00Z,30.592200000000002,-24.061092880317588,6.5311071196824155,165.723,0.290984,TRUE,FALSE,FALSE
MD,2024-06-10T02:30:00Z,7.4798488,-0.7166546544416885,6.7631941455583116,0.0061168,0.499479,TRUE,FALSE,FALSE
MD,2024-06-10T03:30:00Z,8.028343,-1.5244451127313239,6.503897887268676,0,0.633643,TRUE,FALSE,FALSE
MD,2024-06-10T05:30:00Z,4.5038934,1.6854610703277375,6.1893544703277374,0,0.597853,FALSE,TRUE,FALSE
MD,2024-06-11T02:00:00Z,7.425918,-0.5802687987036039,6.845649201296396,NA,0.365896,TRUE,FALSE,FALSE
MD,2024-06-11T06:30:00Z,6.889471191428571,-0.502207013620124,6.387264177808447,NA,0.0469776,TRUE,FALSE,FALSE
MD,2024-06-11T07:00:00Z,6.871377173333333,-0.51561207821298,6.355765095120353,NA,0.0657498,TRUE,FALSE,FALSE
MD,2024-06-11T08:00:00Z,6.8108834499999995,-0.5127864111737788,6.298097038826221,NA,0.0658947,TRUE,FALSE,FALSE
MD,2024-06-12T05:30:00Z,8.126298,-1.6340234565955702,6.49227454340443,0,0.220817,TRUE,FALSE,FALSE
MD,2024-06-12T07:00:00Z,12.697909,-6.249448131181531,6.448460868818469,0,0.223209,TRUE,FALSE,FALSE
MD,2024-06-12T10:30:00Z,7.313268,-0.984111645850092,6.329156354149908,11.5618,0.268014,TRUE,FALSE,FALSE
MD,2024-06-13T04:30:00Z,7.70051,-0.8608579838265378,6.839652016173463,0,0.216898,TRUE,FALSE,FALSE
MD,2024-06-13T05:30:00Z,13.518085,-6.662449216401917,6.855635783598082,0,0.259342,TRUE,FALSE,FALSE
MD,2024-06-13T06:30:00Z,8.084413,-1.243701132661129,6.840711867338871,0,0.411638,TRUE,FALSE,FALSE
MD,2024-06-13T07:00:00Z,13.84292,-7.061287721465253,6.7816322785347465,0,0.508781,TRUE,FALSE,FALSE
MD,2024-06-13T08:00:00Z,-27.95163,34.66482894779009,6.713198947790092,0,0.260781,FALSE,TRUE,FALSE
MD,2024-06-13T08:30:00Z,-5.996429999999999,12.688300967106677,6.691870967106677,0,0.237606,FALSE,TRUE,FALSE
MD,2024-06-13T09:00:00Z,8.19258,-1.578088804350708,6.6144911956492916,0,0.322723,TRUE,FALSE,FALSE
MD,2024-06-13T09:30:00Z,7.640812,-1.0238293434565042,6.616982656543496,0.00527362,0.326,TRUE,FALSE,FALSE
MD,2024-06-13T10:00:00Z,9.730347,-3.1369269303909517,6.593420069609048,0.609101,0.383771,TRUE,FALSE,FALSE
MD,2024-06-13T10:30:00Z,7.977695,-1.4184808282162038,6.559214171783796,7.74426,0.410919,TRUE,FALSE,FALSE
MD,2024-06-13T13:30:00Z,10.519659999999998,-4.181071524135953,6.338588475864046,118.02,0.297651,TRUE,FALSE,FALSE
MD,2024-06-14T05:00:00Z,6.6189178770967745,-0.6419196653991408,5.976998211697634,0,0.101624,TRUE,FALSE,FALSE
MD,2024-06-14T05:30:00Z,6.491973315,-0.6545931537343304,5.83738016126567,0,0.0802392,TRUE,FALSE,FALSE
MD,2024-06-14T06:00:00Z,6.5023844596,-0.8313734986768502,5.67101096092315,0,0.0781116,TRUE,FALSE,FALSE
MD,2024-06-14T06:30:00Z,6.4881995904545455,-0.9153403804770806,5.572859209977465,0,0.0220274,TRUE,FALSE,FALSE
MD,2024-06-14T07:00:00Z,6.398055830652174,-0.954867029803613,5.443188800848561,0,0.0728752,TRUE,FALSE,FALSE
MD,2024-06-14T07:30:00Z,6.529700608260869,-0.9363681982628256,5.593332409998044,0,0.169298,TRUE,FALSE,FALSE
MD,2024-06-14T08:00:00Z,6.430602507037037,-0.7556559493053392,5.6749465577316975,0,0.199396,TRUE,FALSE,FALSE
MD,2024-06-14T08:30:00Z,6.529700608260869,-0.9451223521621666,5.584578256098703,0,0.108957,TRUE,FALSE,FALSE
MD,2024-06-14T09:00:00Z,6.101895015,-0.6183605395637182,5.483534475436282,0,0.0694016,TRUE,FALSE,FALSE
MD,2024-06-14T09:30:00Z,6.316106972222222,-0.9008958505643339,5.415211121657888,0.0155807,0.0363149,TRUE,FALSE,FALSE
MD,2024-06-14T10:00:00Z,6.358108558823529,-1.0035619536768836,5.354546605146646,1.27111,0.0761678,TRUE,FALSE,FALSE
MD,2024-06-15T02:00:00Z,6.568210187575757,-0.5697016634590142,5.998508524116743,1.14778,0.198463,TRUE,FALSE,FALSE
MD,2024-06-15T02:30:00Z,8.118400999999999,-2.0924942619473663,6.025906738052632,0.00891115,0.256423,TRUE,FALSE,FALSE
MD,2024-06-15T03:00:00Z,8.3238392,-2.3758270356116187,5.948012164388381,4.33921e-5,0.342979,TRUE,FALSE,FALSE
MD,2024-06-15T04:00:00Z,6.4433551032142855,-0.6248856603397108,5.818469442874575,0,0.151316,TRUE,FALSE,FALSE
MD,2024-06-15T04:30:00Z,6.430602507037037,-0.6695919455183326,5.761010561518704,0,0.137897,TRUE,FALSE,FALSE
MD,2024-06-15T05:00:00Z,6.5023844596,-0.7971206207710821,5.705263838828918,0,0.179401,TRUE,FALSE,FALSE
MD,2024-06-15T06:00:00Z,7.476781,-1.9533819434549677,5.523399056545032,0,0.267765,TRUE,FALSE,FALSE
MD,2024-06-15T06:30:00Z,4.3568050000000005,1.1664639364521818,5.523268936452182,0,0.307175,FALSE,TRUE,FALSE
MD,2024-06-15T07:30:00Z,6.362094,-0.8928969667668172,5.469197033233183,0,0.233615,TRUE,FALSE,FALSE
MD,2024-06-16T01:30:00Z,5.280106,1.192131153280176,6.472237153280176,3.73366,0.320275,FALSE,TRUE,FALSE
MD,2024-06-16T02:30:00Z,6.94183,-0.52745719336394,6.41437280663606,0.00444004,0.402248,TRUE,FALSE,FALSE
MD,2024-06-16T03:00:00Z,7.052683,-0.6574249962839742,6.395258003716026,0,0.337949,TRUE,FALSE,FALSE
MD,2024-06-16T05:00:00Z,7.0662672,-0.8612862578231386,6.204980942176862,0,0.409702,TRUE,FALSE,FALSE
MD,2024-06-17T01:30:00Z,9.414505,-2.205195575818954,7.209309424181046,8.90444,0.325579,TRUE,FALSE,FALSE
MD,2024-06-17T03:30:00Z,7.693455,-0.7881478696986903,6.90530713030131,0,0.438105,TRUE,FALSE,FALSE
MD,2024-06-17T05:30:00Z,8.028069,-1.383000174270185,6.645068825729815,0,0.389357,TRUE,FALSE,FALSE
MD,2024-06-17T07:00:00Z,7.5778997,-0.969759974340759,6.608139725659241,0,0.378362,TRUE,FALSE,FALSE
MD,2024-06-17T07:30:00Z,7.5653514,-0.9929886273396091,6.572362772660391,0,0.354336,TRUE,FALSE,FALSE
MD,2024-06-17T08:00:00Z,5.54973,1.0128005534183009,6.562530553418301,0,0.365746,FALSE,TRUE,FALSE
MD,2024-06-17T09:00:00Z,7.7055795,-1.1579053195328957,6.547674180467104,0,0.386187,TRUE,FALSE,FALSE
MD,2024-06-17T09:30:00Z,7.487582,-0.9348144021632132,6.5527675978367865,0.00824671,0.3835,TRUE,FALSE,FALSE
MD,2024-06-17T10:00:00Z,4.5476220000000005,2.008338565732119,6.55596056573212,0.939565,0.33223,FALSE,TRUE,FALSE
MD,2024-06-18T03:30:00Z,10.861782,-3.548342952916583,7.313439047083417,0,0.214341,TRUE,FALSE,FALSE
MD,2024-06-18T05:30:00Z,15.039480000000001,-7.68663663492292,7.3528433650770815,0,0.43272,TRUE,FALSE,FALSE
MD,2024-06-18T06:00:00Z,4.14625,2.9475837902052513,7.0938337902052515,0,0.62081,FALSE,TRUE,FALSE
MD,2024-06-18T06:30:00Z,5.666288,1.4868452122873448,7.1531332122873446,0,0.392159,FALSE,TRUE,FALSE
MD,2024-06-18T07:00:00Z,7.75562,-0.5007802060970779,7.2548397939029226,0,0.396998,TRUE,FALSE,FALSE
MD,2024-06-18T07:30:00Z,8.27283,-1.0275373813538762,7.245292618646125,0,0.318237,TRUE,FALSE,FALSE
MD,2024-06-18T08:30:00Z,5.773871000000001,1.4957485183739827,7.269619518373983,0,0.280054,FALSE,TRUE,FALSE
MD,2024-06-18T09:30:00Z,9.756537999999999,-2.5433447122584756,7.2131932877415235,0.00421914,0.34592,TRUE,FALSE,FALSE
MD,2024-06-18T10:00:00Z,7.915033,-0.7014302773813341,7.213602722618666,0.584259,0.33207,TRUE,FALSE,FALSE
MD,2024-06-19T03:30:00Z,8.71501,-0.7140813740670335,8.000928625932966,0,0.479497,TRUE,FALSE,FALSE
MD,2024-06-19T04:00:00Z,6.878222,1.1317505546450137,8.009972554645014,0,0.522405,FALSE,TRUE,FALSE
MD,2024-06-19T04:30:00Z,6.8082876,1.1816250338801941,7.989912633880194,0,0.536608,FALSE,TRUE,FALSE
MD,2024-06-19T05:30:00Z,6.859414,1.0636883419671381,7.923102341967138,0,0.43123,FALSE,TRUE,FALSE
MD,2024-06-19T06:30:00Z,4.9042085,2.9335532226539183,7.8377617226539185,0,0.27109,FALSE,TRUE,FALSE
MD,2024-06-19T07:00:00Z,6.275380999999999,1.5624350674576801,7.83781606745768,0,0.430754,FALSE,TRUE,FALSE
MD,2024-06-19T07:30:00Z,6.476707,1.3870877873819536,7.863794787381954,0,0.497256,FALSE,TRUE,FALSE
MD,2024-06-19T08:00:00Z,6.5520099,1.3667631948993675,7.918773094899367,0,0.486603,FALSE,TRUE,FALSE
MD,2024-06-19T08:30:00Z,6.289487,1.6446739840261984,7.934160984026199,0,0.548233,FALSE,TRUE,FALSE
MD,2024-06-19T10:00:00Z,5.991726,1.999839848304524,7.991565848304524,0.652955,0.431582,FALSE,TRUE,FALSE
MD,2024-06-19T10:30:00Z,6.102447,1.8884780837430633,7.990925083743063,6.60603,0.459511,FALSE,TRUE,FALSE
MD,2024-06-20T01:30:00Z,6.68548847027027,1.75718136444398,8.44266983471425,7.25867,0.0438001,FALSE,TRUE,FALSE
MD,2024-06-20T03:00:00Z,3.59392,4.807548984452084,8.401468984452084,0,0.266374,FALSE,TRUE,FALSE
MD,2024-06-20T03:30:00Z,-8.030289,16.324110026812832,8.293821026812832,0,0.629708,FALSE,TRUE,FALSE
MD,2024-06-20T04:00:00Z,11.74739,-3.755784003564857,7.991605996435142,0,0.342395,TRUE,FALSE,FALSE
MD,2024-06-20T08:00:00Z,8.616422529166666,-0.7962745603003665,7.8201479688663,0,0.0271366,TRUE,FALSE,FALSE
MD,2024-06-20T09:00:00Z,9.38524115138889,-1.5799274188638135,7.805313732525076,0,0.108959,TRUE,FALSE,FALSE
MD,2024-06-20T10:00:00Z,9.389663089705882,-1.511477003620655,7.878186086085227,0.716863,0.136824,TRUE,FALSE,FALSE
MD,2024-06-20T10:30:00Z,9.274201030434783,-1.4004009179019121,7.873800112532871,9.61871,0.132834,TRUE,FALSE,FALSE
MD,2024-06-21T01:30:00Z,4.098793000000001,4.515926565677427,8.614719565677428,9.52821,0.214529,FALSE,TRUE,FALSE
MD,2024-06-21T02:00:00Z,11.60732,-3.1145970867289705,8.49272291327103,0.903809,0.247252,TRUE,FALSE,FALSE
MD,2024-06-21T03:30:00Z,6.096078,2.23220180675221,8.32827980675221,0,0.236945,FALSE,TRUE,FALSE
MD,2024-06-21T04:30:00Z,9.66984898548387,-1.4286004998991366,8.241248485584734,0,0.186401,TRUE,FALSE,FALSE
MD,2024-06-21T05:00:00Z,5.065099,3.140703704664782,8.205802704664782,0,0.282618,FALSE,TRUE,FALSE
MD,2024-06-21T05:30:00Z,4.511799,3.6388420604036433,8.150641060403643,0,0.244966,FALSE,TRUE,FALSE
MD,2024-06-21T06:00:00Z,6.444507000000001,1.6609381639082672,8.105445163908268,0,0.250764,FALSE,TRUE,FALSE
MD,2024-06-22T01:30:00Z,6.920938986666666,2.2450794671467715,9.166018453813438,9.71968,0.0712127,FALSE,TRUE,FALSE
MD,2024-06-22T02:00:00Z,7.8552541583333335,1.1113475845948217,8.966601742928155,0.641909,0.0463248,FALSE,TRUE,FALSE
MD,2024-06-22T03:30:00Z,9.619739034328358,-0.9478224676202611,8.671916566708097,0,0.0707155,TRUE,FALSE,FALSE
MD,2024-06-22T04:00:00Z,9.632350966666667,-1.0306446069553559,8.601706359711311,0,0.0857167,TRUE,FALSE,FALSE
MD,2024-06-22T04:30:00Z,9.532040695588234,-0.8617284148124611,8.670312280775773,0,0.0291748,TRUE,FALSE,FALSE
MD,2024-06-22T05:00:00Z,9.50257285,-0.888420019497369,8.614152830502631,0,0.0708107,TRUE,FALSE,FALSE
MD,2024-06-22T08:00:00Z,9.470564636764706,-0.7654092364110454,8.70515540035366,0,0.14246,TRUE,FALSE,FALSE
MD,2024-06-22T08:30:00Z,9.405212187323944,-0.6541879066761656,8.751024280647778,0,0.145582,TRUE,FALSE,FALSE
MD,2024-06-22T09:00:00Z,9.616527395652174,-0.8253930917821464,8.791134303870027,0,0.14933,TRUE,FALSE,FALSE
MD,2024-06-22T09:30:00Z,9.869160004225352,-1.0732997742864079,8.795860229938944,0.00275934,0.189378,TRUE,FALSE,FALSE
MD,2024-06-22T10:30:00Z,5.29254,3.648695175915722,8.941235175915722,5.32969,0.304548,FALSE,TRUE,FALSE
MD,2024-06-22T11:30:00Z,12.35312,-3.4894577237426674,8.863662276257333,16.43,0.236291,TRUE,FALSE,FALSE
MD,2024-06-22T12:00:00Z,9.892190000000001,-1.0879489665190718,8.80424103348093,29.9638,0.30014,TRUE,FALSE,FALSE
MD,2024-06-22T12:30:00Z,12.07383,-3.3008855593668187,8.77294444063318,74.9601,0.274953,TRUE,FALSE,FALSE
MD,2024-06-22T14:00:00Z,45.32966,-36.325119067882916,9.004540932117083,133.006,0.340589,TRUE,FALSE,FALSE
MD,2024-06-22T14:30:00Z,13.33765,-4.299700368762062,9.037949631237938,166.744,0.281983,TRUE,FALSE,FALSE
MD,2024-06-22T21:30:00Z,12.619969999999999,-3.4447147109740435,9.175255289025955,59.1564,0.203274,TRUE,FALSE,FALSE
MD,2024-06-22T22:00:00Z,13.344669,-4.163290351820036,9.181378648179964,53.6371,0.222606,TRUE,FALSE,FALSE
MD,2024-06-23T00:30:00Z,7.659637857627119,1.6283443910548057,9.287982248681924,9.81695,0.134305,FALSE,TRUE,FALSE
MD,2024-06-23T01:00:00Z,26.035418,-16.826717956489034,9.208700043510966,1.20616,0.267512,TRUE,FALSE,FALSE
MD,2024-06-23T01:30:00Z,8.070600305448718,1.0600574885082512,9.130657793956969,0.372592,0.205635,FALSE,TRUE,FALSE
MD,2024-06-23T02:00:00Z,13.59766,-4.503991217458482,9.093668782541517,0.0725611,0.217649,TRUE,FALSE,FALSE
MD,2024-06-23T02:30:00Z,21.127779999999998,-12.033322408836877,9.09445759116312,0,0.253673,TRUE,FALSE,FALSE
MD,2024-06-23T03:00:00Z,3.60693,5.508615757764458,9.115545757764458,0,0.270644,FALSE,TRUE,FALSE
MD,2024-06-23T03:30:00Z,46.36547,-37.21825980673138,9.147210193268617,0,0.351239,TRUE,FALSE,FALSE
MD,2024-06-23T04:30:00Z,-19.8711,28.885399586646983,9.014299586646985,0,0.216844,FALSE,TRUE,FALSE
MD,2024-06-23T05:00:00Z,9.720793857746479,-0.6897169041982618,9.031076953548217,0,0.0463543,TRUE,FALSE,FALSE
MD,2024-06-23T05:30:00Z,6.256870000000001,2.807034933962205,9.063904933962206,0,0.508535,FALSE,TRUE,FALSE
MD,2024-06-23T06:00:00Z,10.13193,-1.1186971193273934,9.013232880672607,0,0.569093,TRUE,FALSE,FALSE
MD,2024-06-23T06:30:00Z,17.14183,-8.161925603637142,8.979904396362857,0,0.607088,TRUE,FALSE,FALSE
MD,2024-06-23T07:00:00Z,10.9729,-2.010130694083891,8.962769305916108,0,0.601083,TRUE,FALSE,FALSE
MD,2024-06-23T07:30:00Z,12.267430000000001,-3.2462020055646974,9.021227994435304,0,0.642213,TRUE,FALSE,FALSE
MD,2024-06-23T08:00:00Z,6.308810000000001,2.7233211301423346,9.032131130142336,0,0.640298,FALSE,TRUE,FALSE
MD,2024-06-23T09:00:00Z,-11.3038,20.260465877259975,8.956665877259976,0,0.595561,FALSE,TRUE,FALSE
MD,2024-06-23T10:00:00Z,18.681524999999997,-9.847268343563396,8.834256656436601,0.160137,0.565618,TRUE,FALSE,FALSE
MD,2024-06-23T10:30:00Z,14.695820000000001,-6.023002081625325,8.672817918374676,2.49169,0.501383,TRUE,FALSE,FALSE
MD,2024-06-24T02:00:00Z,10.197945593023256,-1.1159859018408973,9.081959691182359,1.20664,0.207804,TRUE,FALSE,FALSE
MD,2024-06-24T02:30:00Z,11.167477778378379,-2.162552924167274,9.004924854211104,0.0174387,0.160503,TRUE,FALSE,FALSE
MD,2024-06-24T03:00:00Z,11.508352642941176,-2.5814390525477844,8.926913590393392,0,0.106008,TRUE,FALSE,FALSE
MD,2024-06-24T04:30:00Z,26.820700000000002,-18.148595003427076,8.672104996572928,0.00770234,0.387474,TRUE,FALSE,FALSE
MD,2024-06-24T05:00:00Z,16.44099,-8.046640592540962,8.394349407459037,0,0.328181,TRUE,FALSE,FALSE
MD,2024-06-25T03:00:00Z,10.639794764814814,-0.8147905341306263,9.825004230684188,0,0.0757318,TRUE,FALSE,FALSE
MD,2024-06-25T03:30:00Z,10.702925246296296,-0.8969054359532951,9.806019810343,0,0.104488,TRUE,FALSE,FALSE
MD,2024-06-25T04:00:00Z,10.702925246296296,-0.9112270982631756,9.79169814803312,0,0.137584,TRUE,FALSE,FALSE
MD,2024-06-25T04:30:00Z,10.705144873584906,-0.923072632865459,9.782072240719447,0,0.207626,TRUE,FALSE,FALSE
MD,2024-06-25T05:00:00Z,8.46756,1.3970191433527965,9.864579143352797,0,0.219861,FALSE,TRUE,FALSE
MD,2024-06-25T05:30:00Z,5.566644,4.2173656453379955,9.784009645337996,0,0.265725,FALSE,TRUE,FALSE
MD,2024-06-25T06:00:00Z,10.515059,-0.7677221707274757,9.747336829272525,0,0.324084,TRUE,FALSE,FALSE
MD,2024-06-25T06:30:00Z,6.529282,3.2497702944353364,9.779052294435337,0,0.345762,FALSE,TRUE,FALSE
MD,2024-06-25T07:00:00Z,12.732708,-2.953680940311644,9.779027059688357,0,0.268127,TRUE,FALSE,FALSE
MD,2024-06-25T08:00:00Z,5.791041,4.1975635929143245,9.988604592914324,0,0.399785,FALSE,TRUE,FALSE
MD,2024-06-25T09:00:00Z,13.62044,-3.5485534529153977,10.071886547084603,0,0.58028,TRUE,FALSE,FALSE
MD,2024-06-25T09:30:00Z,5.181243,4.930903088868233,10.112146088868233,6.49155e-4,0.741288,FALSE,TRUE,FALSE
MD,2024-06-25T10:00:00Z,7.31451,2.846626413883783,10.161136413883783,0.0181652,0.78956,FALSE,TRUE,FALSE
MD,2024-06-25T10:30:00Z,39.87094,-30.098061988360268,9.77287801163973,0.019667,0.694128,TRUE,FALSE,FALSE
MD,2024-06-25T11:00:00Z,21.188482,-11.547349631768345,9.641132368231656,0.108048,0.403125,TRUE,FALSE,FALSE
MD,2024-06-25T11:30:00Z,-34.06211,43.70303295900387,9.640922959003873,0.466705,0.591852,FALSE,TRUE,FALSE
MD,2024-06-25T12:00:00Z,40.78502,-31.013906083248198,9.771113916751805,0.859815,0.286583,TRUE,FALSE,FALSE
MD,2024-06-25T12:30:00Z,37.372214,-27.703980824740874,9.668233175259125,2.17328,0.466156,TRUE,FALSE,FALSE
MD,2024-06-25T13:00:00Z,39.38657,-29.712893392144295,9.673676607855704,3.58225,0.534996,TRUE,FALSE,FALSE
MD,2024-06-25T13:30:00Z,14.4221,-4.804422923092503,9.617677076907498,19.6794,0.471576,TRUE,FALSE,FALSE
MD,2024-06-26T01:30:00Z,11.081499999999998,-0.5911090039247853,10.490390996075213,15.0499,0.191735,TRUE,FALSE,FALSE
MD,2024-06-26T02:00:00Z,8.368458869347826,1.9689325130531348,10.337391382400961,2.22557,0.122181,FALSE,TRUE,FALSE
MD,2024-06-26T02:30:00Z,8.374086095434782,1.8569378223527053,10.231023917787487,0.0254154,0.182052,FALSE,TRUE,FALSE
MD,2024-06-26T03:00:00Z,8.37339867442029,1.7787664558676006,10.15216513028789,0,0.11679,FALSE,TRUE,FALSE
MD,2024-06-26T03:30:00Z,8.386616130942029,1.7139128226609284,10.100528953602957,0,0.167252,FALSE,TRUE,FALSE
MD,2024-06-26T04:00:00Z,8.36600353673913,1.6677282545389414,10.033731791278072,0,0.142125,FALSE,TRUE,FALSE
MD,2024-06-26T04:30:00Z,8.376863255985402,1.6015347921721617,9.978398048157564,0,0.200459,FALSE,TRUE,FALSE
MD,2024-06-26T05:00:00Z,8.446971792481753,1.4700255228499337,9.916997315331686,0,0.143411,FALSE,TRUE,FALSE
MD,2024-06-26T05:30:00Z,8.456005745766424,1.3804396077218186,9.836445353488243,0,0.127568,FALSE,TRUE,FALSE
MD,2024-06-26T06:00:00Z,8.467745390955882,1.2926210085905527,9.760366399546434,0,0.0976479,FALSE,TRUE,FALSE
MD,2024-06-26T06:30:00Z,8.47647368274074,1.2224906127358484,9.69896429547659,0,0.0565981,FALSE,TRUE,FALSE
MD,2024-06-26T07:00:00Z,8.492836804962963,1.1370963827641418,9.629933187727104,0,0.165322,FALSE,TRUE,FALSE
MD,2024-06-26T07:30:00Z,10.544377056896552,-0.901705831736141,9.642671225160411,0,0.123709,TRUE,FALSE,FALSE
MD,2024-06-26T08:00:00Z,10.113325461538462,-0.6004681162359535,9.512857345302509,0,0.0863782,TRUE,FALSE,FALSE
MD,2024-06-27T02:30:00Z,10.9064831,-1.9249200181185095,8.981563081881491,0.0230651,0.28397,TRUE,FALSE,FALSE
MD,2024-06-27T03:00:00Z,10.637438,-1.8116691397251223,8.825768860274877,0,0.298331,TRUE,FALSE,FALSE
MD,2024-06-27T04:00:00Z,7.565105,1.0318833552908577,8.596988355290858,0,0.312786,FALSE,TRUE,FALSE
MD,2024-06-27T04:30:00Z,7.241588060000001,1.2239112732558324,8.465499333255833,0,0.315411,FALSE,TRUE,FALSE
MD,2024-06-27T05:30:00Z,5.9424889,2.283210016743463,8.225698916743463,0,0.347073,FALSE,TRUE,FALSE
MD,2024-06-27T06:30:00Z,9.492539,-1.4909048845267812,8.00163411547322,0,0.317681,TRUE,FALSE,FALSE
MD,2024-06-27T09:30:00Z,9.9584402,-2.490398943915901,7.468041256084099,0.0104388,0.223348,TRUE,FALSE,FALSE
MD,2024-06-28T01:30:00Z,10.55092413318182,-2.1807311926538553,8.370192940527964,8.29949,0.191351,TRUE,FALSE,FALSE
MD,2024-06-28T02:00:00Z,9.432268013055555,-1.2423111289530873,8.189956884102468,0.632851,0.0967797,TRUE,FALSE,FALSE
MD,2024-06-28T08:30:00Z,5.634535,1.9760602319887264,7.610595231988726,0,0.221356,FALSE,TRUE,FALSE
MD,2024-06-28T09:00:00Z,8.48779,-0.7450371036483583,7.742752896351642,0,0.350362,TRUE,FALSE,FALSE
MD,2024-06-28T09:30:00Z,6.405678,1.3888104549908764,7.794488454990876,0.00303103,0.39484,FALSE,TRUE,FALSE
MD,2024-06-28T10:30:00Z,5.8652216,1.9425659679782115,7.807787567978211,2.63175,0.412113,FALSE,TRUE,FALSE
MD,2024-06-29T02:00:00Z,7.448078000000001,1.047367911717597,8.495445911717598,0.261449,0.721451,FALSE,TRUE,FALSE
MD,2024-06-29T03:00:00Z,6.233096,2.0325176327209995,8.265613632721,0,0.438894,FALSE,TRUE,FALSE
MD,2024-06-29T03:30:00Z,9.938871,-1.7282925342437299,8.21057846575627,0,0.489538,TRUE,FALSE,FALSE
MD,2024-06-29T04:30:00Z,6.271318,1.9088964093894285,8.180214409389428,0,0.361991,FALSE,TRUE,FALSE
MD,2024-06-29T05:00:00Z,4.168472,3.9966520343236303,8.16512403432363,0,0.269893,FALSE,TRUE,FALSE
MD,2024-06-29T05:30:00Z,10.054056617333334,-1.9069416519031268,8.147114965430207,0,0.13268,TRUE,FALSE,FALSE
MD,2024-06-29T06:00:00Z,10.032321841891893,-1.939592452759257,8.092729389132636,0,0.176314,TRUE,FALSE,FALSE
MD,2024-06-29T06:30:00Z,8.72123059380597,-0.7236454395628984,7.997585154243072,0,0.200727,TRUE,FALSE,FALSE
MD,2024-06-29T07:00:00Z,8.703392463481482,-0.7137532278412326,7.989639235640249,0,0.337997,TRUE,FALSE,FALSE
MD,2024-06-29T07:30:00Z,8.690644210073529,-0.7218013472501577,7.968842862823371,0,0.368985,TRUE,FALSE,FALSE
MD,2024-06-29T08:00:00Z,-14.628884,22.614640958891158,7.985756958891158,0,0.422957,FALSE,TRUE,FALSE
MD,2024-06-29T08:30:00Z,8.684582707028985,-0.672210591372739,8.012372115656246,0,0.430674,TRUE,FALSE,FALSE
MD,2024-06-29T09:00:00Z,-8.026524,16.04248925032539,8.015965250325388,0,0.298769,FALSE,TRUE,FALSE
MD,2024-06-29T09:30:00Z,-2.2165999999999997,10.237324406221814,8.020724406221815,0.0010244,0.287017,FALSE,TRUE,FALSE
MD,2024-06-29T10:00:00Z,6.7401040000000005,1.2382783520654685,7.978382352065469,0.145911,0.228109,FALSE,TRUE,FALSE
MD,2024-06-29T10:30:00Z,8.512529102605635,-0.5672890530890635,7.945240049516571,1.11089,0.132308,TRUE,FALSE,FALSE
MD,2024-06-29T11:30:00Z,11.268362,-3.3488207528820846,7.919541247117915,10.781,0.0954401,TRUE,FALSE,FALSE
MD,2024-06-30T02:00:00Z,9.636541000000001,-1.3283189533032704,8.30822204669673,1.00206,0.380965,TRUE,FALSE,FALSE
MD,2024-06-30T02:30:00Z,10.585284999999999,-2.3004170616052892,8.28486793839471,0.0141133,0.468978,TRUE,FALSE,FALSE
MD,2024-06-30T03:00:00Z,9.170215,-0.905232056896697,8.264982943103304,0,0.430107,TRUE,FALSE,FALSE
MD,2024-06-30T03:30:00Z,8.830803999999999,-0.6334671288775784,8.19733687112242,0,0.339032,TRUE,FALSE,FALSE
MD,2024-06-30T04:00:00Z,12.608892,-4.465457940957828,8.143434059042173,0,0.52403,TRUE,FALSE,FALSE
MD,2024-06-30T04:30:00Z,9.721226999999999,-1.7031420731766698,8.01808492682333,0,0.630542,TRUE,FALSE,FALSE
MD,2024-06-30T05:00:00Z,11.805551,-3.9985816237345446,7.806969376265455,0,0.622966,TRUE,FALSE,FALSE
MD,2024-06-30T05:30:00Z,9.957087,-2.3271844299846016,7.629902570015398,0,0.637004,TRUE,FALSE,FALSE
MD,2024-06-30T06:00:00Z,8.5703974,-1.1281932542493047,7.4422041457506944,0,0.670976,TRUE,FALSE,FALSE
MD,2024-06-30T06:30:00Z,10.48841,-3.2157596359199365,7.2726503640800635,0,0.647501,TRUE,FALSE,FALSE
MD,2024-06-30T07:00:00Z,7.969922999999999,-0.7982923587093849,7.171630641290614,0,0.656142,TRUE,FALSE,FALSE
MD,2024-06-30T08:30:00Z,8.132507,-1.1960276674309274,6.936479332569073,0,0.582533,TRUE,FALSE,FALSE
MD,2024-06-30T09:00:00Z,7.614185,-0.6822042433298314,6.9319807566701686,0,0.578303,TRUE,FALSE,FALSE
MD,2024-07-01T02:00:00Z,7.956473000000001,-0.6850433540675187,7.271429645932482,1.60553,0.261757,TRUE,FALSE,FALSE
MD,2024-07-01T05:30:00Z,7.881160599999999,-1.389547167257569,6.49161343274243,0,0.0586271,TRUE,FALSE,FALSE
MD,2024-07-01T06:00:00Z,7.992908996416667,-1.819574557343966,6.173334439072701,0,0.0739249,TRUE,FALSE,FALSE
MD,2024-07-01T06:30:00Z,7.992908996416667,-1.7610984827483183,6.231810513668349,0,0.0577342,TRUE,FALSE,FALSE
MD,2024-07-01T07:00:00Z,1.2898904999999998,5.016014738939269,6.3059052389392685,0,0.0264984,FALSE,TRUE,FALSE
MD,2024-07-01T07:30:00Z,7.992908996416667,-1.9396232685264687,6.053285727890199,0,0.0273481,TRUE,FALSE,FALSE
MD,2024-07-01T08:00:00Z,7.992908996416667,-2.0530605522061762,5.939848444210491,0,0.0887744,TRUE,FALSE,FALSE
MD,2024-07-01T08:30:00Z,7.992908996416667,-2.0623495726278316,5.930559423788836,0,0.102047,TRUE,FALSE,FALSE
MD,2024-07-01T09:00:00Z,7.992908996416667,-2.083135141410674,5.9097738550059935,3.4023299999999997e-05,0.0626234,TRUE,FALSE,FALSE
MD,2024-07-01T09:30:00Z,7.992908996416667,-2.067384499912416,5.925524496504251,0.00741659,0.0706462,TRUE,FALSE,FALSE
MD,2024-07-01T10:00:00Z,7.901119500578512,-1.9833344505029027,5.91778505007561,0.716163,0.0484724,TRUE,FALSE,FALSE
MD,2024-07-01T11:00:00Z,11.81467,-5.635295845560714,6.1793741544392855,58.0936,0.0327419,TRUE,FALSE,FALSE
MD,2024-07-02T02:00:00Z,8.625612295757575,-0.5181946306584688,8.107417665099106,1.15374,0.0892758,TRUE,FALSE,FALSE
MD,2024-07-02T06:30:00Z,6.0171399999999995,1.6956451783024686,7.712785178302468,0,0.247355,FALSE,TRUE,FALSE
MD,2024-07-02T07:00:00Z,8.26288,-0.6036037982988232,7.659276201701176,0,0.30043,TRUE,FALSE,FALSE
MD,2024-07-02T07:30:00Z,6.3956683,1.2300467122172174,7.625715012217217,0,0.329018,FALSE,TRUE,FALSE
MD,2024-07-02T09:00:00Z,5.592448,2.035161803330393,7.627609803330393,0,0.321775,FALSE,TRUE,FALSE
MD,2024-07-02T10:30:00Z,5.9309891100000005,1.8114604287979432,7.742449538797944,3.49362,0.43092,FALSE,TRUE,FALSE
MD,2024-07-02T11:00:00Z,5.488775,2.262913888588132,7.7516888885881325,9.97855,0.417885,FALSE,TRUE,FALSE
MD,2024-07-02T17:00:00Z,14.70258,-6.063348544893149,8.63923145510685,106.528,0.158038,TRUE,FALSE,FALSE
MD,2024-07-03T01:30:00Z,9.581175,-1.0306810649249538,8.550493935075046,4.08633,0.25988,TRUE,FALSE,FALSE
MD,2024-07-03T02:30:00Z,9.1009652,-0.5378737205931099,8.56309147940689,0.00521124,0.41744,TRUE,FALSE,FALSE
MD,2024-07-03T03:00:00Z,7.1976471,1.4134400178033664,8.611087117803367,0,0.545829,FALSE,TRUE,FALSE
MD,2024-07-03T03:30:00Z,9.512633,-0.774473183250695,8.738159816749304,0,0.42423,TRUE,FALSE,FALSE
MD,2024-07-03T04:00:00Z,5.8704719999999995,2.932910320721577,8.803382320721576,0,0.218352,FALSE,TRUE,FALSE
MD,2024-07-03T05:00:00Z,16.413157100000003,-7.60291415576174,8.810242944238263,0,0.352653,TRUE,FALSE,FALSE
MD,2024-07-03T06:00:00Z,7.727690720408163,1.1813610689486778,8.909051789356841,0,0.159828,FALSE,TRUE,FALSE
MD,2024-07-03T06:30:00Z,7.640502924489796,1.2482065396439346,8.888709464133731,0,0.0955204,FALSE,TRUE,FALSE
MD,2024-07-03T07:00:00Z,7.11323,1.763142935911306,8.876372935911306,0,0.214215,FALSE,TRUE,FALSE
MD,2024-07-03T07:30:00Z,9.85897,-0.9021004355212483,8.956869564478751,0,0.312754,TRUE,FALSE,FALSE
MD,2024-07-03T08:30:00Z,12.95103,-3.9386880921126046,9.012341907887395,0,0.296813,TRUE,FALSE,FALSE
MD,2024-07-03T09:00:00Z,14.702720000000001,-5.769866036875479,8.932853963124522,0,0.476822,TRUE,FALSE,FALSE
MD,2024-07-03T09:30:00Z,2.34595,6.546839162484673,8.892789162484673,1.70117e-4,0.508499,FALSE,TRUE,FALSE
MD,2024-07-03T10:00:00Z,7.064147,1.881019328172977,8.945166328172977,0.0748785,0.414284,FALSE,TRUE,FALSE
MD,2024-07-03T10:30:00Z,7.090492,1.9364694402981852,9.026961440298185,1.93245,0.394196,FALSE,TRUE,FALSE
MD,2024-07-03T12:00:00Z,19.14709,-10.39971083092085,8.74737916907915,39.6979,0.211526,TRUE,FALSE,FALSE
MD,2024-07-03T12:30:00Z,16.732656000000002,-7.976283439067467,8.756372560932535,77.7828,0.301269,TRUE,FALSE,FALSE
MD,2024-07-04T02:00:00Z,7.657381444736842,1.1614943456594151,8.818875790396257,1.14611,0.0864575,FALSE,TRUE,FALSE
MD,2024-07-04T05:00:00Z,9.724135,-1.1176025952308848,8.606532404769116,0,0.257078,TRUE,FALSE,FALSE
MD,2024-07-04T07:00:00Z,9.184951,-0.7378469506980565,8.447104049301943,0,0.251152,TRUE,FALSE,FALSE
MD,2024-07-04T11:30:00Z,13.452726,-5.2510876967739595,8.20163830322604,117.129,0.145068,TRUE,FALSE,FALSE
MD,2024-07-04T12:00:00Z,12.93142,-4.563398597906071,8.368021402093929,193.699,0.187044,TRUE,FALSE,FALSE
MD,2024-07-05T12:00:00Z,10.3207,-2.6289681550770165,7.691731844922984,29.5795,0.195758,TRUE,FALSE,FALSE
MD,2024-07-06T05:00:00Z,6.766975,1.2595457942319381,8.026520794231939,0,0.246259,FALSE,TRUE,FALSE
MD,2024-07-06T05:30:00Z,6.557318421756757,1.401561784305593,7.95888020606235,0,0.127514,FALSE,TRUE,FALSE
MD,2024-07-06T06:30:00Z,6.557318421756757,1.4628248917549032,8.02014331351166,0,0.118251,FALSE,TRUE,FALSE
MD,2024-07-06T07:00:00Z,6.313083000000001,1.7412322331679846,8.054315233167985,0,0.221972,FALSE,TRUE,FALSE
MD,2024-07-06T07:30:00Z,6.9696299999999995,1.0668871479514843,8.036517147951484,0,0.253214,FALSE,TRUE,FALSE
MD,2024-07-06T08:00:00Z,11.342550999999998,-3.2989216204625436,8.043629379537455,0,0.293267,TRUE,FALSE,FALSE
MD,2024-07-06T08:30:00Z,5.202249999999999,2.8247092006326415,8.026959200632641,0,0.243871,FALSE,TRUE,FALSE
MD,2024-07-06T09:00:00Z,5.24526,2.742667088462822,7.987927088462822,0,0.245846,FALSE,TRUE,FALSE
MD,2024-07-06T09:30:00Z,5.0000789999999995,2.9653984534712263,7.965477453471226,0,0.239585,FALSE,TRUE,FALSE
MD,2024-07-06T10:30:00Z,3.1750000000000007,4.811749999727293,7.9867499997272935,1.42782,0.273841,FALSE,TRUE,FALSE
MD,2024-07-07T03:00:00Z,10.033237191666666,-1.2123849819494943,8.820852209717172,NA,0.207575,TRUE,FALSE,FALSE
MD,2024-07-07T03:30:00Z,10.274651118181819,-1.5110701840362246,8.763580934145594,NA,0.0340117,TRUE,FALSE,FALSE
MD,2024-07-07T04:00:00Z,10.67548072857143,-1.971632676556494,8.703848052014935,NA,0.130344,TRUE,FALSE,FALSE
MD,2024-07-07T04:30:00Z,10.41205054375,-1.7721427972407842,8.639907746509216,NA,0.119772,TRUE,FALSE,FALSE
MD,2024-07-07T05:00:00Z,9.862389005555556,-1.2797952837012012,8.582593721854355,NA,0.0504902,TRUE,FALSE,FALSE
MD,2024-07-07T05:30:00Z,10.08427353,-1.5391864570819322,8.545087072918069,NA,0.122601,TRUE,FALSE,FALSE
MD,2024-07-08T03:00:00Z,9.93815847142857,-0.5731613397397037,9.364997131688867,NA,0.131974,TRUE,FALSE,FALSE
MD,2024-07-08T03:30:00Z,10.350789883333332,-1.0472908949038047,9.303498988429528,NA,0.173676,TRUE,FALSE,FALSE
MD,2024-07-08T04:00:00Z,10.81333791111111,-1.5739392992519505,9.23939861185916,NA,0.0996569,TRUE,FALSE,FALSE
MD,2024-07-08T04:30:00Z,10.333567972727273,-1.1627245306011158,9.170843442126158,NA,0.0957344,TRUE,FALSE,FALSE
MD,2024-07-08T06:00:00Z,9.8595183,-0.8058994035608151,9.053618896439184,NA,0.14977,TRUE,FALSE,FALSE
MD,2024-07-08T07:30:00Z,10.7719046875,-1.6917318173549951,9.080172870145004,NA,0.175299,TRUE,FALSE,FALSE
MD,2024-07-08T08:00:00Z,10.764923249999999,-1.693357639772648,9.071565610227351,NA,0.0904845,TRUE,FALSE,FALSE
MD,2024-07-08T09:00:00Z,10.712348333333333,-1.6799576882695408,9.032390645063792,NA,0.082892,TRUE,FALSE,FALSE
MD,2024-07-09T03:00:00Z,10.268439383333332,-0.573351004623154,9.695088378710178,NA,0.104395,TRUE,FALSE,FALSE
MD,2024-07-09T03:30:00Z,10.350789883333332,-0.7337558806655284,9.617034002667804,NA,0.10646,TRUE,FALSE,FALSE
MD,2024-07-09T04:00:00Z,14.038788120000001,-4.453960075751569,9.584828044248432,NA,0.0512956,TRUE,FALSE,FALSE
MD,2024-07-09T04:30:00Z,18.031926746153847,-8.482298613384257,9.54962813276959,NA,0.0212248,TRUE,FALSE,FALSE
MD,2024-07-09T05:00:00Z,16.936249394117645,-7.427063215243162,9.509186178874483,NA,0.0231382,TRUE,FALSE,FALSE
MD,2024-07-09T06:00:00Z,12.072511166666665,-2.610468376608587,9.462042790058078,NA,0.120275,TRUE,FALSE,FALSE
MD,2024-07-09T06:30:00Z,10.006835875,-0.6007501106413429,9.406085764358657,NA,0.2126,TRUE,FALSE,FALSE
MD,2024-07-09T07:00:00Z,10.006835875,-0.6438771866047972,9.362958688395203,NA,0.185549,TRUE,FALSE,FALSE
MD,2024-07-09T07:30:00Z,14.086930875,-4.758385591163865,9.328545283836135,NA,0.17708,TRUE,FALSE,FALSE
MD,2024-07-09T08:00:00Z,17.015537333333334,-7.731441132846195,9.28409620048714,NA,0.158621,TRUE,FALSE,FALSE
MD,2024-07-09T08:30:00Z,13.764586666666666,-4.519397345206544,9.245189321460122,NA,0.0782616,TRUE,FALSE,FALSE
MD,2024-07-09T09:00:00Z,18.741975,-9.527720613112352,9.214254386887648,NA,0.0631536,TRUE,FALSE,FALSE
MD,2024-07-09T09:30:00Z,15.193626666666667,-6.033981839989295,9.159644826677372,NA,0.0300558,TRUE,FALSE,FALSE
MD,2024-07-09T10:00:00Z,10.503073333333333,-1.3560837974440734,9.14698953588926,NA,0.0481386,TRUE,FALSE,FALSE
MD,2024-07-09T10:30:00Z,10.2102725,-1.0259436218776745,9.184328878122326,NA,0.0546483,TRUE,FALSE,FALSE
MD,2024-07-10T04:00:00Z,14.038788120000001,-3.92882588477619,10.109962235223811,NA,0.0790983,TRUE,FALSE,FALSE
MD,2024-07-10T04:30:00Z,18.031926746153847,-7.959689472981312,10.072237273172535,NA,0.129255,TRUE,FALSE,FALSE
MD,2024-07-10T05:00:00Z,16.93624939411765,-6.907259921490283,10.028989472627366,NA,0.106192,TRUE,FALSE,FALSE
MD,2024-07-10T07:00:00Z,29.302761999999998,-19.43031415422365,9.872447845776348,NA,0.35506,TRUE,FALSE,FALSE
MD,2024-07-10T08:00:00Z,17.015537333333334,-7.227386157497419,9.788151175835916,NA,0.181882,TRUE,FALSE,FALSE
MD,2024-07-10T08:30:00Z,17.93404,-8.187475147987639,9.74656485201236,NA,0.265351,TRUE,FALSE,FALSE
MD,2024-07-10T09:00:00Z,18.741975,-9.028586641315172,9.713388358684828,NA,0.163434,TRUE,FALSE,FALSE
MD,2024-07-10T09:30:00Z,19.54991,-9.894648709810077,9.655261290189923,NA,0.241331,TRUE,FALSE,FALSE
MD,2024-07-10T10:00:00Z,10.503073333333333,-0.8617093860027456,9.641363947330587,NA,0.201231,TRUE,FALSE,FALSE
MD,2024-07-11T10:30:00Z,8.972564875423728,1.0182165295425172,9.990781404966246,6.68595,0.016923,FALSE,TRUE,FALSE
MD,2024-07-12T00:30:00Z,30.033269999999998,-18.12950619048289,11.903763809517109,41.2556,0.132278,TRUE,FALSE,FALSE
MD,2024-07-12T01:00:00Z,36.419799999999995,-24.83180151587284,11.587998484127157,27.1691,0.120857,TRUE,FALSE,FALSE
MD,2024-07-12T01:30:00Z,5.489422223913044,5.91986473846851,11.409286962381554,6.30044,0.129538,FALSE,TRUE,FALSE
MD,2024-07-12T02:00:00Z,10.054978882407408,1.2692429776347876,11.324221860042195,0.323089,0.166854,FALSE,TRUE,FALSE
MD,2024-07-12T02:30:00Z,6.206400506818182,5.1548809767877595,11.361281483605941,0.00174234,0.0737583,FALSE,TRUE,FALSE
MD,2024-07-12T03:00:00Z,10.054978882407408,1.2864291131928152,11.341407995600223,0,0.0409042,FALSE,TRUE,FALSE
MD,2024-07-12T03:30:00Z,6.3275630071428575,4.967369222398442,11.294932229541299,0,0.0846485,FALSE,TRUE,FALSE
MD,2024-07-12T04:00:00Z,6.206400506818182,5.177066317994435,11.383466824812617,0,0.08773,FALSE,TRUE,FALSE
MD,2024-07-12T04:30:00Z,10.054978882407408,1.255422277055672,11.31040115946308,0,0.0707883,FALSE,TRUE,FALSE
MD,2024-07-12T05:00:00Z,6.330986552272727,4.968575772017577,11.299562324290305,0,0.0465751,FALSE,TRUE,FALSE
MD,2024-07-12T05:30:00Z,6.206400506818182,5.2107664968758725,11.417167003694054,0,0.0913245,FALSE,TRUE,FALSE
MD,2024-07-12T06:00:00Z,6.206400506818182,5.239534891311412,11.445935398129594,0,0.0738366,FALSE,TRUE,FALSE
MD,2024-07-12T06:30:00Z,7.231095786111111,3.955241227339541,11.186337013450652,0,0.0611171,FALSE,TRUE,FALSE
MD,2024-07-12T10:30:00Z,9.818031993636364,1.194521718822413,11.012553712458777,2.23339,0.0570651,FALSE,TRUE,FALSE
MD,2024-07-13T01:30:00Z,18.80788242857143,-6.005693815363486,12.802188613207942,9.2248,0.0658562,TRUE,FALSE,FALSE
MD,2024-07-13T02:00:00Z,13.465092719565217,-0.9122953610678337,12.552797358497383,0.469033,0.0725487,TRUE,FALSE,FALSE
MD,2024-07-13T02:30:00Z,13.099270961363636,-0.6811911529631605,12.418079808400476,0.00278079,0.0664954,TRUE,FALSE,FALSE
MD,2024-07-13T03:00:00Z,13.49294352826087,-0.9900797608501097,12.50286376741076,0,0.0424697,TRUE,FALSE,FALSE
MD,2024-07-13T03:30:00Z,5.614942688636363,6.439107521506903,12.054050210143266,0,0.0823174,FALSE,TRUE,FALSE
MD,2024-07-13T04:00:00Z,10.163412899056604,1.7105225621372888,11.873935461193893,0,0.0817332,FALSE,TRUE,FALSE
MD,2024-07-13T04:30:00Z,10.163412899056604,1.5797792189758404,11.743192118032445,0,0.0352797,FALSE,TRUE,FALSE
MD,2024-07-13T05:00:00Z,10.163412899056604,1.5054862826690147,11.66889918172562,0,0.0511814,FALSE,TRUE,FALSE
MD,2024-07-13T05:30:00Z,6.782074676666666,4.834316755857597,11.616391432524264,0,0.0329923,FALSE,TRUE,FALSE
MD,2024-07-13T06:00:00Z,10.2287290125,1.3341354708620443,11.562864483362045,0,0.0703435,FALSE,TRUE,FALSE
MD,2024-07-13T06:30:00Z,6.5743900125,5.010448006317276,11.584838018817276,0,0.06932,FALSE,TRUE,FALSE
MD,2024-07-13T07:00:00Z,10.2287290125,1.30440414118185,11.53313315368185,0,0.0483894,FALSE,TRUE,FALSE
MD,2024-07-13T07:30:00Z,10.305506385294118,1.168911031693403,11.47441741698752,0,0.0529994,FALSE,TRUE,FALSE
MD,2024-07-13T08:00:00Z,10.372223913,1.0640733383036949,11.436297251303694,0,0.0549366,FALSE,TRUE,FALSE
MD,2024-07-13T08:30:00Z,10.352421319387755,1.0535215925459145,11.40594291193367,0,0.0432559,FALSE,TRUE,FALSE
MD,2024-07-13T12:30:00Z,15.023799999999998,-2.538461594271528,12.48533840572847,243.662,0.115111,TRUE,FALSE,FALSE
MD,2024-07-14T01:30:00Z,26.219175749999998,-12.396333333975761,13.822842416024237,4.1318,0.0712647,TRUE,FALSE,FALSE
MD,2024-07-14T02:00:00Z,27.226128444444445,-13.49861688390914,13.727511560535305,0.255078,0.0633702,TRUE,FALSE,FALSE
MD,2024-07-14T02:30:00Z,27.226128444444445,-13.49991279597056,13.726215648473884,1.11346e-4,0.0759617,TRUE,FALSE,FALSE
MD,2024-07-14T03:00:00Z,21.88144872727273,-8.251089411585738,13.630359315686992,0,0.126116,TRUE,FALSE,FALSE
MD,2024-07-14T03:30:00Z,21.88144872727273,-8.296209444237213,13.585239283035516,0,0.161856,TRUE,FALSE,FALSE
MD,2024-07-14T04:00:00Z,22.15374,-8.505333053876265,13.648406946123734,0,0.246636,TRUE,FALSE,FALSE
MD,2024-07-14T05:00:00Z,11.412,2.202414878537631,13.614414878537632,0,0.379979,FALSE,TRUE,FALSE
MD,2024-07-14T05:30:00Z,7.44102,6.306298778599151,13.747318778599151,0,0.426769,FALSE,TRUE,FALSE
MD,2024-07-14T06:00:00Z,10.149716,3.6628200448019754,13.812536044801975,0,0.465076,FALSE,TRUE,FALSE
MD,2024-07-14T06:30:00Z,35.21852,-21.665329818501274,13.553190181498724,0,0.330751,TRUE,FALSE,FALSE
MD,2024-07-14T07:00:00Z,5.94488,7.293011755438248,13.237891755438248,0,0.301279,FALSE,TRUE,FALSE
MD,2024-07-14T07:30:00Z,11.2776,1.655064324190283,12.932664324190283,0,0.370373,FALSE,TRUE,FALSE
MD,2024-07-14T08:00:00Z,7.426879,5.323396840303282,12.750275840303281,0,0.339507,FALSE,TRUE,FALSE
MD,2024-07-14T08:30:00Z,-3.7774299999999994,16.48357451022797,12.706144510227972,0,0.385823,FALSE,TRUE,FALSE
MD,2024-07-14T09:00:00Z,24.839820000000003,-12.15221105437581,12.687608945624193,0,0.321549,TRUE,FALSE,FALSE
MD,2024-07-14T09:30:00Z,11.2243312875,1.4546626797503386,12.678993967250339,0,0.155581,FALSE,TRUE,FALSE
MD,2024-07-14T10:00:00Z,11.2243312875,1.4292986878279308,12.65362997532793,0.0328658,0.123475,FALSE,TRUE,FALSE
MD,2024-07-14T10:30:00Z,11.2243312875,1.4133751884798897,12.63770647597989,1.45255,0.112584,FALSE,TRUE,FALSE
MD,2024-07-15T01:30:00Z,17.91203542857143,-4.256831947639904,13.655203480931524,8.4545,0.0709444,TRUE,FALSE,FALSE
MD,2024-07-15T02:00:00Z,16.651722437500002,-3.1268121829614834,13.524910254538518,0.460338,0.0680884,TRUE,FALSE,FALSE
MD,2024-07-15T02:30:00Z,15.25069405882353,-1.7885796995186158,13.462114359304914,0.00188459,0.0666154,TRUE,FALSE,FALSE
MD,2024-07-15T04:00:00Z,14.7918839,-1.4100522312660466,13.381831668733954,0,0.111222,TRUE,FALSE,FALSE
MD,2024-07-15T04:30:00Z,15.25069405882353,-1.8027926256827858,13.447901433140744,0,0.0882219,TRUE,FALSE,FALSE
MD,2024-07-15T05:00:00Z,15.25069405882353,-1.7737162101834816,13.476977848640049,0,0.0336635,TRUE,FALSE,FALSE
MD,2024-07-15T05:30:00Z,15.906598117647059,-2.462759126936506,13.443838990710553,0,0.0549756,TRUE,FALSE,FALSE
MD,2024-07-15T06:00:00Z,35.28175,-21.909052298742555,13.372697701257447,0,0.268403,TRUE,FALSE,FALSE
MD,2024-07-15T06:30:00Z,-10.2841,23.53395514863056,13.24985514863056,0,0.590295,FALSE,TRUE,FALSE
MD,2024-07-15T07:00:00Z,24.64787,-11.7217066518462,12.926163348153802,0,0.299298,TRUE,FALSE,FALSE
MD,2024-07-15T07:30:00Z,-3.9529000000000014,16.778670849957265,12.825770849957266,0,0.370018,FALSE,TRUE,FALSE
MD,2024-07-15T08:00:00Z,17.68292,-4.883451705348698,12.799468294651302,0,0.54074,TRUE,FALSE,FALSE
MD,2024-07-15T08:30:00Z,13.782979000000001,-0.9274336688930784,12.855545331106923,0,0.49879,TRUE,FALSE,FALSE
MD,2024-07-15T09:00:00Z,7.8786499999999995,4.975081454476936,12.853731454476936,0,0.228227,FALSE,TRUE,FALSE
MD,2024-07-15T09:30:00Z,11.02856928111111,1.7126874245874806,12.741256705698591,0,0.152004,FALSE,TRUE,FALSE
MD,2024-07-15T10:00:00Z,5.118694452777778,7.612690044783353,12.73138449756113,0.0282877,0.173773,FALSE,TRUE,FALSE
MD,2024-07-15T10:30:00Z,-0.13605999999999963,12.945564252433364,12.809504252433365,1.30501,0.428982,FALSE,TRUE,FALSE
MD,2024-07-16T01:30:00Z,23.03591609090909,-9.099541410742605,13.936374680166486,3.94353,0.0592017,TRUE,FALSE,FALSE
MD,2024-07-16T02:00:00Z,20.259248083333333,-6.381986407736624,13.877261675596708,0.170215,0.112367,TRUE,FALSE,FALSE
MD,2024-07-16T02:30:00Z,18.672672785714287,-5.002029146603368,13.670643639110919,6.7553e-5,0.0951493,TRUE,FALSE,FALSE
MD,2024-07-16T03:30:00Z,19.24152453846154,-5.449238449741658,13.792286088719882,0,0.108771,TRUE,FALSE,FALSE
MD,2024-07-16T04:00:00Z,19.24152453846154,-5.4375788370084575,13.803945701453083,0,0.165372,TRUE,FALSE,FALSE
MD,2024-07-16T04:30:00Z,19.24152453846154,-5.471920632584377,13.769603905877164,0,0.131922,TRUE,FALSE,FALSE
MD,2024-07-16T05:00:00Z,43.067840000000004,-29.32046436203628,13.747375637963724,0,0.44931,TRUE,FALSE,FALSE
MD,2024-07-16T05:30:00Z,77.67796,-64.09209997712001,13.585860022879979,0,0.559982,TRUE,FALSE,FALSE
MD,2024-07-16T06:00:00Z,7.028842,6.235856107689071,13.264698107689071,0,0.311538,FALSE,TRUE,FALSE
MD,2024-07-16T06:30:00Z,2.6185400000000003,10.485420293310181,13.103960293310182,0,0.3195,FALSE,TRUE,FALSE
MD,2024-07-16T07:00:00Z,-7.16576,20.236990315990543,13.071230315990542,0,0.55705,FALSE,TRUE,FALSE
MD,2024-07-16T07:30:00Z,2.3916000000000004,10.724213705916068,13.115813705916068,0,0.306534,FALSE,TRUE,FALSE
MD,2024-07-16T08:00:00Z,11.511656470652174,1.5270915850306448,13.038748055682818,0,0.144634,FALSE,TRUE,FALSE
MD,2024-07-16T08:30:00Z,14.003494,-1.0385456419156736,12.964948358084326,0,0.28285,TRUE,FALSE,FALSE
MD,2024-07-16T09:00:00Z,8.078964,4.857197739687376,12.936161739687375,0,0.289225,FALSE,TRUE,FALSE
MD,2024-07-16T09:30:00Z,8.5178135,4.40674961818894,12.92456311818894,0,0.255001,FALSE,TRUE,FALSE
MD,2024-07-16T10:00:00Z,7.916481549999999,4.996940549234309,12.913422099234309,0.0318399,0.250492,FALSE,TRUE,FALSE
MD,2024-07-16T10:30:00Z,7.87618,5.018637995892053,12.894817995892053,1.87496,0.242728,FALSE,TRUE,FALSE
MD,2024-07-17T01:30:00Z,10.314996547916666,3.0579228406998773,13.372919388616543,8.65545,0.0400831,FALSE,TRUE,FALSE
MD,2024-07-17T02:00:00Z,5.3034670575,7.809554678815018,13.113021736315018,0.416763,0.0213261,FALSE,TRUE,FALSE
MD,2024-07-17T02:30:00Z,6.2014135575000005,6.743133237913867,12.944546795413867,0.0027406,0.0438202,FALSE,TRUE,FALSE
MD,2024-07-17T03:00:00Z,6.1701155075,6.6782962030529855,12.848411710552986,0,0.0208401,FALSE,TRUE,FALSE
MD,2024-07-17T03:30:00Z,6.2014135575000005,6.776242841857757,12.977656399357757,0,0.0505135,FALSE,TRUE,FALSE
MD,2024-07-17T04:00:00Z,7.59191635,4.942800113252096,12.534716463252096,0,0.0222205,FALSE,TRUE,FALSE
MD,2024-07-17T04:30:00Z,7.0090460750000005,5.4851678426656605,12.494213917665661,0,0.0314721,FALSE,TRUE,FALSE
MD,2024-07-17T05:00:00Z,6.821538,5.396494753949648,12.218032753949648,0,0.051037,FALSE,TRUE,FALSE
MD,2024-07-17T05:30:00Z,6.821538,5.315667969120005,12.137205969120005,0,0.0203376,FALSE,TRUE,FALSE
MD,2024-07-17T06:00:00Z,6.821538,5.3404985942068794,12.16203659420688,0,0.0391683,FALSE,TRUE,FALSE
MD,2024-07-17T06:30:00Z,6.587492125000001,5.697542332568853,12.285034457568853,0,0.066586,FALSE,TRUE,FALSE
MD,2024-07-17T07:00:00Z,6.489074710000001,5.896630076716297,12.385704786716298,0,0.0611416,FALSE,TRUE,FALSE
MD,2024-07-17T07:30:00Z,6.43211605,5.951594319919374,12.383710369919374,0,0.0686357,FALSE,TRUE,FALSE
MD,2024-07-17T08:00:00Z,6.8532574289473684,5.714196528339634,12.567453957287002,0,0.0568824,FALSE,TRUE,FALSE
MD,2024-07-17T08:30:00Z,6.792895134375,5.662974129262883,12.455869263637883,0,0.0447758,FALSE,TRUE,FALSE
MD,2024-07-17T09:00:00Z,10.68747373425926,1.6579887132247517,12.345462447484012,0,0.0634077,FALSE,TRUE,FALSE
MD,2024-07-17T09:30:00Z,6.26104855,5.928028685832359,12.18907723583236,0,0.0582457,FALSE,TRUE,FALSE
MD,2024-07-17T10:00:00Z,10.600797433636364,1.503032949242808,12.103830382879172,0.0650198,0.0318064,FALSE,TRUE,FALSE
MD,2024-07-17T10:30:00Z,10.600667479464285,1.4924240215485565,12.093091501012841,2.96044,0.0304337,FALSE,TRUE,FALSE
MD,2024-07-17T11:00:00Z,21.519399999999997,-9.553852153071965,11.965547846928033,16.4365,0.0173996,TRUE,FALSE,FALSE
MD,2024-07-18T01:30:00Z,6.610609,5.326985791295524,11.937594791295524,9.0567,0.414689,FALSE,TRUE,FALSE
MD,2024-07-18T02:00:00Z,4.364876000000001,7.356064704605453,11.720940704605454,0.441675,0.264155,FALSE,TRUE,FALSE
MD,2024-07-18T02:30:00Z,7.67483,3.8756767630620264,11.550506763062026,0.0033831,0.288459,FALSE,TRUE,FALSE
MD,2024-07-18T03:00:00Z,6.402881000000001,5.037619251740107,11.440500251740108,0,0.278921,FALSE,TRUE,FALSE
MD,2024-07-18T04:00:00Z,6.74549631,4.41542021137278,11.16091652137278,0,0.194032,FALSE,TRUE,FALSE
MD,2024-07-18T04:30:00Z,9.068419,2.0122147277555484,11.080633727755549,0,0.262957,FALSE,TRUE,FALSE
MD,2024-07-18T05:00:00Z,5.992985,5.002701042541205,10.995686042541205,0,0.291823,FALSE,TRUE,FALSE
MD,2024-07-18T05:30:00Z,8.034307,2.912288626223706,10.946595626223706,0,0.315289,FALSE,TRUE,FALSE
MD,2024-07-18T06:00:00Z,6.4233970000000005,4.401211326937957,10.824608326937957,0,0.227631,FALSE,TRUE,FALSE
MD,2024-07-18T06:30:00Z,7.379777000000001,3.3182422476877242,10.698019247687725,0,0.162822,FALSE,TRUE,FALSE
MD,2024-07-18T07:00:00Z,7.379777000000001,3.1418699916693775,10.521646991669378,0,0.12038,FALSE,TRUE,FALSE
MD,2024-07-18T07:30:00Z,7.379777000000001,3.117778919449936,10.497555919449937,0,0.0906087,FALSE,TRUE,FALSE
MD,2024-07-18T08:00:00Z,7.379777000000001,3.022637150559646,10.402414150559647,0,0.0843979,FALSE,TRUE,FALSE
MD,2024-07-18T09:00:00Z,10.616508666607142,-0.5379952847797789,10.078513381827364,0,0.0573541,TRUE,FALSE,FALSE
MD,2024-07-18T09:30:00Z,10.616508666607142,-0.6997385990767775,9.916770067530365,2.68488e-4,0.0217877,TRUE,FALSE,FALSE
MD,2024-07-18T10:00:00Z,10.616508666607142,-0.8887451788276959,9.727763487779447,0.0761068,0.0414043,TRUE,FALSE,FALSE
MD,2024-07-18T10:30:00Z,10.616105356666667,-0.8493639726609477,9.76674138400572,3.69375,0.132146,TRUE,FALSE,FALSE
MD,2024-07-19T01:30:00Z,6.809113744285715,4.241242358817472,11.050356103103187,9.08591,0.0602365,FALSE,TRUE,FALSE
MD,2024-07-19T02:00:00Z,6.452033184285714,4.348799939054562,10.800833123340276,0.461474,0.031326,FALSE,TRUE,FALSE
MD,2024-07-19T02:30:00Z,6.74549631,3.6028478746268604,10.34834418462686,0.00288039,0.023696,FALSE,TRUE,FALSE
MD,2024-07-19T03:00:00Z,7.379777000000001,2.626355242146131,10.006132242146132,0,0.0415348,FALSE,TRUE,FALSE
MD,2024-07-19T03:30:00Z,6.74549631,3.5011720094721106,10.24666831947211,0,0.0349626,FALSE,TRUE,FALSE
MD,2024-07-19T04:00:00Z,7.2661365,2.8033257554195146,10.069462255419515,1.67652e-5,0.0566974,FALSE,TRUE,FALSE
MD,2024-07-19T04:30:00Z,7.1843978,2.794945397072911,9.979343197072911,8.13602e-5,0.0678521,FALSE,TRUE,FALSE
MD,2024-07-19T05:00:00Z,7.379777000000001,2.538120660546303,9.917897660546304,0,0.0953032,FALSE,TRUE,FALSE
MD,2024-07-19T05:30:00Z,7.379777000000001,2.4170413008277425,9.796818300827743,0,0.0474776,FALSE,TRUE,FALSE
MD,2024-07-19T06:00:00Z,7.379777000000001,2.3120978163981434,9.691874816398144,0,0.0338893,FALSE,TRUE,FALSE
MD,2024-07-19T06:30:00Z,10.359671649661017,-0.8943156085183652,9.465356041142652,0,0.0287282,TRUE,FALSE,FALSE
MD,2024-07-19T07:00:00Z,10.359671649661017,-0.9848201801258671,9.37485146953515,0,0.035392,TRUE,FALSE,FALSE
MD,2024-07-19T07:30:00Z,10.359671649661017,-1.2381363948666788,9.121535254794338,0,0.0314467,TRUE,FALSE,FALSE
MD,2024-07-19T08:00:00Z,10.359671649661017,-1.3330610880515223,9.026610561609495,0,0.0440055,TRUE,FALSE,FALSE
MD,2024-07-19T08:30:00Z,10.359671649661017,-1.416837947501369,8.942833702159648,0,0.0445649,TRUE,FALSE,FALSE
MD,2024-07-19T09:00:00Z,10.359671649661017,-1.4364468079913841,8.923224841669633,0,0.0487039,TRUE,FALSE,FALSE
MD,2024-07-19T09:30:00Z,10.359671649661017,-1.5143828414077198,8.845288808253297,2.21891e-4,0.0291198,TRUE,FALSE,FALSE
MD,2024-07-19T10:00:00Z,10.359671649661017,-1.58373820235032,8.775933447310697,0.0563049,0.0292816,TRUE,FALSE,FALSE
MD,2024-07-19T10:30:00Z,10.363569122166666,-1.6287722680951422,8.734796854071524,3.05543,0.036104700000000003,TRUE,FALSE,FALSE
MD,2024-07-20T01:30:00Z,5.427197808214285,5.046355986488295,10.47355379470258,5.03031,0.131322,FALSE,TRUE,FALSE
MD,2024-07-20T02:00:00Z,6.033023208518519,4.282305830288432,10.31532903880695,0.262529,0.143544,FALSE,TRUE,FALSE
MD,2024-07-20T02:30:00Z,5.878286331923077,4.293540259719888,10.171826591642965,0.00120388,0.156685,FALSE,TRUE,FALSE
MD,2024-07-20T03:00:00Z,6.349020744285714,3.671949160873294,10.020969905159008,0,0.0759753,FALSE,TRUE,FALSE
MD,2024-07-20T03:30:00Z,6.245495755714286,3.645970878588111,9.891466634302397,0,0.0602057,FALSE,TRUE,FALSE
MD,2024-07-20T04:00:00Z,6.730508831111111,2.880717813182194,9.611226644293305,6.28691e-5,0.0392309,FALSE,TRUE,FALSE
MD,2024-07-20T04:30:00Z,10.497648505689655,-1.3116459646306513,9.186002541059004,1.76034e-4,0.07071,TRUE,FALSE,FALSE
MD,2024-07-20T05:00:00Z,10.497648505689655,-1.5081577566512365,8.989490749038419,1.72089e-4,0.0901781,TRUE,FALSE,FALSE
MD,2024-07-20T05:30:00Z,10.497648505689655,-1.5243367112182327,8.973311794471423,2.58133e-4,0.0707673,TRUE,FALSE,FALSE
MD,2024-07-20T06:00:00Z,10.497648505689655,-1.6492393157572565,8.848409189932399,2.64051e-4,0.0451555,TRUE,FALSE,FALSE
MD,2024-07-20T06:30:00Z,10.497648505689655,-1.7558592768006438,8.741789228889012,6.33623e-5,0.188965,TRUE,FALSE,FALSE
MD,2024-07-20T07:00:00Z,10.497648505689655,-1.7947745587969433,8.702873946892712,0,0.114926,TRUE,FALSE,FALSE
MD,2024-07-20T07:30:00Z,10.497648505689655,-1.7994354977878135,8.698213007901842,0,0.0355834,TRUE,FALSE,FALSE
MD,2024-07-20T08:00:00Z,10.497648505689655,-1.9015056949128315,8.596142810776824,0,0.026381,TRUE,FALSE,FALSE
MD,2024-07-20T08:30:00Z,10.497648505689655,-1.9297399720648105,8.567908533624845,0,0.0478831,TRUE,FALSE,FALSE
MD,2024-07-20T09:00:00Z,10.497648505689655,-1.9351108571665812,8.562537648523074,0,0.037486,TRUE,FALSE,FALSE
MD,2024-07-20T09:30:00Z,10.497648505689655,-1.9558466195117603,8.541801886177895,6.53348e-5,0.0341327,TRUE,FALSE,FALSE
MD,2024-07-20T10:00:00Z,10.497648505689655,-1.9642446199962489,8.533403885693406,0.0408608,0.0411986,TRUE,FALSE,FALSE
MD,2024-07-20T10:30:00Z,10.3772830555,-1.8730847489267273,8.504198306573272,3.01439,0.0254244,TRUE,FALSE,FALSE
MD,2024-07-20T11:00:00Z,10.593519999999998,-1.8108040627831787,8.78271593721682,22.5429,0.08088,TRUE,FALSE,FALSE
MD,2024-07-20T11:30:00Z,26.97816,-18.11806226645618,8.860097733543817,59.2371,0.111205,TRUE,FALSE,FALSE
MD,2024-07-20T12:00:00Z,24.0129,-14.643325934778073,9.369574065221926,118.647,0.175249,TRUE,FALSE,FALSE
MD,2024-07-21T01:30:00Z,8.564765188333334,1.2322075818552705,9.796972770188605,7.40346,0.106081,FALSE,TRUE,FALSE
MD,2024-07-21T02:00:00Z,5.4396335053571425,4.129034408111123,9.568667913468266,0.173889,0.125645,FALSE,TRUE,FALSE
MD,2024-07-21T02:30:00Z,6.009097727037037,3.422264720543586,9.431362447580623,6.82932e-4,0.121792,FALSE,TRUE,FALSE
MD,2024-07-21T03:00:00Z,6.046232415357143,3.2851581904995077,9.331390605856651,0,0.0981696,FALSE,TRUE,FALSE
MD,2024-07-21T03:30:00Z,6.046232415357143,3.236332007777153,9.282564423134296,0,0.112703,FALSE,TRUE,FALSE
MD,2024-07-21T04:00:00Z,6.159387692916667,3.045783663940739,9.205171356857406,0,0.126731,FALSE,TRUE,FALSE
MD,2024-07-21T04:30:00Z,6.477612982380952,2.6001265041022847,9.077739486483237,1.01577e-4,0.060449,FALSE,TRUE,FALSE
MD,2024-07-21T05:00:00Z,6.403961181176471,2.5872587531036837,8.991219934280155,2.17207e-4,0.0862218,FALSE,TRUE,FALSE
MD,2024-07-21T05:30:00Z,6.148761357647059,2.8089994637126843,8.957760821359743,3.85844e-4,0.133105,FALSE,TRUE,FALSE
MD,2024-07-21T06:00:00Z,10.18609339875,-1.4274103500197626,8.758683048730237,2.57887e-4,0.0976323,TRUE,FALSE,FALSE
MD,2024-07-21T06:30:00Z,6.069250712857143,2.6903049158747736,8.759555628731917,3.67107e-4,0.0737724,FALSE,TRUE,FALSE
MD,2024-07-21T07:00:00Z,6.148761357647059,2.7594075780456304,8.90816893569269,2.88027e-4,0.112753,FALSE,TRUE,FALSE
MD,2024-07-21T07:30:00Z,5.9173476315,3.0432457592068065,8.960593390706807,3.82145e-5,0.119021,FALSE,TRUE,FALSE
MD,2024-07-21T08:00:00Z,6.069250712857143,2.6246388690673426,8.693889581924486,0,0.0703688,FALSE,TRUE,FALSE
MD,2024-07-21T08:30:00Z,9.811835986862745,-0.9560743247208237,8.855761662141921,0,0.0569843,TRUE,FALSE,FALSE
MD,2024-07-21T09:00:00Z,10.0836213066,-1.2528455993549272,8.830775707245072,0,0.054412,TRUE,FALSE,FALSE
MD,2024-07-21T09:30:00Z,6.280927497777778,2.133553098124649,8.414480595902427,0,0.0695057,FALSE,TRUE,FALSE
MD,2024-07-21T10:00:00Z,9.782474394489796,-1.3820048292740292,8.400469565215767,0.0391986,0.0503944,TRUE,FALSE,FALSE
MD,2024-07-21T10:30:00Z,6.313895648,2.222234473652313,8.536130121652313,3.77522,0.0449064,FALSE,TRUE,FALSE
MD,2024-07-22T01:30:00Z,13.401376435714285,-4.262542655369499,9.138833780344786,3.18215,0.0673633,TRUE,FALSE,FALSE
MD,2024-07-22T02:00:00Z,11.224855684782607,-2.2483943575554477,8.97646132722716,0.127049,0.0789649,TRUE,FALSE,FALSE
MD,2024-07-22T03:30:00Z,5.40613700625,3.1928618099435413,8.598998816193541,0,0.0531659,FALSE,TRUE,FALSE
MD,2024-07-22T04:00:00Z,6.067836192916666,2.4403046659108396,8.508140858827506,0,0.0675327,FALSE,TRUE,FALSE
MD,2024-07-22T04:30:00Z,6.0947523595833335,2.2980246126367945,8.392776972220128,0,0.0480871,FALSE,TRUE,FALSE
MD,2024-07-22T05:00:00Z,9.657098763877551,-1.4189930239300068,8.238105739947544,0,0.040909,TRUE,FALSE,FALSE
MD,2024-07-22T05:30:00Z,6.918885074090909,1.2909101228494109,8.20979519694032,3.89542e-5,0.0694137,FALSE,TRUE,FALSE
MD,2024-07-22T06:00:00Z,6.403961181176471,1.6730470892646325,8.077008270441103,1.49653e-4,0.0287801,FALSE,TRUE,FALSE
MD,2024-07-22T06:30:00Z,9.123251863125,-1.0796548709426492,8.043596992182351,2.28794e-4,0.0332556,TRUE,FALSE,FALSE
MD,2024-07-22T07:00:00Z,9.536174243191489,-1.5750637092913937,7.961110533900095,1.59762e-4,0.0346078,TRUE,FALSE,FALSE
MD,2024-07-22T07:30:00Z,9.207659118043479,-1.2727705827773566,7.934888535266122,2.76131e-4,0.0496732,TRUE,FALSE,FALSE
MD,2024-07-22T08:00:00Z,9.500115987333334,-1.6691690216218698,7.8309469657114645,2.91664e-4,0.0390006,TRUE,FALSE,FALSE
MD,2024-07-22T08:30:00Z,9.295055831777777,-1.5134061008574555,7.781649730920321,2.31753e-4,0.0425203,TRUE,FALSE,FALSE
MD,2024-07-22T09:00:00Z,9.193057577954546,-1.4676629956563767,7.725394582298169,1.11439e-4,0.0398504,TRUE,FALSE,FALSE
MD,2024-07-22T09:30:00Z,9.1856822825,-1.481128627755294,7.704553654744706,1.92552e-4,0.0720212,TRUE,FALSE,FALSE
MD,2024-07-22T10:00:00Z,9.105125165111112,-1.3562708415105451,7.7488543236005665,0.0191265,0.0431554,TRUE,FALSE,FALSE
MD,2024-07-22T10:30:00Z,8.966292732553192,-1.2208156035690392,7.745477128984153,1.93976,0.0254748,TRUE,FALSE,FALSE
MD,2024-07-22T11:00:00Z,33.25058,-25.487435820787898,7.763144179212101,15.3109,0.0721895,TRUE,FALSE,FALSE
MD,2024-07-22T11:30:00Z,17.090159999999997,-9.31780463158079,7.772355368419207,37.7403,0.0697591,TRUE,FALSE,FALSE
MD,2024-07-22T12:30:00Z,19.581000000000003,-11.600718194463818,7.980281805536185,125.281,0.183906,TRUE,FALSE,FALSE
MD,2024-07-23T01:30:00Z,9.766038430555556,-1.8014866923437785,7.964551738211777,5.41463,0.0373381,TRUE,FALSE,FALSE
MD,2024-07-23T02:30:00Z,5.853064181500001,1.731052366769589,7.58411654826959,1.53105e-4,0.078579,FALSE,TRUE,FALSE
MD,2024-07-23T03:00:00Z,6.336200154705883,1.0187710743131388,7.3549712290190215,0,0.0959547,FALSE,TRUE,FALSE
MD,2024-07-23T03:30:00Z,5.420810822631579,2.0265070776549097,7.447317900286489,0,0.123526,FALSE,TRUE,FALSE
MD,2024-07-23T04:00:00Z,6.069250712857143,1.0989663054680916,7.168217018325235,0,0.0568667,FALSE,TRUE,FALSE
MD,2024-07-23T04:30:00Z,6.0583504150000005,1.010507561241929,7.0688579762419295,0,0.0458274,FALSE,TRUE,FALSE
MD,2024-07-23T08:00:00Z,7.9649134286,-1.4686449250506959,6.496268503549304,4.2751e-4,0.044182,TRUE,FALSE,FALSE
MD,2024-07-23T08:30:00Z,8.002572361372549,-1.6040819425251271,6.398490418847421,4.03842e-4,0.0809235,TRUE,FALSE,FALSE
MD,2024-07-23T09:00:00Z,7.883741675098039,-1.5480146377996373,6.335727037298402,4.4107e-4,0.0865512,TRUE,FALSE,FALSE
MD,2024-07-23T09:30:00Z,7.916804028039215,-1.6769162557623636,6.239887772276852,5.55221e-4,0.0420064,TRUE,FALSE,FALSE
MD,2024-07-23T10:00:00Z,7.941267684901961,-1.7307644531825908,6.21050323171937,0.0197002,0.0180456,TRUE,FALSE,FALSE
MD,2024-07-23T10:30:00Z,7.848392556470588,-1.647896496192267,6.200496060278321,2.23796,0.0660337,TRUE,FALSE,FALSE
MD,2024-07-23T11:30:00Z,15.342,-9.097567657203381,6.244432342796618,70.1365,0.0461411,TRUE,FALSE,FALSE
MD,2024-07-23T20:00:00Z,8.934192999999999,-1.4520693883968159,7.482123611603183,137.773,0.388195,TRUE,FALSE,FALSE
MD,2024-07-24T01:30:00Z,5.181463,1.782651951811383,6.964114951811383,4.75868,0.228697,FALSE,TRUE,FALSE
MD,2024-07-24T02:00:00Z,10.331382,-3.528606508130311,6.8027754918696886,0.116163,0.262555,TRUE,FALSE,FALSE
MD,2024-07-24T02:30:00Z,7.9176037556,-1.1756617808650924,6.741941974734908,0,0.179737,TRUE,FALSE,FALSE
MD,2024-07-24T03:00:00Z,7.9176037556,-1.2177461927902096,6.6998575628097905,0,0.181448,TRUE,FALSE,FALSE
MD,2024-07-24T03:30:00Z,7.9176037556,-1.2128034513566641,6.704800304243336,0,0.176552,TRUE,FALSE,FALSE
MD,2024-07-24T04:00:00Z,7.9176037556,-1.2199321555139564,6.697671600086044,0,0.113031,TRUE,FALSE,FALSE
MD,2024-07-24T04:30:00Z,7.9176037556,-1.2504716145864414,6.667132141013559,0,0.125813,TRUE,FALSE,FALSE
MD,2024-07-24T05:00:00Z,7.9176037556,-1.27001500937702,6.64758874622298,0,0.205378,TRUE,FALSE,FALSE
MD,2024-07-24T05:30:00Z,5.204888599999999,1.467083739204969,6.671972339204968,0,0.203968,FALSE,TRUE,FALSE
MD,2024-07-24T06:30:00Z,4.55103,2.0052387097853854,6.556268709785385,0,0.34591,FALSE,TRUE,FALSE
MD,2024-07-24T07:30:00Z,4.4184655,2.0028578689481975,6.421323368948197,0,0.220907,FALSE,TRUE,FALSE
MD,2024-07-24T08:00:00Z,7.9176037556,-1.5939918659589356,6.3236118896410645,0,0.16586,TRUE,FALSE,FALSE
MD,2024-07-24T09:30:00Z,7.9176037556,-1.7108088642589845,6.206794891341016,0,0.186116,TRUE,FALSE,FALSE
MD,2024-07-25T06:00:00Z,4.493887,1.4588643920247195,5.9527513920247195,0,0.160021,FALSE,TRUE,FALSE
MD,2024-07-25T06:30:00Z,7.380646579090909,-1.4789546283320743,5.901691950758835,8.18531e-5,0.0965279,TRUE,FALSE,FALSE
MD,2024-07-25T07:00:00Z,7.380646579090909,-1.5185761345874695,5.8620704445034395,1.85649e-4,0.0182099,TRUE,FALSE,FALSE
MD,2024-07-25T07:30:00Z,7.380646579090909,-1.5037212352499916,5.8769253438409175,6.33623e-5,0.0647909,TRUE,FALSE,FALSE
MD,2024-07-25T08:00:00Z,7.380646579090909,-1.5705216665710058,5.810124912519903,1.9773e-4,0.0721337,TRUE,FALSE,FALSE
MD,2024-07-25T08:30:00Z,7.380646579090909,-1.6300680666272873,5.750578512463622,1.72089e-4,0.0628091,TRUE,FALSE,FALSE
MD,2024-07-25T09:00:00Z,7.380646579090909,-1.59293720481904,5.787709374271869,1.52119e-4,0.0640265,TRUE,FALSE,FALSE
MD,2024-07-25T09:30:00Z,7.380646579090909,-1.5802765077491667,5.800370071341742,3.89296e-4,0.0729697,TRUE,FALSE,FALSE
MD,2024-07-25T10:00:00Z,7.380646579090909,-1.6035973820309781,5.777049197059931,0.0195979,0.0779612,TRUE,FALSE,FALSE
MD,2024-07-25T10:30:00Z,7.287295544,-1.4876926750303685,5.7996028689696315,1.80145,0.0648202,TRUE,FALSE,FALSE
MD,2024-07-25T11:30:00Z,11.14029,-5.209705077200745,5.930584922799255,82.605,0.112311,TRUE,FALSE,FALSE
MD,2024-07-26T01:30:00Z,5.05752858,2.2171242844065437,7.274652864406543,4.28834,0.212113,FALSE,TRUE,FALSE
MD,2024-07-26T02:30:00Z,5.1427830000000005,1.9278957274778845,7.070678727477885,0,0.216511,FALSE,TRUE,FALSE
MD,2024-07-26T03:30:00Z,4.99260514,1.8595883400356952,6.852193480035695,0,0.104357,FALSE,TRUE,FALSE
MD,2024-07-26T04:00:00Z,4.328372659999999,2.416591238619537,6.744963898619536,0,0.114542,FALSE,TRUE,FALSE
MD,2024-07-26T04:30:00Z,4.28332624,2.4314927702986378,6.714819010298638,0,0.077807200000000007,FALSE,TRUE,FALSE
MD,2024-07-26T05:00:00Z,4.328372659999999,2.4444216666488545,6.772794326648854,0,0.0567223,FALSE,TRUE,FALSE
MD,2024-07-26T05:30:00Z,4.28332624,2.440738003912651,6.724064243912651,0,0.0704701,FALSE,TRUE,FALSE
MD,2024-07-26T06:00:00Z,4.28332624,2.3947391514856715,6.678065391485672,0,0.0593164,FALSE,TRUE,FALSE
MD,2024-07-26T06:30:00Z,4.28332624,2.3817889932885503,6.66511523328855,0,0.0389513,FALSE,TRUE,FALSE
MD,2024-07-26T07:00:00Z,7.833319,-1.225918739595949,6.607400260404051,0,0.0530961,TRUE,FALSE,FALSE
MD,2024-07-26T07:30:00Z,8.261132375,-1.700614017194444,6.560518357805557,4.68435e-6,0.0470381,TRUE,FALSE,FALSE
MD,2024-07-26T08:30:00Z,3.797198375000001,2.5854102303328435,6.382608605332845,1.18096e-4,0.0952566,FALSE,TRUE,FALSE
MD,2024-07-26T09:00:00Z,9.368054489166667,-3.07604618770939,6.292008301457277,1.33381e-4,0.0848437,TRUE,FALSE,FALSE
MD,2024-07-26T10:00:00Z,9.368054489166667,-3.1273450949676658,6.240709394199001,0.0184522,0.0654878,TRUE,FALSE,FALSE
MD,2024-07-26T10:30:00Z,9.241764601632653,-3.018204292887341,6.223560308745312,1.87699,0.0309254,TRUE,FALSE,FALSE
MD,2024-07-27T01:30:00Z,12.244815753846153,-3.930816480969275,8.313999272876877,5.19863,0.0820563,TRUE,FALSE,FALSE
MD,2024-07-27T02:00:00Z,10.33469748117647,-2.4095477267317014,7.925149754444768,0.106552,0.0262401,TRUE,FALSE,FALSE
MD,2024-07-27T02:30:00Z,12.916591398461538,-5.19796866472676,7.718622733734778,0,0.0360781,TRUE,FALSE,FALSE
MD,2024-07-27T03:00:00Z,10.33469748117647,-2.4018917878460355,7.932805693330434,0,0.0636218,TRUE,FALSE,FALSE
MD,2024-07-27T03:30:00Z,10.019772752380952,-1.867976650432869,8.151796101948083,0,0.0533128,TRUE,FALSE,FALSE
MD,2024-07-27T04:00:00Z,11.054065705555555,-2.990496960815502,8.063568744740053,0,0.0644051,TRUE,FALSE,FALSE
MD,2024-07-27T04:30:00Z,12.07038482375,-4.103003739846342,7.967381083903659,0,0.0242953,TRUE,FALSE,FALSE
MD,2024-07-27T05:00:00Z,11.855924078666666,-3.9932100725732456,7.86271400609342,0,0.0399169,TRUE,FALSE,FALSE
MD,2024-07-27T05:30:00Z,12.916591398461538,-5.110973195847304,7.805618202614234,0,0.0559402,TRUE,FALSE,FALSE
MD,2024-07-27T06:00:00Z,6.13497568,1.6400678527085892,7.775043532708589,0,0.102854,FALSE,TRUE,FALSE
MD,2024-07-27T06:30:00Z,6.13497568,1.5728550967683859,7.707830776768386,0,0.0794753,FALSE,TRUE,FALSE
MD,2024-07-27T07:00:00Z,5.2256411225,2.4495466304377116,7.6751877529377115,0,0.0946155,FALSE,TRUE,FALSE
MD,2024-07-27T07:30:00Z,5.2256411225,2.4552037409742997,7.6808448634743,0,0.0433697,FALSE,TRUE,FALSE
MD,2024-07-27T08:00:00Z,4.99260514,2.6811832568214617,7.673788396821462,0,0.0283987,FALSE,TRUE,FALSE
MD,2024-07-27T08:30:00Z,5.066200996666667,2.5746298830356222,7.640830879702289,0,0.0340492,FALSE,TRUE,FALSE
MD,2024-07-27T09:30:00Z,4.28332624,3.2290757074464995,7.5124019474465,1.00591e-4,0.0481056,FALSE,TRUE,FALSE
MD,2024-07-27T10:00:00Z,4.328372659999999,3.239653963398289,7.568026623398288,0.00976248,0.0252021,FALSE,TRUE,FALSE
MD,2024-07-27T10:30:00Z,4.28332624,3.2461695269170328,7.529495766917033,1.32681,0.058906,FALSE,TRUE,FALSE
MD,2024-07-28T01:30:00Z,4.7380032384615385,4.471325855024234,9.209329093485772,3.82563,0.0840593,FALSE,TRUE,FALSE
MD,2024-07-28T02:00:00Z,11.277594194117647,-2.2795261939364284,8.998068000181219,0.0699187,0.0814151,TRUE,FALSE,FALSE
MD,2024-07-28T02:30:00Z,11.479538128235294,-2.8719027231517025,8.607635405083592,0,0.0337881,TRUE,FALSE,FALSE
MD,2024-07-28T03:00:00Z,5.79256029,2.5791477421967945,8.371708032196794,0,0.0316086,FALSE,TRUE,FALSE
MD,2024-07-28T03:30:00Z,4.6217783725,3.5919311439176447,8.213709516417644,0,0.041862,FALSE,TRUE,FALSE
MD,2024-07-28T04:00:00Z,4.981024596,3.122276665649955,8.103301261649955,0,0.047536,FALSE,TRUE,FALSE
MD,2024-07-28T04:30:00Z,8.79901652846154,-0.8196041068391269,7.9794124216224125,0,0.0144658,TRUE,FALSE,FALSE
MD,2024-07-28T05:00:00Z,4.28332624,3.6597797473468576,7.943105987346858,0,0.0773667,FALSE,TRUE,FALSE
MD,2024-07-28T05:30:00Z,8.79901652846154,-0.9299209860150315,7.869095542446508,0,0.043747,TRUE,FALSE,FALSE
MD,2024-07-28T06:00:00Z,8.79901652846154,-0.9716694812882025,7.827347047173337,0,0.0343502,TRUE,FALSE,FALSE
MD,2024-07-28T06:30:00Z,8.79901652846154,-1.0089440603249757,7.790072468136564,0,0.0456916,TRUE,FALSE,FALSE
MD,2024-07-28T07:00:00Z,8.79901652846154,-1.0095147266620002,7.789501801799539,0,0.0885526,TRUE,FALSE,FALSE
MD,2024-07-28T07:30:00Z,4.28332624,3.7462687140324844,8.029594954032484,0,0.0505423,FALSE,TRUE,FALSE
MD,2024-07-28T08:00:00Z,5.066200996666667,3.16135985053178,8.227560847198447,0,0.0325578,FALSE,TRUE,FALSE
MD,2024-07-28T09:00:00Z,8.79901652846154,-1.022515315851419,7.77650121261012,0,0.0604966,TRUE,FALSE,FALSE
MD,2024-07-28T09:30:00Z,6.692475302,1.3363793590335078,8.028854661033508,0,0.0730477,FALSE,TRUE,FALSE
MD,2024-07-28T10:00:00Z,4.870124442222222,3.6219451413001895,8.492069583522412,0.0146934,0.0818296,FALSE,TRUE,FALSE
MD,2024-07-28T10:30:00Z,4.438959698,4.082696387433483,8.521656085433483,2.3352,0.101197,FALSE,TRUE,FALSE
MD,2024-07-29T02:00:00Z,13.063963649999998,-2.2769297624789395,10.787033887521059,0.0289834,0.0687101,TRUE,FALSE,FALSE
MD,2024-07-29T02:30:00Z,8.657891254339622,1.984918301026088,10.64280955536571,0,0.0513273,FALSE,TRUE,FALSE
MD,2024-07-29T03:00:00Z,8.657891254339622,1.9939128651296123,10.651804119469235,0,0.0440563,FALSE,TRUE,FALSE
MD,2024-07-29T03:30:00Z,11.83150376875,-1.0364835693944539,10.795020199355546,0,0.057553,TRUE,FALSE,FALSE
MD,2024-07-29T04:00:00Z,13.063963649999998,-2.1038900954859887,10.96007355451401,0,0.0704294,TRUE,FALSE,FALSE
MD,2024-07-29T04:30:00Z,13.063963649999998,-2.076091269416297,10.9878723805837,0,0.0920052,TRUE,FALSE,FALSE
MD,2024-07-29T05:00:00Z,8.657891254339622,2.3312967603741903,10.989188014713813,0,0.0817164,FALSE,TRUE,FALSE
MD,2024-07-29T05:30:00Z,8.657891254339622,2.342223271514145,11.000114525853768,0,0.122926,FALSE,TRUE,FALSE
MD,2024-07-29T06:00:00Z,8.657891254339622,2.3810903665840346,11.038981620923657,0,0.17472,FALSE,TRUE,FALSE
MD,2024-07-29T06:30:00Z,12.55683727142857,-1.466142592099132,11.090694679329438,0,0.163428,TRUE,FALSE,FALSE
MD,2024-07-29T07:00:00Z,12.55683727142857,-1.415155771612774,11.141681499815796,0,0.150924,TRUE,FALSE,FALSE
MD,2024-07-29T07:30:00Z,8.657891254339622,2.51889427051384,11.176785524853463,0,0.169877,FALSE,TRUE,FALSE
MD,2024-07-29T08:00:00Z,8.657891254339622,2.5337065972934223,11.191597851633045,0,0.169189,FALSE,TRUE,FALSE
MD,2024-07-29T08:30:00Z,8.455213,2.7666634192117208,11.221876419211721,0,0.226125,FALSE,TRUE,FALSE
MD,2024-07-29T09:00:00Z,8.657891254339622,2.5895163753554904,11.247407629695113,0,0.210418,FALSE,TRUE,FALSE
MD,2024-07-29T09:30:00Z,7.554137,3.761902714554492,11.316039714554492,0,0.283829,FALSE,TRUE,FALSE
MD,2024-07-29T10:00:00Z,5.560612000000001,5.753977791908982,11.314589791908983,0.00323394,0.256795,FALSE,TRUE,FALSE
MD,2024-07-29T10:30:00Z,8.505276,2.872996809887278,11.378272809887278,0.457682,0.314804,FALSE,TRUE,FALSE
MD,2024-07-29T11:00:00Z,7.7529069999999995,3.6842622987080444,11.437169298708044,6.7794,0.299183,FALSE,TRUE,FALSE
MD,2024-07-30T01:00:00Z,19.43982,-6.8543720614361785,12.585447938563822,6.7781,0.233165,TRUE,FALSE,FALSE
MD,2024-07-30T02:00:00Z,14.535096000000001,-1.9458854576881457,12.589210542311855,0.0146769,0.298581,TRUE,FALSE,FALSE
MD,2024-07-30T02:30:00Z,15.287296,-2.6771769503509937,12.610119049649006,0,0.31225,TRUE,FALSE,FALSE
MD,2024-07-30T03:00:00Z,4.741709999999999,7.839474765791374,12.581184765791374,0,0.345112,FALSE,TRUE,FALSE
MD,2024-07-30T03:30:00Z,8.82622,3.763256708169104,12.589476708169103,0,0.259156,FALSE,TRUE,FALSE
MD,2024-07-30T04:30:00Z,11.49553,1.115825587846313,12.611355587846313,0,0.282823,FALSE,TRUE,FALSE
MD,2024-07-30T05:00:00Z,7.8134673357377045,4.8141253249203,12.627592660658005,0,0.191145,FALSE,TRUE,FALSE
MD,2024-07-30T05:30:00Z,7.761140023870968,4.901672797304005,12.662812821174972,0,0.0927433,FALSE,TRUE,FALSE
MD,2024-07-30T06:00:00Z,7.809535658412698,4.865416420251349,12.674952078664047,0,0.191873,FALSE,TRUE,FALSE
MD,2024-07-30T06:30:00Z,8.05072603875,4.6516554917600494,12.70238153051005,0,0.199894,FALSE,TRUE,FALSE
MD,2024-07-30T07:00:00Z,7.983067999999999,4.748804335531357,12.731872335531357,0,0.257749,FALSE,TRUE,FALSE
MD,2024-07-30T07:30:00Z,6.60847,6.142235506421417,12.750705506421417,0,0.320089,FALSE,TRUE,FALSE
MD,2024-07-30T08:00:00Z,9.47339,3.3003335792139463,12.773723579213947,0,0.317799,FALSE,TRUE,FALSE
MD,2024-07-30T08:30:00Z,9.885518999999999,2.912065831501531,12.79758483150153,0,0.270055,FALSE,TRUE,FALSE
MD,2024-07-30T09:00:00Z,7.943129000000001,4.865294761295312,12.808423761295312,0,0.28316,FALSE,TRUE,FALSE
MD,2024-07-30T09:30:00Z,9.765144,3.0722302150714906,12.83737421507149,0,0.224985,FALSE,TRUE,FALSE
MD,2024-07-30T10:00:00Z,9.765460000000001,3.0850795165158686,12.85053951651587,0.00156729,0.222523,FALSE,TRUE,FALSE
MD,2024-07-30T10:30:00Z,8.634610696901408,4.239243168014756,12.873853864916164,0.565137,0.206093,FALSE,TRUE,FALSE
MD,2024-07-30T11:00:00Z,8.696776,4.205715442454347,12.902491442454346,7.63642,0.227231,FALSE,TRUE,FALSE
MD,2024-07-31T01:30:00Z,10.627526322222222,3.437199199324711,14.064725521546933,1.78076,0.104912,FALSE,TRUE,FALSE
MD,2024-07-31T02:00:00Z,9.5677247264,4.340063282760754,13.907788009160754,0.0258769,0.133537,FALSE,TRUE,FALSE
MD,2024-07-31T02:30:00Z,9.557405033513513,4.306519527283385,13.863924560796898,0,0.0809755,FALSE,TRUE,FALSE
MD,2024-07-31T03:30:00Z,9.557405033513513,4.169352752414515,13.726757785928028,0,0.0633508,FALSE,TRUE,FALSE
MD,2024-07-31T04:00:00Z,8.945504699999999,4.77362638176966,13.719131081769659,0,0.0908639,FALSE,TRUE,FALSE
MD,2024-07-31T04:30:00Z,9.009586560714286,4.584222925479054,13.59380948619334,0,0.0443511,FALSE,TRUE,FALSE
MD,2024-07-31T05:00:00Z,9.557405033513513,3.888749230757538,13.446154264271051,0,0.0846434,FALSE,TRUE,FALSE
MD,2024-07-31T05:30:00Z,9.17705995185185,4.3585163086001515,13.535576260452002,0,0.0533884,FALSE,TRUE,FALSE
MD,2024-07-31T06:00:00Z,9.67951209642857,3.7867319012742797,13.46624399770285,0,0.14238,FALSE,TRUE,FALSE
MD,2024-07-31T06:30:00Z,8.878249010714285,4.730076270468249,13.608325281182534,0,0.155163,FALSE,TRUE,FALSE
MD,2024-07-31T07:00:00Z,9.271767238461539,4.32032143890914,13.592088677370679,0,0.152903,FALSE,TRUE,FALSE
MD,2024-07-31T07:30:00Z,9.422954608,4.133597011255141,13.55655161925514,0,0.0890894,FALSE,TRUE,FALSE
MD,2024-07-31T08:00:00Z,9.365175751999999,4.223367369207823,13.588543121207822,0,0.0898981,FALSE,TRUE,FALSE
MD,2024-07-31T08:30:00Z,9.855112813043478,3.6450473134967734,13.500160126540251,0,0.0641269,FALSE,TRUE,FALSE
MD,2024-07-31T09:00:00Z,9.855112813043478,3.6066427744618395,13.461755587505317,0,0.0663509,FALSE,TRUE,FALSE
MD,2024-07-31T09:30:00Z,10.413054779166666,3.0069456674426966,13.420000446609363,0,0.0585006,FALSE,TRUE,FALSE
MD,2024-07-31T10:00:00Z,9.85425948521739,3.398911512825819,13.25317099804321,0.00213459,0.0535431,FALSE,TRUE,FALSE
MD,2024-07-31T10:30:00Z,10.499300573043477,2.6794166130343893,13.178717186077867,0.771428,0.0311774,FALSE,TRUE,FALSE
MD,2024-08-01T01:30:00Z,4.067361258333333,10.299634388489757,14.36699564682309,1.8902,0.0593089,FALSE,TRUE,FALSE
MD,2024-08-01T02:00:00Z,5.077568508333333,9.164270686958364,14.241839195291696,0.0164239,0.202515,FALSE,TRUE,FALSE
MD,2024-08-01T02:30:00Z,7.6854569999999995,6.438124380777257,14.123581380777257,0,0.279991,FALSE,TRUE,FALSE
MD,2024-08-01T03:00:00Z,10.238808099999998,3.74369623604891,13.982504336048908,0,0.193068,FALSE,TRUE,FALSE
MD,2024-08-01T03:30:00Z,9.823207438235295,3.9040812278214734,13.727288666056769,0,0.120887,FALSE,TRUE,FALSE
MD,2024-08-01T04:00:00Z,9.823207438235295,3.723527004361385,13.54673444259668,0,0.0975783,FALSE,TRUE,FALSE
MD,2024-08-01T04:30:00Z,9.823207438235295,3.651745092526669,13.474952530761964,0,0.0497041,FALSE,TRUE,FALSE
MD,2024-08-01T05:00:00Z,9.134080607692306,4.385278225029497,13.519358832721803,0,0.0662899,FALSE,TRUE,FALSE
MD,2024-08-01T05:30:00Z,9.823207438235295,3.631859503779461,13.455066942014756,0,0.0606064,FALSE,TRUE,FALSE
MD,2024-08-01T06:00:00Z,9.823207438235295,3.6715264435879114,13.494733881823207,0,0.132128,FALSE,TRUE,FALSE
MD,2024-08-01T06:30:00Z,-7.125699999999995,20.65351355520957,13.527813555209578,0,0.233243,FALSE,TRUE,FALSE
MD,2024-08-01T07:00:00Z,9.823207438235295,3.677845978071616,13.501053416306911,0,0.127217,FALSE,TRUE,FALSE
MD,2024-08-01T07:30:00Z,9.823207438235295,3.6036151687646303,13.426822606999925,0,0.0657013,FALSE,TRUE,FALSE
MD,2024-08-01T08:00:00Z,9.823207438235295,3.574794698246725,13.39800213648202,0,0.120597,FALSE,TRUE,FALSE
MD,2024-08-01T08:30:00Z,9.823207438235295,3.548965613241009,13.372173051476304,0,0.154966,FALSE,TRUE,FALSE
MD,2024-08-01T09:00:00Z,9.823207438235295,3.548175686501205,13.3713831247365,0,0.0838638,FALSE,TRUE,FALSE
MD,2024-08-01T09:30:00Z,9.823207438235295,3.5301103695079217,13.353317807743217,0,0.0583383,FALSE,TRUE,FALSE
MD,2024-08-01T10:00:00Z,9.823207438235295,3.448318737779706,13.271526176015001,0.00348394,0.0980329,FALSE,TRUE,FALSE
MD,2024-08-01T10:30:00Z,9.633182354285713,3.6446196696401785,13.277802023925892,1.24667,0.140849,FALSE,TRUE,FALSE
MD,2024-08-01T11:00:00Z,9.176100767567569,4.057483152542316,13.233583920109885,7.61141,0.064121,FALSE,TRUE,FALSE
MD,2024-08-02T01:30:00Z,5.75268781,8.461844908803336,14.214532718803337,1.00365,0.0804058,FALSE,TRUE,FALSE
MD,2024-08-02T02:00:00Z,4.149411463636364,9.953987535061687,14.10339899869805,0.00797329,0.0674345,FALSE,TRUE,FALSE
MD,2024-08-02T02:30:00Z,5.265217853846154,8.737065995660544,14.002283849506696,0,0.0533954,FALSE,TRUE,FALSE
MD,2024-08-02T03:00:00Z,5.553650007142857,8.31851717285977,13.872167180002629,0,0.0832189,FALSE,TRUE,FALSE
MD,2024-08-02T03:30:00Z,10.01972252,3.7530485870018175,13.772771107001818,0,0.062592,FALSE,TRUE,FALSE
MD,2024-08-02T04:00:00Z,10.852202458823529,2.827579686281176,13.679782145104705,0,0.0554736,FALSE,TRUE,FALSE
MD,2024-08-02T04:30:00Z,10.01972252,3.5842626872955243,13.603985207295525,0,0.0402548,FALSE,TRUE,FALSE
MD,2024-08-02T05:00:00Z,10.01972252,3.571846202422366,13.591568722422366,0,0.0762005,FALSE,TRUE,FALSE
MD,2024-08-02T05:30:00Z,9.98626692121212,3.6848893951618003,13.67115631637392,0,0.0859155,FALSE,TRUE,FALSE
MD,2024-08-02T06:00:00Z,24.51513,-10.875280560164462,13.639849439835537,0,0.467156,TRUE,FALSE,FALSE
MD,2024-08-02T06:30:00Z,71.287584,-58.0712319312742,13.216352068725795,0,0.235591,TRUE,FALSE,FALSE
MD,2024-08-02T07:00:00Z,27.30754,-14.08979637460133,13.21774362539867,0,0.241269,TRUE,FALSE,FALSE
MD,2024-08-02T07:30:00Z,9.230688107692307,4.004734579044266,13.235422686736573,0,0.143521,FALSE,TRUE,FALSE
MD,2024-08-02T08:00:00Z,9.82443956056338,3.3167050733815238,13.141144633944904,0,0.0432656,FALSE,TRUE,FALSE
MD,2024-08-02T08:30:00Z,9.779868052777777,3.3242891367339684,13.104157189511746,0,0.072913,FALSE,TRUE,FALSE
MD,2024-08-02T09:00:00Z,9.731664805479452,3.386814969312118,13.11847977479157,0,0.0732305,FALSE,TRUE,FALSE
MD,2024-08-02T09:30:00Z,9.490189757692308,3.6225338518655743,13.112723609557882,0,0.0369747,FALSE,TRUE,FALSE
MD,2024-08-02T10:00:00Z,9.662537269333333,3.3903795943553074,13.05291686368864,0.00165063,0.0471255,FALSE,TRUE,FALSE
MD,2024-08-02T10:30:00Z,9.620427647368421,3.414580531847026,13.035008179215447,0.37431,0.0924413,FALSE,TRUE,FALSE
MD,2024-08-03T01:30:00Z,4.067361258333333,9.907962456183911,13.975323714517245,2.08269,0.0743897,FALSE,TRUE,FALSE
MD,2024-08-03T02:00:00Z,4.149411463636364,9.83869438549487,13.988105849131234,0.0246472,0.0829378,FALSE,TRUE,FALSE
MD,2024-08-03T02:30:00Z,4.149411463636364,9.768368774738205,13.917780238374569,0,0.18596,FALSE,TRUE,FALSE
MD,2024-08-03T03:00:00Z,5.227824435714285,8.550408973456435,13.778233409170719,0,0.0851447,FALSE,TRUE,FALSE
MD,2024-08-03T03:30:00Z,10.632143105882353,3.0223335315446427,13.654476637426995,0,0.130471,FALSE,TRUE,FALSE
MD,2024-08-03T04:00:00Z,10.852202458823529,2.630091770823727,13.482294229647255,0,0.094128,FALSE,TRUE,FALSE
MD,2024-08-03T04:30:00Z,9.187639844444444,4.034458871648228,13.222098716092672,0,0.0508904,FALSE,TRUE,FALSE
MD,2024-08-03T05:00:00Z,9.187639844444444,4.016326354817238,13.203966199261682,0,0.0546011,FALSE,TRUE,FALSE
MD,2024-08-03T05:30:00Z,9.35474151923077,3.688146896697681,13.04288841592845,0,0.0308221,FALSE,TRUE,FALSE
MD,2024-08-03T06:00:00Z,9.113555498941176,3.8708444958621957,12.984399994803372,0,0.0154777,FALSE,TRUE,FALSE
MD,2024-08-03T06:30:00Z,9.077879737325581,3.845229522067772,12.923109259393353,0,0.0268806,FALSE,TRUE,FALSE
MD,2024-08-03T07:00:00Z,9.999653840740741,2.9128299752701245,12.912483816010866,0,0.153137,FALSE,TRUE,FALSE
MD,2024-08-03T07:30:00Z,9.999653840740741,2.903431606300563,12.903085447041304,0,0.149294,FALSE,TRUE,FALSE
MD,2024-08-03T08:00:00Z,9.042028820804598,3.781467154444199,12.823495975248797,0,0.125184,FALSE,TRUE,FALSE
MD,2024-08-03T08:30:00Z,8.952310040999999,3.820949701209919,12.773259742209918,0,0.0858855,FALSE,TRUE,FALSE
MD,2024-08-03T09:00:00Z,9.626730297666667,3.112992622821512,12.739722920488179,0,0.0517811,FALSE,TRUE,FALSE
MD,2024-08-03T09:30:00Z,8.952310040999999,3.8304746516933825,12.782784692693381,0,0.0716913,FALSE,TRUE,FALSE
MD,2024-08-03T10:00:00Z,8.892384048461539,3.738897772194999,12.631281820656538,0.00194377,0.085998,FALSE,TRUE,FALSE
MD,2024-08-03T10:30:00Z,8.8494599175,3.741480907951864,12.590940825451865,0.519457,0.103684,FALSE,TRUE,FALSE
MD,2024-08-04T01:30:00Z,4.067361258333333,9.734773963461173,13.802135221794506,1.19503,0.0793271,FALSE,TRUE,FALSE
MD,2024-08-04T02:00:00Z,5.528914776923076,8.013739152690945,13.542653929614023,0.00783818,0.0359793,FALSE,TRUE,FALSE
MD,2024-08-04T02:30:00Z,10.852202458823529,2.4653882086397463,13.317590667463275,0,0.0259719,FALSE,TRUE,FALSE
MD,2024-08-04T03:00:00Z,9.0403472,3.7443653513974944,12.784712551397494,0,0.029571,FALSE,TRUE,FALSE
MD,2024-08-04T03:30:00Z,8.875015045277777,3.698622082610445,12.573637127888222,0,0.0770036,FALSE,TRUE,FALSE
MD,2024-08-04T04:00:00Z,8.215221844634145,4.235002168213525,12.45022401284767,0,0.0683638,FALSE,TRUE,FALSE
MD,2024-08-04T04:30:00Z,7.055406850789474,5.138183284028582,12.193590134818056,0,0.0823272,FALSE,TRUE,FALSE
MD,2024-08-04T05:00:00Z,8.778131923953488,3.5947187306074344,12.372850654560922,0,0.0545568,FALSE,TRUE,FALSE
MD,2024-08-04T05:30:00Z,8.038369576341463,4.369420487257976,12.407790063599439,0,0.0527835,FALSE,TRUE,FALSE
MD,2024-08-04T06:00:00Z,6.87032940825,5.325850995480033,12.196180403730033,0,0.0848199,FALSE,TRUE,FALSE
MD,2024-08-04T06:30:00Z,7.699065861707317,4.346865058654237,12.045930920361554,0,0.044594,FALSE,TRUE,FALSE
MD,2024-08-04T07:00:00Z,7.69053105974359,4.336878601696949,12.027409661440538,0,0.0359572,FALSE,TRUE,FALSE
MD,2024-08-04T07:30:00Z,8.6090993511,3.247567859239089,11.856667210339088,0,0.0383992,FALSE,TRUE,FALSE
MD,2024-08-04T08:00:00Z,7.308645900270271,4.566352408813833,11.874998309084104,0,0.0668613,FALSE,TRUE,FALSE
MD,2024-08-04T08:30:00Z,7.308645900270271,4.556569533129922,11.865215433400193,0,0.0381185,FALSE,TRUE,FALSE
MD,2024-08-04T09:00:00Z,7.3059679808333335,4.496976742191661,11.802944723024995,0,0.0206659,FALSE,TRUE,FALSE
MD,2024-08-04T09:30:00Z,8.6090993511,3.0701480206167258,11.679247371716725,0,0.0196614,FALSE,TRUE,FALSE
MD,2024-08-04T10:00:00Z,7.0898500577500005,4.665869523773566,11.755719581523566,0.00132232,0.0850197,FALSE,TRUE,FALSE
MD,2024-08-04T10:30:00Z,8.6090993511,3.0442889576542616,11.653388308754261,0.33905,0.0860335,FALSE,TRUE,FALSE
MD,2024-08-05T01:30:00Z,4.1667582727272725,9.41449428529037,13.581252558017642,1.09502,0.0859452,FALSE,TRUE,FALSE
MD,2024-08-05T02:00:00Z,10.783609394117645,2.4029167587333777,13.186526152851023,0.00634806,0.0237701,FALSE,TRUE,FALSE
MD,2024-08-05T02:30:00Z,10.572071435,2.4418357442292944,13.013907179229294,0,0.0367759,FALSE,TRUE,FALSE
MD,2024-08-05T03:00:00Z,9.42662621923077,3.4729333204117196,12.899559539642489,0,0.0486238,FALSE,TRUE,FALSE
MD,2024-08-05T03:30:00Z,9.513859626666667,3.06251180108311,12.576371427749777,0,0.0438368,FALSE,TRUE,FALSE
MD,2024-08-05T04:00:00Z,8.312998164722222,4.147153925572086,12.460152090294308,0,0.0193989,FALSE,TRUE,FALSE
MD,2024-08-05T04:30:00Z,8.875015045277777,3.4744163127141654,12.349431357991943,0,0.0193323,FALSE,TRUE,FALSE
MD,2024-08-05T05:00:00Z,8.022609967380953,4.20351999435802,12.226129961738973,0,0.0495406,FALSE,TRUE,FALSE
MD,2024-08-05T05:30:00Z,8.670980196136364,3.5476126442227667,12.21859284035913,0,0.0409476,FALSE,TRUE,FALSE
MD,2024-08-05T06:00:00Z,8.746275880227273,3.4349665027519656,12.181242382979239,0,0.0704383,FALSE,TRUE,FALSE
MD,2024-08-05T06:30:00Z,8.394977600731707,3.8851890524172745,12.280166653148981,0,0.0576676,FALSE,TRUE,FALSE
MD,2024-08-05T07:00:00Z,8.48701421575,3.7983971053770667,12.285411321127066,0,0.134215,FALSE,TRUE,FALSE
MD,2024-08-05T07:30:00Z,8.48701421575,3.800017343076874,12.287031558826873,0,0.038399,FALSE,TRUE,FALSE
MD,2024-08-05T08:00:00Z,8.875015045277777,3.4764195071769564,12.351434552454734,0,0.120114,FALSE,TRUE,FALSE
MD,2024-08-05T08:30:00Z,8.972869468571428,3.507007904471447,12.479877373042875,0,0.178015,FALSE,TRUE,FALSE
MD,2024-08-05T09:00:00Z,9.107740648484848,3.3865163439787,12.494256992463548,0,0.0767077,FALSE,TRUE,FALSE
MD,2024-08-05T09:30:00Z,8.312998164722222,4.089867712434817,12.402865877157039,0,0.0850986,FALSE,TRUE,FALSE
MD,2024-08-05T10:00:00Z,9.0403472,3.5099225301987182,12.550269730198718,0,0.203143,FALSE,TRUE,FALSE
MD,2024-08-05T10:30:00Z,9.371490819354838,3.1453070937335053,12.516797913088343,0.085222,0.070086,FALSE,TRUE,FALSE
MD,2024-08-05T11:00:00Z,8.702963179189188,3.6358277296586596,12.338790908847848,3.12364,0.0369073,FALSE,TRUE,FALSE
MD,2024-08-06T01:00:00Z,4.487805,7.76963592977587,12.25744092977587,7.76509,0.419318,FALSE,TRUE,FALSE
MD,2024-08-06T01:30:00Z,8.717757,3.2928181698813024,12.010575169881303,0.450864,0.50895,FALSE,TRUE,FALSE
MD,2024-08-06T02:00:00Z,7.51701,4.298360763657846,11.815370763657846,6.5951e-4,0.450048,FALSE,TRUE,FALSE
MD,2024-08-06T02:30:00Z,5.875208,5.8088529627202545,11.684060962720254,0,0.444407,FALSE,TRUE,FALSE
MD,2024-08-06T03:00:00Z,4.366315999999999,7.1757975103358795,11.542113510335879,0,0.379257,FALSE,TRUE,FALSE
MD,2024-08-06T03:30:00Z,7.034213,4.367244351746096,11.401457351746096,0,0.490629,FALSE,TRUE,FALSE
MD,2024-08-06T04:00:00Z,4.571572000000001,6.727741516609837,11.299313516609837,0,0.4433,FALSE,TRUE,FALSE
MD,2024-08-06T04:30:00Z,3.629569,7.611235882234254,11.240804882234254,0,0.324391,FALSE,TRUE,FALSE
MD,2024-08-06T05:00:00Z,4.8044009999999995,6.391522086799067,11.195923086799066,0,0.375756,FALSE,TRUE,FALSE
MD,2024-08-06T05:30:00Z,4.569173999999999,6.583020621857055,11.152194621857054,0,0.336753,FALSE,TRUE,FALSE
MD,2024-08-06T06:30:00Z,23.24572,-12.494792412998526,10.750927587001472,0,0.391678,TRUE,FALSE,FALSE
MD,2024-08-06T07:00:00Z,4.97762,5.497587474032807,10.475207474032807,0,0.3852,FALSE,TRUE,FALSE
MD,2024-08-06T07:30:00Z,8.8107780000000009,1.6039822171216702,10.414760217121671,0,0.336592,FALSE,TRUE,FALSE
MD,2024-08-06T08:00:00Z,6.482998,3.8948984960566566,10.377896496056657,0,0.377932,FALSE,TRUE,FALSE
MD,2024-08-06T08:30:00Z,0.26606699999999994,10.05072509888781,10.31679209888781,0,0.304923,FALSE,TRUE,FALSE
MD,2024-08-06T09:00:00Z,11.88145,-1.6062301606731566,10.275219839326843,0,0.371941,TRUE,FALSE,FALSE
MD,2024-08-06T09:30:00Z,32.69206,-22.447580215182068,10.24447978481793,0,0.59959,TRUE,FALSE,FALSE
MD,2024-08-06T10:00:00Z,32.699920000000006,-22.67703247273741,10.022887527262597,0,0.597578,TRUE,FALSE,FALSE
MD,2024-08-06T10:30:00Z,6.659382248000001,3.2076803980460573,9.867062646046058,0.0397885,0.361782,FALSE,TRUE,FALSE
MD,2024-08-06T11:00:00Z,24.09281,-14.290333427457716,9.802476572542284,1.05351,0.621675,TRUE,FALSE,FALSE
MD,2024-08-06T11:30:00Z,-29.030376999999998,38.80180880006346,9.771431800063466,2.81171,0.63976,FALSE,TRUE,FALSE
MD,2024-08-06T12:00:00Z,-14.918289999999999,24.59690112986231,9.678611129862311,3.59626,0.573119,FALSE,TRUE,FALSE
MD,2024-08-06T13:00:00Z,128.56,-118.94833345669521,9.611666543304798,19.6191,0.476794,TRUE,FALSE,FALSE
MD,2024-08-07T01:30:00Z,8.403876073055557,1.4680991222826805,9.871975195338237,1.31345,0.192268,FALSE,TRUE,FALSE
MD,2024-08-07T02:00:00Z,7.84352700825,1.6712461878237423,9.514773196073742,0.009279,0.0809923,FALSE,TRUE,FALSE
MD,2024-08-07T02:30:00Z,7.137419332790698,2.2722655083656047,9.409684841156302,0,0.150551,FALSE,TRUE,FALSE
MD,2024-08-07T03:00:00Z,7.109789555,2.2411349464027426,9.350924501402742,0,0.178052,FALSE,TRUE,FALSE
MD,2024-08-07T03:30:00Z,7.225142366052632,2.0092862160921783,9.23442858214481,0,0.15332,FALSE,TRUE,FALSE
MD,2024-08-07T04:00:00Z,7.125836822749999,2.0596159627989667,9.185452785548966,0,0.210487,FALSE,TRUE,FALSE
MD,2024-08-07T04:30:00Z,7.060109339268293,2.0096321651298537,9.069741504398147,0,0.0953774,FALSE,TRUE,FALSE
MD,2024-08-07T05:00:00Z,7.102858683170732,1.849945818757197,8.952804501927929,0,0.168455,FALSE,TRUE,FALSE
MD,2024-08-07T05:30:00Z,6.9300653856097565,1.944321925174611,8.874387310784368,0,0.175004,FALSE,TRUE,FALSE
MD,2024-08-07T06:00:00Z,6.51824745525,2.3020586739546314,8.820306129204631,0,0.0850329,FALSE,TRUE,FALSE
MD,2024-08-07T06:30:00Z,6.588768950277778,2.1626987299477882,8.751467680225566,0,0.158313,FALSE,TRUE,FALSE
MD,2024-08-07T07:00:00Z,6.690089696470588,1.9895832857380622,8.67967298220865,0,0.0911561,FALSE,TRUE,FALSE
MD,2024-08-07T07:30:00Z,6.701355181212121,1.8963376318392653,8.597692813051387,0,0.102762,FALSE,TRUE,FALSE
MD,2024-08-07T08:00:00Z,7.016113606428571,1.4753320421762615,8.491445648604833,0,0.0833095,FALSE,TRUE,FALSE
MD,2024-08-07T08:30:00Z,5.830141267272728,2.5052020849999757,8.335343352272703,0,0.10077,FALSE,TRUE,FALSE
MD,2024-08-07T09:00:00Z,5.830141267272728,2.4493967421721052,8.279538009444833,0,0.0883195,FALSE,TRUE,FALSE
MD,2024-08-07T09:30:00Z,4.062053872631579,4.064074016823965,8.126127889455544,0,0.0985128,FALSE,TRUE,FALSE
MD,2024-08-07T10:00:00Z,4.1245004458823535,3.909145005829937,8.03364545171229,0.00137474,0.172898,FALSE,TRUE,FALSE
MD,2024-08-07T10:30:00Z,4.1245004458823535,3.8952374943450474,8.019737940227401,0.34543,0.123158,FALSE,TRUE,FALSE
MD,2024-08-08T01:30:00Z,8.850932238809524,-0.5701304316169686,8.280801807192555,0.704655,0.029598,TRUE,FALSE,FALSE
MD,2024-08-08T03:00:00Z,6.973195546923077,1.1105314146677925,8.08372696159087,0,0.0832426,FALSE,TRUE,FALSE
MD,2024-08-08T05:00:00Z,6.483666458780488,1.0212321884327862,7.504898647213274,0,0.030069,FALSE,TRUE,FALSE
MD,2024-08-08T06:00:00Z,8.633935713116884,-1.3518400305400835,7.2820956825768,0,0.057053,TRUE,FALSE,FALSE
MD,2024-08-08T07:30:00Z,5.926862086086957,1.1974142828994232,7.12427636898638,0,0.0587475,FALSE,TRUE,FALSE
MD,2024-08-08T09:00:00Z,8.841299340921053,-1.8038785958030843,7.037420745117968,0,0.0694704,TRUE,FALSE,FALSE
MD,2024-08-08T10:30:00Z,8.841299340921053,-1.8987658992879926,6.94253344163306,0.187737,0.067758,TRUE,FALSE,FALSE
MD,2024-08-08T11:00:00Z,5.505535617272727,1.3145726256655017,6.820108242938229,7.77426,0.0316137,FALSE,TRUE,FALSE
MD,2024-08-09T01:00:00Z,8.846840615384615,-1.2332662349544048,7.61357438043021,8.60348,0.107652,TRUE,FALSE,FALSE
MD,2024-08-09T01:30:00Z,9.542720826086956,-1.9747106359976518,7.568010190089304,0.768532,0.16785,TRUE,FALSE,FALSE
MD,2024-08-09T02:00:00Z,9.542720826086956,-1.9826333899009194,7.560087436186037,0.00434709,0.115891,TRUE,FALSE,FALSE
MD,2024-08-09T02:30:00Z,9.446682829166667,-1.9146400902199643,7.532042738946703,0,0.116428,TRUE,FALSE,FALSE
MD,2024-08-09T03:00:00Z,9.56694539642857,-2.074865186718001,7.492080209710569,0,0.133969,TRUE,FALSE,FALSE
MD,2024-08-09T03:30:00Z,8.367008703939394,-0.9263814395927215,7.440627264346673,0,0.203193,TRUE,FALSE,FALSE
MD,2024-08-09T04:00:00Z,8.286076947941176,-0.8501850028195275,7.435891945121648,0,0.175835,TRUE,FALSE,FALSE
MD,2024-08-09T04:30:00Z,8.129226398,-0.7165825028047195,7.412643895195281,0,0.201943,TRUE,FALSE,FALSE
MD,2024-08-09T06:00:00Z,9.62542,-2.1979915392239695,7.427428460776031,0,0.285106,TRUE,FALSE,FALSE
MD,2024-08-09T06:30:00Z,5.670082,1.654622734716467,7.324704734716467,0,0.35888,FALSE,TRUE,FALSE
MD,2024-08-09T07:00:00Z,6.1993828,1.037235730551319,7.236618530551319,0,0.23413,FALSE,TRUE,FALSE
MD,2024-08-09T07:30:00Z,8.0094592,-0.8109953088016058,7.1984638911983945,0,0.23207,TRUE,FALSE,FALSE
MD,2024-08-09T08:00:00Z,8.937248,-1.7924330327987548,7.1448149672012455,0,0.317583,TRUE,FALSE,FALSE
MD,2024-08-09T09:30:00Z,8.0547201,-1.0963568610478998,6.958363238952101,0,0.275314,TRUE,FALSE,FALSE
MD,2024-08-10T00:30:00Z,4.34815,2.9312091615196874,7.279359161519688,6.1335,0.283197,FALSE,TRUE,FALSE
MD,2024-08-10T01:00:00Z,5.691076000000001,1.5971862231654654,7.288262223165466,3.90962,0.381797,FALSE,TRUE,FALSE
MD,2024-08-10T01:30:00Z,4.11730353,3.1420058760656113,7.259309406065611,0.354677,0.296827,FALSE,TRUE,FALSE
MD,2024-08-10T02:00:00Z,4.8987737000000005,2.328752261402241,7.227525961402241,0.00122706,0.305625,FALSE,TRUE,FALSE
MD,2024-08-10T04:00:00Z,4.53942098,2.3297175913986425,6.869138571398643,0,0.287541,FALSE,TRUE,FALSE
MD,2024-08-10T05:00:00Z,4.432623,2.3357113410816757,6.768334341081676,0,0.223958,FALSE,TRUE,FALSE
MD,2024-08-10T05:30:00Z,5.431005,1.3478750908243846,6.7788800908243845,0,0.243898,FALSE,TRUE,FALSE
MD,2024-08-10T06:00:00Z,4.1422419999999995,2.6167880259100063,6.759030025910006,0,0.222015,FALSE,TRUE,FALSE
MD,2024-08-10T09:00:00Z,7.276601,-0.6257417434181773,6.650859256581823,0,0.264143,TRUE,FALSE,FALSE
MD,2024-08-10T09:30:00Z,5.036603,1.5893877909394334,6.625990790939434,0,0.239392,FALSE,TRUE,FALSE
MD,2024-08-10T10:00:00Z,4.035501,2.581315517110329,6.616816517110329,6.66166e-4,0.267573,FALSE,TRUE,FALSE
MD,2024-08-10T10:30:00Z,4.943364,1.6685599179870048,6.611923917987005,0.202053,0.253097,FALSE,TRUE,FALSE
MD,2024-08-10T11:00:00Z,1.751734,4.877773571946358,6.629507571946358,6.72206,0.31597,FALSE,TRUE,FALSE
MD,2024-08-11T01:00:00Z,5.1004266,2.3939705519562784,7.494397151956278,3.14636,0.272754,FALSE,TRUE,FALSE
MD,2024-08-11T01:30:00Z,4.218376,3.32712525962683,7.54550125962683,0.110893,0.323833,FALSE,TRUE,FALSE
MD,2024-08-11T02:00:00Z,5.5262311,2.0569601162941886,7.583191216294189,5.61385e-4,0.359699,FALSE,TRUE,FALSE
MD,2024-08-11T02:30:00Z,5.680528,1.864353746402049,7.544881746402049,0,0.292,FALSE,TRUE,FALSE
MD,2024-08-11T03:00:00Z,5.615328999999999,1.833938250579413,7.449267250579412,0,0.357766,FALSE,TRUE,FALSE
MD,2024-08-11T03:30:00Z,4.713513,2.6299740510569594,7.343487051056959,0,0.218136,FALSE,TRUE,FALSE
MD,2024-08-11T05:30:00Z,12.16012,-5.002451305250254,7.157668694749745,0,0.242688,TRUE,FALSE,FALSE
MD,2024-08-11T09:30:00Z,5.926862086086957,1.0098465598705433,6.9367086459575,0,0.0906026,FALSE,TRUE,FALSE
MD,2024-08-12T01:00:00Z,5.7534794485714285,2.3088824399300316,8.06236188850146,8.08528,0.173924,FALSE,TRUE,FALSE
MD,2024-08-12T01:30:00Z,5.911141613589743,2.0202054844196047,7.931347098009348,0.350307,0.0940264,FALSE,TRUE,FALSE
MD,2024-08-12T02:00:00Z,6.703050286744186,1.0817509385582227,7.784801225302409,0.00156261,0.108983,FALSE,TRUE,FALSE
MD,2024-08-12T07:00:00Z,8.297671460095238,-0.8684512133217135,7.429220246773524,0,0.0606151,TRUE,FALSE,FALSE
MD,2024-08-12T07:30:00Z,8.297671460095238,-0.9348104971840474,7.36286096291119,0,0.078317,TRUE,FALSE,FALSE
MD,2024-08-12T08:00:00Z,8.297671460095238,-1.1061830602127145,7.191488399882523,0,0.0358275,TRUE,FALSE,FALSE
MD,2024-08-12T08:30:00Z,8.297671460095238,-1.2485558303541655,7.049115629741072,0,0.0505798,TRUE,FALSE,FALSE
MD,2024-08-12T09:00:00Z,8.297671460095238,-1.3327117343509194,6.964959725744318,0,0.0450259,TRUE,FALSE,FALSE
MD,2024-08-12T09:30:00Z,8.297671460095238,-1.3702550039202466,6.927416456174991,0,0.040765,TRUE,FALSE,FALSE
MD,2024-08-12T10:00:00Z,8.297671460095238,-1.4535881595932683,6.8440833005019694,1.75046e-5,0.10234,TRUE,FALSE,FALSE
MD,2024-08-12T10:30:00Z,8.297671460095238,-1.4600865462454156,6.837584913849822,0.0778629,0.049694,TRUE,FALSE,FALSE
MD,2024-08-12T11:00:00Z,8.19560194682243,-1.3595974847314425,6.836004462090988,3.61894,0.0933356,TRUE,FALSE,FALSE
MD,2024-08-12T12:30:00Z,8.563030000000001,-1.1865525718027605,7.376477428197241,163.015,0.0998328,TRUE,FALSE,FALSE
MD,2024-08-13T01:30:00Z,6.057874811111112,2.3470522317483224,8.404927042859434,0.340047,0.126481,FALSE,TRUE,FALSE
MD,2024-08-13T02:00:00Z,6.413903479736842,1.8822217385240059,8.296125218260848,0.00146695,0.0863452,FALSE,TRUE,FALSE
MD,2024-08-13T02:30:00Z,6.37465273,1.8344008733413348,8.209053603341335,0,0.0389106,FALSE,TRUE,FALSE
MD,2024-08-13T03:00:00Z,7.019976612857143,1.0767293217493012,8.096705934606444,0,0.0219728,FALSE,TRUE,FALSE
MD,2024-08-13T03:30:00Z,7.0269133346,1.009943038057573,8.036856372657573,0,0.10378,FALSE,TRUE,FALSE
MD,2024-08-13T05:00:00Z,8.450704748137255,-0.6768259269449803,7.773878821192275,0,0.0978036,TRUE,FALSE,FALSE
MD,2024-08-13T07:00:00Z,8.352474737857143,-0.7380228985260935,7.61445183933105,0,0.0509383,TRUE,FALSE,FALSE
MD,2024-08-13T07:30:00Z,8.387267054742267,-0.6724307214559024,7.714836333286365,0,0.0613309,TRUE,FALSE,FALSE
MD,2024-08-13T08:00:00Z,8.382855482395833,-0.6510099587503291,7.731845523645504,0,0.0415837,TRUE,FALSE,FALSE
MD,2024-08-13T08:30:00Z,8.402853982210527,-0.7539800204395526,7.648873961770974,0,0.0214596,TRUE,FALSE,FALSE
MD,2024-08-13T09:00:00Z,8.489415545851065,-0.9103947305200624,7.579020815331003,0,0.0263745,TRUE,FALSE,FALSE
MD,2024-08-13T10:00:00Z,6.24221479939394,1.2560289646502651,7.498243764044205,0,0.0291221,FALSE,TRUE,FALSE
MD,2024-08-13T10:30:00Z,5.331391044516129,2.139265448041175,7.470656492557304,0.0686929,0.0349272,FALSE,TRUE,FALSE
MD,2024-08-13T11:00:00Z,5.247218299285715,2.17210881047387,7.4193271097595845,3.64079,0.0339305,FALSE,TRUE,FALSE
MD,2024-08-14T01:00:00Z,3.8201658571428574,5.146011989391125,8.966177846533983,8.24614,0.0979244,FALSE,TRUE,FALSE
MD,2024-08-14T01:30:00Z,4.738485555555555,4.073610062981833,8.812095618537388,0.328166,0.0372326,FALSE,TRUE,FALSE
MD,2024-08-14T02:00:00Z,5.991104901071429,2.5372404208380797,8.528345321909509,7.2164e-4,0.0537796,FALSE,TRUE,FALSE
MD,2024-08-14T02:30:00Z,6.088561967575758,2.33082126083037,8.419383228406128,0,0.096346,FALSE,TRUE,FALSE
MD,2024-08-14T03:00:00Z,6.077627103846154,2.4766396565459656,8.55426676039212,0,0.0960927,FALSE,TRUE,FALSE
MD,2024-08-14T03:30:00Z,5.991104901071429,2.546173646996751,8.53727854806818,0,0.0786249,FALSE,TRUE,FALSE
MD,2024-08-14T04:00:00Z,6.041453159032258,2.416736568636443,8.458189727668701,0,0.0437374,FALSE,TRUE,FALSE
MD,2024-08-14T04:30:00Z,6.4728439925,1.726749847629236,8.199593840129236,0,0.0717354,FALSE,TRUE,FALSE
MD,2024-08-14T05:00:00Z,6.477996884594595,1.661567757693443,8.139564642288038,0,0.0416307,FALSE,TRUE,FALSE
MD,2024-08-14T05:30:00Z,6.653283814166667,1.385737678310111,8.039021492476778,0,0.0593908,FALSE,TRUE,FALSE
MD,2024-08-15T01:00:00Z,5.70695905,3.66180310890633,9.36876215890633,4.91582,0.124788,FALSE,TRUE,FALSE
MD,2024-08-15T01:30:00Z,6.673409,2.5268332120963626,9.200242212096363,0.129561,0.0589645,FALSE,TRUE,FALSE
MD,2024-08-15T02:00:00Z,6.222491695833333,2.5704617036162114,8.792953399449544,1.03796e-4,0.021437,FALSE,TRUE,FALSE
MD,2024-08-15T02:30:00Z,6.184782361515151,2.4530385778598136,8.637820939374965,0,0.0331771,FALSE,TRUE,FALSE
MD,2024-08-15T03:00:00Z,6.310350392285715,2.148932952979143,8.459283345264858,0,0.0328642,FALSE,TRUE,FALSE
MD,2024-08-15T03:30:00Z,6.4728439925,1.9548395088751214,8.427683501375121,0,0.0335495,FALSE,TRUE,FALSE
MD,2024-08-15T04:00:00Z,6.426981729210526,1.9019362389311052,8.328917968141631,0,0.0576173,FALSE,TRUE,FALSE
MD,2024-08-15T04:30:00Z,6.196035560789474,2.083199987860908,8.279235548650382,0,0.122592,FALSE,TRUE,FALSE
MD,2024-08-15T05:00:00Z,6.2913327489189195,2.0256234794379813,8.3169562283569,0,0.0278435,FALSE,TRUE,FALSE
MD,2024-08-15T05:30:00Z,6.3022274919444445,2.0243460201014916,8.326573512045936,0,0.0699782,FALSE,TRUE,FALSE
MD,2024-08-15T07:00:00Z,6.114476452894737,1.924589405175439,8.039065858070176,0,0.0394255,FALSE,TRUE,FALSE
MD,2024-08-15T07:30:00Z,6.114476452894737,1.9273693555658564,8.041845808460593,0,0.0855699,FALSE,TRUE,FALSE
MD,2024-08-15T08:00:00Z,6.359180142368421,1.7502157025340708,8.109395844902492,0,0.0562784,FALSE,TRUE,FALSE
MD,2024-08-15T08:30:00Z,6.620249251621622,1.6515023626417547,8.271751614263376,0,0.120287,FALSE,TRUE,FALSE
MD,2024-08-15T09:00:00Z,6.4728439925,2.003651713768809,8.476495706268809,0,0.0559848,FALSE,TRUE,FALSE
MD,2024-08-15T09:30:00Z,6.4728439925,2.0209765017644035,8.493820494264403,0,0.0840932,FALSE,TRUE,FALSE
MD,2024-08-15T10:00:00Z,6.47255647918919,1.9957649047222796,8.46832138391147,0,0.0981975,FALSE,TRUE,FALSE
MD,2024-08-15T10:30:00Z,6.477996884594595,1.9736437903945054,8.4516406749891,0.0514065,0.0864116,FALSE,TRUE,FALSE
MD,2024-08-15T11:00:00Z,6.313293335,2.1263377797886465,8.439631114788646,4.80071,0.0865175,FALSE,TRUE,FALSE
MD,2024-08-15T21:30:00Z,34.12379,-24.78097308149706,9.342816918502942,158.299,0.5014,TRUE,FALSE,FALSE
MD,2024-08-15T22:00:00Z,15.680140000000002,-6.533867003101042,9.14627299689896,95.9423,0.415419,TRUE,FALSE,FALSE
MD,2024-08-16T01:00:00Z,7.67366,1.1536997167133514,8.827359716713351,1.5982,0.439961,FALSE,TRUE,FALSE
MD,2024-08-16T01:30:00Z,17.10778,-8.337412149876082,8.77036785012392,0.0264741,0.461255,TRUE,FALSE,FALSE
MD,2024-08-16T02:00:00Z,14.966940000000001,-6.2214353391913715,8.74550466080863,0,0.527604,TRUE,FALSE,FALSE
MD,2024-08-16T02:30:00Z,-3.7761880000000003,12.509800352439427,8.733612352439428,0,0.563089,FALSE,TRUE,FALSE
MD,2024-08-16T03:00:00Z,3.27168,5.47278077451273,8.74446077451273,0,0.550247,FALSE,TRUE,FALSE
MD,2024-08-16T03:30:00Z,42.75005,-33.99650120683759,8.75354879316241,0,0.609756,TRUE,FALSE,FALSE
MD,2024-08-16T05:00:00Z,14.18092,-5.361623756255987,8.819296243744013,0,0.516012,TRUE,FALSE,FALSE
MD,2024-08-16T05:30:00Z,9.446836999999999,-0.6277723664885855,8.819064633511413,0,0.517944,TRUE,FALSE,FALSE
MD,2024-08-16T06:00:00Z,6.307259999999999,2.520742462857063,8.828002462857063,0,0.478971,FALSE,TRUE,FALSE
MD,2024-08-16T06:30:00Z,3.893722,4.937926538646714,8.831648538646714,0,0.378293,FALSE,TRUE,FALSE
MD,2024-08-16T07:00:00Z,10.390659,-1.562610040086751,8.828048959913248,0,0.427599,TRUE,FALSE,FALSE
MD,2024-08-16T07:30:00Z,10.371835,-1.5351967250792082,8.836638274920793,0,0.490211,TRUE,FALSE,FALSE
MD,2024-08-16T08:00:00Z,6.0962629999999995,2.752857847108616,8.849120847108615,0,0.433635,FALSE,TRUE,FALSE
MD,2024-08-16T08:30:00Z,7.354076,1.5070017450135795,8.86107774501358,0,0.351967,FALSE,TRUE,FALSE
MD,2024-08-16T09:00:00Z,6.75505,2.1238238208600935,8.878873820860093,0,0.431698,FALSE,TRUE,FALSE
MD,2024-08-16T09:30:00Z,7.446527,1.42379282246654,8.87031982246654,0,0.433816,FALSE,TRUE,FALSE
MD,2024-08-16T10:30:00Z,38.34712,-29.46100354542414,8.886116454575856,0.00669741,0.452947,TRUE,FALSE,FALSE
MD,2024-08-16T11:00:00Z,5.41921,3.4643500828459945,8.883560082845994,0.10674,0.49625,FALSE,TRUE,FALSE
MD,2024-08-16T11:30:00Z,-9.14315,18.02378703613889,8.880637036138891,3.39248,0.44741,FALSE,TRUE,FALSE
MD,2024-08-16T13:30:00Z,16.17517,-7.235030518737123,8.940139481262879,25.4475,0.399543,TRUE,FALSE,FALSE
MD,2024-08-16T14:00:00Z,16.422903,-7.429815688287622,8.99308731171238,40.6786,0.465822,TRUE,FALSE,FALSE
MD,2024-08-16T18:00:00Z,14.310970000000001,-4.736626455010372,9.57434354498963,158.639,0.245126,TRUE,FALSE,FALSE
MD,2024-08-17T03:30:00Z,24.94171,-15.94426382023963,8.99744617976037,NA,0.576097,TRUE,FALSE,FALSE
MD,2024-08-17T08:30:00Z,10.955442999999999,-1.8617343194564064,9.093708680543592,NA,0.24177,TRUE,FALSE,FALSE
MD,2024-08-17T09:30:00Z,11.960006,-2.849186683408016,9.110819316591984,NA,0.155605,TRUE,FALSE,FALSE
MD,2024-08-17T10:00:00Z,11.3497185,-2.2344095273560107,9.115308972643989,NA,0.16274,TRUE,FALSE,FALSE
MD,2024-08-17T13:30:00Z,10.40704,-1.207854733080703,9.199185266919297,NA,0.322514,TRUE,FALSE,FALSE
MD,2024-08-17T20:30:00Z,17.687559999999998,-7.639321849803002,10.048238150196996,NA,0.508511,TRUE,FALSE,FALSE
MD,2024-08-17T22:30:00Z,15.7457,-5.903845485214127,9.841854514785872,NA,0.339116,TRUE,FALSE,FALSE
MD,2024-08-18T04:00:00Z,9.6947955,-0.9273134155176859,8.767482084482314,NA,0.246196,TRUE,FALSE,FALSE
MD,2024-08-18T07:30:00Z,10.284135000000001,-1.9254100516966712,8.35872494830333,NA,0.264182,TRUE,FALSE,FALSE
MD,2024-08-18T10:00:00Z,10.314782000000001,-2.3233958852430963,7.991386114756905,NA,0.27942,TRUE,FALSE,FALSE
MD,2024-08-18T12:00:00Z,18.636229999999998,-10.599883678342549,8.036346321657449,NA,0.350482,TRUE,FALSE,FALSE
MD,2024-08-19T03:00:00Z,12.984057,-4.53058127019008,8.45347572980992,1.32395e-4,0.363326,TRUE,FALSE,FALSE
MD,2024-08-19T03:30:00Z,9.490816,-1.1627522207339176,8.328063779266083,3.68339e-4,0.307648,TRUE,FALSE,FALSE
MD,2024-08-19T05:30:00Z,6.92283,1.0505307022007075,7.973360702200708,7.19421e-4,0.270887,FALSE,TRUE,FALSE
MD,2024-08-19T06:00:00Z,6.55342,1.3704598579929304,7.92387985799293,7.84755e-4,0.284624,FALSE,TRUE,FALSE
MD,2024-08-19T07:00:00Z,6.1622563999999995,1.677815820694204,7.8400722206942035,7.62073e-4,0.274089,FALSE,TRUE,FALSE
MD,2024-08-19T08:00:00Z,7.742691,-0.7737690453607335,6.968921954639266,NA,0.293738,TRUE,FALSE,FALSE
MD,2024-08-19T09:30:00Z,9.555562,-2.8520714006640935,6.703490599335907,NA,0.274278,TRUE,FALSE,FALSE
MD,2024-08-19T10:30:00Z,8.203615000000001,-1.5199701267690884,6.683644873230913,NA,0.230962,TRUE,FALSE,FALSE
MD,2024-08-20T03:00:00Z,9.178566,-1.6298471892322786,7.5487188107677214,4.11485e-4,0.226561,TRUE,FALSE,FALSE
MD,2024-08-20T03:30:00Z,6.317596,1.1407245206711192,7.458320520671119,8.0867e-4,0.226992,FALSE,TRUE,FALSE
MD,2024-08-20T06:30:00Z,5.196923875,1.7007301357317903,6.897654010731791,0.00146892,0.127039,FALSE,TRUE,FALSE
MD,2024-08-20T07:00:00Z,5.327267,1.3973997657145576,6.724666765714558,0.00156236,0.0784601,FALSE,TRUE,FALSE
MD,2024-08-20T07:30:00Z,8.02338343125,-1.3511696068993135,6.6722138243506866,0.00144574,0.071556,TRUE,FALSE,FALSE
MD,2024-08-20T08:00:00Z,7.9528680000000005,-1.345237809114404,6.6076301908855966,0.0013814,0.0381495,TRUE,FALSE,FALSE
MD,2024-08-20T08:30:00Z,8.02338343125,-1.47462006195033,6.54876336929967,0.00127957,0.0395771,TRUE,FALSE,FALSE
MD,2024-08-20T09:00:00Z,7.9528680000000005,-1.376039944043172,6.576828055956828,9.98757e-4,0.112769,TRUE,FALSE,FALSE
MD,2024-08-20T09:30:00Z,7.9528680000000005,-1.3675182375302564,6.585349762469744,8.60198e-4,0.103133,TRUE,FALSE,FALSE
MD,2024-08-20T10:00:00Z,7.9528680000000005,-1.3790115630685822,6.573856436931418,6.83671e-4,0.110463,TRUE,FALSE,FALSE
MD,2024-08-20T10:30:00Z,8.02338343125,-1.5277104030274895,6.495673028222511,0.0218375,0.104554,TRUE,FALSE,FALSE
MD,2024-08-20T11:00:00Z,7.864115646938776,-1.3561350133810501,6.507980633557726,2.2864,0.0845591,TRUE,FALSE,FALSE
MD,2024-08-21T05:30:00Z,5.1676483,1.6164549688376626,6.784103268837662,7.94124e-4,0.0943779,FALSE,TRUE,FALSE
MD,2024-08-21T06:00:00Z,8.922058,-2.2264575751410867,6.695600424858913,0.00104387,0.0969146,TRUE,FALSE,FALSE
MD,2024-08-21T06:30:00Z,5.327267,1.2644758846464788,6.591742884646479,0.00118188,0.0452182,FALSE,TRUE,FALSE
MD,2024-08-21T07:00:00Z,7.9528680000000005,-1.4585074176837907,6.49436058231621,0.00119106,0.036441,TRUE,FALSE,FALSE
MD,2024-08-21T07:30:00Z,8.02338343125,-1.642842537803598,6.380540893446402,0.00119723,0.0282379,TRUE,FALSE,FALSE
MD,2024-08-21T08:00:00Z,8.02338343125,-1.686825514681071,6.336557916568929,0.00129338,0.0213017,TRUE,FALSE,FALSE
MD,2024-08-21T08:30:00Z,8.02338343125,-1.6957058939307235,6.327677537319277,0.0011851400000000001,0.0379291,TRUE,FALSE,FALSE
MD,2024-08-21T09:00:00Z,8.02338343125,-1.6995167742531558,6.323866656996844,0.00101823,0.0452497,TRUE,FALSE,FALSE
MD,2024-08-21T09:30:00Z,8.02338343125,-1.8053824032435184,6.218001028006482,9.51913e-4,0.0298337,TRUE,FALSE,FALSE
MD,2024-08-21T10:00:00Z,8.02338343125,-1.853761217870657,6.169622213379343,9.01618e-4,0.0267547,TRUE,FALSE,FALSE
MD,2024-08-21T10:30:00Z,8.02338343125,-1.8891725608580474,6.134210870391953,0.0109668,0.0505245,TRUE,FALSE,FALSE
MD,2024-08-21T11:00:00Z,8.02338343125,-2.0042342376130753,6.019149193636925,1.57751,0.0529794,TRUE,FALSE,FALSE
MD,2024-08-21T11:30:00Z,19.059549999999998,-12.981240801903692,6.0783091980963055,24.7425,0.0222959,TRUE,FALSE,FALSE
MD,2024-08-22T01:00:00Z,5.754727473333333,1.904753761201758,7.659481234535091,2.39956,0.114896,FALSE,TRUE,FALSE
MD,2024-08-22T05:30:00Z,8.02338343125,-1.3419368713908764,6.681446559859124,5.60645e-4,0.0510884,TRUE,FALSE,FALSE
MD,2024-08-22T06:30:00Z,8.02338343125,-1.4668566970437613,6.556526734206239,8.15081e-4,0.0253762,TRUE,FALSE,FALSE
MD,2024-08-22T07:00:00Z,8.02338343125,-1.4867587829115534,6.536624648338447,9.50927e-4,0.0282729,TRUE,FALSE,FALSE
MD,2024-08-22T07:30:00Z,8.02338343125,-1.5589171438811489,6.464466287368851,9.4954e-4,0.0171608,TRUE,FALSE,FALSE
MD,2024-08-22T08:00:00Z,8.02338343125,-1.5886466525999383,6.434736778650062,8.08423e-4,0.0391573,TRUE,FALSE,FALSE
MD,2024-08-22T08:30:00Z,8.02338343125,-1.601990751650792,6.421392679599208,8.88057e-4,0.0439009,TRUE,FALSE,FALSE
MD,2024-08-22T09:00:00Z,8.02338343125,-1.6447669876059736,6.3786164436440265,8.45652e-4,0.0503244,TRUE,FALSE,FALSE
MD,2024-08-22T09:30:00Z,8.02338343125,-1.6959070670733523,6.327476364176648,8.80168e-4,0.0248447,TRUE,FALSE,FALSE
MD,2024-08-22T10:00:00Z,8.02338343125,-1.7564848990586839,6.266898532191316,9.08521e-4,0.0276199,TRUE,FALSE,FALSE
MD,2024-08-22T10:30:00Z,8.02338343125,-1.8397178410760455,6.183665590173955,0.0110645,0.0622845,TRUE,FALSE,FALSE
MD,2024-08-22T11:00:00Z,7.864115646938776,-1.7107144508808076,6.153401196057969,1.71881,0.0482426,TRUE,FALSE,FALSE
MD,2024-08-22T11:30:00Z,10.71,-4.587562222017252,6.122437777982749,19.5212,0.0416762,TRUE,FALSE,FALSE
MD,2024-08-23T02:30:00Z,7.443891750000001,-0.689972398219405,6.7539193517805955,0,0.0461085,TRUE,FALSE,FALSE
MD,2024-08-23T03:30:00Z,7.1397025,-0.5423784855444298,6.5973240144555705,3.20515e-6,0.0513209,TRUE,FALSE,FALSE
MD,2024-08-23T04:00:00Z,7.1397025,-0.6151013570132022,6.524601142986798,1.38312e-4,0.0435327,TRUE,FALSE,FALSE
MD,2024-08-23T04:30:00Z,7.6920885675,-1.3143456489967074,6.377742918503293,2.93143e-4,0.0357216,TRUE,FALSE,FALSE
MD,2024-08-23T05:00:00Z,7.668514146153846,-1.3121854947256404,6.356328651428206,1.41024e-4,0.0474811,TRUE,FALSE,FALSE
MD,2024-08-23T05:30:00Z,7.497135044736842,-1.1661964999735144,6.3309385447633275,2.48518e-4,0.023327,TRUE,FALSE,FALSE
MD,2024-08-23T06:00:00Z,7.4444403972972975,-1.1652662072093323,6.279174190087965,5.38856e-4,0.0594304,TRUE,FALSE,FALSE
MD,2024-08-23T06:30:00Z,7.476028741666666,-1.270676735410655,6.205352006256011,5.53988e-4,0.0243845,TRUE,FALSE,FALSE
MD,2024-08-23T07:00:00Z,7.578380362857143,-1.4423858429815626,6.13599451987558,5.33032e-4,0.0273092,TRUE,FALSE,FALSE
MD,2024-08-23T07:30:00Z,5.2954404,1.0452947566666975,6.340735156666698,5.83327e-4,0.0446224,FALSE,TRUE,FALSE
MD,2024-08-23T08:30:00Z,7.443891750000001,-0.7160728163369381,6.7278189336630625,5.65576e-4,0.0228264,TRUE,FALSE,FALSE
MD,2024-08-23T10:30:00Z,7.443891750000001,-0.7726154810916794,6.671276268908321,0.00827679,0.0061282,TRUE,FALSE,FALSE
MD,2024-08-24T03:00:00Z,7.6287100444444444,-0.573531315057763,7.0551787293866814,0,0.0468204,TRUE,FALSE,FALSE
MD,2024-08-24T06:00:00Z,7.57925064,-0.5621109852928949,7.017139654707105,0,0.0674355,TRUE,FALSE,FALSE
MD,2024-08-24T09:00:00Z,7.57925064,-0.5979242459791383,6.981326394020861,3.77955e-4,0.0150735,TRUE,FALSE,FALSE
MD,2024-08-24T10:30:00Z,7.332035771428572,-0.5233544696103705,6.8086813018182015,0.0056385,0.0339253,TRUE,FALSE,FALSE
MD,2024-08-24T11:00:00Z,7.080477213636364,-0.5362411998981065,6.544236013738257,1.2125,0.0439904,TRUE,FALSE,FALSE
MD,2024-08-25T02:30:00Z,7.91603357,-0.5397773824856777,7.376256187514322,0,0.031403,TRUE,FALSE,FALSE
MD,2024-08-25T03:00:00Z,7.91603357,-0.6236703217787332,7.292363248221267,0,0.0239033,TRUE,FALSE,FALSE
MD,2024-08-25T03:30:00Z,7.8660651545454545,-0.6027383305140575,7.263326824031397,0,0.0599317,TRUE,FALSE,FALSE
MD,2024-08-25T04:30:00Z,7.697220009090909,-0.5049603263806732,7.192259682710236,0,0.0342914,TRUE,FALSE,FALSE
MD,2024-08-25T05:30:00Z,7.697220009090909,-0.5335243893381705,7.163695619752739,0,0.0272217,TRUE,FALSE,FALSE
MD,2024-08-25T07:00:00Z,7.8660651545454545,-0.6248134828243392,7.241251671721115,0,0.0607329,TRUE,FALSE,FALSE
MD,2024-08-25T08:00:00Z,7.697220009090909,-0.5467347541561507,7.150485254934758,0,0.0774548,TRUE,FALSE,FALSE
MD,2024-08-25T10:00:00Z,7.7155195545454545,-0.6735061088272598,7.042013445718195,0,0.0578615,TRUE,FALSE,FALSE
MD,2024-08-25T10:30:00Z,7.7155195545454545,-0.6296762313641269,7.085843323181328,0.00355272,0.0872448,TRUE,FALSE,FALSE
MD,2024-08-25T11:00:00Z,7.697220009090909,-0.5686338655741263,7.128586143516783,0.643764,0.0608846,TRUE,FALSE,FALSE
MD,2024-08-25T12:00:00Z,10.25795,-2.954731575476531,7.303218424523468,33.0462,0.112844,TRUE,FALSE,FALSE
MD,2024-08-25T12:30:00Z,8.318821,-0.8861840966320882,7.432636903367912,118.501,0.0941915,TRUE,FALSE,FALSE
MD,2024-08-26T02:00:00Z,8.172689244444445,-0.8737244529421746,7.298964791502271,NA,0.0276118,TRUE,FALSE,FALSE
MD,2024-08-26T02:30:00Z,8.45603139,-1.2452862252545849,7.210745164745415,NA,0.067383,TRUE,FALSE,FALSE
MD,2024-08-26T03:00:00Z,8.181621069230768,-1.031133531888183,7.150487537342586,NA,0.1014,TRUE,FALSE,FALSE
MD,2024-08-26T03:30:00Z,8.4750125,-1.3690803288805924,7.105932171119408,NA,0.0374538,TRUE,FALSE,FALSE
MD,2024-08-26T04:00:00Z,8.000151666666667,-0.9238595015967244,7.076292165069943,NA,0.061805,TRUE,FALSE,FALSE
MD,2024-08-26T04:30:00Z,7.62092125,-0.5698541901150316,7.051067059884969,NA,0.0897676,TRUE,FALSE,FALSE
MD,2024-08-26T08:30:00Z,13.958995000000002,-7.022973809162519,6.936021190837483,NA,0.118668,TRUE,FALSE,FALSE
MD,2024-08-26T09:00:00Z,32.820330000000006,-25.91584109688174,6.904488903118267,NA,0.110168,TRUE,FALSE,FALSE
MD,2024-08-26T09:30:00Z,24.754980333333336,-17.86321418371825,6.891766149615086,NA,0.096794,TRUE,FALSE,FALSE
MD,2024-08-26T10:00:00Z,21.393619750000003,-14.492821696083254,6.900798053916749,NA,0.0879556,TRUE,FALSE,FALSE
MD,2024-08-26T10:30:00Z,19.3304976,-12.401098401701216,6.929399198298785,NA,0.0948146,TRUE,FALSE,FALSE
MD,2024-08-26T11:00:00Z,9.590928285714286,-2.6054277831900254,6.9855005025242605,NA,0.185537,TRUE,FALSE,FALSE
MD,2024-08-27T03:30:00Z,8.4750125,-1.5346364275586089,6.940376072441391,NA,0.150421,TRUE,FALSE,FALSE
MD,2024-08-27T04:00:00Z,11.373816,-4.462469433506492,6.911346566493508,NA,0.237867,TRUE,FALSE,FALSE
MD,2024-08-27T08:30:00Z,13.958995000000002,-7.185359461137809,6.773635538862193,NA,0.172858,TRUE,FALSE,FALSE
MD,2024-08-27T09:00:00Z,32.820330000000006,-26.07756739887408,6.742762601125926,NA,0.552074,TRUE,FALSE,FALSE
MD,2024-08-27T09:30:00Z,50.258300000000006,-43.52804095609279,6.730259043907217,NA,0.39554,TRUE,FALSE,FALSE
MD,2024-08-27T10:00:00Z,15.382360000000002,-8.64335970627336,6.739000293726642,NA,0.345832,TRUE,FALSE,FALSE
MD,2024-08-27T10:30:00Z,8.624281,-1.8574295497683737,6.766851450231626,NA,0.398259,TRUE,FALSE,FALSE
MD,2024-08-27T11:00:00Z,11.309538,-4.487981372652832,6.821556627347168,NA,0.264563,TRUE,FALSE,FALSE
MD,2024-08-27T11:30:00Z,11.078009,-4.181747222997884,6.896261777002116,NA,0.348749,TRUE,FALSE,FALSE
MD,2024-08-27T19:30:00Z,60.1859,-52.7819863451805,7.403913654819498,NA,1.17565,TRUE,FALSE,FALSE
MD,2024-08-27T20:00:00Z,90.48073000000001,-82.79491954414371,7.685810455856297,NA,0.660096,TRUE,FALSE,FALSE
MD,2024-08-28T02:30:00Z,7.137495966666666,-0.7186446623212435,6.418851304345423,NA,0.0317221,TRUE,FALSE,FALSE
MD,2024-08-28T03:00:00Z,9.6512455,-3.3224317484823382,6.328813751517662,NA,0.129533,TRUE,FALSE,FALSE
MD,2024-08-28T03:30:00Z,8.4750125,-2.232479964520449,6.242532535479551,NA,0.0796223,TRUE,FALSE,FALSE
MD,2024-08-28T07:00:00Z,13.127146,-7.122515066062801,6.004630933937198,NA,0.369694,TRUE,FALSE,FALSE
MD,2024-08-28T09:00:00Z,10.67673,-4.68127159706301,5.995458402936989,NA,0.217415,TRUE,FALSE,FALSE
MD,2024-08-28T09:30:00Z,8.006763999999999,-2.047349482465358,5.959414517534641,NA,0.265693,TRUE,FALSE,FALSE
MD,2024-08-28T10:00:00Z,9.444980000000001,-3.5038668173648686,5.941113182635132,NA,0.303994,TRUE,FALSE,FALSE
MD,2024-08-28T10:30:00Z,9.034082666666666,-3.107540363039873,5.9265423036267935,NA,0.184625,TRUE,FALSE,FALSE
MD,2024-08-28T11:00:00Z,9.547742,-3.631479297157691,5.9162627028423085,NA,0.206013,TRUE,FALSE,FALSE
MD,2024-08-28T11:30:00Z,9.650504,-3.721961337111627,5.928542662888373,NA,0.221777,TRUE,FALSE,FALSE
MD,2024-08-29T02:30:00Z,7.137495966666666,-0.8459618618993954,6.291534104767271,NA,0.120896,TRUE,FALSE,FALSE
MD,2024-08-29T03:00:00Z,8.196575975,-1.9935951006065382,6.202980874393462,NA,0.0413798,TRUE,FALSE,FALSE
MD,2024-08-29T03:30:00Z,7.4209875,-1.3022546038054363,6.1187328961945635,NA,0.0476019,TRUE,FALSE,FALSE
MD,2024-08-29T05:30:00Z,7.327110000000001,-1.4079114428342594,5.919198557165742,NA,0.341725,TRUE,FALSE,FALSE
MD,2024-08-29T06:00:00Z,7.127992,-1.1977942155210881,5.930197784478912,NA,0.318492,TRUE,FALSE,FALSE
MD,2024-08-29T07:00:00Z,7.610589,-1.6538298711776633,5.956759128822337,NA,0.332729,TRUE,FALSE,FALSE
MD,2024-08-29T07:30:00Z,9.917986,-3.9423419910755175,5.975644008924483,NA,0.328156,TRUE,FALSE,FALSE
MD,2024-08-29T08:00:00Z,7.8794312,-1.88691596947874,5.99251523052126,NA,0.305623,TRUE,FALSE,FALSE
MD,2024-08-29T08:30:00Z,8.699197,-2.7009231660354542,5.998273833964546,NA,0.277576,TRUE,FALSE,FALSE
MD,2024-08-29T09:00:00Z,7.526559,-1.5261980209660821,6.000360979033918,NA,0.262966,TRUE,FALSE,FALSE
MD,2024-08-29T09:30:00Z,7.9322479999999995,-1.967353644448968,5.964894355551031,NA,0.261761,TRUE,FALSE,FALSE
MD,2024-08-29T10:00:00Z,6.596687,-0.6416894550601384,5.954997544939862,NA,0.251952,TRUE,FALSE,FALSE
MD,2024-08-29T10:30:00Z,6.8001,-0.8529666183431495,5.94713338165685,NA,0.265883,TRUE,FALSE,FALSE
MD,2024-08-29T11:00:00Z,7.0124640000000005,-1.0810928288151898,5.931371171184811,NA,0.257771,TRUE,FALSE,FALSE
MD,2024-08-30T00:30:00Z,1.5398393000000001,5.536781780809331,7.076621080809331,9.80595,0.177549,FALSE,TRUE,FALSE
MD,2024-08-30T01:00:00Z,4.63901465,2.3117545068364134,6.950769156836413,0.255695,0.114358,FALSE,TRUE,FALSE
MD,2024-08-30T02:30:00Z,7.137495966666666,-0.5686508794794918,6.568845087187174,NA,0.18347,TRUE,FALSE,FALSE
MD,2024-08-30T03:00:00Z,7.137495966666666,-0.5935282526282446,6.543967714038422,NA,0.152973,TRUE,FALSE,FALSE
MD,2024-08-30T03:30:00Z,7.928675,-1.4066838003979392,6.521991199602061,NA,0.256405,TRUE,FALSE,FALSE
MD,2024-08-30T04:00:00Z,7.3058836666666664,-1.4131540007706551,5.892729665896011,NA,NA,TRUE,FALSE,FALSE
MD,2024-08-30T04:30:00Z,6.9133,-1.06071584800703,5.8525841519929696,NA,0.348024,TRUE,FALSE,FALSE
MD,2024-08-30T05:00:00Z,7.0756760000000005,-1.2558355857012558,5.819840414298745,NA,0.342836,TRUE,FALSE,FALSE
MD,2024-08-30T05:30:00Z,6.355828499999999,-0.5432534820101349,5.8125750179898645,NA,0.349469,TRUE,FALSE,FALSE
MD,2024-08-30T06:00:00Z,6.5366420000000005,-0.6890823182361308,5.84755968176387,NA,0.43728,TRUE,FALSE,FALSE
MD,2024-08-30T06:30:00Z,6.511896999999999,-0.6272177741515366,5.884679225848463,NA,0.414362,TRUE,FALSE,FALSE
MD,2024-08-30T07:30:00Z,8.33617,-2.3726968699805333,5.963473130019466,NA,0.412288,TRUE,FALSE,FALSE
MD,2024-08-30T08:00:00Z,9.936148000000001,-3.9324115395965134,6.003736460403488,NA,0.380016,TRUE,FALSE,FALSE
MD,2024-08-30T08:30:00Z,7.971844,-1.9496814834474092,6.022162516552591,NA,0.330006,TRUE,FALSE,FALSE
MD,2024-08-30T09:00:00Z,7.685296,-1.6500796682295142,6.035216331770486,NA,0.396464,TRUE,FALSE,FALSE
MD,2024-08-30T09:30:00Z,8.157269,-2.154337438217497,6.0029315617825025,NA,0.490103,TRUE,FALSE,FALSE
MD,2024-08-30T10:00:00Z,10.428457,-4.424176605352208,6.004280394647792,NA,0.496532,TRUE,FALSE,FALSE
MD,2024-08-30T11:00:00Z,6.55916,-0.5684544828979563,5.990705517102044,NA,0.454726,TRUE,FALSE,FALSE
MD,2024-08-30T11:30:00Z,7.239651,-1.2765766625910686,5.963074337408932,NA,0.462901,TRUE,FALSE,FALSE
MD,2024-08-30T12:00:00Z,6.7261804000000005,-0.7069148726207546,6.019265527379246,NA,0.395196,TRUE,FALSE,FALSE
MD,2024-08-30T12:30:00Z,13.34109,-7.2385070843121335,6.102582915687866,NA,0.365754,TRUE,FALSE,FALSE
MD,2024-08-30T13:00:00Z,16.981849999999998,-10.498258592169217,6.483591407830781,NA,0.261103,TRUE,FALSE,FALSE
MD,2024-08-31T00:30:00Z,1.5398393000000001,5.251559773472708,6.791399073472708,8.71986,0.0895597,FALSE,TRUE,FALSE
MD,2024-08-31T03:30:00Z,6.8586167,-0.504192909735127,6.354423790264873,NA,0.277918,TRUE,FALSE,FALSE
MD,2024-08-31T04:00:00Z,6.74190645,-1.2071617135379737,5.534744736462026,NA,0.207491,TRUE,FALSE,FALSE
MD,2024-08-31T04:30:00Z,6.121733844444444,-0.7657156197690655,5.3560182246753785,NA,0.17837,TRUE,FALSE,FALSE
MD,2024-08-31T05:00:00Z,5.932836988888889,-0.6389940247133561,5.293842964175533,NA,0.132408,TRUE,FALSE,FALSE
MD,2024-08-31T05:30:00Z,6.17092909,-0.920792389374224,5.2501367006257755,NA,0.0887136,TRUE,FALSE,FALSE
MD,2024-08-31T06:00:00Z,6.07182309,-0.8247611545784421,5.2470619354215575,NA,0.108012,TRUE,FALSE,FALSE
MD,2024-08-31T06:30:00Z,6.36281785,-1.1768583629395222,5.185959487060478,NA,0.118601,TRUE,FALSE,FALSE
MD,2024-08-31T07:00:00Z,6.8610756,-1.7711982720993102,5.08987732790069,NA,0.139578,TRUE,FALSE,FALSE
MD,2024-08-31T07:30:00Z,6.989114,-0.9662227652612749,6.022891234738725,NA,0.147489,TRUE,FALSE,FALSE
MD,2024-08-31T08:00:00Z,7.1764138,-1.104909493375973,6.071504306624027,NA,0.0768326,TRUE,FALSE,FALSE
MD,2024-08-31T08:30:00Z,7.4471554,-1.411527716323186,6.035627683676814,NA,0.035711,TRUE,FALSE,FALSE
MD,2024-08-31T09:00:00Z,7.4515405,-1.4403833096551315,6.011157190344869,NA,0.0282502,TRUE,FALSE,FALSE
MD,2024-08-31T09:30:00Z,7.057112,-1.0776046183942496,5.9795073816057505,NA,0.0271568,TRUE,FALSE,FALSE
MD,2024-08-31T10:00:00Z,7.0389487,-1.0783405441026206,5.960608155897379,NA,0.0586423,TRUE,FALSE,FALSE
MD,2024-08-31T10:30:00Z,6.9148094,-0.9775472218255716,5.937262178174429,NA,0.0692481,TRUE,FALSE,FALSE
MD,2024-08-31T11:00:00Z,6.45304884,-0.5376394200517103,5.91540941994829,NA,0.0251395,TRUE,FALSE,FALSE
MD,2024-09-01T01:00:00Z,7.0157780875,-0.6576778699976682,6.358100217502332,0.398137,0.139607,TRUE,FALSE,FALSE
MD,2024-09-01T01:30:00Z,7.11036647,-0.8109981728450784,6.299368297154921,0.00112597,0.147613,TRUE,FALSE,FALSE
MD,2024-09-01T02:00:00Z,7.193064609090909,-0.9431518093260944,6.2499127997648145,0,0.136072,TRUE,FALSE,FALSE
MD,2024-09-01T02:30:00Z,7.193064609090909,-0.9687117935679188,6.22435281552299,0,0.153526,TRUE,FALSE,FALSE
MD,2024-09-01T03:00:00Z,7.193064609090909,-1.0332995130518015,6.1597650960391075,0,0.12687,TRUE,FALSE,FALSE
MD,2024-09-01T05:00:00Z,5.7867654,-0.6327525787606367,5.154012821239363,NA,0.354234,TRUE,FALSE,FALSE
MD,2024-09-01T06:00:00Z,6.550578,-1.4422632472952541,5.108314752704746,NA,0.269384,TRUE,FALSE,FALSE
MD,2024-09-01T06:30:00Z,6.223611,-1.1748585601292483,5.048752439870752,NA,0.300172,TRUE,FALSE,FALSE
MD,2024-09-01T07:00:00Z,5.777287,-0.8221489021062194,4.955138097893781,NA,0.291073,TRUE,FALSE,FALSE
MD,2024-09-01T07:30:00Z,7.4362189999999995,-1.5880886210423775,5.848130378957622,NA,0.251451,TRUE,FALSE,FALSE
MD,2024-09-01T09:00:00Z,6.92321,-0.9890789088357765,5.9341310911642235,NA,0.372264,TRUE,FALSE,FALSE
MD,2024-09-01T11:00:00Z,7.626811,-1.6249737485382951,6.001837251461705,NA,0.258381,TRUE,FALSE,FALSE
MD,2024-09-02T01:30:00Z,7.6287100444444444,-1.9694189633923047,5.65929108105214,7.69223e-4,0.207682,TRUE,FALSE,FALSE
MD,2024-09-02T02:00:00Z,7.366854488888889,-1.782931895995639,5.58392259289325,0,0.0703297,TRUE,FALSE,FALSE
MD,2024-09-02T02:30:00Z,7.2173674000000005,-1.764839517330235,5.452527882669766,0,0.026763,TRUE,FALSE,FALSE
MD,2024-09-02T03:00:00Z,6.865667,-1.6976513893601632,5.168015610639837,0,0.0559172,TRUE,FALSE,FALSE
MD,2024-09-02T03:30:00Z,6.865667,-1.688001922596201,5.177665077403799,0,0.036965,TRUE,FALSE,FALSE
MD,2024-09-02T05:00:00Z,7.1397025,-2.0000079047392587,5.139694595260742,0,0.0430844,TRUE,FALSE,FALSE
MD,2024-09-02T05:30:00Z,7.1397025,-2.0472366044841976,5.092465895515803,0,0.0513168,TRUE,FALSE,FALSE
MD,2024-09-02T06:00:00Z,5.71813348,-0.8359258989944456,4.882207581005554,0,0.0615755,TRUE,FALSE,FALSE
MD,2024-09-02T06:30:00Z,6.0480241999999995,-1.2812009682440273,4.766823231755972,0,0.0307549,TRUE,FALSE,FALSE
MD,2024-09-02T07:00:00Z,6.3284758,-1.508076932113128,4.820398867886872,NA,0.0123018,TRUE,FALSE,FALSE
MD,2024-09-02T07:30:00Z,6.2975122,-1.032197979706197,5.265314220293803,NA,0.0564405,TRUE,FALSE,FALSE
MD,2024-09-02T08:00:00Z,6.437432,-1.2049713590212843,5.232460640978716,NA,0.019452,TRUE,FALSE,FALSE
MD,2024-09-02T08:30:00Z,6.4769654,-1.263652789424338,5.213312610575662,NA,0.0236369,TRUE,FALSE,FALSE
MD,2024-09-02T09:00:00Z,6.0672782000000005,-0.8713945346931364,5.195883665306864,NA,0.0211854,TRUE,FALSE,FALSE
MD,2024-09-02T09:30:00Z,6.0363696000000004,-0.8826827695233677,5.153686830476633,NA,0.0630558,TRUE,FALSE,FALSE
MD,2024-09-02T10:00:00Z,6.2825798,-1.155338627321461,5.127241172678539,NA,0.0241932,TRUE,FALSE,FALSE
MD,2024-09-02T10:30:00Z,6.1234302,-1.007034680361043,5.116395519638957,NA,0.03698,TRUE,FALSE,FALSE
MD,2024-09-03T00:30:00Z,1.953633425,3.845767309584732,5.799400734584732,5.85198,0.13603,FALSE,TRUE,FALSE
MD,2024-09-03T02:00:00Z,7.443891750000001,-2.0193610621780103,5.42453068782199,0,0.0497618,TRUE,FALSE,FALSE
MD,2024-09-03T02:30:00Z,7.443891750000001,-2.0260824424517345,5.417809307548266,0,0.0456379,TRUE,FALSE,FALSE
MD,2024-09-03T03:00:00Z,7.443891750000001,-2.0782677720668685,5.365623977933132,0,0.0698921,TRUE,FALSE,FALSE
MD,2024-09-03T03:30:00Z,6.865667,-1.4972052565481757,5.3684617434518245,0,0.053407,TRUE,FALSE,FALSE
MD,2024-09-03T04:00:00Z,7.1397025,-1.8905879350710073,5.249114564928993,0,0.0526023,TRUE,FALSE,FALSE
MD,2024-09-03T07:00:00Z,5.284118,-0.5984583621200379,4.685659637879962,NA,0.0513824,TRUE,FALSE,FALSE
MD,2024-09-03T07:30:00Z,5.862704166666667,-0.7567336283416957,5.105970538324971,NA,0.0536671,TRUE,FALSE,FALSE
MD,2024-09-03T08:00:00Z,6.437432,-1.3592095379674944,5.078222462032506,NA,0.0607483,TRUE,FALSE,FALSE
MD,2024-09-03T08:30:00Z,6.4769654,-1.4124249544628222,5.064540445537178,NA,0.0495281,TRUE,FALSE,FALSE
MD,2024-09-03T09:00:00Z,6.0672782000000005,-1.021608576451822,5.045669623548179,NA,0.0348189,TRUE,FALSE,FALSE
MD,2024-09-03T09:30:00Z,6.0363696000000004,-1.0287059784960428,5.007663621503958,NA,0.0313825,TRUE,FALSE,FALSE
MD,2024-09-03T10:00:00Z,6.2825798,-1.2946802092721192,4.9878995907278805,NA,0.0216125,TRUE,FALSE,FALSE
MD,2024-09-03T10:30:00Z,6.1234302,-1.1420979926434098,4.98133220735659,NA,0.0365867,TRUE,FALSE,FALSE
MD,2024-09-04T00:30:00Z,0.2247565666666667,5.451029485515456,5.675786052182123,6.84161,0.0501482,FALSE,TRUE,FALSE
MD,2024-09-04T01:00:00Z,0.42374049999999996,5.097846232109081,5.521586732109081,0.134939,0.0706051,FALSE,TRUE,FALSE
MD,2024-09-04T01:30:00Z,2.2133495000000005,3.096167987726356,5.309517487726357,1.67405e-4,0.0379939,FALSE,TRUE,FALSE
MD,2024-09-04T02:00:00Z,0.6816830000000005,4.459776780269813,5.141459780269813,0,0.0286435,FALSE,TRUE,FALSE
MD,2024-09-04T07:30:00Z,6.010585333333333,-0.9598966925985035,5.05068864073483,NA,0.0215733,TRUE,FALSE,FALSE
MD,2024-09-04T08:00:00Z,6.017874,-0.9669785281315963,5.050895471868404,NA,0.0681253,TRUE,FALSE,FALSE
MD,2024-09-05T05:00:00Z,7.61137,-2.7911896312442366,4.820180368755763,NA,0.276702,TRUE,FALSE,FALSE
MD,2024-09-05T07:30:00Z,6.010585333333333,-1.1095248675133975,4.901060465819936,NA,0.130319,TRUE,FALSE,FALSE
MD,2024-09-05T08:00:00Z,6.017874,-1.116705240877934,4.901168759122066,NA,0.0672149,TRUE,FALSE,FALSE
MD,2024-09-05T08:30:00Z,5.42281775,-0.5396995336311594,4.883118216368841,NA,0.109871,TRUE,FALSE,FALSE
MD,2024-09-06T07:30:00Z,7.171545999999999,-2.4201137090949585,4.751432290905041,NA,0.137059,TRUE,FALSE,FALSE
MD,2024-09-06T08:30:00Z,9.54956,-4.815712068785096,4.733847931214903,NA,0.482144,TRUE,FALSE,FALSE
MD,2024-09-07T07:30:00Z,10.089812333333334,-5.488008217343188,4.601804115990147,NA,0.16302,TRUE,FALSE,FALSE
MD,2024-09-07T08:00:00Z,7.619918,-3.0182026663706107,4.6017153336293894,NA,0.187821,TRUE,FALSE,FALSE
MD,2024-09-07T08:30:00Z,6.344285571428571,-1.7597079253676062,4.584577646060965,NA,0.190394,TRUE,FALSE,FALSE
MD,2024-09-07T09:00:00Z,5.4053580000000006,-0.8916815888255343,4.513676411174466,NA,0.124696,TRUE,FALSE,FALSE
MD,2024-09-07T09:30:00Z,5.171414125,-0.7593935778138325,4.4120205471861675,NA,0.102159,TRUE,FALSE,FALSE
MD,2024-09-08T07:30:00Z,5.530214866666666,-1.0780389255914145,4.452175941075252,NA,0.112033,TRUE,FALSE,FALSE
MD,2024-09-08T08:00:00Z,10.022984000000001,-5.570995379116948,4.451988620883053,NA,0.110042,TRUE,FALSE,FALSE
MD,2024-09-08T08:30:00Z,15.926345000000001,-11.491037639092976,4.435307360907026,NA,0.251321,TRUE,FALSE,FALSE
MD,2024-09-09T09:00:00Z,4.739167,-0.5196136896636352,4.219553310336365,NA,0.35189,TRUE,FALSE,FALSE
MD,2024-09-11T00:30:00Z,3.075572857142857,1.528140083982397,4.603712941125254,1.16835,0.0696787,FALSE,TRUE,FALSE
MD,2024-09-11T01:00:00Z,2.5479026666666664,1.970271783849527,4.518174450516193,0.00449847,0.0921259,FALSE,TRUE,FALSE
MD,2024-09-11T01:30:00Z,2.9679256666666665,1.4763593212957589,4.444284987962425,0,0.079268,FALSE,TRUE,FALSE
MD,2024-09-11T02:00:00Z,2.0503453125,2.3491301935712494,4.39947550607125,0,0.0179135,FALSE,TRUE,FALSE
MD,2024-09-11T02:30:00Z,4.964841159,-0.8878178643422414,4.077023294657758,0,0.0726994,TRUE,FALSE,FALSE
MD,2024-09-11T03:00:00Z,5.518991454,-1.5701009264390313,3.9488905275609687,0,0.0652836,TRUE,FALSE,FALSE
MD,2024-09-11T03:30:00Z,5.518991454,-1.5448779850485832,3.974113468951417,0,0.0443744,TRUE,FALSE,FALSE
MD,2024-09-11T04:00:00Z,4.794896227777778,-0.6259661480233936,4.168930079754384,0,0.0368654,TRUE,FALSE,FALSE
MD,2024-09-11T04:30:00Z,2.7390280555555555,1.5529248888269094,4.291952944382465,0,0.0689016,FALSE,TRUE,FALSE
MD,2024-09-11T05:00:00Z,5.518991454,-1.5105354465614607,4.008456007438539,0,0.0231979,TRUE,FALSE,FALSE
MD,2024-09-11T06:00:00Z,2.9119069411764706,1.3118090298365765,4.223715971013047,0,0.0461295,FALSE,TRUE,FALSE
MD,2024-09-11T06:30:00Z,2.9119069411764706,1.3120061429670495,4.22391308414352,0,0.0647849,FALSE,TRUE,FALSE
MD,2024-09-11T07:00:00Z,6.4757655675,-2.6749669271110212,3.8007986403889786,0,0.120532,TRUE,FALSE,FALSE
MD,2024-09-11T07:30:00Z,5.7103251,-1.569248311978014,4.141076788021986,0,0.0239905,TRUE,FALSE,FALSE
MD,2024-09-11T08:00:00Z,5.635787605,-1.4521843185723942,4.183603286427606,0,0.0361289,TRUE,FALSE,FALSE
MD,2024-09-11T08:30:00Z,5.735664913636364,-1.6463452044818494,4.089319709154514,0,0.0243018,TRUE,FALSE,FALSE
MD,2024-09-11T09:00:00Z,6.4757655675,-2.6843150203898203,3.7914505471101796,0,0.024821,TRUE,FALSE,FALSE
MD,2024-09-11T09:30:00Z,6.541797775384615,-2.8181563645429692,3.723641410841646,0,0.0494951,TRUE,FALSE,FALSE
MD,2024-09-11T10:00:00Z,6.525562726666666,-2.6939372452826493,3.831625481384017,0,0.0345925,TRUE,FALSE,FALSE
MD,2024-09-11T10:30:00Z,6.50574622,-2.762564426389566,3.7431817936104337,0,0.0679983,TRUE,FALSE,FALSE
MD,2024-09-11T11:00:00Z,6.50574622,-2.7767673365674894,3.7289788834325104,0.0291069,0.0559588,TRUE,FALSE,FALSE
MD,2024-09-11T11:30:00Z,6.4972768720000005,-2.746221156681513,3.7510557153184876,4.29925,0.0441534,TRUE,FALSE,FALSE
MD,2024-09-12T07:30:00Z,5.690338355555555,-1.7541645431862407,3.9361738123693146,NA,NA,TRUE,FALSE,FALSE
MD,2024-09-12T08:00:00Z,5.6756415,-1.8225597301022995,3.8530817698977007,NA,NA,TRUE,FALSE,FALSE
MD,2024-09-12T08:30:00Z,5.314022416666667,-1.4757961963753945,3.8382262202912725,NA,NA,TRUE,FALSE,FALSE
MD,2024-09-12T09:00:00Z,4.838311915384615,-1.0599432563054028,3.7783686590792125,NA,NA,TRUE,FALSE,FALSE
MD,2024-09-12T09:30:00Z,4.598731607692308,-0.9059466007035581,3.69278500698875,NA,NA,TRUE,FALSE,FALSE
MD,2024-09-13T07:30:00Z,4.990800927272727,-1.2074589704124743,3.783341956860253,NA,NA,TRUE,FALSE,FALSE
MD,2024-09-13T08:00:00Z,4.809614923076923,-1.1062598659255602,3.703355057151363,NA,NA,TRUE,FALSE,FALSE
MD,2024-09-13T08:30:00Z,4.8307412,-1.141785264862666,3.688955935137334,NA,NA,TRUE,FALSE,FALSE
MD,2024-09-13T09:00:00Z,4.55264124375,-0.9213341350898387,3.6313071086601614,NA,NA,TRUE,FALSE,FALSE
MD,2024-09-13T09:30:00Z,4.357357935294118,-0.8084200363448519,3.548937898949266,NA,NA,TRUE,FALSE,FALSE
MD,2024-09-14T07:30:00Z,4.506190911111111,-0.8300649678046872,3.676125943306424,NA,NA,TRUE,FALSE,FALSE
MD,2024-09-14T08:00:00Z,4.4471372,-0.8087988916051083,3.638338308394892,NA,NA,TRUE,FALSE,FALSE
MD,2024-09-14T08:30:00Z,4.615440636363636,-0.9860458362165709,3.629394800147065,NA,NA,TRUE,FALSE,FALSE
MD,2024-09-14T09:00:00Z,4.756193081818182,-1.153778905787009,3.602414176031173,NA,NA,TRUE,FALSE,FALSE
MD,2024-09-14T09:30:00Z,4.618541658333333,-1.0453842571162366,3.5731574012170966,NA,NA,TRUE,FALSE,FALSE
MD,2024-09-15T07:30:00Z,4.506190911111111,-1.1317599239007423,3.374430987210369,NA,NA,TRUE,FALSE,FALSE
MD,2024-09-15T08:00:00Z,4.4471372,-1.1127737594001657,3.3343634405998346,NA,NA,TRUE,FALSE,FALSE
MD,2024-09-15T08:30:00Z,4.615440636363637,-1.3144713579014882,3.3009692784621487,NA,NA,TRUE,FALSE,FALSE
MD,2024-09-15T09:00:00Z,4.756193081818182,-1.477082478916269,3.279110602901913,NA,NA,TRUE,FALSE,FALSE
MD,2024-09-15T09:30:00Z,4.618541658333333,-1.3511394247808362,3.267402233552497,NA,NA,TRUE,FALSE,FALSE
MD,2024-09-15T11:00:00Z,4.242699286666666,-0.9262225610257206,3.3164767256409458,NA,NA,TRUE,FALSE,FALSE
MD,2024-09-16T01:30:00Z,5.05386575,-1.1470985721684812,3.9067671778315187,NA,NA,TRUE,FALSE,FALSE
MD,2024-09-16T02:00:00Z,5.387993333333334,-1.4894765030981216,3.8985168302352124,NA,NA,TRUE,FALSE,FALSE
MD,2024-09-16T05:30:00Z,4.9688619,-1.4527243093251183,3.516137590674882,NA,NA,TRUE,FALSE,FALSE
MD,2024-09-16T06:00:00Z,4.61257742,-1.1900702151067915,3.4225072048932086,NA,NA,TRUE,FALSE,FALSE
MD,2024-09-16T06:30:00Z,4.426854083333334,-1.0907612359031997,3.336092847430134,NA,NA,TRUE,FALSE,FALSE
MD,2024-09-16T07:00:00Z,4.23162075,-0.9522349055346924,3.279385844465308,NA,NA,TRUE,FALSE,FALSE
MD,2024-09-16T07:30:00Z,4.082319692307692,-0.8561832029219061,3.226136489385786,NA,NA,TRUE,FALSE,FALSE
MD,2024-09-16T08:00:00Z,3.9675366,-0.7798411102067537,3.187695489793246,NA,NA,TRUE,FALSE,FALSE
MD,2024-09-16T08:30:00Z,4.151717907692308,-0.9960808591957986,3.155637048496509,NA,NA,TRUE,FALSE,FALSE
MD,2024-09-16T09:00:00Z,4.209642690769231,-1.0750344851363915,3.1346082056328393,NA,NA,TRUE,FALSE,FALSE
MD,2024-09-16T09:30:00Z,4.288834348571428,-1.1655508647360975,3.1232834838353307,NA,NA,TRUE,FALSE,FALSE
MD,2024-09-16T10:00:00Z,4.265833562857143,-1.1297014283532212,3.1361321345039217,NA,NA,TRUE,FALSE,FALSE
MD,2024-09-16T10:30:00Z,4.12420776,-0.9756419700832915,3.1485657899167085,NA,NA,TRUE,FALSE,FALSE
MD,2024-09-16T11:00:00Z,13.914659999999998,-10.74487098618879,3.1697890138112075,NA,NA,TRUE,FALSE,FALSE
MD,2024-09-17T00:00:00Z,2.463795,1.541749067254555,4.005544067254555,4.90222,0.0943901,FALSE,TRUE,FALSE
MD,2024-09-17T00:30:00Z,0.8987513333333333,2.807450976376326,3.706202309709659,0.224105,0.0630937,FALSE,TRUE,FALSE
MD,2024-09-17T01:30:00Z,4.613296881818182,-0.7716857419729006,3.8416111398452815,1.03303e-4,0.0935845,TRUE,FALSE,FALSE
MD,2024-09-17T02:00:00Z,0.8987513333333333,2.809836042993715,3.7085873763270483,2.87226e-4,0.0668298,FALSE,TRUE,FALSE
MD,2024-09-17T02:30:00Z,0.356147,3.39370836188777,3.74985536188777,4.80271e-4,0.0949537,FALSE,TRUE,FALSE
MD,2024-09-17T07:00:00Z,4.52104029875,-1.431240666603586,3.089799632146414,0.00123199,0.0365543,TRUE,FALSE,FALSE
MD,2024-09-17T07:30:00Z,4.534428869411765,-1.4696771681052114,3.0647517013065535,9.96785e-4,0.0394308,TRUE,FALSE,FALSE
MD,2024-09-17T08:00:00Z,4.554963782222222,-1.4904435334621673,3.0645202487600547,9.32436e-4,0.0730355,TRUE,FALSE,FALSE
MD,2024-09-17T08:30:00Z,4.672060420465116,-1.6684793636984447,3.0035810567666714,8.57979e-4,0.0245383,TRUE,FALSE,FALSE
MD,2024-09-17T09:00:00Z,6.525562726666666,-3.543292556746267,2.9822701699203993,5.53495e-4,0.0440925,TRUE,FALSE,FALSE
MD,2024-09-17T09:30:00Z,5.086854274545455,-2.1508375876940167,2.936016686851438,3.17551e-4,0.0790337,TRUE,FALSE,FALSE
MD,2024-09-17T10:00:00Z,4.945371512888889,-1.981520662955012,2.9638508499338774,6.28691e-5,0.0373406,TRUE,FALSE,FALSE
MD,2024-09-17T10:30:00Z,6.42595732,-3.4161245987771314,3.009832721222869,0,0.073951,TRUE,FALSE,FALSE
MD,2024-09-17T11:00:00Z,5.518991454,-2.4555694770207097,3.0634219769792903,0.0082117,0.0600325,TRUE,FALSE,FALSE
MD,2024-09-17T11:30:00Z,5.518991454,-2.478343275112443,3.0406481788875572,2.2675,0.0977946,TRUE,FALSE,FALSE
MD,2024-09-17T12:00:00Z,6.0051000000000005,-2.9680352593798056,3.037064740620195,34.6426,0.123042,TRUE,FALSE,FALSE
MD,2024-09-18T00:00:00Z,0.356147,3.2439783633834693,3.6001253633834693,8.6906,0.0429019,FALSE,TRUE,FALSE
MD,2024-09-18T01:30:00Z,5.6970893333333334,-2.4638298466118345,3.233259486721499,NA,NA,TRUE,FALSE,FALSE
MD,2024-09-18T02:30:00Z,4.924834110526316,-1.877465665110703,3.047368445415613,8.23217e-4,0.0232258,TRUE,FALSE,FALSE
MD,2024-09-18T03:00:00Z,4.810454057894737,-1.7330854953768045,3.0773685625179326,8.9644e-4,0.0500609,TRUE,FALSE,FALSE
MD,2024-09-18T03:30:00Z,4.9094929470588236,-1.8003775722886508,3.1091153747701727,0.00108677,0.0610751,TRUE,FALSE,FALSE
MD,2024-09-18T04:00:00Z,4.810217255,-1.7493111033509186,3.060906151649082,0.0017591,0.0285488,TRUE,FALSE,FALSE
MD,2024-09-18T04:30:00Z,4.810217255,-1.7573260572651743,3.052891197734826,0.00252315,0.125145,TRUE,FALSE,FALSE
MD,2024-09-18T06:30:00Z,4.924834110526316,-1.9011911198927982,3.0236429906335176,0.00282689,0.0514924,TRUE,FALSE,FALSE
MD,2024-09-18T07:00:00Z,5.518991454,-2.608018903380325,2.910972550619675,0.0028301,0.0592094,TRUE,FALSE,FALSE
MD,2024-09-18T07:30:00Z,5.518991454,-2.6127563162786833,2.9062351377213167,0.0026691,0.0687301,TRUE,FALSE,FALSE
MD,2024-09-18T08:00:00Z,6.42595732,-3.5463349432169347,2.8796223767830655,0.00228696,0.0506277,TRUE,FALSE,FALSE
MD,2024-09-18T08:30:00Z,6.4757655675,-3.678822541172428,2.796943026327572,0.00198173,0.0468656,TRUE,FALSE,FALSE
MD,2024-09-18T09:00:00Z,5.972432567323944,-3.2213867464583195,2.7510458208656243,0.00179165,0.0294441,TRUE,FALSE,FALSE
MD,2024-09-18T09:30:00Z,5.978433545555555,-3.2267611003142425,2.751672445241313,0.00156606,0.06162,TRUE,FALSE,FALSE
MD,2024-09-18T10:00:00Z,5.96549533260274,-3.2490229261598875,2.7164724064428523,0.00128549,0.035492,TRUE,FALSE,FALSE
MD,2024-09-18T10:30:00Z,5.96188199027027,-3.263259920430148,2.6986220698401224,0.00100048,0.0147256,TRUE,FALSE,FALSE
MD,2024-09-18T11:00:00Z,5.896819563733334,-3.228780039937873,2.6680395237954606,0.00639342,0.0488434,TRUE,FALSE,FALSE
MD,2024-09-18T11:30:00Z,6.016949354285714,-3.3477624308183747,2.6691869234673393,1.69099,0.0892336,TRUE,FALSE,FALSE
MD,2024-09-18T12:00:00Z,21.824219999999997,-19.139218119625323,2.685001880374673,26.1861,0.0607273,TRUE,FALSE,FALSE
MD,2024-09-19T00:00:00Z,4.73445110625,-1.3007378180080975,3.4337132882419024,4.50368,0.0553554,TRUE,FALSE,FALSE
MD,2024-09-19T02:00:00Z,4.2850925,-1.158602132876175,3.126490367123825,3.15825e-4,0.0882144,TRUE,FALSE,FALSE
MD,2024-09-19T02:30:00Z,3.5824949999999998,-0.5211111082223394,3.0613838917776603,5.91463e-4,0.0529792,TRUE,FALSE,FALSE
MD,2024-09-19T03:00:00Z,3.900727857142857,-0.8855576373778598,3.015170219764997,7.32487e-4,0.0223758,TRUE,FALSE,FALSE
MD,2024-09-19T03:30:00Z,3.6800232,-0.6448709233650285,3.0351522766349714,9.72376e-4,0.0307605,TRUE,FALSE,FALSE
MD,2024-09-19T05:00:00Z,3.900727857142857,-0.89344066049755,3.007287196645307,0.0014953,0.0420883,TRUE,FALSE,FALSE
MD,2024-09-19T05:30:00Z,4.1057599,-1.1402344885659175,2.9655254114340823,0.00176551,0.0686016,TRUE,FALSE,FALSE
MD,2024-09-19T06:00:00Z,5.735664913636364,-2.86105355070465,2.874611362931714,0.00175886,0.0909145,TRUE,FALSE,FALSE
MD,2024-09-19T06:30:00Z,5.735200138260869,-2.892899774376051,2.842300363884818,0.0016346,0.0640967,TRUE,FALSE,FALSE
MD,2024-09-19T07:00:00Z,5.735200138260869,-2.8812242258964775,2.8539759123643917,0.00155003,0.0489369,TRUE,FALSE,FALSE
MD,2024-09-19T07:30:00Z,5.868406847792208,-3.0608832103892483,2.80752363740296,0.00188706,0.067156,TRUE,FALSE,FALSE
MD,2024-09-19T08:00:00Z,5.868406847792208,-3.1091825352763265,2.7592243125158817,0.00177119,0.0801887,TRUE,FALSE,FALSE
MD,2024-09-19T08:30:00Z,5.868406847792208,-3.152850942435987,2.7155559053562213,0.00151774,0.038196,TRUE,FALSE,FALSE
MD,2024-09-19T09:00:00Z,6.42595732,-3.7227064044702076,2.7032509155297926,0.0015027,0.0945734,TRUE,FALSE,FALSE
MD,2024-09-19T09:30:00Z,3.6800232,-0.678844428686681,3.001178771313319,0.00119328,0.0504472,TRUE,FALSE,FALSE
MD,2024-09-19T10:00:00Z,6.583945298823529,-3.9106595840191605,2.673285714804369,0.00115408,0.0668761,TRUE,FALSE,FALSE
MD,2024-09-19T10:30:00Z,5.868406847792208,-3.2293669531431726,2.6390398946490357,9.37614e-4,0.0426974,TRUE,FALSE,FALSE
MD,2024-09-19T11:00:00Z,5.868406847792208,-3.2087866305126576,2.6596202172795507,0.00774572,0.0956605,TRUE,FALSE,FALSE
MD,2024-09-19T11:30:00Z,6.0462848753846155,-3.387123825163171,2.6591610502214444,2.46164,0.0518082,TRUE,FALSE,FALSE
MD,2024-09-19T13:30:00Z,6.038018,-2.954477699730372,3.083540300269628,258.307,0.147944,TRUE,FALSE,FALSE
MD,2024-09-20T00:00:00Z,4.255479077777777,-0.9337686092732906,3.3217104685044867,5.57032,0.121091,TRUE,FALSE,FALSE
MD,2024-09-20T00:30:00Z,4.73445110625,-1.480233727704221,3.254217378545779,0.0615008,0.072817,TRUE,FALSE,FALSE
MD,2024-09-20T01:00:00Z,3.5942975384615385,-0.5188559277285383,3.0754416107330003,0,0.0655423,TRUE,FALSE,FALSE
MD,2024-09-20T02:00:00Z,4.2850925,-1.3448294690248428,2.9402630309751574,0,0.0580886,TRUE,FALSE,FALSE
MD,2024-09-20T02:30:00Z,3.5824949999999998,-0.6817608180182524,2.9007341819817474,9.86184e-5,0.105868,TRUE,FALSE,FALSE
MD,2024-09-20T03:00:00Z,3.6800232,-0.8079525486441943,2.8720706513558056,3.93487e-4,0.0958848,TRUE,FALSE,FALSE
MD,2024-09-20T03:30:00Z,3.900727857142857,-1.0411098495072908,2.859618007635566,6.51867e-4,0.133351,TRUE,FALSE,FALSE
MD,2024-09-20T04:00:00Z,3.4430686842105263,-0.5262186314504351,2.916850052760091,5.10596e-4,0.0226981,TRUE,FALSE,FALSE
MD,2024-09-20T05:00:00Z,3.5942975384615385,-0.5450710491277326,3.049226489333806,8.20751e-4,0.212132,TRUE,FALSE,FALSE
MD,2024-09-20T05:30:00Z,1.98396,1.056162921745566,3.040122921745566,6.23021e-4,0.226539,FALSE,TRUE,FALSE
MD,2024-09-20T06:00:00Z,3.5255975,-0.5232119518845821,3.002385548115418,3.88063e-4,0.212405,TRUE,FALSE,FALSE
MD,2024-09-20T07:00:00Z,1.6169319999999998,1.341624708522358,2.958556708522358,4.64492e-4,0.231371,FALSE,TRUE,FALSE
MD,2024-09-20T08:00:00Z,4.2850925,-1.369321780394734,2.9157707196052662,0.0010848,0.141554,TRUE,FALSE,FALSE
MD,2024-09-20T08:30:00Z,4.2850925,-1.3508400217000407,2.9342524782999595,4.35153e-4,0.175422,TRUE,FALSE,FALSE
MD,2024-09-20T09:00:00Z,1.811057,1.1629285030166616,2.9739855030166615,3.79682e-5,0.347404,FALSE,TRUE,FALSE
MD,2024-09-20T09:30:00Z,4.541202,-1.555919746057623,2.985282253942377,6.1883e-5,0.351275,TRUE,FALSE,FALSE
MD,2024-09-20T10:00:00Z,3.591946,-0.5916944880481712,3.000251511951829,1.61734e-4,0.380729,TRUE,FALSE,FALSE
MD,2024-09-20T10:30:00Z,4.347369,-1.3326053197915542,3.0147636802084454,0,0.351221,TRUE,FALSE,FALSE
MD,2024-09-20T11:00:00Z,4.553679,-1.518436743296613,3.0352422567033868,0.00151552,0.354825,TRUE,FALSE,FALSE
MD,2024-09-21T00:00:00Z,1.7664170000000001,1.9547506263812546,3.7211676263812548,5.91244,0.143643,FALSE,TRUE,FALSE
MD,2024-09-21T01:30:00Z,6.126445933103448,-2.4961269216098776,3.6303190114935706,0,0.071454,TRUE,FALSE,FALSE
MD,2024-09-21T02:00:00Z,6.11964570659091,-2.4950264554100974,3.624619251180812,0,0.0539767,TRUE,FALSE,FALSE
MD,2024-09-21T02:30:00Z,6.115034912134831,-2.492995250203811,3.6220396619310202,0,0.0171666,TRUE,FALSE,FALSE
MD,2024-09-21T03:00:00Z,6.1154772042222225,-2.463493872538636,3.6519833316835864,0,0.0198855,TRUE,FALSE,FALSE
MD,2024-09-21T03:30:00Z,6.112837260219781,-2.4723277467958837,3.640509513423897,1.28203e-5,0.0265455,TRUE,FALSE,FALSE
MD,2024-09-21T04:00:00Z,6.119412105217392,-2.4307957467865977,3.688616358430794,2.61339e-5,0.0213673,TRUE,FALSE,FALSE
MD,2024-09-21T04:30:00Z,6.111994389032258,-2.3994056412349942,3.712588747797264,3.45411e-4,0.0531449,TRUE,FALSE,FALSE
MD,2024-09-21T05:00:00Z,6.093142429574468,-2.3887826485616452,3.7043597810128226,3.32344e-4,0.0726476,TRUE,FALSE,FALSE
MD,2024-09-21T05:30:00Z,6.079702024,-2.3637906441306713,3.715911379869329,4.71888e-4,0.102648,TRUE,FALSE,FALSE
MD,2024-09-21T06:00:00Z,6.064090435208334,-2.369548683888966,3.6945417513193677,5.69767e-4,0.158477,TRUE,FALSE,FALSE
MD,2024-09-21T06:30:00Z,6.063600533814433,-2.3575203649062044,3.7060801689082283,5.94175e-4,0.140079,TRUE,FALSE,FALSE
MD,2024-09-21T07:00:00Z,6.056238161020408,-2.337849853458648,3.71838830756176,7.38158e-4,0.121665,TRUE,FALSE,FALSE
MD,2024-09-21T07:30:00Z,6.053938981616161,-2.3204098624389777,3.7335291191771836,6.82192e-4,0.149441,TRUE,FALSE,FALSE
MD,2024-09-21T08:00:00Z,6.0381832268,-2.248696981949891,3.789486244850109,4.60548e-4,0.176142,TRUE,FALSE,FALSE
MD,2024-09-21T08:30:00Z,6.031539848316831,-2.2307934932309683,3.800746355085863,6.35102e-4,0.156524,TRUE,FALSE,FALSE
MD,2024-09-21T09:00:00Z,6.032699830196078,-2.2282751698931587,3.8044246603029195,6.79727e-4,0.121156,TRUE,FALSE,FALSE
MD,2024-09-21T09:30:00Z,6.026865550291262,-2.200631856519949,3.826233693771313,5.36237e-4,0.0351753,TRUE,FALSE,FALSE
MD,2024-09-21T10:00:00Z,6.017565191153846,-2.192266726547931,3.8252984646059147,4.63506e-4,0.108173,TRUE,FALSE,FALSE
MD,2024-09-21T10:30:00Z,6.002439833142857,-2.1774334990368684,3.8250063341059883,3.87323e-4,0.17769,TRUE,FALSE,FALSE
MD,2024-09-21T11:00:00Z,5.995391698867925,-2.169702078765564,3.825689620102361,0.00327191,0.093736,TRUE,FALSE,FALSE
MD,2024-09-21T11:30:00Z,5.9836922927102805,-2.167340743597603,3.8163515491126776,1.22197,0.136971,TRUE,FALSE,FALSE
MD,2024-09-22T01:30:00Z,4.891508233488372,-0.5278826524059657,4.363625581082406,0,0.0589531,TRUE,FALSE,FALSE
MD,2024-09-22T12:30:00Z,7.29805,-2.480050088582903,4.817999911417097,12.1712,0.244056,TRUE,FALSE,FALSE
MD,2024-09-22T17:30:00Z,6.46286,-1.4097688794819474,5.053091120518053,89.4673,0.0955892,TRUE,FALSE,FALSE
MD,2024-09-22T18:30:00Z,6.329300000000001,-1.2555162210956201,5.073783778904381,156.912,0.287553,TRUE,FALSE,FALSE
MD,2024-09-22T19:00:00Z,13.838,-8.766636003084603,5.071363996915395,87.0522,0.266372,TRUE,FALSE,FALSE
MD,2024-09-22T19:30:00Z,6.493045,-1.442289959505901,5.050755040494099,34.547,0.26815,TRUE,FALSE,FALSE
MD,2024-09-22T20:00:00Z,5.98989,-0.9373785485579242,5.052511451442076,27.737,0.232851,TRUE,FALSE,FALSE
MD,2024-09-22T20:30:00Z,8.331620000000001,-3.3025477122305533,5.029072287769448,57.01,0.325228,TRUE,FALSE,FALSE
MD,2024-09-22T21:30:00Z,6.529038,-1.4662305324876987,5.062807467512301,16.1864,0.124277,TRUE,FALSE,FALSE
MD,2024-09-22T22:00:00Z,7.0859,-2.004633269583243,5.081266730416757,14.0377,0.346735,TRUE,FALSE,FALSE
MD,2024-09-22T22:30:00Z,12.78905,-7.705254409900668,5.0837955900993315,8.06614,0.336795,TRUE,FALSE,FALSE
MD,2024-09-22T23:00:00Z,23.801190000000002,-18.724781176952924,5.076408823047077,19.6694,0.388412,TRUE,FALSE,FALSE
MD,2024-09-22T23:30:00Z,3.4588900000000002,1.6247727795127123,5.0836627795127125,6.14003,0.279573,FALSE,TRUE,FALSE
MD,2024-09-23T00:00:00Z,3.3959900000000003,1.7009437609881939,5.096933760988194,0.364312,0.229096,FALSE,TRUE,FALSE
MD,2024-09-23T00:30:00Z,5.871734452781955,-0.7664110671610267,5.105323385620928,0.00571493,0.213179,TRUE,FALSE,FALSE
MD,2024-09-23T01:00:00Z,5.871734452781955,-0.7714510709559192,5.100283381826036,0,0.195766,TRUE,FALSE,FALSE
MD,2024-09-23T01:30:00Z,5.871734452781955,-0.7570753234210432,5.114659129360912,0,0.0998151,TRUE,FALSE,FALSE
MD,2024-09-23T02:00:00Z,5.871734452781955,-0.7428258065845403,5.128908646197415,0,0.131278,TRUE,FALSE,FALSE
MD,2024-09-23T02:30:00Z,8.16655,-3.02287556512833,5.143674434871671,0,0.234724,TRUE,FALSE,FALSE
MD,2024-09-23T03:00:00Z,9.247692,-4.080551549461109,5.167140450538891,0,0.299483,TRUE,FALSE,FALSE
MD,2024-09-23T03:30:00Z,-4.839480000000001,9.948470990337835,5.108990990337833,0,0.52773,FALSE,TRUE,FALSE
MD,2024-09-23T04:00:00Z,-11.71336,16.692442983749128,4.9790829837491275,0,0.551983,FALSE,TRUE,FALSE
MD,2024-09-23T05:00:00Z,5.533059000000001,-0.6059329221378702,4.92712607786213,0,0.454539,TRUE,FALSE,FALSE
MD,2024-09-23T05:30:00Z,8.314820999999998,-3.4003282386653932,4.914492761334605,0,0.575876,TRUE,FALSE,FALSE
MD,2024-09-23T06:00:00Z,6.153096000000001,-1.2512731429923107,4.90182285700769,0,0.553071,TRUE,FALSE,FALSE
MD,2024-09-23T06:30:00Z,6.378706,-1.492328960654068,4.886377039345932,0,0.585889,TRUE,FALSE,FALSE
MD,2024-09-23T07:00:00Z,6.037076,-1.162183084488591,4.874892915511409,0,0.496497,TRUE,FALSE,FALSE
MD,2024-09-23T07:30:00Z,6.5202298,-1.646896110676444,4.873333689323556,0,0.395355,TRUE,FALSE,FALSE
MD,2024-09-23T08:30:00Z,5.475195,-0.5931583413519395,4.882036658648061,1.43736e-4,0.33382,TRUE,FALSE,FALSE
MD,2024-09-23T10:00:00Z,5.72497508,-0.9547968866029981,4.770178193397002,3.34316e-4,0.262125,TRUE,FALSE,FALSE
MD,2024-09-23T10:30:00Z,6.243525900000001,-1.5271320167390687,4.716393883260932,4.40331e-4,0.274964,TRUE,FALSE,FALSE
MD,2024-09-23T11:00:00Z,6.703843493333333,-2.017725940840446,4.686117552492887,NA,NA,TRUE,FALSE,FALSE
MD,2024-09-23T11:30:00Z,5.86690171173913,-1.2310172330439437,4.6358844786951865,1.04714,0.184781,TRUE,FALSE,FALSE
MD,2024-09-23T12:00:00Z,8.143029499999999,-3.5222568590034973,4.620772640996502,27.2778,0.195645,TRUE,FALSE,FALSE
MD,2024-09-24T02:30:00Z,5.816900223,-0.5946230681452809,5.222277154854719,0,0.088942,TRUE,FALSE,FALSE
MD,2024-09-24T03:00:00Z,5.816900223,-0.5539850307461274,5.262915192253873,0,0.10231,TRUE,FALSE,FALSE
MD,2024-09-24T04:00:00Z,5.816900223,-0.6008359752297929,5.216064247770207,0,0.200108,TRUE,FALSE,FALSE
MD,2024-09-24T04:30:00Z,5.816900223,-0.6599343813038896,5.156965841696111,0,0.173994,TRUE,FALSE,FALSE
MD,2024-09-24T06:30:00Z,3.425696,1.6718035190284035,5.097499519028403,0,0.236947,FALSE,TRUE,FALSE
MD,2024-09-24T07:00:00Z,5.684776,-0.5563125946981886,5.128463405301812,0,0.282402,TRUE,FALSE,FALSE
MD,2024-09-24T09:00:00Z,22.92299,-17.749589194890024,5.173400805109975,0,0.242746,TRUE,FALSE,FALSE
MD,2024-09-24T09:30:00Z,5.816900223,-0.6578573057533168,5.159042917246683,0,0.203542,TRUE,FALSE,FALSE
MD,2024-09-24T10:00:00Z,-1.2798700000000003,6.4379473481742036,5.158077348174204,0,0.234123,FALSE,TRUE,FALSE
MD,2024-09-24T10:30:00Z,21.759233,-16.60139612496938,5.157836875030618,0,0.336897,TRUE,FALSE,FALSE
MD,2024-09-24T11:00:00Z,1.942176,3.2391626403029576,5.1813386403029575,0,0.304639,FALSE,TRUE,FALSE
MD,2024-09-24T11:30:00Z,30.308699999999998,-25.111882301350477,5.196817698649521,0.0813636,0.269264,TRUE,FALSE,FALSE
MD,2024-09-24T12:00:00Z,3.13978,2.06943745310672,5.20921745310672,2.25959,0.279205,FALSE,TRUE,FALSE
MD,2024-09-24T13:00:00Z,11.664086,-6.429665655298336,5.234420344701664,24.9324,0.281483,TRUE,FALSE,FALSE
MD,2024-09-24T14:30:00Z,9.121089999999999,-3.753993829672287,5.367096170327712,38.3819,0.315185,TRUE,FALSE,FALSE
MD,2024-09-24T19:00:00Z,8.75895,-2.8098907881022495,5.949059211897751,45.6537,0.249992,TRUE,FALSE,FALSE
MD,2024-09-24T20:00:00Z,19.742893,-13.878452042217965,5.8644409577820324,21.5701,0.264838,TRUE,FALSE,FALSE
MD,2024-09-24T20:30:00Z,21.35817,-15.48562618157621,5.872543818423791,23.8924,0.292109,TRUE,FALSE,FALSE
MD,2024-09-24T21:00:00Z,10.53472,-4.64735238793936,5.88736761206064,38.9403,0.247254,TRUE,FALSE,FALSE
MD,2024-09-24T22:30:00Z,2.06655,3.824601550814673,5.891151550814673,7.64505,0.274138,FALSE,TRUE,FALSE
MD,2024-09-24T23:00:00Z,11.16347,-5.258664539864608,5.9048054601353925,1.72434,0.317479,TRUE,FALSE,FALSE
MD,2024-09-24T23:30:00Z,-1.25879,7.156872556985348,5.898082556985348,0.266849,0.29169,FALSE,TRUE,FALSE
MD,2024-09-25T01:00:00Z,2.3643400000000003,3.5419732228416896,5.90631322284169,0,0.241641,FALSE,TRUE,FALSE
MD,2024-09-25T02:00:00Z,7.7945910000000005,-1.8958833311070933,5.898707668892907,0,0.288612,TRUE,FALSE,FALSE
MD,2024-09-25T02:30:00Z,4.429130000000001,1.4740192744330978,5.9031492744330984,0,0.322488,FALSE,TRUE,FALSE
MD,2024-09-25T03:00:00Z,10.132079000000001,-4.24817957980696,5.883899420193041,0,0.298898,TRUE,FALSE,FALSE
MD,2024-09-25T03:30:00Z,7.6810860000000005,-1.8040434760691157,5.877042523930885,0,0.313243,TRUE,FALSE,FALSE
MD,2024-09-25T04:00:00Z,7.6627600000000005,-1.7975268001192326,5.865233199880768,0,0.249048,TRUE,FALSE,FALSE
MD,2024-09-25T04:30:00Z,6.62648,-0.7674576636892851,5.859022336310715,0,0.298132,TRUE,FALSE,FALSE
MD,2024-09-25T05:00:00Z,-6.609919999999999,12.451465123989493,5.841545123989493,0,0.275235,FALSE,TRUE,FALSE
MD,2024-09-25T05:30:00Z,28.7664972,-22.936954097544508,5.829543102455493,0,0.356913,TRUE,FALSE,FALSE
MD,2024-09-25T06:00:00Z,14.322600000000001,-8.524870443520754,5.797729556479247,0,0.354945,TRUE,FALSE,FALSE
MD,2024-09-25T06:30:00Z,0.25911999999999935,5.52530607457121,5.7844260745712095,0,0.413516,FALSE,TRUE,FALSE
MD,2024-09-25T07:00:00Z,8.46011,-2.678940146719527,5.781169853280473,0,0.504648,TRUE,FALSE,FALSE
MD,2024-09-25T07:30:00Z,20.05809,-14.29158976790918,5.766500232090819,0,0.389296,TRUE,FALSE,FALSE
MD,2024-09-25T08:00:00Z,4.09458,1.664829128495616,5.759409128495616,0,0.4634,FALSE,TRUE,FALSE
MD,2024-09-25T08:30:00Z,12.014465,-6.269356034807883,5.745108965192117,0,0.384205,TRUE,FALSE,FALSE
MD,2024-09-25T09:00:00Z,3.843605,1.878169196038713,5.721774196038713,0,0.285844,FALSE,TRUE,FALSE
MD,2024-09-25T09:30:00Z,6.404503,-0.6960636090489309,5.708439390951069,0,0.245937,TRUE,FALSE,FALSE
MD,2024-09-25T11:00:00Z,1.0821999999999998,4.609651467449604,5.691851467449603,0,0.458165,FALSE,TRUE,FALSE
MD,2024-09-25T11:30:00Z,1.30074,4.428002274254309,5.7287422742543095,0.230056,0.358537,FALSE,TRUE,FALSE
MD,2024-09-25T12:00:00Z,8.30512,-2.544963190107741,5.760156809892259,5.00195,0.285567,TRUE,FALSE,FALSE
MD,2024-09-26T00:00:00Z,4.528560069122807,1.6953788663482845,6.223938935471091,2.68245,0.0415929,FALSE,TRUE,FALSE
MD,2024-09-26T00:30:00Z,4.193834645666667,1.827298633094662,6.0211332787613285,0.021055,0.0695523,FALSE,TRUE,FALSE
MD,2024-09-26T01:00:00Z,4.193834645666667,1.8299194767477607,6.023754122414427,0,0.0402634,FALSE,TRUE,FALSE
MD,2024-09-26T01:30:00Z,4.534552516444444,1.318970209410538,5.853522725854982,0,0.0605601,FALSE,TRUE,FALSE
MD,2024-09-26T02:00:00Z,4.4125668497560975,1.410925014327554,5.8234918640836515,0,0.0313167,FALSE,TRUE,FALSE
MD,2024-09-26T10:00:00Z,5.72905149875,-0.5328005086995873,5.196250990050412,0,0.0427301,TRUE,FALSE,FALSE
MD,2024-09-26T12:00:00Z,31.832,-26.78642454603267,5.045575453967332,12.3344,0.0351255,TRUE,FALSE,FALSE
MD,2024-09-26T13:30:00Z,19.837600000000002,-14.184734330429588,5.6528656695704145,252.329,0.136651,TRUE,FALSE,FALSE
MD,2024-09-27T00:00:00Z,4.407867295918368,1.814502953731382,6.2223702496497495,4.80506,0.107426,FALSE,TRUE,FALSE
MD,2024-09-27T00:30:00Z,4.3398746224489795,1.8320330770900153,6.171907699538995,0.0191088,0.069959,FALSE,TRUE,FALSE
MD,2024-09-27T01:00:00Z,4.1650450898181814,1.9050563130837652,6.070101402901947,0,0.0379747,FALSE,TRUE,FALSE
MD,2024-09-27T01:30:00Z,4.0848002800000005,1.679913902722042,5.7647141827220425,0,0.0506051,FALSE,TRUE,FALSE
MD,2024-09-27T02:30:00Z,4.140904108148148,1.5717884159388884,5.7126925240870365,0,0.0405219,FALSE,TRUE,FALSE
MD,2024-09-27T08:00:00Z,5.70775726962963,-0.5087979305593961,5.1989593390702336,0,0.150846,TRUE,FALSE,FALSE
MD,2024-09-27T08:30:00Z,6.955169000000001,-1.7923097825722634,5.162859217427737,0,0.229554,TRUE,FALSE,FALSE
MD,2024-09-27T10:00:00Z,5.70775726962963,-0.5191888451728968,5.188568424456733,0,0.172816,TRUE,FALSE,FALSE
MD,2024-09-27T11:00:00Z,3.6104270000000005,1.5865013121263,5.196928312126301,0.00237202,0.280811,FALSE,TRUE,FALSE
MD,2024-09-28T00:30:00Z,6.659725,-0.6623057326457991,5.997419267354201,0.0120526,0.466647,TRUE,FALSE,FALSE
MD,2024-09-28T04:00:00Z,6.717723,-0.9406099560076502,5.77711304399235,0,0.674532,TRUE,FALSE,FALSE
MD,2024-09-28T05:00:00Z,4.3399102,1.4050993694558915,5.745009569455892,0,0.490742,FALSE,TRUE,FALSE
MD,2024-09-28T06:00:00Z,4.5809895,1.1342707940989252,5.7152602940989254,0,0.469729,FALSE,TRUE,FALSE
MD,2024-09-28T08:00:00Z,4.4783635,1.201673095979431,5.6800365959794314,0,0.369914,FALSE,TRUE,FALSE
MD,2024-09-28T09:00:00Z,6.149858,-0.5156414745418472,5.634216525458153,0,0.298728,TRUE,FALSE,FALSE
MD,2024-09-28T10:30:00Z,4.4294026,1.0791686308757242,5.508571230875725,0,0.410956,FALSE,TRUE,FALSE
MD,2024-09-28T23:30:00Z,4.919565,1.2700437555340125,6.189608755534013,6.42855,0.443404,FALSE,TRUE,FALSE
MD,2024-09-29T01:00:00Z,6.704945,-0.6112953278244406,6.09364967217556,0,0.285384,TRUE,FALSE,FALSE
MD,2024-09-29T02:30:00Z,6.812275,-0.8839745364057263,5.928300463594273,0,0.485488,TRUE,FALSE,FALSE
MD,2024-09-29T03:30:00Z,7.068194999999999,-1.1778121655369889,5.8903828344630105,0,0.488318,TRUE,FALSE,FALSE
MD,2024-09-29T07:30:00Z,4.426221055,1.0527617857240514,5.4789828407240515,0,0.1432,FALSE,TRUE,FALSE
MD,2024-09-29T08:00:00Z,6.026883199999999,-0.6393723102362907,5.387510889763709,0,0.276851,TRUE,FALSE,FALSE
MD,2024-09-29T12:00:00Z,3.6518799,1.5185947054022906,5.1704746054022905,8.59645,0.330058,FALSE,TRUE,FALSE
MD,2024-09-30T01:00:00Z,4.347567063823529,1.0129721600718105,5.36053922389534,0,0.0799474,FALSE,TRUE,FALSE
MD,2024-09-30T02:30:00Z,4.352001793030302,1.017893859592939,5.369895652623241,0,0.190834,FALSE,TRUE,FALSE
MD,2024-09-30T03:30:00Z,6.7496350000000005,-1.329593166909424,5.420041833090576,0,0.365884,TRUE,FALSE,FALSE
MD,2024-10-01T12:30:00Z,-26.688460000000003,31.82637497570759,5.137914975707588,4.64775,0.236253,FALSE,TRUE,FALSE
MD,2024-10-02T05:30:00Z,5.035728617375886,-1.1587165412225526,3.8770120761533335,0,0.0416701,TRUE,FALSE,FALSE
MD,2024-10-02T08:00:00Z,4.692436160661765,-0.9120983122069712,3.7803378484547934,0,0.0491498,TRUE,FALSE,FALSE
MD,2024-10-02T08:30:00Z,4.696864724814815,-0.9440645756625079,3.752800149152307,0,0.0428952,TRUE,FALSE,FALSE
MD,2024-10-02T09:00:00Z,4.642255767537313,-0.9103753206125709,3.7318804469247424,0,0.0557721,TRUE,FALSE,FALSE
MD,2024-10-02T09:30:00Z,4.648260660526316,-0.9894085657719085,3.6588520947544074,0,0.0826871,TRUE,FALSE,FALSE
MD,2024-10-02T10:00:00Z,4.634955794318182,-0.9761569770877276,3.658798817230454,0,0.0493685,TRUE,FALSE,FALSE
MD,2024-10-02T10:30:00Z,4.631910082824428,-1.0001239767469392,3.6317861060774885,0,0.0667141,TRUE,FALSE,FALSE
MD,2024-10-02T11:00:00Z,4.623708560384616,-1.0531155786273008,3.570592981757315,1.6272e-4,0.070018,TRUE,FALSE,FALSE
MD,2024-10-02T11:30:00Z,4.651162115116279,-1.114549465473631,3.5366126496426484,0.169744,0.0310783,TRUE,FALSE,FALSE
MD,2024-10-02T12:00:00Z,4.649816142692307,-1.073608322072896,3.5762078206194112,6.8731,0.0529138,TRUE,FALSE,FALSE
MD,2024-10-03T10:30:00Z,5.548747199999999,-1.3213381986387533,4.227409001361246,0,0.218125,TRUE,FALSE,FALSE
MD,2024-10-05T23:30:00Z,1.718168,3.0123385339876845,4.730506533987684,7.27104,0.484135,FALSE,TRUE,FALSE
MD,2024-10-06T00:00:00Z,5.526391,-0.8462482111223499,4.68014278887765,0.15197,0.492124,TRUE,FALSE,FALSE
MD,2024-10-06T00:30:00Z,5.162844,-0.5149961972694577,4.647847802730542,1.4916e-4,0.479275,TRUE,FALSE,FALSE
MD,2024-10-06T01:00:00Z,3.457275,1.1741254569432336,4.631400456943234,0,0.551857,FALSE,TRUE,FALSE
MD,2024-10-06T02:00:00Z,5.15165,-0.56091591332431,4.59073408667569,0,0.684688,TRUE,FALSE,FALSE
MD,2024-10-06T03:30:00Z,5.597239,-1.1186929769792942,4.478546023020706,0,0.498742,TRUE,FALSE,FALSE
MD,2024-10-06T04:00:00Z,5.312952999999999,-0.850424931916657,4.462528068083342,0,0.380087,TRUE,FALSE,FALSE
MD,2024-10-06T06:00:00Z,5.384246,-0.8330189673889707,4.551227032611029,0,0.503198,TRUE,FALSE,FALSE
MD,2024-10-06T06:30:00Z,5.438976,-0.7542878216649571,4.684688178335043,0,0.569526,TRUE,FALSE,FALSE
MD,2024-10-06T08:30:00Z,9.108808,-4.273782256730929,4.835025743269071,0,0.659527,TRUE,FALSE,FALSE
MD,2024-10-06T12:00:00Z,3.2517106,1.0549474526766724,4.3066580526766725,2.78772,0.224516,FALSE,TRUE,FALSE
MD,2024-10-07T04:30:00Z,2.7549782,1.129728742156853,3.884706942156853,0,0.265665,FALSE,TRUE,FALSE
MD,2024-10-07T07:00:00Z,2.6696199999999997,1.1244462950024885,3.794066295002488,0,0.237218,FALSE,TRUE,FALSE
MD,2024-10-07T07:30:00Z,4.8472329,-1.0623935075982756,3.7848393924017243,0,0.526339,TRUE,FALSE,FALSE
MD,2024-10-07T09:30:00Z,4.442031200000001,-0.7149253114128835,3.727105888587117,0,0.293838,TRUE,FALSE,FALSE
MD,2024-10-08T04:30:00Z,4.797645500000001,-1.4637084002993954,3.3339370997006053,0,0.223284,TRUE,FALSE,FALSE
MD,2024-10-08T06:00:00Z,5.133008,-1.6678770034918675,3.4651309965081327,0,0.223545,TRUE,FALSE,FALSE
MD,2024-10-08T13:00:00Z,4.3297680000000005,-1.266224313525257,3.0635436864747434,139.811,0.157606,TRUE,FALSE,FALSE
MD,2024-10-09T03:00:00Z,3.321249151851852,-0.5448444408364574,2.7764047110153944,0,0.0895307,TRUE,FALSE,FALSE
MD,2024-10-09T03:30:00Z,3.288260111111111,-0.5299582487383425,2.7583018623727686,0,0.0287644,TRUE,FALSE,FALSE
MD,2024-10-09T04:30:00Z,3.2262895206896554,-0.5030559127161935,2.723233607973462,0,0.0637561,TRUE,FALSE,FALSE
MD,2024-10-09T07:00:00Z,3.2165284173548385,-0.659599913506733,2.5569285038481055,0,0.0326179,TRUE,FALSE,FALSE
MD,2024-10-09T07:30:00Z,3.2146442730128206,-0.7067691283055675,2.507875144707253,0,0.0369525,TRUE,FALSE,FALSE
MD,2024-10-09T08:00:00Z,3.2189640037579617,-0.7436803131420939,2.4752836906158677,0,0.0548386,TRUE,FALSE,FALSE
MD,2024-10-09T08:30:00Z,3.2174582315822784,-0.8031294554470763,2.414328776135202,0,0.0692248,TRUE,FALSE,FALSE
MD,2024-10-09T09:00:00Z,3.2162430980503145,-0.7212292240400378,2.4950138740102767,0,0.0705861,TRUE,FALSE,FALSE
MD,2024-10-09T09:30:00Z,3.087350570588235,-0.6413849327177474,2.4459656378704877,0,0.110976,TRUE,FALSE,FALSE
MD,2024-10-09T10:00:00Z,3.2162430980503145,-0.7848011567454036,2.431441941304911,0,0.0698765,TRUE,FALSE,FALSE
MD,2024-10-09T10:30:00Z,3.2162430980503145,-0.8339755282114574,2.382267569838857,0,0.0632029,TRUE,FALSE,FALSE
MD,2024-10-09T11:00:00Z,3.2162430980503145,-0.8604638231044492,2.3557792749458653,6.55812e-5,0.102418,TRUE,FALSE,FALSE
MD,2024-10-09T11:30:00Z,3.2162430980503145,-0.8604421357721317,2.355800962278183,0.0299351,0.0691754,TRUE,FALSE,FALSE
MD,2024-10-09T12:00:00Z,3.200915347469136,-0.830436013404225,2.370479334064911,2.72246,0.109902,TRUE,FALSE,FALSE
MD,2024-10-10T05:30:00Z,3.264724290625,-0.6205272967408857,2.644196993884114,0,0.100033,TRUE,FALSE,FALSE
MD,2024-10-10T06:00:00Z,3.2556194666666665,-0.623421537600398,2.6321979290662685,0,0.136441,TRUE,FALSE,FALSE
MD,2024-10-10T06:30:00Z,3.3084145181818183,-0.7034114469697652,2.605003071212053,0,0.0916593,TRUE,FALSE,FALSE
MD,2024-10-10T07:00:00Z,3.2657753264705884,-0.7125444609919831,2.5532308654786053,0,0.0979037,TRUE,FALSE,FALSE
MD,2024-10-10T07:30:00Z,3.072365586666667,-0.5971646582396604,2.4752009284270065,0,0.058005,TRUE,FALSE,FALSE
MD,2024-10-10T08:00:00Z,3.072365586666667,-0.6292809484464721,2.4430846382201947,0,0.043935,TRUE,FALSE,FALSE
MD,2024-10-10T08:30:00Z,3.206635436064516,-0.7997761881613261,2.40685924790319,0,0.0645469,TRUE,FALSE,FALSE
MD,2024-10-10T09:00:00Z,3.206635436064516,-0.8198659780470758,2.38676945801744,0,0.0511478,TRUE,FALSE,FALSE
MD,2024-10-10T09:30:00Z,3.206635436064516,-0.8459562187805174,2.3606792172839985,0,0.0848641,TRUE,FALSE,FALSE
MD,2024-10-10T10:00:00Z,3.206635436064516,-0.8833402570688595,2.3232951789956564,0,0.0575983,TRUE,FALSE,FALSE
MD,2024-10-10T10:30:00Z,3.206635436064516,-0.909781056650131,2.296854379414385,0,0.0284524,TRUE,FALSE,FALSE
MD,2024-10-10T11:00:00Z,3.1914269181168833,-0.8819940875784922,2.309432830538391,1.80964e-4,0.0180861,TRUE,FALSE,FALSE
MD,2024-10-10T11:30:00Z,3.1914269181168833,-0.8786174532578452,2.312809464859038,0.0362654,0.0332514,TRUE,FALSE,FALSE
MD,2024-10-11T02:30:00Z,3.1816826973376626,-0.6068480776881282,2.5748346196495344,2.95115e-4,0.0844812,TRUE,FALSE,FALSE
MD,2024-10-11T03:00:00Z,3.1816826973376626,-0.6402109113132184,2.5414717860244442,0,0.0427393,TRUE,FALSE,FALSE
MD,2024-10-11T03:30:00Z,3.1816826973376626,-0.6471915395064936,2.534491157831169,0,0.0282559,TRUE,FALSE,FALSE
MD,2024-10-11T04:00:00Z,3.1816826973376626,-0.6871247071321331,2.4945579902055295,0,0.0297636,TRUE,FALSE,FALSE
MD,2024-10-11T04:30:00Z,3.1816826973376626,-0.6957927730147442,2.4858899243229184,0,0.01325,TRUE,FALSE,FALSE
MD,2024-10-11T07:00:00Z,4.39123,-1.5534594914323288,2.8377705085676714,0,0.222854,TRUE,FALSE,FALSE
MD,2024-10-11T07:30:00Z,1.6285809999999998,1.18624901620048,2.81483001620048,0,0.281315,FALSE,TRUE,FALSE
MD,2024-10-11T08:30:00Z,3.8868940000000003,-1.0819187433897492,2.804975256610251,0,0.252499,TRUE,FALSE,FALSE
MD,2024-10-12T00:00:00Z,4.717436676923077,-1.5047200337670765,3.2127166431560004,0.00714686,0.181101,TRUE,FALSE,FALSE
MD,2024-10-12T00:30:00Z,4.517894930769231,-1.3513170375399182,3.1665778932293125,0,0.162786,TRUE,FALSE,FALSE
MD,2024-10-12T01:00:00Z,4.2558228,-1.0843849344719754,3.1714378655280244,0,0.229188,TRUE,FALSE,FALSE
MD,2024-10-12T02:00:00Z,4.4632506076923075,-1.3277756007515356,3.135475006940772,0,0.0864701,TRUE,FALSE,FALSE
MD,2024-10-12T02:30:00Z,8.248222,-5.165590397410146,3.082631602589855,0,0.359225,TRUE,FALSE,FALSE
MD,2024-10-12T03:00:00Z,3.696231,-0.6567701897496776,3.0394608102503224,0,0.602733,TRUE,FALSE,FALSE
MD,2024-10-12T04:00:00Z,5.145823999999999,-2.2336339318869967,2.9121900681130026,0,0.601469,TRUE,FALSE,FALSE
MD,2024-10-12T04:30:00Z,3.402747,-0.5529201019945038,2.8498268980054964,0,0.585413,TRUE,FALSE,FALSE
MD,2024-10-12T05:00:00Z,3.671745,-0.8861783253600515,2.7855666746399486,0,0.562934,TRUE,FALSE,FALSE
MD,2024-10-12T05:30:00Z,4.1802552,-1.4300277202601568,2.7502274797398436,0,0.53505,TRUE,FALSE,FALSE
MD,2024-10-12T06:00:00Z,3.3716104,-0.6484715021661978,2.723138897833802,0,0.429412,TRUE,FALSE,FALSE
MD,2024-10-12T06:30:00Z,3.565279,-0.8965339387451063,2.6687450612548935,0,0.319441,TRUE,FALSE,FALSE
MD,2024-10-12T08:00:00Z,3.8120170000000004,-1.2422444030133808,2.5697725969866196,0,0.457457,TRUE,FALSE,FALSE
MD,2024-10-12T10:00:00Z,3.1789018461538463,-0.8337212560596878,2.3451805900941585,0,0.0886975,TRUE,FALSE,FALSE
MD,2024-10-12T10:30:00Z,3.050558740740741,-0.7367509542756454,2.3138077864650954,0,0.155955,TRUE,FALSE,FALSE
MD,2024-10-12T11:00:00Z,3.0058493535714286,-0.7101286514300944,2.295720702141334,0,0.193502,TRUE,FALSE,FALSE
MD,2024-10-12T11:30:00Z,3.1640917713636365,-0.8888128357717497,2.2752789355918868,0.024445,0.184279,TRUE,FALSE,FALSE
MD,2024-10-12T12:00:00Z,3.158474,-0.8963306412383849,2.262143358761615,2.38683,0.264694,TRUE,FALSE,FALSE
MD,2024-10-12T22:30:00Z,3.225867985319149,-0.6286879408165134,2.5971800445026356,6.56958,0.18002,TRUE,FALSE,FALSE
MD,2024-10-12T23:00:00Z,7.66891,-5.098191830645501,2.5707181693545,1.02099,0.326656,TRUE,FALSE,FALSE
MD,2024-10-12T23:30:00Z,-21.758847,24.24393473921801,2.4850877392180095,0.0461287,0.242305,FALSE,TRUE,FALSE
MD,2024-10-13T00:00:00Z,-6.41564,8.847793750101228,2.432153750101229,5.96887e-4,0.239742,FALSE,TRUE,FALSE
MD,2024-10-13T00:30:00Z,0.319829,2.0950817188397,2.4149107188397,0,0.332772,FALSE,TRUE,FALSE
MD,2024-10-13T01:00:00Z,-3.9757800000000003,6.380904591484071,2.4051245914840704,0,0.378289,FALSE,TRUE,FALSE
MD,2024-10-13T01:30:00Z,4.04925,-1.659614963102432,2.389635036897568,0,0.324751,TRUE,FALSE,FALSE
MD,2024-10-13T02:00:00Z,4.656378,-2.288607929690736,2.3677700703092643,0,0.305458,TRUE,FALSE,FALSE
MD,2024-10-13T02:30:00Z,3.088324,-0.7321080840027361,2.356215915997264,0,0.274721,TRUE,FALSE,FALSE
MD,2024-10-13T03:00:00Z,4.1475593,-1.790172729886149,2.357386570113851,4.14197e-5,0.304654,TRUE,FALSE,FALSE
MD,2024-10-13T03:30:00Z,3.8172654799999997,-1.4745240700218636,2.342741409978136,1.90087e-4,0.252059,TRUE,FALSE,FALSE
MD,2024-10-13T04:00:00Z,4.1422802,-1.8102701700761177,2.3320100299238824,1.49685e-4,0.256987,TRUE,FALSE,FALSE
MD,2024-10-13T04:30:00Z,3.0394207230069927,-0.7345466895434845,2.3048740334635083,0,0.160957,TRUE,FALSE,FALSE
MD,2024-10-13T05:30:00Z,4.1666387,-1.8631157209925884,2.3035229790074117,0,0.286792,TRUE,FALSE,FALSE
MD,2024-10-13T06:00:00Z,3.672729,-1.3647187121147488,2.308010287885251,0,0.235797,TRUE,FALSE,FALSE
MD,2024-10-13T06:30:00Z,3.88482,-1.5705256621024932,2.3142943378975067,0,0.234661,TRUE,FALSE,FALSE
MD,2024-10-13T07:00:00Z,18.26951,-15.95357772105499,2.315932278945011,0,0.307819,TRUE,FALSE,FALSE
MD,2024-10-13T07:30:00Z,6.765759999999999,-4.448063631644578,2.317696368355421,0,0.290222,TRUE,FALSE,FALSE
MD,2024-10-13T08:00:00Z,-1.98638,4.305902040289839,2.319522040289839,0,0.283197,FALSE,TRUE,FALSE
MD,2024-10-13T09:00:00Z,-1.863583,4.178782480226455,2.3151994802264553,0,0.350168,FALSE,TRUE,FALSE
MD,2024-10-13T09:30:00Z,6.451921,-4.133293065055026,2.3186279349449728,0,0.257744,TRUE,FALSE,FALSE
MD,2024-10-13T10:30:00Z,4.009003,-1.7110826964489174,2.2979203035510825,0,0.329762,TRUE,FALSE,FALSE
MD,2024-10-13T11:00:00Z,2.9888669,-0.7132644311413885,2.2756024688586116,0,0.2956,TRUE,FALSE,FALSE
MD,2024-10-13T11:30:00Z,4.503235999999999,-2.2625536449483166,2.240682355051683,0.00767842,0.26239,TRUE,FALSE,FALSE
MD,2024-10-13T12:00:00Z,2.8552732984892084,-0.6472338009367431,2.2080394975524653,1.8707,0.0959044,TRUE,FALSE,FALSE
MD,2024-10-13T12:30:00Z,6.866718,-4.678193102744592,2.188524897255408,29.8842,0.125128,TRUE,FALSE,FALSE
MD,2024-10-13T18:30:00Z,26.41049,-23.888397141663695,2.5220928583363045,112.218,0.142846,TRUE,FALSE,FALSE
MD,2024-10-13T21:30:00Z,21.13573,-18.704154484460126,2.4315755155398744,16.2015,0.196914,TRUE,FALSE,FALSE
MD,2024-10-13T22:00:00Z,8.66696,-6.275755505476889,2.3912044945231106,21.301,0.281601,TRUE,FALSE,FALSE
MD,2024-10-13T23:00:00Z,-14.6416,17.0041995125629,2.3625995125629,9.83337,0.235131,FALSE,TRUE,FALSE
MD,2024-10-14T00:00:00Z,5.23791,-2.9351530581217626,2.3027569418782377,0.00135748,0.23665,TRUE,FALSE,FALSE
MD,2024-10-14T00:30:00Z,-4.81177,7.0838825950945346,2.272112595094534,1.08727e-4,0.344169,FALSE,TRUE,FALSE
MD,2024-10-14T01:00:00Z,3.1557255476190478,-0.9296633595937611,2.2260621880252867,1.60517e-4,0.0928757,TRUE,FALSE,FALSE
MD,2024-10-14T01:30:00Z,2.882811592463768,-0.6758222029835834,2.2069893894801846,0,0.0516929,TRUE,FALSE,FALSE
MD,2024-10-14T02:00:00Z,2.876110385839416,-0.6621375463371684,2.2139728395022478,1.5779e-5,0.0769565,TRUE,FALSE,FALSE
MD,2024-10-14T02:30:00Z,3.0550096458333336,-0.847466354882755,2.2075432909505786,1.13411e-4,0.110838,TRUE,FALSE,FALSE
MD,2024-10-14T03:00:00Z,2.8776863851851853,-0.6934742904852342,2.184212094699951,4.21593e-5,0.172914,TRUE,FALSE,FALSE
MD,2024-10-14T03:30:00Z,4.72611,-2.553355652169546,2.172754347830454,3.32837e-5,0.290002,TRUE,FALSE,FALSE
MD,2024-10-14T04:00:00Z,4.188356,-2.040421524435247,2.1479344755647527,2.60599e-4,0.339002,TRUE,FALSE,FALSE
MD,2024-10-14T04:30:00Z,1.0399699999999998,1.0804994679816349,2.1204694679816347,4.62027e-4,0.415122,FALSE,TRUE,FALSE
MD,2024-10-14T05:00:00Z,0.82735,1.2883518016589939,2.115701801658994,3.21989e-4,0.420189,FALSE,TRUE,FALSE
MD,2024-10-14T05:30:00Z,-3.023183,5.154080928556618,2.130897928556618,1.28204e-4,0.415609,FALSE,TRUE,FALSE
MD,2024-10-14T06:00:00Z,-5.72501,7.875910307569595,2.1509003075695947,0,0.341169,FALSE,TRUE,FALSE
MD,2024-10-14T06:30:00Z,8.64566,-6.479985942310105,2.1656740576898947,0,0.508134,TRUE,FALSE,FALSE
MD,2024-10-14T07:00:00Z,-2.469424,4.631683876632548,2.1622598766325476,0,0.484729,FALSE,TRUE,FALSE
MD,2024-10-14T07:30:00Z,2.759833,-0.6121320485728345,2.1477009514271654,0,0.39622,TRUE,FALSE,FALSE
MD,2024-10-14T08:00:00Z,4.36101,-2.2329849371428683,2.128025062857132,0,0.397483,TRUE,FALSE,FALSE
MD,2024-10-14T08:30:00Z,6.71717,-4.6064516892710525,2.1107183107289473,0,0.402451,TRUE,FALSE,FALSE
MD,2024-10-14T09:00:00Z,-0.8479000000000001,2.9353455859376245,2.0874455859376244,0,0.430403,FALSE,TRUE,FALSE
MD,2024-10-14T09:30:00Z,0.6299699999999999,1.4294193210177617,2.0593893210177616,0,0.42697,FALSE,TRUE,FALSE
MD,2024-10-14T10:00:00Z,3.328469,-1.2955969685460054,2.0328720314539948,0,0.396024,TRUE,FALSE,FALSE
MD,2024-10-14T10:30:00Z,4.1984069999999996,-2.1875492861405355,2.010857713859464,0,0.407183,TRUE,FALSE,FALSE
MD,2024-10-14T11:30:00Z,3.8683549999999998,-1.9000345991688092,1.9683204008311905,0.00786629,0.323505,TRUE,FALSE,FALSE
MD,2024-10-14T12:00:00Z,3.9314976,-1.9821308415777312,1.949366758422269,1.67308,0.299182,TRUE,FALSE,FALSE
MD,2024-10-14T12:30:00Z,2.4829607,-0.543307702431155,1.939652997568845,38.6781,0.298766,TRUE,FALSE,FALSE
MD,2024-10-14T23:30:00Z,3.070962891304348,-0.756669410852191,2.314293480452157,1.13554,0.149125,TRUE,FALSE,FALSE
MD,2024-10-15T00:00:00Z,2.8414163379310344,-0.5984074100030208,2.2430089279280137,0.00617228,0.0440541,TRUE,FALSE,FALSE
MD,2024-10-15T00:30:00Z,3.1667068,-0.9772871853134442,2.189419614686556,6.88356e-4,0.039282,TRUE,FALSE,FALSE
MD,2024-10-15T01:00:00Z,3.134733503030303,-0.988493782919766,2.146239720110537,5.68535e-4,0.0350118,TRUE,FALSE,FALSE
MD,2024-10-15T01:30:00Z,3.0400372823529414,-0.9246900878350437,2.1153471945178977,8.40721e-4,0.0749249,TRUE,FALSE,FALSE
MD,2024-10-15T02:00:00Z,2.990118175,-0.8986918525497845,2.0914263224502156,8.80908e-4,0.0930482,TRUE,FALSE,FALSE
MD,2024-10-15T02:30:00Z,2.990118175,-0.9210750919325643,2.069043083067436,9.72377e-4,0.094325,TRUE,FALSE,FALSE
MD,2024-10-15T03:00:00Z,2.945895858064516,-0.8860397728750762,2.05985608518944,0.00108554,0.092,TRUE,FALSE,FALSE
MD,2024-10-15T03:30:00Z,2.6515132,-0.6117815979463184,2.0397316020536818,9.58324e-4,0.0668251,TRUE,FALSE,FALSE
MD,2024-10-15T04:00:00Z,2.8131499862068967,-0.7660992883032081,2.0470506979036887,7.51225e-4,0.153298,TRUE,FALSE,FALSE
MD,2024-10-15T04:30:00Z,2.8131499862068967,-0.7644768872321674,2.0486730989747293,8.14217e-4,0.188597,TRUE,FALSE,FALSE
MD,2024-10-15T05:00:00Z,2.6393080592592595,-0.6015844116792417,2.037723647580018,9.61529e-4,0.136046,TRUE,FALSE,FALSE
MD,2024-10-15T05:30:00Z,3.052307194736842,-1.077758660336827,1.974548534400015,0.00108061,0.0666644,TRUE,FALSE,FALSE
MD,2024-10-15T06:00:00Z,2.8981348635294117,-0.9346953678313095,1.9634394956981023,4.99255e-4,0.0975106,TRUE,FALSE,FALSE
MD,2024-10-15T06:30:00Z,2.828661852173913,-0.8175512885457703,2.0111105636281428,4.23812e-4,0.0871587,TRUE,FALSE,FALSE
MD,2024-10-15T07:00:00Z,2.6393080592592595,-0.5875347913189901,2.0517732679402694,2.33972e-4,0.195931,TRUE,FALSE,FALSE
MD,2024-10-15T07:30:00Z,3.073639,-1.0282332351316272,2.0454057648683728,2.4408e-4,0.227119,TRUE,FALSE,FALSE
MD,2024-10-15T08:00:00Z,2.6548220000000002,-0.6000686177327221,2.054753382267278,8.75238e-5,0.297137,TRUE,FALSE,FALSE
MD,2024-10-15T08:30:00Z,2.652796,-0.5817013907078863,2.0710946092921136,1.23519e-4,0.24143,TRUE,FALSE,FALSE
MD,2024-10-15T09:00:00Z,3.2887750000000002,-1.235053128978611,2.053721871021389,8.92495e-5,0.223617,TRUE,FALSE,FALSE
MD,2024-10-15T09:30:00Z,2.9161565727272727,-0.8945890630880928,2.02156750963918,0,0.180542,TRUE,FALSE,FALSE
MD,2024-10-15T10:00:00Z,3.0250226000000002,-1.0175916226995625,2.0074309773004377,0,0.212906,TRUE,FALSE,FALSE
MD,2024-10-15T11:00:00Z,2.936001,-0.9024323872393167,2.0335686127606833,0,0.28258,TRUE,FALSE,FALSE
MD,2024-10-15T11:30:00Z,2.826064,-0.8292227201648728,1.9968412798351274,0.00527731,0.293901,TRUE,FALSE,FALSE
MD,2024-10-15T12:00:00Z,2.687106,-0.7168348693413424,1.9702711306586576,1.52493,0.224696,TRUE,FALSE,FALSE
MD,2024-10-15T21:30:00Z,4.856634000000001,-2.4019039574523893,2.4547300425476113,140.357,0.63015,TRUE,FALSE,FALSE
MD,2024-10-15T22:00:00Z,7.2891010000000005,-4.808141609378726,2.4809593906212744,157.545,0.497918,TRUE,FALSE,FALSE
MD,2024-10-15T23:30:00Z,3.1251942516129034,-0.7849879895320666,2.340206262080837,1.46162,0.125403,TRUE,FALSE,FALSE
MD,2024-10-16T00:00:00Z,7.338980000000001,-5.005173241543048,2.3338067584569533,0.0109802,0.238173,TRUE,FALSE,FALSE
MD,2024-10-16T02:00:00Z,2.848047,-0.608767494223549,2.239279505776451,0.0012707,0.218324,TRUE,FALSE,FALSE
MD,2024-10-16T02:30:00Z,2.990118175,-0.7677760830761517,2.2223420919238484,0.00149037,0.177618,TRUE,FALSE,FALSE
MD,2024-10-16T03:00:00Z,4.852171,-2.6370361320976015,2.2151348679023988,0.00147336,0.216602,TRUE,FALSE,FALSE
MD,2024-10-16T04:00:00Z,2.945895858064516,-0.752443210353841,2.193452647710675,0.0017633,0.151821,TRUE,FALSE,FALSE
MD,2024-10-16T04:30:00Z,2.9642651,-0.7813536766462605,2.1829114233537394,0.00172631,0.216094,TRUE,FALSE,FALSE
MD,2024-10-16T05:00:00Z,2.990118175,-0.7765984454057597,2.2135197295942404,0.00165358,0.168758,TRUE,FALSE,FALSE
MD,2024-10-16T05:30:00Z,2.990118175,-0.7616084073820053,2.228509767617995,0.00124407,0.142176,TRUE,FALSE,FALSE
MD,2024-10-16T06:00:00Z,2.990118175,-0.7512396473226679,2.238878527677332,0.00111118,0.155065,TRUE,FALSE,FALSE
MD,2024-10-16T06:30:00Z,2.9331313181456955,-0.6799785226224757,2.25315279552322,0.00111143,0.210949,TRUE,FALSE,FALSE
MD,2024-10-16T07:00:00Z,2.931251,-0.6599165442831882,2.271334455716812,7.58129e-4,0.237522,TRUE,FALSE,FALSE
MD,2024-10-16T07:30:00Z,2.9226019,-0.6177466550117847,2.3048552449882154,7.4728e-4,0.22712,TRUE,FALSE,FALSE
MD,2024-10-16T08:00:00Z,3.892842,-1.5531391650578357,2.3397028349421642,4.74601e-4,0.232915,TRUE,FALSE,FALSE
MD,2024-10-16T08:30:00Z,2.981052,-0.605259740240434,2.375792259759566,3.61436e-4,0.216663,TRUE,FALSE,FALSE
MD,2024-10-16T09:00:00Z,3.024252,-0.6174506088197802,2.40680139118022,5.53495e-4,0.273267,TRUE,FALSE,FALSE
MD,2024-10-16T09:30:00Z,3.1749981647058823,-0.8093905512047872,2.365607613501095,4.50285e-4,0.0898613,TRUE,FALSE,FALSE
MD,2024-10-16T10:00:00Z,2.8701699272727272,-0.585114656928126,2.285055270344601,3.42699e-4,0.125,TRUE,FALSE,FALSE
MD,2024-10-16T10:30:00Z,3.0370322375,-0.7547152051284214,2.2823170323715787,7.59361e-5,0.127656,TRUE,FALSE,FALSE
MD,2024-10-16T11:00:00Z,3.095920988235294,-0.7835765625219713,2.3123444257133228,0,0.171493,TRUE,FALSE,FALSE
MD,2024-10-16T11:30:00Z,3.095920988235294,-0.7779080225438246,2.3180129656914694,0.00386411,0.172862,TRUE,FALSE,FALSE
MD,2024-10-16T12:00:00Z,3.134733503030303,-0.8000196193168208,2.334713883713482,0.759646,0.195378,TRUE,FALSE,FALSE
MD,2024-10-16T12:30:00Z,2.896371,-0.5374718351964587,2.358899164803541,23.5809,0.18691,TRUE,FALSE,FALSE
MD,2024-10-17T01:30:00Z,3.1109850322580646,-0.6327738569365184,2.478211175321546,0.00160378,0.143624,TRUE,FALSE,FALSE
MD,2024-10-17T02:00:00Z,3.134748533333333,-0.6956715323580882,2.439077000975245,0.00193366,0.0716517,TRUE,FALSE,FALSE
MD,2024-10-17T02:30:00Z,3.1289030176470587,-0.6939156274679643,2.4349873901790944,0.00216517,0.0531382,TRUE,FALSE,FALSE
MD,2024-10-17T03:00:00Z,3.134748533333333,-0.6883340604574322,2.446414472875901,0.00244278,0.0534656,TRUE,FALSE,FALSE
MD,2024-10-17T03:30:00Z,3.0370322375,-0.6618332696503284,2.3751989678496717,0.00275268,0.0433186,TRUE,FALSE,FALSE
MD,2024-10-17T04:00:00Z,2.9560886619753086,-0.7465041526060028,2.209584509369306,0.0029551,0.0314875,TRUE,FALSE,FALSE
MD,2024-10-17T04:30:00Z,2.9560886619753086,-0.8373684796472758,2.118720182328033,0.00301156,0.055967,TRUE,FALSE,FALSE
MD,2024-10-17T05:00:00Z,2.9560886619753086,-0.8539887572719902,2.1020999047033184,0.00323197,0.0345819,TRUE,FALSE,FALSE
MD,2024-10-17T05:30:00Z,2.9560886619753086,-0.877619375458536,2.0784692865167727,0.00339,0.0543812,TRUE,FALSE,FALSE
MD,2024-10-17T06:00:00Z,2.9560886619753086,-0.8948710254416827,2.061217636533626,0.00334809,0.024508,TRUE,FALSE,FALSE
MD,2024-10-17T06:30:00Z,2.9560886619753086,-0.916326421957514,2.0397622400177946,0.00310796,0.075127,TRUE,FALSE,FALSE
MD,2024-10-17T07:00:00Z,2.9560886619753086,-0.9372960606453664,2.018792601329942,0.00306013,0.111227,TRUE,FALSE,FALSE
MD,2024-10-17T07:30:00Z,2.9560886619753086,-0.9413980525204306,2.014690609454878,0.00295094,0.0340168,TRUE,FALSE,FALSE
MD,2024-10-17T08:00:00Z,2.9560886619753086,-0.9113690400625876,2.044719621912721,0.00273814,0.0502373,TRUE,FALSE,FALSE
MD,2024-10-17T08:30:00Z,2.828661852173913,-0.5556195719291326,2.2730422802447805,0.00249677,0.031417,TRUE,FALSE,FALSE
MD,2024-10-17T09:00:00Z,3.0362324785714288,-0.8402349534776219,2.195997525093807,0.00227808,0.0199112,TRUE,FALSE,FALSE
MD,2024-10-17T09:30:00Z,2.9560886619753086,-0.8472684942495254,2.108820167725783,0.00206408,0.0298932,TRUE,FALSE,FALSE
MD,2024-10-17T10:00:00Z,2.9560886619753086,-0.9523170549820223,2.0037716069932863,0.00165481,0.0475327,TRUE,FALSE,FALSE
MD,2024-10-17T10:30:00Z,2.9560886619753086,-0.9818916036360648,1.9741970583392439,0.0013062,0.0213434,TRUE,FALSE,FALSE
MD,2024-10-17T11:00:00Z,2.9560886619753086,-0.9788072440085624,1.9772814179667462,9.8421e-4,0.0150021,TRUE,FALSE,FALSE
MD,2024-10-17T11:30:00Z,2.9560886619753086,-0.9622964237309621,1.9937922382443465,0.00838108,0.0379688,TRUE,FALSE,FALSE
MD,2024-10-17T12:00:00Z,2.9911246824539877,-0.9144965756486303,2.0766281068053574,1.58225,0.0326209,TRUE,FALSE,FALSE
MD,2024-10-18T08:00:00Z,3.53169936875,-0.8176792227033349,2.714020146046665,0.00233947,0.0984938,TRUE,FALSE,FALSE
MD,2024-10-18T08:30:00Z,3.600744737142857,-0.9002127776589033,2.700531959483954,0.00223913,0.0838702,TRUE,FALSE,FALSE
MD,2024-10-18T09:00:00Z,3.60190588,-0.9054712672397485,2.6964346127602514,0.00197754,0.0408505,TRUE,FALSE,FALSE
MD,2024-10-18T09:30:00Z,3.2561771055555555,-0.5552288360277995,2.700948269527756,0.0018343,0.0483165,TRUE,FALSE,FALSE
MD,2024-10-18T11:30:00Z,3.1289030176470587,-0.5078139507206072,2.6210890669264515,0.00562371,0.0400599,TRUE,FALSE,FALSE
MD,2024-10-19T01:00:00Z,3.4697302,-0.5410851003019297,2.92864509969807,2.72433e-4,0.0672179,TRUE,FALSE,FALSE
MD,2024-10-19T07:30:00Z,3.8258228695652172,-0.781452299737647,3.0443705698275703,0.00183257,0.0622659,TRUE,FALSE,FALSE
MD,2024-10-19T08:00:00Z,3.8258228695652172,-0.7784613724965537,3.0473614970686635,0.0018703,0.0418963,TRUE,FALSE,FALSE
MD,2024-10-20T03:00:00Z,4.348283143076923,-0.8716658552413739,3.4766172878355492,3.99651e-4,0.111941,TRUE,FALSE,FALSE
MD,2024-10-20T04:00:00Z,4.348283143076923,-0.8632664386689592,3.485016704407964,7.51964e-4,0.202897,TRUE,FALSE,FALSE
MD,2024-10-20T04:30:00Z,4.0384484975,-0.5428291649689698,3.4956193325310303,8.04725e-4,0.161305,TRUE,FALSE,FALSE
MD,2024-10-20T07:30:00Z,4.464111396363636,-0.9871084060596367,3.4770029903039994,0.00121818,0.188756,TRUE,FALSE,FALSE
MD,2024-10-20T08:00:00Z,4.464111396363636,-1.0161311718550459,3.44798022450859,0.00117997,0.172713,TRUE,FALSE,FALSE
MD,2024-10-20T08:30:00Z,4.464111396363636,-1.0029547174688735,3.4611566788947625,0.00108086,0.139054,TRUE,FALSE,FALSE
MD,2024-10-20T09:00:00Z,4.464111396363636,-1.0023308099085502,3.461780586455086,0.00109368,0.102713,TRUE,FALSE,FALSE
MD,2024-10-20T09:30:00Z,4.464111396363636,-1.006696722806725,3.457414673556911,0.00113806,0.157295,TRUE,FALSE,FALSE
MD,2024-10-20T10:00:00Z,4.464111396363636,-1.0040782206175312,3.460033175746105,0.0010456,0.119035,TRUE,FALSE,FALSE
MD,2024-10-20T10:30:00Z,4.464111396363636,-1.0039156030709897,3.4601957932926464,0.00107026,0.124295,TRUE,FALSE,FALSE
MD,2024-10-20T11:00:00Z,4.464111396363636,-0.9930574561268264,3.4710539402368097,8.2223e-4,0.19392,TRUE,FALSE,FALSE
MD,2024-10-20T23:30:00Z,4.962801,-0.8508880579968547,4.111912942003145,0.566331,0.352344,TRUE,FALSE,FALSE
MD,2024-10-21T01:00:00Z,3.0339081,1.0162489824238574,4.0501570824238575,0,0.31522,FALSE,TRUE,FALSE
MD,2024-10-21T04:30:00Z,4.85418,-0.8350430311902031,4.019136968809797,1.9699e-4,0.340293,TRUE,FALSE,FALSE
MD,2024-10-21T06:30:00Z,2.988033,1.1061589622953067,4.094191962295307,3.14592e-4,0.301731,FALSE,TRUE,FALSE
MD,2024-10-21T07:00:00Z,2.7446949999999997,1.3008073005075667,4.045502300507566,5.25882e-4,0.263774,FALSE,TRUE,FALSE
MD,2024-10-21T08:00:00Z,2.909046,1.0477213898925455,3.9567673898925455,6.95999e-4,0.24107,FALSE,TRUE,FALSE
MD,2024-10-21T10:00:00Z,4.5590101,-0.656542611183847,3.902467488816153,7.09313e-4,0.335332,TRUE,FALSE,FALSE
MD,2024-10-22T06:00:00Z,5.068340999999999,-1.0432996334893323,4.025041366510667,8.53049e-5,0.286836,TRUE,FALSE,FALSE
MD,2024-10-23T00:30:00Z,5.797068,-1.5936709395959694,4.203397060404031,0,0.292127,TRUE,FALSE,FALSE
MD,2024-10-23T01:30:00Z,5.646575299999999,-1.425122809386587,4.221452490613412,0,0.295424,TRUE,FALSE,FALSE
MD,2024-10-23T02:30:00Z,4.9064144,-0.7184561929598674,4.187958207040133,0,0.393253,TRUE,FALSE,FALSE
MD,2024-10-23T05:00:00Z,2.912636,1.260219037020521,4.172855037020521,0,0.35709,FALSE,TRUE,FALSE
MD,2024-10-23T06:00:00Z,2.8408729999999998,1.3840144946722392,4.224887494672239,0,0.378769,FALSE,TRUE,FALSE
MD,2024-10-23T06:30:00Z,2.4135289999999996,1.747673911393866,4.1612029113938656,0,0.374416,FALSE,TRUE,FALSE
MD,2024-10-23T07:00:00Z,2.157947,1.928016893115415,4.085963893115415,0,0.222182,FALSE,TRUE,FALSE
MD,2024-10-23T09:30:00Z,2.6581420000000002,1.2241890266249662,3.8823310266249664,1.21794e-4,0.273636,FALSE,TRUE,FALSE
MD,2024-10-23T11:30:00Z,2.8497081,1.0732947627761962,3.923002862776196,5.46346e-4,0.306626,FALSE,TRUE,FALSE
MD,2024-10-23T12:00:00Z,4.531742800000001,-0.6298557127950053,3.9018870872049956,0.222385,0.374029,TRUE,FALSE,FALSE
MD,2024-10-23T23:30:00Z,2.4957332223529414,1.0186109630685722,3.5143441854215136,0.306013,0.20657,FALSE,TRUE,FALSE
MD,2024-10-24T00:00:00Z,1.7879682133333334,1.646244361157653,3.4342125744909864,5.54482e-4,0.102926,FALSE,TRUE,FALSE
MD,2024-10-24T01:00:00Z,0.6167179999999999,2.4642224219069693,3.080940421906969,0,0.0707818,FALSE,TRUE,FALSE
MD,2024-10-24T01:30:00Z,-1.7771719999999998,4.806029892511461,3.0288578925114615,0,0.0446011,FALSE,TRUE,FALSE
MD,2024-10-24T02:00:00Z,3.6034752947482014,-0.6849052923628554,2.918570002385346,0,0.0630825,TRUE,FALSE,FALSE
MD,2024-10-24T02:30:00Z,3.6069582676428573,-0.7506020710572838,2.8563561965855735,0,0.0669031,TRUE,FALSE,FALSE
MD,2024-10-24T03:00:00Z,3.606566691276596,-0.7761898912094201,2.830376800067176,0,0.0273992,TRUE,FALSE,FALSE
MD,2024-10-24T03:30:00Z,3.614024242746479,-0.7798824534052775,2.8341417893412015,1.50393e-5,0.0584832,TRUE,FALSE,FALSE
MD,2024-10-24T04:00:00Z,3.6189001137762236,-0.8151492231950526,2.803750890581171,0,0.0448905,TRUE,FALSE,FALSE
MD,2024-10-24T04:30:00Z,3.6184713629861114,-0.8139605742576341,2.8045107887284773,0,0.0300623,TRUE,FALSE,FALSE
MD,2024-10-24T05:00:00Z,3.6231482846206897,-0.8043814671673388,2.818766817453351,0,0.0486121,TRUE,FALSE,FALSE
MD,2024-10-24T05:30:00Z,3.6196795614383563,-0.7870568915291298,2.8326226699092265,0,0.0551673,TRUE,FALSE,FALSE
MD,2024-10-24T06:30:00Z,3.623146615135135,-0.8951518428909213,2.7279947722442137,0,0.072406,TRUE,FALSE,FALSE
MD,2024-10-24T07:00:00Z,3.626069082818792,-0.9477545092940418,2.67831457352475,9.39339e-5,0.0379888,TRUE,FALSE,FALSE
MD,2024-10-24T07:30:00Z,3.6280722469333333,-0.95017084198509,2.6779014049482432,8.25927e-5,0.0438646,TRUE,FALSE,FALSE
MD,2024-10-24T08:00:00Z,3.62561754,-0.9983257154813643,2.6272918245186356,2.21645e-4,0.0769553,TRUE,FALSE,FALSE
MD,2024-10-24T08:30:00Z,3.621280156842105,-0.9931280897155887,2.6281520671265164,1.33135e-4,0.0662888,TRUE,FALSE,FALSE
MD,2024-10-24T09:00:00Z,3.6228007100653596,-0.8672016859657847,2.755599024099575,2.24357e-4,0.0429478,TRUE,FALSE,FALSE
MD,2024-10-24T09:30:00Z,1.7564069999999998,1.1940358625474472,2.950442862547447,1.02316e-4,0.0524011,FALSE,TRUE,FALSE
MD,2024-10-24T10:00:00Z,1.7564069999999998,1.2303385984593689,2.9867455984593687,2.0981e-4,0.112727,FALSE,TRUE,FALSE
MD,2024-10-24T10:30:00Z,1.7564069999999998,1.1983400912749755,2.9547470912749754,1.59053e-4,0.137745,FALSE,TRUE,FALSE
MD,2024-10-24T11:00:00Z,1.7564069999999998,1.1662636367862205,2.9226706367862203,1.49407e-4,0.152463,FALSE,TRUE,FALSE
MD,2024-10-24T11:30:00Z,1.7564069999999998,1.1541946696672705,2.9106016696672703,0.00155817,0.103967,FALSE,TRUE,FALSE
MD,2024-10-24T12:00:00Z,3.634114405316456,-0.7357860502606894,2.8983283550557664,0.56202,0.0620234,TRUE,FALSE,FALSE
MD,2024-10-24T12:30:00Z,4.6528279999999995,-1.7609858878487201,2.8918421121512794,13.1127,0.0701194,TRUE,FALSE,FALSE
MD,2024-10-24T23:00:00Z,2.644538956956522,1.0407570914948026,3.6852960484513244,7.44417,0.0545309,FALSE,TRUE,FALSE
MD,2024-10-25T00:30:00Z,1.2577053706666663,2.106546183547328,3.364251554213994,0,0.0220956,FALSE,TRUE,FALSE
MD,2024-10-25T01:00:00Z,4.0139173999999995,-0.8094638993013175,3.204453500698682,0,0.0499207,TRUE,FALSE,FALSE
MD,2024-10-25T02:00:00Z,1.824362329655172,1.6008086132834365,3.4251709429386086,0,0.0785293,FALSE,TRUE,FALSE
MD,2024-10-25T02:30:00Z,1.5724434936363636,1.8145763260896852,3.387019819726049,0,0.0893682,FALSE,TRUE,FALSE
MD,2024-10-25T03:00:00Z,1.4654071755555556,1.8850866003417661,3.3504937758973217,0,0.0914397,FALSE,TRUE,FALSE
MD,2024-10-25T03:30:00Z,1.6911869028571427,1.678008922552922,3.3691958254100647,0,0.0742662,FALSE,TRUE,FALSE
MD,2024-10-25T04:00:00Z,1.4922401578947366,1.8539737281377628,3.3462138860324995,0,0.186676,FALSE,TRUE,FALSE
MD,2024-10-25T05:30:00Z,1.5360857470588234,1.7707444213582575,3.306830168417081,0,0.138466,FALSE,TRUE,FALSE
MD,2024-10-25T06:00:00Z,1.6330275578947369,1.6791323348860758,3.3121598927808127,0,0.108719,FALSE,TRUE,FALSE
MD,2024-10-25T06:30:00Z,1.63451193,1.6933408521290279,3.327852782129028,0,0.163121,FALSE,TRUE,FALSE
MD,2024-10-25T07:00:00Z,1.7370301281250002,1.6084507202722298,3.34548084839723,0,0.0778875,FALSE,TRUE,FALSE
MD,2024-10-25T07:30:00Z,1.7370301281250002,1.609850482008075,3.3468806101330753,0,0.120035,FALSE,TRUE,FALSE
MD,2024-10-25T08:00:00Z,25.4417,-22.119258639206162,3.3224413607938392,0,0.26117,TRUE,FALSE,FALSE
MD,2024-10-25T08:30:00Z,5.8492299999999995,-2.571712012612562,3.2775179873874376,0,0.358792,TRUE,FALSE,FALSE
MD,2024-10-25T09:30:00Z,-8.84433,12.080029862758643,3.2356998627586435,0,0.54677,FALSE,TRUE,FALSE
MD,2024-10-25T10:00:00Z,1.9057,1.310397328607111,3.216097328607111,0,0.378411,FALSE,TRUE,FALSE
MD,2024-10-25T11:00:00Z,8.73538,-5.514196068237188,3.221183931762811,0,0.328489,TRUE,FALSE,FALSE
MD,2024-10-25T11:30:00Z,12.12314,-8.885565418095164,3.2375745819048354,0,0.266725,TRUE,FALSE,FALSE
MD,2024-10-25T12:00:00Z,7.3036037,-4.076109627238512,3.2274940727614885,0.0309471,0.273474,TRUE,FALSE,FALSE
MD,2024-10-25T12:30:00Z,0.342799,2.8935474569052846,3.2363464569052844,0.49946,0.241078,FALSE,TRUE,FALSE
MD,2024-10-25T13:00:00Z,1.46413,1.7991135288202353,3.2632435288202353,6.42046,0.41522,FALSE,TRUE,FALSE
MD,2024-10-26T00:00:00Z,1.7504912109090909,1.6658191319724196,3.4163103428815105,3.31358e-4,0.0517781,FALSE,TRUE,FALSE
MD,2024-10-26T00:30:00Z,1.7953301293999997,1.5629931372660184,3.358323266666018,0,0.096859,FALSE,TRUE,FALSE
MD,2024-10-26T01:00:00Z,1.6675447728260868,1.6794978233861613,3.347042596212248,0,0.0893936,FALSE,TRUE,FALSE
MD,2024-10-26T03:30:00Z,1.201762655952381,2.0926234380459006,3.294386093998282,0,0.0966165,FALSE,TRUE,FALSE
MD,2024-10-26T11:00:00Z,1.9860862316666668,1.104565088120655,3.0906513197873218,0,0.0557816,FALSE,TRUE,FALSE
MD,2024-10-26T11:30:00Z,1.9339823134615386,1.1388864896431754,3.072868803104714,7.84015e-4,0.0570366,FALSE,TRUE,FALSE
MD,2024-10-26T12:00:00Z,1.6077116729166667,1.4301935421177394,3.037905215034406,0.325295,0.0685115,FALSE,TRUE,FALSE
MD,2024-10-26T12:30:00Z,1.586110915909091,1.4272101753832684,3.0133210912923594,8.9826,0.0817274,FALSE,TRUE,FALSE
MD,2024-10-26T13:00:00Z,3.967683,-0.9622540189599422,3.005428981040058,61.7334,0.1623,TRUE,FALSE,FALSE
MD,2024-10-26T23:00:00Z,1.761578080681818,1.5797448757032855,3.3413229563851035,4.40066,0.0842858,FALSE,TRUE,FALSE
MD,2024-10-27T01:00:00Z,2.019832672916667,1.0561590986892795,3.0759917716059464,0,0.0861016,FALSE,TRUE,FALSE
MD,2024-10-27T01:30:00Z,1.6543442075,1.37475377455697,3.02909798205697,0,0.118881,FALSE,TRUE,FALSE
MD,2024-10-27T03:30:00Z,5.524806666666667,-2.7034844094567037,2.821322257209963,6.2376e-5,0.0627899,TRUE,FALSE,FALSE
MD,2024-10-27T06:30:00Z,3.5482754942119565,-1.1724799322362571,2.3757955619756994,0,0.100776,TRUE,FALSE,FALSE
MD,2024-10-27T07:00:00Z,3.5400857583423915,-1.2233653776676472,2.3167203806747443,0,0.0795052,TRUE,FALSE,FALSE
MD,2024-10-27T07:30:00Z,3.531613165951087,-1.2649652331075827,2.2666479328435045,0,0.0462643,TRUE,FALSE,FALSE
MD,2024-10-27T08:00:00Z,3.5202666245135132,-1.2335715545389512,2.286695069974562,0,0.0470185,TRUE,FALSE,FALSE
MD,2024-10-27T08:30:00Z,3.510351201801075,-1.258367629716652,2.251983572084423,0,0.0451649,TRUE,FALSE,FALSE
MD,2024-10-27T09:00:00Z,3.5009296017914435,-1.2466828239716112,2.2542467778198323,0,0.0281618,TRUE,FALSE,FALSE
MD,2024-10-27T09:30:00Z,3.491637779441489,-1.2154386669566217,2.2761991124848673,0,0.0362611,TRUE,FALSE,FALSE
MD,2024-10-27T10:00:00Z,3.479711277962963,-1.2303353749875674,2.2493759029753955,0,0.0541284,TRUE,FALSE,FALSE
MD,2024-10-27T10:30:00Z,3.4709114449210525,-1.2279710604521674,2.242940384468885,0,0.0603519,TRUE,FALSE,FALSE
MD,2024-10-27T11:00:00Z,3.4602227096073297,-1.2014212026391315,2.258801506968198,0,0.0258871,TRUE,FALSE,FALSE
MD,2024-10-27T11:30:00Z,3.453296239036458,-1.1803366299959737,2.2729596090404844,4.20607e-4,0.0458957,TRUE,FALSE,FALSE
MD,2024-10-27T12:30:00Z,1.6661589333333333,1.0688648134662213,2.7350237467995546,6.62351,0.0544959,FALSE,TRUE,FALSE
MD,2024-10-27T23:00:00Z,2.420702658333333,1.0900481872108703,3.5107508455442034,4.58899,0.0630156,FALSE,TRUE,FALSE
MD,2024-10-27T23:30:00Z,1.7703265490384614,1.6259925112505902,3.3963190602890516,0.09268,0.0692435,FALSE,TRUE,FALSE
MD,2024-10-28T03:00:00Z,1.6580161244230769,1.3706570674275402,3.028673191850617,0,0.0417288,FALSE,TRUE,FALSE
MD,2024-10-28T06:00:00Z,1.823676435689655,1.2619808223548634,3.0856572580445185,0,0.0749338,FALSE,TRUE,FALSE
MD,2024-10-28T06:30:00Z,1.6580161244230769,1.3795329433218824,3.0375490677449593,0,0.0759706,FALSE,TRUE,FALSE
MD,2024-10-28T07:00:00Z,1.814391758392857,1.2462125820355499,3.060604340428407,0,0.102261,FALSE,TRUE,FALSE
MD,2024-10-28T23:30:00Z,2.605347,1.147461281131271,3.752808281131271,0.0209505,0.26522,FALSE,TRUE,FALSE
MD,2024-10-29T00:30:00Z,2.311071,1.3369890915301754,3.6480600915301755,0,0.347063,FALSE,TRUE,FALSE
MD,2024-10-29T01:00:00Z,2.507892,1.1145728860862225,3.6224648860862225,0,0.386479,FALSE,TRUE,FALSE
MD,2024-10-29T01:30:00Z,2.549639,1.0624280747858084,3.6120670747858084,0,0.372893,FALSE,TRUE,FALSE
MD,2024-10-29T02:00:00Z,2.353342,1.2665898384332546,3.6199318384332546,0,0.368027,FALSE,TRUE,FALSE
MD,2024-10-29T03:00:00Z,2.089207,1.6275603792067046,3.7167673792067046,0,0.427154,FALSE,TRUE,FALSE
MD,2024-10-29T03:30:00Z,2.1818618,1.524705626513291,3.706567426513291,0,0.508125,FALSE,TRUE,FALSE
MD,2024-10-29T04:00:00Z,2.4772860000000003,1.2510684877907776,3.728354487790778,0,0.540605,FALSE,TRUE,FALSE
MD,2024-10-29T05:00:00Z,27.76875,-23.99320251655356,3.7755474834464415,0,0.535868,TRUE,FALSE,FALSE
MD,2024-10-29T05:30:00Z,14.117507,-10.411424464082994,3.7060825359170053,0,0.452324,TRUE,FALSE,FALSE
MD,2024-10-29T06:00:00Z,4.66035342037037,-1.1173456704578273,3.543007749912543,0,0.382177,TRUE,FALSE,FALSE
MD,2024-10-29T06:30:00Z,0.9803192000000001,2.4762498899113075,3.4565690899113077,0,0.393584,FALSE,TRUE,FALSE
MD,2024-10-29T07:00:00Z,-6.39194,9.876241248199738,3.484301248199738,0,0.479373,FALSE,TRUE,FALSE
MD,2024-10-29T07:30:00Z,-23.026040000000002,26.563639374575303,3.5375993745753007,0,0.498374,FALSE,TRUE,FALSE
MD,2024-10-29T08:00:00Z,8.07654,-4.524205347546095,3.552334652453904,0,0.470787,TRUE,FALSE,FALSE
MD,2024-10-29T08:30:00Z,-4.21046,7.7949425120910005,3.584482512091,0,0.382815,FALSE,TRUE,FALSE
MD,2024-10-29T09:00:00Z,-0.3334999999999999,3.9681902861686664,3.6346902861686665,0,0.434467,FALSE,TRUE,FALSE
MD,2024-10-29T09:30:00Z,1.88028,1.786649842732118,3.666929842732118,0,0.449944,FALSE,TRUE,FALSE
MD,2024-10-29T11:30:00Z,4.911575071228071,-1.1049543168041498,3.806620754423921,0,0.171946,TRUE,FALSE,FALSE
MD,2024-10-29T12:00:00Z,4.6716862332142854,-0.8568871725722174,3.814799060642068,0.0380696,0.189145,TRUE,FALSE,FALSE
MD,2024-10-29T13:00:00Z,6.133657,-2.1511009100266767,3.9825560899733237,25.4148,0.30252,TRUE,FALSE,FALSE
MD,2024-10-29T23:00:00Z,5.17895,-0.529084324094212,4.649865675905788,2.06556,0.350832,TRUE,FALSE,FALSE
MD,2024-10-30T00:00:00Z,6.4914950000000005,-1.9584346488894093,4.533060351110591,0,0.335388,TRUE,FALSE,FALSE
MD,2024-10-30T00:30:00Z,6.950496,-2.4007171017243527,4.5497788982756475,0,0.501966,TRUE,FALSE,FALSE
MD,2024-10-30T01:00:00Z,5.283589,-0.623326374631608,4.660262625368392,0,0.683645,TRUE,FALSE,FALSE
MD,2024-10-30T02:00:00Z,5.7630029899999995,-1.0967189650474642,4.666284024952535,0,0.585252,TRUE,FALSE,FALSE
MD,2024-10-30T03:30:00Z,5.3295162,-0.7087553508944922,4.620760849105507,0,0.620909,TRUE,FALSE,FALSE
MD,2024-10-30T04:30:00Z,5.523522,-0.9079242738569739,4.615597726143026,0,0.691155,TRUE,FALSE,FALSE
MD,2024-10-30T05:00:00Z,5.2255166,-0.6061035753618844,4.619413024638115,0,0.694747,TRUE,FALSE,FALSE
MD,2024-10-30T05:30:00Z,5.180304199999999,-0.5609882287966519,4.619315971203347,0,0.651692,TRUE,FALSE,FALSE
MD,2024-10-30T06:00:00Z,5.3883827,-0.7806807723286262,4.607701927671374,0,0.752299,TRUE,FALSE,FALSE
MD,2024-10-30T08:00:00Z,5.1907662000000006,-0.5926846368828054,4.598081563117195,0,0.792829,TRUE,FALSE,FALSE
MD,2024-10-30T10:00:00Z,5.106466,-0.5436440010838215,4.562821998916179,0,0.817829,TRUE,FALSE,FALSE
MD,2024-10-30T23:00:00Z,3.309052,1.4379589616906316,4.7470109616906315,3.03896,0.394521,FALSE,TRUE,FALSE
MD,2024-10-31T01:00:00Z,5.540749399999999,-0.867148013777344,4.673601386222655,0,0.518429,TRUE,FALSE,FALSE
MD,2024-10-31T01:30:00Z,3.4454309999999997,1.197872844657509,4.643303844657509,0,0.27449,FALSE,TRUE,FALSE
MD,2024-10-31T03:00:00Z,3.551746,1.077510878604914,4.629256878604914,0,0.342694,FALSE,TRUE,FALSE
MD,2024-10-31T04:30:00Z,3.55716,1.0564480827137746,4.613608082713775,0,0.513157,FALSE,TRUE,FALSE
MD,2024-10-31T05:30:00Z,3.1167146999999997,1.4797399272497729,4.596454627249773,0,0.53406,FALSE,TRUE,FALSE
MD,2024-10-31T08:00:00Z,3.2574115,1.3277461745732255,4.585157674573225,0,0.562163,FALSE,TRUE,FALSE
MD,2024-10-31T08:30:00Z,2.9663353,1.5972689668546973,4.563604266854697,0,0.493717,FALSE,TRUE,FALSE
MD,2024-10-31T15:00:00Z,17.8143,-13.363671343147114,4.450628656852886,75.5046,0.727252,TRUE,FALSE,FALSE
MD,2024-10-31T23:00:00Z,2.50402782,1.5422810313661,4.0463088513661,3.83634,0.897237,FALSE,TRUE,FALSE
MD,2024-10-31T23:30:00Z,1.860944,2.099182315435528,3.9601263154355277,0.0416729,0.795585,FALSE,TRUE,FALSE
MD,2024-11-01T00:00:00Z,2.79584,1.1252255398231052,3.9210655398231054,0,0.769018,FALSE,TRUE,FALSE
MD,2024-11-01T00:30:00Z,2.6595405,1.239737144444367,3.899277644444367,0,0.793638,FALSE,TRUE,FALSE
MD,2024-11-01T02:00:00Z,2.023094,1.6663653171594435,3.6894593171594434,0,0.859911,FALSE,TRUE,FALSE
MD,2024-11-01T03:00:00Z,2.3627854999999998,1.2396228141087549,3.6024083141087546,0,0.924463,FALSE,TRUE,FALSE
MD,2024-11-01T04:00:00Z,2.0836474,1.4773855310163437,3.5610329310163436,0,0.873256,FALSE,TRUE,FALSE
MD,2024-11-01T05:00:00Z,1.84532,1.6715511510158536,3.5168711510158537,0,0.717295,FALSE,TRUE,FALSE
MD,2024-11-01T05:30:00Z,1.613254,1.8823937312437562,3.495647731243756,0,0.70794,FALSE,TRUE,FALSE
MD,2024-11-01T06:00:00Z,1.5965479,1.8576775305800401,3.45422543058004,0,0.746408,FALSE,TRUE,FALSE
MD,2024-11-01T06:30:00Z,1.662715,1.767457307758204,3.430172307758204,0,0.767445,FALSE,TRUE,FALSE
MD,2024-11-01T07:00:00Z,6.6183231750000004,-3.214429232293511,3.4038939427064894,0,0.586159,TRUE,FALSE,FALSE
MD,2024-11-01T08:00:00Z,-6.5387,9.890906129495669,3.3522061294956673,0,0.500899,FALSE,TRUE,TRUE
MD,2024-11-01T08:30:00Z,14.43827,-11.072452191289479,3.36581780871052,0,0.410129,TRUE,FALSE,FALSE
MD,2024-11-01T09:30:00Z,0.547532,2.824440570952573,3.3719725709525727,0,0.458319,FALSE,TRUE,FALSE
MD,2024-11-01T10:00:00Z,7.19229,-3.8298491721216252,3.3624408278783746,0,0.503108,TRUE,FALSE,FALSE
MD,2024-11-01T10:30:00Z,-0.041910000000000114,3.3861333387108736,3.3442233387108735,0,0.491783,FALSE,TRUE,FALSE
MD,2024-11-01T11:00:00Z,-2.6355779999999998,5.955537227114085,3.319959227114086,0,0.457669,FALSE,TRUE,FALSE
MD,2024-11-01T11:30:00Z,6.828430000000001,-3.529179826214282,3.299250173785719,3.45159e-6,0.358863,TRUE,FALSE,FALSE
MD,2024-11-01T13:00:00Z,7.04432,-3.781381013674067,3.262938986325933,12.3127,0.45239,TRUE,FALSE,FALSE
MD,2024-11-01T23:30:00Z,2.3191342214102564,1.0376382504430035,3.35677247185326,0.0320095,0.154338,FALSE,TRUE,FALSE
MD,2024-11-02T00:30:00Z,2.2000576134,1.0030680431214134,3.2031256565214132,0,0.028645,FALSE,TRUE,FALSE
MD,2024-11-02T01:00:00Z,1.9843485460869565,1.164959009680947,3.1493075557679036,0,0.0412474,FALSE,TRUE,FALSE
MD,2024-11-02T01:30:00Z,2.025190958,1.0896858957935072,3.114876853793507,0,0.0294315,FALSE,TRUE,FALSE
MD,2024-11-02T02:00:00Z,2.025190958,1.0900635378678758,3.115254495867876,0,0.06448,FALSE,TRUE,FALSE
MD,2024-11-02T02:30:00Z,1.6921340666666667,1.3109540714993355,3.003088138166002,3.84611e-5,0.0315001,FALSE,TRUE,FALSE
MD,2024-11-02T03:00:00Z,1.6661589333333333,1.326495036691864,2.9926539700251973,0,0.0217256,FALSE,TRUE,FALSE
MD,2024-11-02T03:30:00Z,1.593285,1.3753470876296998,2.9686320876297,0,0.0406642,FALSE,TRUE,FALSE
MD,2024-11-02T04:30:00Z,4.033691944483471,-1.2139406592524504,2.8197512852310207,0,0.0423714,TRUE,FALSE,FALSE
MD,2024-11-02T05:00:00Z,4.033691944483471,-1.263431545805712,2.770260398677759,0,0.0327988,TRUE,FALSE,FALSE
MD,2024-11-02T05:30:00Z,4.033691944483471,-1.3441917069750406,2.6895002375084305,0,0.0600693,TRUE,FALSE,FALSE
MD,2024-11-02T06:00:00Z,4.033691944483471,-1.3089749312878047,2.7247170131956664,0,0.0430018,TRUE,FALSE,FALSE
MD,2024-11-02T06:30:00Z,4.033691944483471,-1.281951185716324,2.751740758767147,0,0.0297706,TRUE,FALSE,FALSE
MD,2024-11-02T07:30:00Z,4.033691944483471,-1.3264179324854402,2.707274011998031,0,0.0666245,TRUE,FALSE,FALSE
MD,2024-11-02T08:00:00Z,4.033691944483471,-1.3665740310463423,2.667117913437129,0,0.0433924,TRUE,FALSE,FALSE
MD,2024-11-02T08:30:00Z,4.030431051707819,-1.3667995271565037,2.663631524551315,6.21296e-5,0.0388975,TRUE,FALSE,FALSE
MD,2024-11-02T09:00:00Z,4.025458162151639,-1.4396939412645815,2.5857642208870577,0,0.0220671,TRUE,FALSE,FALSE
MD,2024-11-02T09:30:00Z,4.025458162151639,-1.5019239748992503,2.523534187252389,0,0.0758851,TRUE,FALSE,FALSE
MD,2024-11-02T10:00:00Z,4.025458162151639,-1.5114562217169034,2.514001940434736,0,0.0373544,TRUE,FALSE,FALSE
MD,2024-11-02T10:30:00Z,4.021087643122449,-1.4962229278406198,2.5248647152818293,0,0.0426144,TRUE,FALSE,FALSE
MD,2024-11-02T11:00:00Z,4.015748868150407,-1.5155484970669573,2.5002003710834497,0,0.0409513,TRUE,FALSE,FALSE
MD,2024-11-02T11:30:00Z,4.015748868150407,-1.5215785321935642,2.494170335956843,2.69475e-4,0.0361615,TRUE,FALSE,FALSE
MD,2024-11-02T12:00:00Z,4.015748868150407,-1.5640989948081514,2.4516498733422556,0.0603531,0.0569566,TRUE,FALSE,FALSE
MD,2024-11-02T12:30:00Z,4.040367932131474,-1.515278618711056,2.525089313420418,3.39551,0.0680913,TRUE,FALSE,FALSE
MD,2024-11-02T21:30:00Z,6.709370000000001,-2.715797141606653,3.993572858393348,241.494,0.214972,TRUE,FALSE,FALSE
MD,2024-11-02T23:00:00Z,2.581962109528302,1.1174740739340163,3.699436183462318,2.00358,0.0676253,FALSE,TRUE,FALSE
MD,2024-11-02T23:30:00Z,2.428638534711538,1.2661890719626547,3.6948276066741927,0.0092112,0.0895068,FALSE,TRUE,FALSE
MD,2024-11-03T00:30:00Z,2.3132178063513513,1.081517912803586,3.394735719154937,0,0.0273966,FALSE,TRUE,FALSE
MD,2024-11-03T01:00:00Z,2.2290815898076923,1.05111499003513,3.2801965798428223,0,0.0693808,FALSE,TRUE,FALSE
MD,2024-11-03T02:00:00Z,2.0828786215384616,1.1872827158873362,3.270161337425798,0,0.0970178,FALSE,TRUE,FALSE
MD,2024-11-03T02:30:00Z,2.106021968888889,1.161714469957917,3.2677364388468058,5.42403e-6,0.087224,FALSE,TRUE,FALSE
MD,2024-11-03T03:00:00Z,2.3219009098529413,1.0273707524624127,3.349271662315354,0,0.123839,FALSE,TRUE,FALSE
MD,2024-11-03T03:30:00Z,2.3219009098529413,1.017642003657106,3.3395429135100474,0,0.162075,FALSE,TRUE,FALSE
MD,2024-11-03T04:00:00Z,2.3132178063513513,1.0753797837125822,3.3885975900639336,0,0.180862,FALSE,TRUE,FALSE
MD,2024-11-03T04:30:00Z,1.7178168,1.6486594495905869,3.366476249590587,0,0.290209,FALSE,TRUE,FALSE
MD,2024-11-03T06:00:00Z,1.3209019999999998,2.0438633447832006,3.3647653447832004,0,0.271594,FALSE,TRUE,FALSE
MD,2024-11-03T06:30:00Z,1.6250669999999998,1.696950572572321,3.322017572572321,0,0.304408,FALSE,TRUE,FALSE
MD,2024-11-03T07:00:00Z,1.9038946,1.4233186110086393,3.3272132110086394,0,0.302065,FALSE,TRUE,FALSE
MD,2024-11-03T07:30:00Z,2.043893,1.3001450988713597,3.34403809887136,0,0.290791,FALSE,TRUE,FALSE
MD,2024-11-03T08:00:00Z,1.432503,1.8811706161585189,3.313673616158519,0,0.25233,FALSE,TRUE,FALSE
MD,2024-11-03T08:30:00Z,1.675998,1.678339811028548,3.354337811028548,0,0.314909,FALSE,TRUE,FALSE
MD,2024-11-03T09:00:00Z,1.748512,1.6132072493097118,3.361719249309712,0,0.268623,FALSE,TRUE,FALSE
MD,2024-11-03T09:30:00Z,1.754067,1.5673603740143256,3.3214273740143256,0,0.240755,FALSE,TRUE,FALSE
MD,2024-11-03T10:00:00Z,1.2375289999999999,2.1039245693599384,3.3414535693599383,0,0.297822,FALSE,TRUE,FALSE
MD,2024-11-03T10:30:00Z,1.8077429999999999,1.555037363376702,3.362780363376702,0,0.307095,FALSE,TRUE,FALSE
MD,2024-11-03T11:00:00Z,1.4293630000000002,1.951908346743698,3.381271346743698,0,0.343935,FALSE,TRUE,FALSE
MD,2024-11-03T11:30:00Z,2.13034036,1.259632093293198,3.389972453293198,2.46572e-7,0.322817,FALSE,TRUE,FALSE
MD,2024-11-03T12:00:00Z,1.6607414999999999,1.7495683812506395,3.4103098812506394,0.0169066,0.328447,FALSE,TRUE,FALSE
MD,2024-11-03T12:30:00Z,1.9404712,1.4875626860136537,3.4280338860136537,1.09445,0.421073,FALSE,TRUE,FALSE
MD,2024-11-03T22:30:00Z,2.8281270000000003,1.536043518051935,4.364170518051935,3.06295,0.735584,FALSE,TRUE,FALSE
MD,2024-11-03T23:00:00Z,0.847263,3.477260076376745,4.324523076376745,0.205516,0.708921,FALSE,TRUE,FALSE
MD,2024-11-03T23:30:00Z,7.64502,-3.3807463068626475,4.264273693137352,2.69475e-4,0.69135,TRUE,FALSE,FALSE
MD,2024-11-04T00:00:00Z,6.069121,-1.852119598898426,4.217001401101574,0,0.701764,TRUE,FALSE,FALSE
MD,2024-11-04T00:30:00Z,5.483560000000001,-1.2829582813347402,4.2006017186652604,0,0.673782,TRUE,FALSE,FALSE
MD,2024-11-04T01:00:00Z,20.319399999999998,-16.173321361696292,4.146078638303706,0,0.793373,TRUE,FALSE,FALSE
MD,2024-11-04T01:30:00Z,14.380279999999999,-10.334112316713412,4.046167683286588,0,0.622844,TRUE,FALSE,FALSE
MD,2024-11-04T02:00:00Z,18.34535,-14.258708262630432,4.086641737369568,0,0.68348,TRUE,FALSE,FALSE
MD,2024-11-04T02:30:00Z,-1.8929399999999998,6.001893245405487,4.108953245405488,0,0.622474,FALSE,TRUE,FALSE
MD,2024-11-04T03:00:00Z,7.966145,-3.8435637601079273,4.122581239892073,0,0.780176,TRUE,FALSE,FALSE
MD,2024-11-04T03:30:00Z,19.13592,-15.004096701968686,4.131823298031312,0,0.660983,TRUE,FALSE,FALSE
MD,2024-11-04T04:00:00Z,24.415713,-20.249315150660575,4.166397849339425,0,0.610692,TRUE,FALSE,FALSE
MD,2024-11-04T06:00:00Z,7.804460000000001,-3.7785392803056927,4.025920719694308,0,0.476484,TRUE,FALSE,FALSE
MD,2024-11-04T06:30:00Z,-0.15732999999999997,4.224727764283088,4.067397764283088,0,0.490307,FALSE,TRUE,FALSE
MD,2024-11-04T07:00:00Z,1.12671,2.9862604807846305,4.112970480784631,0,0.539831,FALSE,TRUE,FALSE
MD,2024-11-04T07:30:00Z,2.948569,1.2047098509688379,4.153278850968838,0,0.411623,FALSE,TRUE,FALSE
MD,2024-11-04T08:00:00Z,13.249460000000001,-9.068193423957245,4.181266576042756,0,0.424907,TRUE,FALSE,FALSE
MD,2024-11-04T08:30:00Z,1.07525,3.1320865294033635,4.2073365294033636,0,0.397371,FALSE,TRUE,FALSE
MD,2024-11-04T09:00:00Z,5.34077,-1.103962317017321,4.236807682982679,0,0.377053,TRUE,FALSE,FALSE
MD,2024-11-04T09:30:00Z,7.1499500000000005,-2.885692236288307,4.264257763711694,0,0.355686,TRUE,FALSE,FALSE
MD,2024-11-04T10:00:00Z,6.79842,-2.4924575848869432,4.305962415113057,0,0.337148,TRUE,FALSE,FALSE
MD,2024-11-04T11:00:00Z,6.7607099999999996,-2.354335117150038,4.406374882849962,0,0.278408,TRUE,FALSE,FALSE
MD,2024-11-04T11:30:00Z,8.235321,-3.76243233343941,4.472888666560591,0,0.406032,TRUE,FALSE,FALSE
MD,2024-11-04T12:30:00Z,-0.1452199999999999,4.755578340157362,4.610358340157362,0.18044,0.543747,FALSE,TRUE,FALSE
MD,2024-11-04T13:00:00Z,7.5822,-2.9464734336966174,4.635726566303383,4.89035,0.456877,TRUE,FALSE,FALSE
MD,2024-11-04T13:30:00Z,8.192540000000001,-3.5311816235691653,4.661358376430836,11.0727,0.441458,TRUE,FALSE,FALSE
MD,2024-11-04T14:30:00Z,9.9726,-5.28449162721149,4.68810837278851,33.9987,0.451867,TRUE,FALSE,FALSE
MD,2024-11-04T17:00:00Z,8.06821,-3.3597854938853677,4.708424506114633,25.3103,0.440626,TRUE,FALSE,FALSE
MD,2024-11-04T17:30:00Z,31.429789,-26.717999107331686,4.711789892668314,47.5635,0.448507,TRUE,FALSE,FALSE
MD,2024-11-04T18:30:00Z,14.090808000000001,-9.350239671395354,4.740568328604647,34.2848,0.448686,TRUE,FALSE,FALSE
MD,2024-11-04T19:00:00Z,26.402738999999997,-21.637895652084886,4.76484334791511,34.4387,0.536619,TRUE,FALSE,FALSE
MD,2024-11-04T19:30:00Z,35.56878,-30.771026696436206,4.79775330356379,35.4892,0.539612,TRUE,FALSE,FALSE
MD,2024-11-04T20:00:00Z,11.64474,-6.849773938268052,4.794966061731949,30.7216,0.457093,TRUE,FALSE,FALSE
MD,2024-11-04T21:30:00Z,24.190179,-19.386878767591817,4.803300232408182,14.7875,0.447532,TRUE,FALSE,FALSE
MD,2024-11-04T22:30:00Z,2.38478,2.4261067363736695,4.81088673637367,7.94944,0.341322,FALSE,TRUE,FALSE
MD,2024-11-04T23:00:00Z,5.570695,-0.7547830441894323,4.815911955810567,0.72673,0.450258,TRUE,FALSE,FALSE
MD,2024-11-04T23:30:00Z,3.2177569999999998,1.606194429746406,4.823951429746406,0.00100665,0.529819,FALSE,TRUE,FALSE
MD,2024-11-05T00:30:00Z,7.263971000000001,-2.438629002636259,4.825341997363742,0,0.467351,TRUE,FALSE,FALSE
MD,2024-11-05T02:00:00Z,5.646435,-0.9235889833532269,4.722846016646773,0,0.473261,TRUE,FALSE,FALSE
MD,2024-11-05T02:30:00Z,5.455612,-0.7256572729571173,4.729954727042883,0,0.452755,TRUE,FALSE,FALSE
MD,2024-11-05T03:30:00Z,3.112864,1.6326199531757224,4.7454839531757225,0,0.455246,FALSE,TRUE,FALSE
MD,2024-11-05T05:30:00Z,0.32336999999999994,4.328324775145967,4.651694775145967,0,0.356743,FALSE,TRUE,FALSE
MD,2024-11-05T06:00:00Z,5.280951,-0.6396238135827588,4.641327186417241,0,0.39895,TRUE,FALSE,FALSE
MD,2024-11-05T07:00:00Z,5.561923,-0.9032960081199697,4.6586269918800305,0,0.464026,TRUE,FALSE,FALSE
MD,2024-11-05T07:30:00Z,-1.3137079999999999,5.983274635129415,4.6695666351294145,0,0.506319,FALSE,TRUE,FALSE
MD,2024-11-05T08:00:00Z,-1.455306,6.116339303401826,4.661033303401826,0,0.415658,FALSE,TRUE,FALSE
MD,2024-11-05T08:30:00Z,-7.826438,12.481950103477686,4.655512103477686,0,0.351808,FALSE,TRUE,TRUE
MD,2024-11-05T09:00:00Z,5.38384,-0.7476111422186236,4.636228857781377,0,0.313517,TRUE,FALSE,FALSE
MD,2024-11-05T09:30:00Z,-0.7300660000000001,5.365146861085924,4.635080861085924,0,0.358937,FALSE,TRUE,FALSE
MD,2024-11-05T10:30:00Z,15.468715,-10.849971622246628,4.618743377753371,0,0.586949,TRUE,FALSE,FALSE
MD,2024-11-05T11:00:00Z,6.209709338095238,-1.6062225368654799,4.603486801229758,0,0.628767,TRUE,FALSE,FALSE
MD,2024-11-05T11:30:00Z,-3.00102,7.597757072805123,4.596737072805123,0,0.630698,FALSE,TRUE,FALSE
MD,2024-11-05T12:00:00Z,-1.90604,6.495162166360891,4.589122166360891,0.00112351,0.593692,FALSE,TRUE,FALSE
MD,2024-11-05T12:30:00Z,-3.925877,8.504307899468264,4.578430899468264,0.128394,0.577317,FALSE,TRUE,FALSE
MD,2024-11-05T13:00:00Z,20.179779999999997,-15.61453218509199,4.565247814908007,1.83357,0.528808,TRUE,FALSE,FALSE
MD,2024-11-05T13:30:00Z,15.979571,-11.41980206891453,4.55976893108547,6.67235,0.580024,TRUE,FALSE,FALSE
MD,2024-11-05T14:00:00Z,10.787737199999999,-6.233640372529802,4.554096827470197,15.7205,0.549103,TRUE,FALSE,FALSE
MD,2024-11-05T14:30:00Z,18.033254,-13.473719445760931,4.559534554239068,21.6387,0.503128,TRUE,FALSE,FALSE
MD,2024-11-05T16:00:00Z,5.30655,-0.6962779024404568,4.610272097559543,29.7496,0.522301,TRUE,FALSE,FALSE
MD,2024-11-05T18:00:00Z,7.2663381,-2.5902838449668497,4.67605425503315,142.312,0.670951,TRUE,FALSE,FALSE
MD,2024-11-05T21:30:00Z,5.4676176000000005,-0.7703543664321151,4.6972632335678854,23.1223,0.641727,TRUE,FALSE,FALSE
MD,2024-11-05T22:00:00Z,-7.035990000000001,11.69171674401262,4.655726744012619,6.07059,0.536517,FALSE,TRUE,TRUE
MD,2024-11-05T22:30:00Z,5.289830125813954,-0.7009613717280754,4.588868754085879,1.82115,0.546177,TRUE,FALSE,FALSE
MD,2024-11-05T23:00:00Z,5.494682939,-0.9584733568973487,4.536209582102651,0.108553,0.539124,TRUE,FALSE,FALSE
MD,2024-11-05T23:30:00Z,-5.24275,9.732590888069819,4.4898408880698195,2.98813e-4,0.52144,FALSE,TRUE,TRUE
MD,2024-11-06T00:00:00Z,6.700802,-2.216429723775631,4.484372276224369,0,0.601175,TRUE,FALSE,FALSE
MD,2024-11-06T02:00:00Z,24.18233,-19.763756564381815,4.4185734356181845,0,0.639124,TRUE,FALSE,FALSE
MD,2024-11-06T02:30:00Z,13.414705,-9.091977945141167,4.322727054858832,0,0.569636,TRUE,FALSE,FALSE
MD,2024-11-06T03:30:00Z,5.918849999999999,-1.621851320714926,4.296998679285073,0,0.445256,TRUE,FALSE,FALSE
MD,2024-11-06T04:00:00Z,-2.74704,7.056885682157922,4.309845682157921,0,0.399538,FALSE,TRUE,FALSE
MD,2024-11-06T04:30:00Z,1.7932100000000002,2.516554286382478,4.309764286382478,0,0.450451,FALSE,TRUE,FALSE
MD,2024-11-06T05:00:00Z,7.911280000000001,-3.608308611647309,4.3029713883526925,0,0.517865,TRUE,FALSE,FALSE
MD,2024-11-06T07:30:00Z,3.006239,1.1109865375564896,4.1172255375564895,0,0.27237,FALSE,TRUE,FALSE
MD,2024-11-06T08:00:00Z,5.221063,-1.160974774087257,4.060088225912743,0,0.350117,TRUE,FALSE,FALSE
MD,2024-11-06T21:00:00Z,32.776340000000005,-29.113556181378975,3.6627838186210298,35.4478,0.318315,TRUE,FALSE,FALSE
MD,2024-11-06T21:30:00Z,5.82244,-2.2194759222938156,3.6029640777061847,53.0579,0.285011,TRUE,FALSE,FALSE
MD,2024-11-06T22:00:00Z,6.1423499999999995,-2.600387122594532,3.5419628774054677,26.0941,0.307327,TRUE,FALSE,FALSE
MD,2024-11-06T22:30:00Z,2.072801,1.4839525600949708,3.556753560094971,9.86138,0.295526,FALSE,TRUE,FALSE
MD,2024-11-06T23:00:00Z,4.529999999999999,-0.9767390224731836,3.553260977526816,0.993439,0.279591,TRUE,FALSE,FALSE
MD,2024-11-06T23:30:00Z,-0.3393299999999999,3.8829083828869475,3.5435783828869476,0.0034297,0.388716,FALSE,TRUE,FALSE
MD,2024-11-07T00:00:00Z,-1.180189,4.689435486265989,3.5092464862659885,0,0.310295,FALSE,TRUE,FALSE
MD,2024-11-07T00:30:00Z,10.70672,-7.2180885514097675,3.4886314485902337,0,0.246985,TRUE,FALSE,FALSE
MD,2024-11-07T03:30:00Z,4.4847854,-1.1040010641328815,3.3807843358671184,0,0.272083,TRUE,FALSE,FALSE
MD,2024-11-07T04:30:00Z,4.167267451,-0.8089264581405855,3.3583409928594143,0,0.246852,TRUE,FALSE,FALSE
MD,2024-11-07T05:00:00Z,4.5910590000000004,-1.238260374372739,3.3527986256272615,0,0.225502,TRUE,FALSE,FALSE
MD,2024-11-08T01:30:00Z,3.537992,-0.5273514059343061,3.010640594065694,0,0.253972,TRUE,FALSE,FALSE
MD,2024-11-08T06:00:00Z,3.7881359999999997,-0.7551182070689388,3.033017792931061,0,0.323847,TRUE,FALSE,FALSE
MD,2024-11-08T08:00:00Z,3.70615,-0.6162179024079948,3.0899320975920053,0,0.387985,TRUE,FALSE,FALSE
MD,2024-11-08T23:00:00Z,4.4967237064864864,-1.0982118304514334,3.398511876035053,1.09431,0.143106,TRUE,FALSE,FALSE
MD,2024-11-08T23:30:00Z,3.923908717066667,-0.6109937405834667,3.3129149764832,0.00284514,0.16178,TRUE,FALSE,FALSE
MD,2024-11-09T00:00:00Z,5.257323899999999,-2.0048306163617853,3.252493283638214,1.35599e-5,0.237854,TRUE,FALSE,FALSE
MD,2024-11-09T08:30:00Z,3.241295,-0.6200595486727605,2.6212354513272396,0,0.252006,TRUE,FALSE,FALSE
MD,2024-11-09T22:30:00Z,1.5879159999999999,2.147696927211674,3.735612927211674,8.70837,0.240313,FALSE,TRUE,FALSE
MD,2024-11-09T23:00:00Z,4.2965065265853655,-0.581973237720999,3.7145332888643665,0.46972,0.188641,TRUE,FALSE,FALSE
MD,2024-11-09T23:30:00Z,4.4400392151282055,-0.7622127365130948,3.6778264786151107,0.00269918,0.2051,TRUE,FALSE,FALSE
MD,2024-11-10T01:30:00Z,2.365845,1.323339484756163,3.6891844847561632,0,0.466329,FALSE,TRUE,FALSE
MD,2024-11-11T06:30:00Z,2.6833934000000004,1.5058450689165048,4.189238468916505,0,0.534779,FALSE,TRUE,FALSE
MD,2024-11-11T08:00:00Z,2.84248695,1.3254217200146656,4.167908670014666,0,0.530249,FALSE,TRUE,FALSE
MD,2024-11-11T09:00:00Z,1.7763978999999999,2.394734600911578,4.171132500911578,0,0.396753,FALSE,TRUE,FALSE
MD,2024-11-11T09:30:00Z,2.9556427000000003,1.2141833301579181,4.169826030157918,0,0.471102,FALSE,TRUE,FALSE
MD,2024-11-11T10:00:00Z,2.6247352,1.531603424475171,4.156338624475171,0,0.437913,FALSE,TRUE,FALSE
MD,2024-11-11T10:30:00Z,2.9250146,1.2418794783453109,4.166894078345311,0,0.485132,FALSE,TRUE,FALSE
MD,2024-11-11T11:00:00Z,2.95733,1.2233726671520309,4.180702667152031,0,0.558395,FALSE,TRUE,FALSE
MD,2024-11-11T11:30:00Z,2.7483103,1.4601984189985284,4.208508718998528,0,0.609554,FALSE,TRUE,FALSE
MD,2024-11-11T12:00:00Z,2.5198989999999997,1.6957555383331373,4.215654538333137,4.36632e-4,0.621512,FALSE,TRUE,FALSE
MD,2024-11-11T12:30:00Z,2.955382,1.2614755832229614,4.216857583222962,0.238141,0.622381,FALSE,TRUE,FALSE
MD,2024-11-11T13:00:00Z,3.094869,1.1501190425438397,4.24498804254384,3.9396,0.583108,FALSE,TRUE,FALSE
MD,2024-11-11T13:30:00Z,2.865114,1.4100538543802639,4.275167854380264,9.3442,0.675893,FALSE,TRUE,FALSE
MD,2024-11-12T01:30:00Z,2.4634028,1.401406262951458,3.864809062951458,6.24993e-4,0.649106,FALSE,TRUE,FALSE
MD,2024-11-12T02:30:00Z,1.7653998,2.0817700428507275,3.8471698428507275,5.16267e-4,0.484522,FALSE,TRUE,FALSE
MD,2024-11-12T05:00:00Z,2.1379813999999997,1.5161373809650351,3.654118780965035,5.2958e-4,0.403836,FALSE,TRUE,FALSE
MD,2024-11-12T05:30:00Z,2.5465264,1.0964813300481309,3.6430077300481307,2.59366e-4,0.431291,FALSE,TRUE,FALSE
MD,2024-11-12T06:00:00Z,2.1787284400000004,1.4096697739352888,3.5883982139352892,4.09759e-4,0.266697,FALSE,TRUE,FALSE
MD,2024-11-12T06:30:00Z,2.5176670000000003,1.0308569989098761,3.5485239989098765,4.38358e-4,0.240883,FALSE,TRUE,FALSE
MD,2024-11-12T07:30:00Z,1.4411938,2.056879521838348,3.498073321838348,1.29683e-4,0.23945,FALSE,TRUE,FALSE
MD,2024-11-12T08:00:00Z,2.063452742352941,1.4020230846389246,3.4654758269918657,1.89839e-5,0.192913,FALSE,TRUE,FALSE
MD,2024-11-12T08:30:00Z,2.041747383030303,1.3863709008761416,3.4281182839064446,0,0.139022,FALSE,TRUE,FALSE
MD,2024-11-12T09:00:00Z,1.9973345535714286,1.3021185596099154,3.299453113181344,0,0.0469639,FALSE,TRUE,FALSE
MD,2024-11-12T09:30:00Z,2.003589515172414,1.3133035153500958,3.3168930305225097,0,0.125212,FALSE,TRUE,FALSE
MD,2024-11-12T10:00:00Z,2.0189222925925927,1.2645346475817973,3.28345694017439,0,0.16479,FALSE,TRUE,FALSE
MD,2024-11-12T10:30:00Z,1.9997398038461538,1.2710103220592555,3.2707501259054093,0,0.104519,FALSE,TRUE,FALSE
MD,2024-11-12T11:00:00Z,1.9432887857142858,1.2841841622359487,3.2274729479502344,0,0.112404,FALSE,TRUE,FALSE
MD,2024-11-12T11:30:00Z,1.7861172153846154,1.3382811818233784,3.124398397207994,0,0.0938842,FALSE,TRUE,FALSE
MD,2024-11-12T13:00:00Z,3.9330239999999996,-0.8364609468357411,3.0965630531642585,28.8397,0.0655225,TRUE,FALSE,FALSE
MD,2024-11-12T23:30:00Z,2.7957103625581396,1.0439835177941155,3.839693880352255,0.00338582,0.154921,FALSE,TRUE,FALSE
MD,2024-11-13T00:00:00Z,2.550204426,1.271063651599706,3.821268077599706,8.46885e-4,0.158913,FALSE,TRUE,FALSE
MD,2024-11-13T00:30:00Z,2.550204426,1.2612046772389411,3.811409103238941,8.18039e-4,0.129117,FALSE,TRUE,FALSE
MD,2024-11-13T01:00:00Z,2.51297996,1.2622814393613564,3.7752613993613564,0.00100911,0.208537,FALSE,TRUE,FALSE
MD,2024-11-13T01:30:00Z,2.550014,1.1897386588706338,3.739752658870634,0.00109885,0.28837,FALSE,TRUE,FALSE
MD,2024-11-13T02:00:00Z,2.0390459,1.6690380163718226,3.7080839163718227,0.00125658,0.255135,FALSE,TRUE,FALSE
MD,2024-11-13T02:30:00Z,1.4144656,2.247873816105794,3.662339416105794,0.00128796,0.216445,FALSE,TRUE,FALSE
MD,2024-11-13T03:00:00Z,2.1072091788888887,1.5032153007598152,3.610424479648704,0.00130152,0.181282,FALSE,TRUE,FALSE
MD,2024-11-13T03:30:00Z,1.9049232,1.6838501748106036,3.5887733748106037,0.00128623,0.291419,FALSE,TRUE,FALSE
MD,2024-11-13T04:30:00Z,1.7886171999999998,1.8172300773327688,3.6058472773327686,0.00116961,0.40733,FALSE,TRUE,FALSE
MD,2024-11-13T05:00:00Z,2.1586488,1.4038393108673235,3.5624881108673234,0.00121325,0.356548,FALSE,TRUE,FALSE
MD,2024-11-13T05:30:00Z,2.4845433,1.042141420966613,3.526684720966613,0.00102883,0.441817,FALSE,TRUE,FALSE
MD,2024-11-13T06:00:00Z,1.4902414000000002,2.0452139509515925,3.535455350951593,0.00104585,0.482356,FALSE,TRUE,FALSE
MD,2024-11-13T06:30:00Z,1.886138,1.6443872776206285,3.5305252776206286,8.422e-4,0.457059,FALSE,TRUE,FALSE
MD,2024-11-13T07:00:00Z,1.8079482,1.6677779945374842,3.475726194537484,7.78592e-4,0.303924,FALSE,TRUE,FALSE
MD,2024-11-13T07:30:00Z,1.667426,1.753092977715043,3.420518977715043,5.66069e-4,0.242621,FALSE,TRUE,FALSE
MD,2024-11-13T08:00:00Z,2.041747383030303,1.3636803308887169,3.40542771391902,5.05665e-4,0.146471,FALSE,TRUE,FALSE
MD,2024-11-13T08:30:00Z,1.6974420000000001,1.7037938000571353,3.4012358000571354,2.85993e-4,0.261712,FALSE,TRUE,FALSE
MD,2024-11-13T09:00:00Z,1.8650797,1.5117469659723897,3.3768266659723896,2.52463e-4,0.350854,FALSE,TRUE,FALSE
MD,2024-11-13T09:30:00Z,1.5399667,1.8333282053676858,3.3732949053676857,0,0.338356,FALSE,TRUE,FALSE
MD,2024-11-13T10:00:00Z,1.534208,1.8253296716170069,3.359537671617007,0,0.399792,FALSE,TRUE,FALSE
MD,2024-11-13T10:30:00Z,1.8503505,1.4817662110623548,3.332116711062355,0,0.367578,FALSE,TRUE,FALSE
MD,2024-11-13T11:00:00Z,1.5497261999999998,1.8043020856644536,3.3540282856644534,0,0.411271,FALSE,TRUE,FALSE
MD,2024-11-13T11:30:00Z,1.274203,2.074647163837188,3.348850163837188,1.47927e-5,0.342338,FALSE,TRUE,FALSE
MD,2024-11-13T12:00:00Z,1.3038129999999999,2.0226530571096086,3.3264660571096085,0.00834064,0.382055,FALSE,TRUE,FALSE
MD,2024-11-13T12:30:00Z,1.726279,1.5455464357350723,3.2718254357350722,2.16777,0.316161,FALSE,TRUE,FALSE
MD,2024-11-13T22:30:00Z,1.9698706,2.363716604564331,4.333587204564331,3.83855,0.413993,FALSE,TRUE,FALSE
MD,2024-11-13T23:00:00Z,2.2947842,2.015132051365249,4.309916251365249,0.13422,0.417433,FALSE,TRUE,FALSE
MD,2024-11-13T23:30:00Z,2.709799,1.6066771349058038,4.316476134905804,7.53197e-4,0.503368,FALSE,TRUE,FALSE
MD,2024-11-14T01:00:00Z,2.01849,2.2505929224306422,4.269082922430642,1.75787e-4,0.567361,FALSE,TRUE,FALSE
MD,2024-11-14T01:30:00Z,2.258187,1.985049375350243,4.243236375350243,6.01571e-5,0.622002,FALSE,TRUE,FALSE
MD,2024-11-14T02:00:00Z,11.54043,-7.332337574288581,4.20809242571142,7.02657e-5,0.524133,TRUE,FALSE,FALSE
MD,2024-11-14T02:30:00Z,3.0195237823076924,1.1074558542012825,4.126979636508975,0,0.544991,FALSE,TRUE,FALSE
MD,2024-11-14T03:00:00Z,4.59271,-0.5025147425451548,4.0901952574548455,6.38552e-5,0.417872,TRUE,FALSE,FALSE
MD,2024-11-14T03:30:00Z,21.805229999999998,-17.72966437168637,4.0755656283136314,7.93878e-5,0.240163,TRUE,FALSE,FALSE
MD,2024-11-14T04:00:00Z,12.835819999999998,-8.883209353561186,3.952610646438812,0,0.265288,TRUE,FALSE,FALSE
MD,2024-11-14T04:30:00Z,-3.771977,7.6692428340632635,3.8972658340632633,7.00191e-5,0.281635,FALSE,TRUE,FALSE
MD,2024-11-14T05:00:00Z,13.245415000000001,-9.375532607416813,3.8698823925831873,2.01181e-4,0.367386,TRUE,FALSE,FALSE
MD,2024-11-14T05:30:00Z,16.3944151,-12.526888085758124,3.867527014241877,3.20756e-4,0.395115,TRUE,FALSE,FALSE
MD,2024-11-14T07:00:00Z,12.46658,-8.611857798224795,3.854722201775205,5.47331e-5,0.437933,TRUE,FALSE,FALSE
MD,2024-11-14T07:30:00Z,24.792839999999998,-20.952282420490267,3.840557579509732,0,0.53649,TRUE,FALSE,FALSE
MD,2024-11-14T08:00:00Z,12.864225,-9.032930536687948,3.8312944633120516,0,0.46253,TRUE,FALSE,FALSE
MD,2024-11-14T08:30:00Z,-1.9614330000000002,5.792051366134,3.830618366134,0,0.465229,FALSE,TRUE,FALSE
MD,2024-11-14T09:30:00Z,24.029850000000003,-20.22260507357983,3.80724492642017,2.71201e-5,0.588426,TRUE,FALSE,FALSE
MD,2024-11-14T10:00:00Z,7.01809,-3.2091358655595017,3.8089541344404982,0,0.570089,TRUE,FALSE,FALSE
MD,2024-11-14T10:30:00Z,14.310189000000001,-10.494075401358234,3.8161135986417665,0,0.51661,TRUE,FALSE,FALSE
MD,2024-11-14T11:00:00Z,-4.53197,8.341819400425258,3.809849400425257,0,0.530463,FALSE,TRUE,FALSE
MD,2024-11-14T12:30:00Z,0.61048792,3.207440732228993,3.817928652228993,0.0714448,0.378602,FALSE,TRUE,FALSE
MD,2024-11-14T13:00:00Z,1.4693100000000001,2.347429746496296,3.816739746496296,0.930503,0.368672,FALSE,TRUE,FALSE
MD,2024-11-14T13:30:00Z,-1.2670500000000002,5.092968766611492,3.825918766611491,8.72105,0.429045,FALSE,TRUE,FALSE
MD,2024-11-14T15:00:00Z,5.22459,-1.3504841241232244,3.8741058758767757,52.1338,0.357433,TRUE,FALSE,FALSE
MD,2024-11-14T17:00:00Z,15.35118,-11.419634966638192,3.931545033361808,46.3947,0.211316,TRUE,FALSE,FALSE
MD,2024-11-15T01:00:00Z,11.460049999999999,-7.5356202080813794,3.92442979191862,2.28055e-4,0.215196,TRUE,FALSE,FALSE
MD,2024-11-15T02:30:00Z,2.133007,1.765589462594337,3.898596462594337,3.82392e-4,0.222557,FALSE,TRUE,FALSE
MD,2024-11-15T09:00:00Z,2.78963270060241,1.0086274921179315,3.7982601927203414,1.09466e-4,0.180429,FALSE,TRUE,FALSE
MD,2024-11-15T09:30:00Z,2.764145433536585,1.0496089364998475,3.8137543700364325,2.69721e-4,0.18172,FALSE,TRUE,FALSE
MD,2024-11-15T10:00:00Z,2.6901551432926833,1.122511009046046,3.8126661523387293,7.59361e-5,0.184851,FALSE,TRUE,FALSE
MD,2024-11-15T10:30:00Z,2.783000618125,1.0155361700633918,3.798536788188392,1.37079e-4,0.165939,FALSE,TRUE,FALSE
MD,2024-11-15T22:00:00Z,2.9688105625,1.0019899823001914,3.9708005448001913,3.17737,0.206557,FALSE,TRUE,FALSE
MD,2024-11-15T22:30:00Z,2.193271,1.7425616836615707,3.935832683661571,1.30461,0.247414,FALSE,TRUE,FALSE
MD,2024-11-16T00:30:00Z,2.546888,1.3102329943395667,3.857120994339567,1.77513e-4,0.23598,FALSE,TRUE,FALSE
MD,2024-11-16T01:00:00Z,2.7637295589473685,1.0809302065092945,3.844659765456663,4.4896e-4,0.19794,FALSE,TRUE,FALSE
MD,2024-11-16T05:00:00Z,2.731080892473118,1.005317874912437,3.736398767385555,0.00163928,0.10093,FALSE,TRUE,FALSE
MD,2024-11-16T06:30:00Z,2.491169699425287,1.1990054548168225,3.6901751542421097,0.00142898,0.096887,FALSE,TRUE,FALSE
MD,2024-11-16T07:00:00Z,2.6102312217647063,1.0666469931105702,3.6768782148752766,0.00158578,0.122777,FALSE,TRUE,FALSE
MD,2024-11-16T07:30:00Z,2.6142672540697673,1.065068990259137,3.6793362443289044,0.00174579,0.0592547,FALSE,TRUE,FALSE
MD,2024-11-16T08:00:00Z,2.6102312217647063,1.0628290968935792,3.6730603186582855,0.00150097,0.101008,FALSE,TRUE,FALSE
MD,2024-11-16T11:00:00Z,2.5999660396551723,1.0136946347048816,3.613660674360054,1.05522e-4,0.0743946,FALSE,TRUE,FALSE
MD,2024-11-16T11:30:00Z,2.502009313736264,1.1516789795366384,3.6536882932729022,1.13165e-4,0.0679236,FALSE,TRUE,FALSE
MD,2024-11-16T12:00:00Z,2.5026204358823527,1.122090737950225,3.6247111738325777,0.00105546,0.203253,FALSE,TRUE,FALSE
MD,2024-11-16T12:30:00Z,2.5717370028735633,1.0501342891217273,3.6218712919952907,0.284996,0.123047,FALSE,TRUE,FALSE
MD,2024-11-16T13:00:00Z,2.548119405,1.0739849574116365,3.6221043624116365,3.81351,0.112203,FALSE,TRUE,FALSE
MD,2024-11-16T22:30:00Z,2.573789,1.0914145554121295,3.6652035554121296,3.97098,0.302029,FALSE,TRUE,FALSE
MD,2024-11-16T23:00:00Z,2.269018,1.372823478160352,3.641841478160352,0.076822,0.2997,FALSE,TRUE,FALSE
MD,2024-11-16T23:30:00Z,2.531637,1.0947144503719466,3.6263514503719465,6.4595e-5,0.254483,FALSE,TRUE,FALSE
MD,2024-11-17T00:00:00Z,1.4653040000000002,2.156157564508696,3.6214615645086963,1.06015e-5,0.274092,FALSE,TRUE,FALSE
MD,2024-11-17T00:30:00Z,5.082001399999999,-1.4565042870142793,3.62549711298572,0,0.408104,TRUE,FALSE,FALSE
MD,2024-11-17T01:00:00Z,2.2187569999999996,1.3911942480903123,3.609951248090312,1.48667e-4,0.462491,FALSE,TRUE,FALSE
MD,2024-11-17T01:30:00Z,2.001745,1.595113281479425,3.596858281479425,2.9265e-4,0.4315,FALSE,TRUE,FALSE
MD,2024-11-17T02:00:00Z,2.3974426,1.1816875530184316,3.579130153018432,4.19128e-4,0.451378,FALSE,TRUE,FALSE
MD,2024-11-17T02:30:00Z,2.1890313,1.371587364492727,3.560618664492727,4.46248e-4,0.461423,FALSE,TRUE,FALSE
MD,2024-11-17T03:00:00Z,1.8275002,1.7249404946514424,3.5524406946514424,5.5029e-4,0.556885,FALSE,TRUE,FALSE
MD,2024-11-17T04:00:00Z,2.350244,1.1671134296002665,3.5173574296002665,8.38502e-4,0.595705,FALSE,TRUE,FALSE
MD,2024-11-17T05:00:00Z,2.1565374000000004,1.2732273085158434,3.429764708515844,0.00175319,0.418729,FALSE,TRUE,FALSE
MD,2024-11-17T10:30:00Z,2.3583208,1.0186187593298501,3.37693955932985,2.92896e-4,0.554201,FALSE,TRUE,FALSE
MD,2024-11-17T11:00:00Z,2.291837,1.0881292841576244,3.3799662841576246,4.04089e-4,0.561176,FALSE,TRUE,FALSE
MD,2024-11-17T11:30:00Z,1.8364270999999999,1.54831197924636,3.38473907924636,3.48616e-4,0.568168,FALSE,TRUE,FALSE
MD,2024-11-17T12:00:00Z,1.7580311,1.6202874513336687,3.3783185513336687,5.41168e-4,0.471049,FALSE,TRUE,FALSE
MD,2024-11-17T13:00:00Z,2.139815,1.237671859583204,3.377486859583204,1.52694,0.470912,FALSE,TRUE,FALSE
MD,2024-11-17T20:30:00Z,4.52306,-0.844891107126208,3.678168892873792,74.3379,0.437999,TRUE,FALSE,FALSE
MD,2024-11-17T22:30:00Z,2.3614459,1.2551618944963683,3.6166077944963684,2.08192,0.406132,FALSE,TRUE,FALSE
MD,2024-11-18T00:30:00Z,2.3322598500000002,1.249658313547695,3.5819181635476953,0,0.360239,FALSE,TRUE,FALSE
MD,2024-11-18T01:30:00Z,2.071291,1.4744480096067063,3.5457390096067063,0,0.243891,FALSE,TRUE,FALSE
MD,2024-11-18T05:30:00Z,1.3721700000000001,1.8588301871803385,3.2310001871803387,0.0012559,0.227407,FALSE,TRUE,FALSE
MD,2024-11-18T06:00:00Z,1.8886,1.318825956090311,3.207425956090311,0.0013311,0.248219,FALSE,TRUE,FALSE
MD,2024-11-18T11:00:00Z,3.084376005508475,-0.5305121265581483,2.5538638789503265,0.00129042,0.04372,TRUE,FALSE,FALSE
MD,2024-11-18T11:30:00Z,3.082833675,-0.5512729193103594,2.5315607556896405,0.00115063,0.0433198,TRUE,FALSE,FALSE
MD,2024-11-18T12:00:00Z,3.0776135889830507,-0.5940860042773761,2.4835275847056746,0.00240481,0.0427268,TRUE,FALSE,FALSE
MD,2024-11-18T12:30:00Z,3.054599224894515,-0.6195196340832165,2.4350795908112985,0.460357,0.130677,TRUE,FALSE,FALSE
MD,2024-11-18T22:00:00Z,9.30119,-5.979038294953364,3.322151705046636,12.3271,0.304526,TRUE,FALSE,FALSE
MD,2024-11-18T23:00:00Z,10.63442,-7.39777210181503,3.2366478981849705,0.0376591,0.312626,TRUE,FALSE,FALSE
MD,2024-11-18T23:30:00Z,8.393647,-5.205537902223624,3.1881090977763753,7.59361e-5,0.347223,TRUE,FALSE,FALSE
MD,2024-11-19T00:00:00Z,-8.095220000000001,11.287911595821594,3.1926915958215933,0,0.396147,FALSE,TRUE,TRUE
MD,2024-11-19T01:00:00Z,-8.70248,11.794944439796488,3.092464439796488,0,0.472001,FALSE,TRUE,TRUE
MD,2024-11-19T04:30:00Z,1.3973000000000004,1.6660846037102552,3.0633846037102557,0,0.686163,FALSE,TRUE,FALSE
MD,2024-11-19T05:30:00Z,-0.6992100000000001,3.763900056613015,3.0646900566130153,0,0.661516,FALSE,TRUE,FALSE
MD,2024-11-19T06:00:00Z,0.8813499999999999,2.179211716290291,3.060561716290291,0,0.672629,FALSE,TRUE,FALSE
MD,2024-11-19T06:30:00Z,3.8559840000000003,-0.798636598483736,3.0573474015162643,3.64888e-5,0.660966,TRUE,FALSE,FALSE
MD,2024-11-19T07:00:00Z,-7.365819999999999,10.428206596341433,3.0623865963414336,7.44569e-5,0.662701,FALSE,TRUE,TRUE
MD,2024-11-19T07:30:00Z,1.45678,1.6032688266152644,3.0600488266152643,1.43243e-4,0.773028,FALSE,TRUE,FALSE
MD,2024-11-19T08:00:00Z,-3.0553480000000004,6.134696711766866,3.079348711766866,4.80763e-5,0.729953,FALSE,TRUE,FALSE
MD,2024-11-19T09:00:00Z,16.425440000000002,-13.331248380756598,3.0941916192434045,2.92896e-4,0.78651,TRUE,FALSE,FALSE
MD,2024-11-19T09:30:00Z,12.96648,-9.866244621740924,3.1002353782590775,9.2208e-5,0.771119,TRUE,FALSE,FALSE
MD,2024-11-19T11:00:00Z,6.779399999999999,-3.6514223891649147,3.1279776108350843,0,0.74887,TRUE,FALSE,FALSE
MD,2024-11-19T11:30:00Z,-1.5176499999999997,4.642004359104735,3.124354359104735,0,0.757631,FALSE,TRUE,FALSE
MD,2024-11-19T13:30:00Z,0.7621000000000002,2.380010948600481,3.142110948600481,2.06396,0.643933,FALSE,TRUE,FALSE
MD,2024-11-19T14:00:00Z,8.63871,-5.5009034634455,3.1378065365544994,6.58224,0.569582,TRUE,FALSE,FALSE
MD,2024-11-19T15:00:00Z,50.344349,-47.15686490435179,3.1874840956482067,16.8354,0.513164,TRUE,FALSE,FALSE
MD,2024-11-19T17:00:00Z,4.68887,-1.3686565885929491,3.3202134114070505,35.9231,0.425142,TRUE,FALSE,FALSE
MD,2024-11-19T17:30:00Z,18.308,-14.961020348692685,3.3469796513073153,20.5289,0.562323,TRUE,FALSE,FALSE
MD,2024-11-19T22:00:00Z,6.718827,-3.7048314464989667,3.0139955535010334,NA,NA,TRUE,FALSE,FALSE
MD,2024-11-19T22:30:00Z,8.091474250000001,-5.200912563123944,2.8905616868760573,NA,NA,TRUE,FALSE,FALSE
MD,2024-11-19T23:00:00Z,4.4843226666666665,-1.6435422533738504,2.840780413292816,NA,NA,TRUE,FALSE,FALSE
MD,2024-11-20T02:30:00Z,4.8276802,-2.2920809947963288,2.535599205203671,NA,NA,TRUE,FALSE,FALSE
MD,2024-11-20T03:00:00Z,4.105295679999999,-1.5872865111214325,2.518009168878567,NA,NA,TRUE,FALSE,FALSE
MD,2024-11-20T03:30:00Z,4.023792566666667,-1.5231854980607724,2.5006070686058943,NA,NA,TRUE,FALSE,FALSE
MD,2024-11-20T04:00:00Z,3.819924914285714,-1.3366117278143617,2.4833131864713525,NA,NA,TRUE,FALSE,FALSE
MD,2024-11-20T08:30:00Z,4.878711857142858,-2.4378250631657754,2.4408867939770826,NA,NA,TRUE,FALSE,FALSE
MD,2024-11-20T09:00:00Z,4.797816428571428,-2.358641339980028,2.4391750885914,NA,NA,TRUE,FALSE,FALSE
MD,2024-11-20T09:30:00Z,5.553158714285714,-3.114601155738195,2.4385575585475188,NA,NA,TRUE,FALSE,FALSE
MD,2024-11-20T10:00:00Z,6.856978571428572,-4.417078262513744,2.4399003089148272,NA,NA,TRUE,FALSE,FALSE
MD,2024-11-20T10:30:00Z,4.168738625,-1.727982654679285,2.4407559703207147,NA,NA,TRUE,FALSE,FALSE
MD,2024-11-20T11:00:00Z,3.52467,-1.0829028388739825,2.4417671611260174,NA,NA,TRUE,FALSE,FALSE
MD,2024-11-20T11:30:00Z,3.963696333333333,-1.522506616463657,2.441189716869676,NA,NA,TRUE,FALSE,FALSE
MD,2024-11-20T12:00:00Z,4.091003333333333,-1.6497314419585614,2.4412718913747717,NA,NA,TRUE,FALSE,FALSE
MD,2024-11-20T13:00:00Z,3.6971890000000003,-1.2468924808729382,2.450296519127062,NA,NA,TRUE,FALSE,FALSE
MD,2024-11-20T13:30:00Z,3.9759377000000002,-1.5183844793590602,2.45755322064094,NA,NA,TRUE,FALSE,FALSE
MD,2024-11-20T14:00:00Z,12.578956988888889,-10.108521007342885,2.4704359815460037,NA,NA,TRUE,FALSE,FALSE
MD,2024-11-20T14:30:00Z,9.60956829,-7.122877606659715,2.4866906833402846,NA,NA,TRUE,FALSE,FALSE
MD,2024-11-20T15:00:00Z,13.33852499,-10.834189767614609,2.5043352223853907,NA,NA,TRUE,FALSE,FALSE
MD,2024-11-20T15:30:00Z,7.8290179900000005,-5.301922280131372,2.5270957098686284,NA,NA,TRUE,FALSE,FALSE
MD,2024-11-20T23:00:00Z,3.3359495,-0.9256321200606781,2.410317379939322,NA,NA,TRUE,FALSE,FALSE
MD,2024-11-20T23:30:00Z,4.03664,-1.6262070836331022,2.410432916366898,2.94376e-4,0.36304,TRUE,FALSE,FALSE
MD,2024-11-21T00:30:00Z,3.0118818,-0.6251827476514982,2.3866990523485017,0,0.287801,TRUE,FALSE,FALSE
MD,2024-11-21T01:00:00Z,2.846868614814815,-0.5411776304659806,2.3056909843488342,0,0.798351,TRUE,FALSE,FALSE
MD,2024-11-21T01:30:00Z,7.3024700000000005,-5.062627864601412,2.2398421353985882,0,0.317021,TRUE,FALSE,FALSE
MD,2024-11-21T02:00:00Z,1.24619,1.014402802082576,2.260592802082576,0,0.308268,FALSE,TRUE,FALSE
MD,2024-11-21T02:30:00Z,2.8409091875,-0.5695232936618315,2.2713858938381684,0,0.44642,TRUE,FALSE,FALSE
MD,2024-11-21T03:00:00Z,10.843122,-8.66990745328576,2.1732145467142407,0,0.364555,TRUE,FALSE,FALSE
MD,2024-11-21T03:30:00Z,2.61585,-0.5186191274504446,2.0972308725495554,0,0.389776,TRUE,FALSE,FALSE
MD,2024-11-21T04:00:00Z,3.6905474000000003,-1.6002848746408276,2.0902625253591727,0,0.348504,TRUE,FALSE,FALSE
MD,2024-11-21T04:30:00Z,3.4651669999999997,-1.3611653783291637,2.104001621670836,0,0.223315,TRUE,FALSE,FALSE
MD,2024-11-21T06:00:00Z,2.9277543979439256,-0.8284720168085329,2.0992823811353927,9.8618e-6,0.211458,TRUE,FALSE,FALSE
MD,2024-11-21T06:30:00Z,2.92290587399061,-0.8360871066054245,2.0868187673851857,0,0.18146,TRUE,FALSE,FALSE
MD,2024-11-21T07:00:00Z,-5.25609,7.348801103120138,2.0927111031201373,0,0.40053,FALSE,TRUE,TRUE
MD,2024-11-21T07:30:00Z,2.877888543207547,-0.8007601218165163,2.0771284213910306,0,0.360281,TRUE,FALSE,FALSE
MD,2024-11-21T08:00:00Z,2.774026214028436,-0.7182431558231674,2.0557830582052685,0,0.391585,TRUE,FALSE,FALSE
MD,2024-11-21T08:30:00Z,4.7291,-2.68273024659328,2.04636975340672,1.6346e-4,0.448795,TRUE,FALSE,FALSE
MD,2024-11-21T09:00:00Z,2.748405450526316,-0.7006838725567772,2.0477215779695386,1.24506e-4,0.441826,TRUE,FALSE,FALSE
MD,2024-11-21T09:30:00Z,-0.6884199999999998,2.735897392309292,2.0474773923092924,1.14644e-4,0.424868,FALSE,TRUE,FALSE
MD,2024-11-21T10:00:00Z,0.890512,1.1573595201554479,2.047871520155448,1.93538e-4,0.364727,FALSE,TRUE,FALSE
MD,2024-11-21T10:30:00Z,2.624970044251208,-0.5746280232719387,2.050342020979269,1.53105e-4,0.313187,TRUE,FALSE,FALSE
MD,2024-11-21T11:00:00Z,9.39339,-7.3402571583618785,2.0531328416381216,4.80765e-5,0.272676,TRUE,FALSE,FALSE
MD,2024-11-21T11:30:00Z,3.294149,-1.2400618010544897,2.0540871989455103,0,0.30401,TRUE,FALSE,FALSE
MD,2024-11-21T12:00:00Z,3.6008410000000004,-1.5460389701682793,2.054802029831721,5.22676e-5,0.253887,TRUE,FALSE,FALSE
MD,2024-11-21T12:30:00Z,2.6028808788292683,-0.5430480953534897,2.0598327834757786,0.0195084,0.173398,TRUE,FALSE,FALSE
MD,2024-11-21T13:00:00Z,2.99589,-0.9304657760593935,2.0654242239406067,1.36701,0.258522,TRUE,FALSE,FALSE
MD,2024-11-21T14:00:00Z,5.34013,-3.249221298031019,2.0909087019689814,90.9918,0.311242,TRUE,FALSE,FALSE
MD,2024-11-21T14:30:00Z,7.16427,-5.088857298064159,2.0754127019358415,73.997,0.58973,TRUE,FALSE,FALSE
MD,2024-11-21T15:00:00Z,35.0347,-32.95289131091513,2.081808689084874,110.006,0.322362,TRUE,FALSE,FALSE
MD,2024-11-21T16:00:00Z,38.3516,-36.262191572706136,2.0894084272938622,150.464,0.244799,TRUE,FALSE,FALSE
MD,2024-11-21T20:00:00Z,3.1204,-0.851630041259015,2.268769958740985,89.6369,0.399965,TRUE,FALSE,FALSE
MD,2024-11-22T10:30:00Z,2.938865,-0.7170185376960347,2.221846462303965,4.19122e-6,0.236816,TRUE,FALSE,FALSE
MD,2024-11-22T11:00:00Z,2.91165,-0.6523744573900236,2.259275542609976,1.81458e-4,0.229777,TRUE,FALSE,FALSE
MD,2024-11-22T20:30:00Z,4.749288,-2.0700078113490252,2.6792801886509747,79.2861,0.730483,TRUE,FALSE,FALSE
MD,2024-11-22T21:00:00Z,19.60539,-17.007589696278686,2.5978003037213133,60.8532,0.541383,TRUE,FALSE,FALSE
MD,2024-11-22T23:00:00Z,3.7961628,-1.2078865054854817,2.588276294514518,0.0803809,0.612751,TRUE,FALSE,FALSE
MD,2024-11-22T23:30:00Z,3.8982126,-1.3140274372250182,2.5841851627749817,1.01084e-4,0.678332,TRUE,FALSE,FALSE
MD,2024-11-23T00:00:00Z,3.1814483,-0.5935228009382612,2.587925499061739,0,0.600827,TRUE,FALSE,FALSE
MD,2024-11-23T00:30:00Z,-6.423922999999999,9.009242854632925,2.585319854632925,0,0.60058,FALSE,TRUE,TRUE
MD,2024-11-23T01:30:00Z,5.51823,-2.9800433181405155,2.5381866818594845,0,0.436233,TRUE,FALSE,FALSE
MD,2024-11-23T02:00:00Z,-1.857367,4.397329113304339,2.5399621133043397,0,0.589627,FALSE,TRUE,FALSE
MD,2024-11-23T02:30:00Z,6.92378,-4.3930832761832,2.5306967238168,0,0.484607,TRUE,FALSE,FALSE
MD,2024-11-23T03:30:00Z,-4.544420000000001,7.065634243607745,2.521214243607744,0,0.428925,FALSE,TRUE,FALSE
MD,2024-11-23T04:00:00Z,-5.9558670000000005,8.471975569850233,2.5161085698502337,0,0.353252,FALSE,TRUE,TRUE
MD,2024-11-23T05:00:00Z,4.17976,-1.6710297154176614,2.5087302845823385,0,0.414506,TRUE,FALSE,FALSE
MD,2024-11-23T05:30:00Z,5.80845,-3.293433258357882,2.5150167416421176,0,0.383592,TRUE,FALSE,FALSE
MD,2024-11-23T06:00:00Z,5.847230000000001,-3.323868831267661,2.5233611687323396,0,0.430759,TRUE,FALSE,FALSE
MD,2024-11-23T06:30:00Z,1.3430699999999995,1.1804034821406284,2.523473482140628,0,0.345981,FALSE,TRUE,FALSE
MD,2024-11-23T07:30:00Z,1.1318800000000002,1.3687386181825154,2.5006186181825156,0,0.371414,FALSE,TRUE,FALSE
MD,2024-11-23T08:00:00Z,1.3518099999999997,1.1432724586698988,2.4950824586698985,0,0.345516,FALSE,TRUE,FALSE
MD,2024-11-23T08:30:00Z,4.82669,-2.3400934273751726,2.4865965726248276,0,0.435835,TRUE,FALSE,FALSE
MD,2024-11-23T09:30:00Z,3.5550100000000002,-1.0683751107867048,2.4866348892132955,0,0.444553,TRUE,FALSE,FALSE
MD,2024-11-23T10:00:00Z,-0.8820100000000002,3.360060566212842,2.478050566212842,0,0.426562,FALSE,TRUE,FALSE
MD,2024-11-23T10:30:00Z,4.809950000000001,-2.3501534512813524,2.459796548718648,0,0.363107,TRUE,FALSE,FALSE
MD,2024-11-23T11:00:00Z,1.0718200000000002,1.3836719353461882,2.4554919353461884,0,0.353104,FALSE,TRUE,FALSE
MD,2024-11-23T11:30:00Z,6.50064,-4.04969734278291,2.4509426572170905,0,0.466772,TRUE,FALSE,FALSE
MD,2024-11-23T12:30:00Z,3.135626,-0.688353511465849,2.447272488534151,0.0328938,0.431841,TRUE,FALSE,FALSE
MD,2024-11-23T13:00:00Z,3.31843,-0.8812460239915989,2.4371839760084013,1.25943,0.292797,TRUE,FALSE,FALSE
MD,2024-11-25T03:30:00Z,-2.939908,5.517251900171493,2.5773439001714924,0,0.487115,FALSE,TRUE,FALSE
MD,2024-11-25T04:00:00Z,5.464255,-2.902197999636584,2.5620570003634158,0,0.535767,TRUE,FALSE,FALSE
MD,2024-11-25T04:30:00Z,19.02015,-16.50822218728786,2.5119278127121403,0,0.415974,TRUE,FALSE,FALSE
MD,2024-11-25T05:30:00Z,0.6021799999999999,1.8680669699779668,2.4702469699779668,0,0.493353,FALSE,TRUE,FALSE
MD,2024-11-25T06:00:00Z,5.56949,-3.1066962103359583,2.4627937896640417,0,0.527956,TRUE,FALSE,FALSE
MD,2024-11-25T06:30:00Z,-0.026619999999999866,2.4853253323424642,2.4587053323424644,0,0.462035,FALSE,TRUE,FALSE
MD,2024-11-25T07:30:00Z,0.9469099999999999,1.5047423111413436,2.4516523111413435,0,0.441545,FALSE,TRUE,FALSE
MD,2024-11-25T08:00:00Z,-0.1612499999999999,2.614663115929109,2.4534131159291093,0,0.489143,FALSE,TRUE,FALSE
MD,2024-11-25T08:30:00Z,-3.2150380000000003,5.670610330004549,2.4555723300045487,0,0.490267,FALSE,TRUE,FALSE
MD,2024-11-25T10:00:00Z,0.9324299999999999,1.5110523293568077,2.4434823293568075,0,0.499817,FALSE,TRUE,FALSE
MD,2024-11-25T10:30:00Z,0.40042,2.047622154801858,2.448042154801858,0,0.469947,FALSE,TRUE,FALSE
MD,2024-11-25T11:00:00Z,3.5286299999999997,-1.073875296671484,2.4547547033285158,0,0.428812,TRUE,FALSE,FALSE
MD,2024-11-25T12:30:00Z,-1.487673,3.9574916301217473,2.4698186301217473,0.00800953,0.386752,FALSE,TRUE,FALSE
MD,2024-11-25T13:00:00Z,-4.80367,7.266781125760459,2.4631111257604585,0.706865,0.431218,FALSE,TRUE,FALSE
MD,2024-11-25T13:30:00Z,-4.666706,7.129808395812004,2.463102395812005,6.88961,0.349615,FALSE,TRUE,FALSE
MD,2024-11-25T17:00:00Z,5.248722,-2.677736681797116,2.570985318202884,48.3787,0.369722,TRUE,FALSE,FALSE
MD,2024-11-25T17:30:00Z,36.5903,-34.015111884924785,2.5751881150752136,72.8398,0.448678,TRUE,FALSE,FALSE
MD,2024-11-25T18:00:00Z,10.055309999999999,-7.461076593910235,2.5942334060897636,101.502,0.468043,TRUE,FALSE,FALSE
MD,2024-11-25T18:30:00Z,9.7832,-7.180863709198855,2.6023362908011456,26.3311,0.343633,TRUE,FALSE,FALSE
MD,2024-11-25T19:00:00Z,5.99478,-3.401519827487586,2.5932601725124145,12.7481,0.146286,TRUE,FALSE,FALSE
MD,2024-11-25T20:00:00Z,3.43554,-0.8609115179172071,2.574628482082793,17.2311,0.176254,TRUE,FALSE,FALSE
MD,2024-11-25T20:30:00Z,3.09527,-0.5253256240906405,2.5699443759093596,17.3483,0.176886,TRUE,FALSE,FALSE
MD,2024-11-25T23:00:00Z,4.214821,-1.6636523113308619,2.551168688669138,0.0129059,0.251583,TRUE,FALSE,FALSE
MD,2024-11-26T00:00:00Z,6.7670439,-4.211588121600059,2.555455778399941,0,0.360415,TRUE,FALSE,FALSE
MD,2024-11-26T00:30:00Z,-2.37742,4.940262036492493,2.5628420364924933,0,0.530535,FALSE,TRUE,FALSE
MD,2024-11-26T01:00:00Z,3.8382000000000005,-1.316118752314161,2.5220812476858394,0,0.645384,TRUE,FALSE,FALSE
MD,2024-11-26T01:30:00Z,-0.8966609999999999,3.3823433993863943,2.4856823993863943,0,0.619142,FALSE,TRUE,FALSE
MD,2024-11-26T02:30:00Z,7.950806,-5.521483876656016,2.429322123343984,0,0.660367,TRUE,FALSE,FALSE
MD,2024-11-26T03:00:00Z,9.38959,-6.998436889944525,2.3911531100554746,0,0.59852,TRUE,FALSE,FALSE
MD,2024-11-26T03:30:00Z,13.997987,-11.61991436907505,2.378072630924951,0,0.59881,TRUE,FALSE,FALSE
MD,2024-11-26T04:00:00Z,9.45116,-7.079641289382369,2.371518710617631,0,0.639085,TRUE,FALSE,FALSE
MD,2024-11-26T04:30:00Z,24.147479999999998,-21.780842311969526,2.3666376880304716,0,0.684452,TRUE,FALSE,FALSE
MD,2024-11-26T06:30:00Z,10.583801000000001,-8.226085479390592,2.3577155206094083,0,0.638707,TRUE,FALSE,FALSE
MD,2024-11-26T07:00:00Z,-9.53308,11.891652404433422,2.3585724044334215,0,0.65151,FALSE,TRUE,TRUE
MD,2024-11-26T07:30:00Z,-6.21513,8.527579078014185,2.3124490780141853,0,0.688939,FALSE,TRUE,TRUE
MD,2024-11-26T08:00:00Z,3.4319099999999993,-1.1428989845152402,2.289011015484759,0,0.593899,TRUE,FALSE,FALSE
MD,2024-11-26T09:00:00Z,-6.839230000000001,9.085126735588556,2.2458967355885546,0,0.520156,FALSE,TRUE,TRUE
MD,2024-11-26T09:30:00Z,-4.073180000000001,6.332396889747229,2.2592168897472282,0,0.578544,FALSE,TRUE,FALSE
MD,2024-11-26T10:00:00Z,0.31610999999999967,1.925950656049094,2.2420606560490937,0,0.524754,FALSE,TRUE,FALSE
MD,2024-11-26T10:30:00Z,3.5146800000000002,-1.2985457982137079,2.2161342017862924,0,0.574786,TRUE,FALSE,FALSE
MD,2024-11-26T11:00:00Z,0.47982000000000014,1.6986780826568957,2.178498082656896,0,0.615544,FALSE,TRUE,FALSE
MD,2024-11-26T11:30:00Z,4.266164799999999,-2.1015011947947637,2.1646636052052357,0,0.631804,TRUE,FALSE,FALSE
MD,2024-11-26T13:00:00Z,2.643871,-0.5767969382782807,2.067074061721719,2.05031,0.83779,TRUE,FALSE,FALSE
MD,2024-11-27T03:00:00Z,6.767884242857143,-4.385884306336633,2.3819999365205096,NA,0.148844,TRUE,FALSE,FALSE
MD,2024-11-27T03:30:00Z,9.908281442857142,-7.545050034951785,2.3632314079053565,NA,0.172406,TRUE,FALSE,FALSE
MD,2024-11-27T04:00:00Z,8.0523046375,-5.701175257482041,2.3511293800179596,NA,0.128271,TRUE,FALSE,FALSE
MD,2024-11-27T04:30:00Z,6.5990158999999995,-4.253763583999923,2.345252316000076,NA,0.0737378,TRUE,FALSE,FALSE
MD,2024-11-27T05:00:00Z,4.90088901,-2.559305543010483,2.3415834669895172,NA,0.125162,TRUE,FALSE,FALSE
MD,2024-11-27T05:30:00Z,5.387906555555555,-3.0490608368178638,2.3388457187376916,NA,0.0646,TRUE,FALSE,FALSE
MD,2024-11-28T23:30:00Z,3.63645779,-1.228239058746119,2.408218731253881,NA,0.427012,TRUE,FALSE,FALSE
MD,2024-11-29T05:30:00Z,4.326288,-2.026334574294244,2.299953425705756,NA,0.31561,TRUE,FALSE,FALSE
MD,2024-11-29T09:30:00Z,2.8103525,-0.5387570404288433,2.2715954595711567,NA,0.473356,TRUE,FALSE,FALSE
MD,2024-11-29T17:30:00Z,5.8492342,-3.362686603167302,2.4865475968326978,NA,0.551906,TRUE,FALSE,FALSE
MD,2024-12-02T12:00:00Z,2.6587004266666665,-0.5165079347023918,2.1421924919642747,NA,0.0591363,TRUE,FALSE,FALSE
MD,2024-12-02T12:30:00Z,3.9745062044444444,-1.8432241398645766,2.131282064579868,NA,0.0881867,TRUE,FALSE,FALSE
MD,2024-12-02T13:00:00Z,3.123237715,-1.003516450115924,2.119721264884076,NA,0.0448982,TRUE,FALSE,FALSE
MD,2024-12-02T13:30:00Z,3.862658811,-1.7505928050156125,2.1120660059843877,NA,0.0786501,TRUE,FALSE,FALSE
MD,2024-12-03T11:30:00Z,3.3014959,-1.299710412582912,2.001785487417088,NA,0.212379,TRUE,FALSE,FALSE
MD,2024-12-03T12:00:00Z,3.5054569,-1.5314047349771902,1.9740521650228098,NA,0.398161,TRUE,FALSE,FALSE
MD,2024-12-03T12:30:00Z,5.7560225,-3.8054556487455704,1.95056685125443,NA,0.598179,TRUE,FALSE,FALSE
MD,2024-12-03T13:00:00Z,9.015759399999999,-7.089692967873416,1.9260664321265821,NA,0.650585,TRUE,FALSE,FALSE
MD,2024-12-03T13:30:00Z,12.2407651,-10.332519901689318,1.908245198310683,NA,0.731917,TRUE,FALSE,FALSE
MD,2024-12-03T14:30:00Z,11.279580000000001,-9.382741943123818,1.8968380568761831,NA,0.690412,TRUE,FALSE,FALSE
MD,2024-12-03T15:00:00Z,9.307568999999999,-7.413364894326843,1.8942041056731556,NA,0.617727,TRUE,FALSE,FALSE
MD,2024-12-03T15:30:00Z,5.094822000000001,-3.198897861956038,1.8959241380439624,NA,0.491786,TRUE,FALSE,FALSE
MD,2024-12-03T16:00:00Z,4.1702829999999995,-2.270452037531321,1.8998309624686787,NA,0.466667,TRUE,FALSE,FALSE
MD,2024-12-03T17:00:00Z,3.4192069999999997,-1.0946114223312193,2.3245955776687803,NA,0.0922067,TRUE,FALSE,FALSE
MD,2024-12-04T02:00:00Z,3.5331131,-1.4788315120656743,2.0542815879343257,NA,0.49966699999999997,TRUE,FALSE,FALSE
MD,2024-12-04T09:00:00Z,41.74293,-39.73354172965273,2.0093882703472765,NA,0.595069,TRUE,FALSE,FALSE
MD,2024-12-04T19:30:00Z,15.71329,-13.516210784460881,2.1970792155391203,NA,0.681261,TRUE,FALSE,FALSE
MD,2024-12-04T22:00:00Z,21.00151,-18.88370040187696,2.117809598123038,NA,0.549226,TRUE,FALSE,FALSE
MD,2024-12-04T23:30:00Z,9.62532,-7.570336762158121,2.05498323784188,NA,0.488634,TRUE,FALSE,FALSE
MD,2024-12-05T00:00:00Z,6.4815176,-4.435090159220578,2.0464274407794223,NA,0.492556,TRUE,FALSE,FALSE
MD,2024-12-05T00:30:00Z,39.172035,-37.13423724937231,2.0377977506276865,NA,0.731537,TRUE,FALSE,FALSE
MD,2024-12-05T01:30:00Z,5.02926,-3.00892794662797,2.0203320533720297,NA,0.920147,TRUE,FALSE,FALSE
MD,2024-12-05T02:00:00Z,3.9630051699999997,-1.952995607416458,2.0100095625835417,NA,0.836105,TRUE,FALSE,FALSE
MD,2024-12-05T03:30:00Z,8.830631,-6.842277242084348,1.9883537579156523,NA,0.645828,TRUE,FALSE,FALSE
MD,2024-12-05T04:00:00Z,2.828908,-0.847533230615295,1.9813747693847052,NA,0.672886,TRUE,FALSE,FALSE
MD,2024-12-05T04:30:00Z,4.4337404000000005,-2.457761174830082,1.9759792251699184,NA,0.698544,TRUE,FALSE,FALSE
MD,2024-12-05T05:00:00Z,6.2202563,-4.247820414925668,1.9724358850743315,NA,0.741983,TRUE,FALSE,FALSE
MD,2024-12-05T07:00:00Z,2.9174505,-0.9492826997121193,1.9681678002878809,NA,0.729114,TRUE,FALSE,FALSE
MD,2024-12-05T09:30:00Z,4.256796,-2.3002581234965698,1.95653787650343,NA,0.71608,TRUE,FALSE,FALSE
MD,2024-12-05T21:00:00Z,2.9484615,-0.8482481348481192,2.100213365151881,NA,0.529121,TRUE,FALSE,FALSE
MD,2024-12-06T00:30:00Z,6.420187345454546,-4.451734432394108,1.9684529130604378,NA,0.140216,TRUE,FALSE,FALSE
MD,2024-12-06T01:00:00Z,6.93190413,-4.9643127475294015,1.967591382470599,NA,0.17858,TRUE,FALSE,FALSE
MD,2024-12-06T01:30:00Z,6.57751432125,-4.616114481253831,1.961399839996169,NA,0.0960444,TRUE,FALSE,FALSE
MD,2024-12-06T02:30:00Z,3.2907233949999997,-1.342508510158019,1.9482148848419807,NA,0.146762,TRUE,FALSE,FALSE
MD,2024-12-06T03:00:00Z,3.289142954,-1.3454141226849887,1.9437288313150112,NA,0.0922401,TRUE,FALSE,FALSE
MD,2024-12-06T03:30:00Z,3.38329,-1.4499891194265022,1.933300880573498,NA,0.103327,TRUE,FALSE,FALSE
MD,2024-12-06T04:00:00Z,4.93852046,-3.009898041244826,1.9286224187551744,NA,0.0739342,TRUE,FALSE,FALSE
MD,2024-12-06T04:30:00Z,4.77568054,-2.8513208130070353,1.9243597269929642,NA,0.112793,TRUE,FALSE,FALSE
MD,2024-12-06T05:00:00Z,3.2034935200000003,-1.282242927162803,1.9212505928371972,NA,0.0643893,TRUE,FALSE,FALSE
MD,2024-12-06T05:30:00Z,2.83545944,-0.9163708601094254,1.9190885798905748,NA,0.0741777,TRUE,FALSE,FALSE
MD,2024-12-06T06:00:00Z,2.53220146,-0.6129817331690552,1.9192197268309448,NA,0.0982285,TRUE,FALSE,FALSE
MD,2024-12-06T22:00:00Z,2.0502088,-0.915192274077959,1.135016525922041,NA,0.530971,TRUE,FALSE,FALSE
MD,2024-12-07T00:00:00Z,1.729609,-0.6733211354662076,1.0562878645337923,NA,0.374923,TRUE,FALSE,FALSE
MD,2024-12-07T00:30:00Z,2.5193088,-1.4846832073907212,1.0346255926092789,NA,0.382562,TRUE,FALSE,FALSE
MD,2024-12-07T02:30:00Z,3.14897955,-2.122716616226559,1.0262629337734408,NA,0.205977,TRUE,FALSE,FALSE
MD,2024-12-07T03:00:00Z,3.4840759799999996,-2.4561617907682374,1.0279141892317623,NA,0.155046,TRUE,FALSE,FALSE
MD,2024-12-07T03:30:00Z,3.33359668,-2.3079185629270036,1.025678117072996,NA,0.116142,TRUE,FALSE,FALSE
MD,2024-12-07T04:00:00Z,3.4102566399999996,-2.389693319785211,1.0205633202147883,NA,0.119906,TRUE,FALSE,FALSE
MD,2024-12-07T04:30:00Z,3.01862828,-2.002510828928284,1.0161174510717164,NA,0.111123,TRUE,FALSE,FALSE
MD,2024-12-07T05:00:00Z,2.9226588,-1.9091222027889436,1.0135365972110562,NA,0.137531,TRUE,FALSE,FALSE
MD,2024-12-07T05:30:00Z,2.98842056,-1.9821232524829957,1.006297307517004,NA,0.101924,TRUE,FALSE,FALSE
MD,2024-12-07T06:00:00Z,3.0085914000000002,-2.0039818008683623,1.0046095991316382,NA,0.0493599,TRUE,FALSE,FALSE
MD,2024-12-07T06:30:00Z,2.77031635,-1.7694881126906614,1.0008282373093385,NA,0.0560388,TRUE,FALSE,FALSE
MD,2024-12-07T07:00:00Z,2.798414375,-1.7961650872292376,1.0022492877707625,NA,0.0682951,TRUE,FALSE,FALSE
MD,2024-12-07T07:30:00Z,2.56260236,-1.5596070437730383,1.0029953162269618,NA,0.0261758,TRUE,FALSE,FALSE
MD,2024-12-07T08:00:00Z,2.3317290666666666,-1.326034128296345,1.0056949383703215,NA,0.0414194,TRUE,FALSE,FALSE
MD,2024-12-07T08:30:00Z,2.289302325,-1.2839585365782125,1.0053437884217875,NA,0.0415078,TRUE,FALSE,FALSE
MD,2024-12-07T09:00:00Z,2.0980162444444446,-1.09032497223008,1.0076912722143645,NA,0.0510086,TRUE,FALSE,FALSE
MD,2024-12-07T09:30:00Z,2.0005090777777776,-0.9915108566942621,1.0089982210835156,NA,0.0668605,TRUE,FALSE,FALSE
MD,2024-12-07T10:00:00Z,1.9419712,-0.9235631184303099,1.01840808156969,NA,0.0951521,TRUE,FALSE,FALSE
MD,2024-12-07T10:30:00Z,1.95307753,-0.9180704398986603,1.0350070901013397,NA,0.0658562,TRUE,FALSE,FALSE
MD,2024-12-07T11:00:00Z,1.8049174855555556,-0.753572889938549,1.0513445956170067,NA,0.0315498,TRUE,FALSE,FALSE
MD,2024-12-07T11:30:00Z,1.81307711,-0.745405371084126,1.067671738915874,NA,0.104016,TRUE,FALSE,FALSE
MD,2024-12-07T12:00:00Z,1.7930230457142857,-0.7044910781072338,1.088531967607052,NA,0.0725541,TRUE,FALSE,FALSE
MD,2024-12-07T12:30:00Z,1.787114444,-0.6775466591688193,1.1095677848311807,NA,0.106349,TRUE,FALSE,FALSE
MD,2024-12-07T13:00:00Z,1.6617289499999999,-0.5331650597792887,1.1285638902207111,NA,0.116366,TRUE,FALSE,FALSE
MD,2024-12-07T13:30:00Z,1.65094185,-0.5005752242716932,1.1503666257283067,NA,0.110366,TRUE,FALSE,FALSE
MD,2024-12-07T22:00:00Z,2.4387369999999997,-0.8882704159577912,1.5504665840422085,NA,0.600985,TRUE,FALSE,FALSE
MD,2024-12-07T23:00:00Z,3.048343,-1.603852058786469,1.444490941213531,NA,0.577853,TRUE,FALSE,FALSE
MD,2024-12-08T00:00:00Z,3.151353,-1.745077982189484,1.406275017810516,NA,0.664216,TRUE,FALSE,FALSE
MD,2024-12-08T00:30:00Z,3.480111,-2.077033741185653,1.403077258814347,NA,0.753921,TRUE,FALSE,FALSE
MD,2024-12-08T01:00:00Z,3.416007,-2.0073414498703084,1.4086655501296916,NA,0.783904,TRUE,FALSE,FALSE
MD,2024-12-08T01:30:00Z,2.7194808,-1.3055758007863472,1.4139049992136528,NA,0.840127,TRUE,FALSE,FALSE
MD,2024-12-08T02:00:00Z,3.6601337,-2.2465671066739383,1.4135665933260615,NA,0.94791,TRUE,FALSE,FALSE
MD,2024-12-08T02:30:00Z,3.5547904,-2.1424069946447046,1.4123834053552953,NA,0.930746,TRUE,FALSE,FALSE
MD,2024-12-08T03:00:00Z,4.858275699999999,-3.449969576171137,1.4083061238288623,NA,0.96034,TRUE,FALSE,FALSE
MD,2024-12-08T03:30:00Z,3.0029231000000003,-1.6022493828264848,1.4006737171735155,NA,0.832782,TRUE,FALSE,FALSE
MD,2024-12-08T04:00:00Z,2.344257,-0.9516148650709217,1.392642134929078,NA,0.808313,TRUE,FALSE,FALSE
MD,2024-12-08T04:30:00Z,2.9077371999999997,-1.5195673196649546,1.388169880335045,NA,0.78087,TRUE,FALSE,FALSE
MD,2024-12-08T05:00:00Z,3.9380902,-2.550044014510256,1.3880461854897443,NA,0.75074,TRUE,FALSE,FALSE
MD,2024-12-08T05:30:00Z,2.9001339,-1.511656624073084,1.3884772759269162,NA,0.670698,TRUE,FALSE,FALSE
MD,2024-12-08T06:00:00Z,2.5230757,-1.1296860776222828,1.3933896223777174,NA,0.635757,TRUE,FALSE,FALSE
MD,2024-12-08T06:30:00Z,2.6730658,-1.2757311030246603,1.3973346969753395,NA,0.610721,TRUE,FALSE,FALSE
MD,2024-12-08T07:00:00Z,2.798414375,-1.3969705527101028,1.4014438222898973,NA,NA,TRUE,FALSE,FALSE
MD,2024-12-08T07:30:00Z,2.98499,-1.5798997097118737,1.4050902902881262,NA,0.578685,TRUE,FALSE,FALSE
MD,2024-12-08T08:00:00Z,3.012526,-1.6030418815243188,1.409484118475681,NA,0.489231,TRUE,FALSE,FALSE
MD,2024-12-08T08:30:00Z,2.632984,-1.220677530013669,1.412306469986331,NA,0.467845,TRUE,FALSE,FALSE
MD,2024-12-08T09:00:00Z,2.591256,-1.223654710046645,1.367601289953355,NA,0.458428,TRUE,FALSE,FALSE
MD,2024-12-08T09:30:00Z,2.6952268,-1.3247348800519965,1.3704919199480035,NA,0.407421,TRUE,FALSE,FALSE
MD,2024-12-08T10:00:00Z,2.4230366,-1.105088006030821,1.317948593969179,NA,0.364052,TRUE,FALSE,FALSE
MD,2024-12-08T10:30:00Z,2.1349615,-0.8044519177329752,1.330509582267025,NA,0.324551,TRUE,FALSE,FALSE
MD,2024-12-08T11:30:00Z,2.03473837,-0.6234666769060957,1.4112716930939042,NA,0.350431,TRUE,FALSE,FALSE
MD,2024-12-08T23:30:00Z,2.121112,-0.5174075742177209,1.6037044257822792,NA,0.0779492,TRUE,FALSE,FALSE
MD,2024-12-09T00:00:00Z,2.2377958000000002,-0.6370403641119344,1.6007554358880658,NA,0.0655902,TRUE,FALSE,FALSE
MD,2024-12-09T00:30:00Z,2.19667908,-0.5969867772361575,1.5996923027638426,NA,0.0628568,TRUE,FALSE,FALSE
MD,2024-12-09T01:00:00Z,2.7280071363636362,-1.123625201789737,1.6043819345738992,NA,0.094814,TRUE,FALSE,FALSE
MD,2024-12-09T02:30:00Z,2.424961,-0.8131447672849412,1.611816232715059,NA,0.370813,TRUE,FALSE,FALSE
MD,2024-12-09T03:00:00Z,2.4363973,-0.8244392982263435,1.6119580017736563,NA,0.343377,TRUE,FALSE,FALSE
MD,2024-12-09T05:30:00Z,2.8715040000000003,-1.2585801237121856,1.6129238762878146,NA,0.394912,TRUE,FALSE,FALSE
MD,2024-12-09T06:00:00Z,2.3124274,-0.6939977814867315,1.6184296185132683,NA,0.353659,TRUE,FALSE,FALSE
MD,2024-12-09T06:30:00Z,2.180687,-0.5573055829031599,1.62338141709684,NA,0.254477,TRUE,FALSE,FALSE
MD,2024-12-09T07:30:00Z,5.924327299999999,-4.289531877111529,1.6347954228884696,NA,0.191658,TRUE,FALSE,FALSE
MD,2024-12-09T08:30:00Z,24.773239999999998,-23.127179866988833,1.6460601330111635,NA,0.242121,TRUE,FALSE,FALSE
MD,2024-12-09T09:00:00Z,10.97589,-9.338568991583887,1.6373210084161118,NA,0.254459,TRUE,FALSE,FALSE
MD,2024-12-09T09:30:00Z,35.45497,-33.81463457337272,1.640335426627281,NA,0.290546,TRUE,FALSE,FALSE
MD,2024-12-09T10:00:00Z,12.978530000000001,-11.3469836412385,1.631546358761501,NA,0.309326,TRUE,FALSE,FALSE
MD,2024-12-09T10:30:00Z,2.4392210000000003,-0.7985580212367118,1.6406629787632885,NA,0.239878,TRUE,FALSE,FALSE
MD,2024-12-09T11:00:00Z,8.334943666666666,-6.683813823321465,1.6511298433452009,NA,0.185974,TRUE,FALSE,FALSE
MD,2024-12-09T11:30:00Z,3.8843169999999994,-2.2091525993588874,1.6751644006411122,NA,0.205497,TRUE,FALSE,FALSE
MD,2024-12-09T12:00:00Z,9.587079999999998,-7.897693094569183,1.6893869054308153,NA,0.33682,TRUE,FALSE,FALSE
MD,2024-12-09T13:30:00Z,5.01379,-3.275605170458518,1.738184829541482,NA,0.244543,TRUE,FALSE,FALSE
MD,2024-12-09T14:00:00Z,3.9705,-2.178326695339628,1.7921733046603718,NA,0.286994,TRUE,FALSE,FALSE
MD,2024-12-09T16:00:00Z,3.4863000000000017,-1.4037806209473942,2.0825193790526075,NA,0.642702,TRUE,FALSE,FALSE
MD,2024-12-09T17:30:00Z,6.868080000000001,-4.817597953832893,2.0504820461671085,NA,0.535919,TRUE,FALSE,FALSE
MD,2024-12-10T02:00:00Z,3.685156,-1.9637262894359422,1.721429710564058,NA,0.272995,TRUE,FALSE,FALSE
MD,2024-12-10T02:30:00Z,4.212896,-2.4954813983883666,1.717414601611633,NA,0.468286,TRUE,FALSE,FALSE
MD,2024-12-10T03:00:00Z,3.3441840000000003,-1.6300296782860806,1.7141543217139197,NA,0.494136,TRUE,FALSE,FALSE
MD,2024-12-10T03:30:00Z,2.4367121,-0.7256698519562386,1.7110422480437613,NA,0.49965,TRUE,FALSE,FALSE
MD,2024-12-10T04:00:00Z,3.3608911,-1.6503595312945714,1.7105315687054286,NA,0.506609,TRUE,FALSE,FALSE
MD,2024-12-10T05:30:00Z,2.3672283,-0.6477711748062722,1.7194571251937276,NA,0.443761,TRUE,FALSE,FALSE
MD,2024-12-10T07:30:00Z,2.5806313,-0.8441195177116343,1.7365117822883656,NA,0.331128,TRUE,FALSE,FALSE
MD,2024-12-10T08:00:00Z,2.5264241999999997,-0.7859847973787488,1.7404394026212509,NA,0.508597,TRUE,FALSE,FALSE
MD,2024-12-10T11:00:00Z,7.461327333333333,-5.732785780021081,1.728541553312252,NA,0.0789565,TRUE,FALSE,FALSE
MD,2024-12-10T11:30:00Z,5.047730428571429,-3.310124355034689,1.7376060735367398,NA,0.078073,TRUE,FALSE,FALSE
MD,2024-12-10T12:00:00Z,5.623162,-3.877417606466034,1.7457443935339654,NA,0.0434152,TRUE,FALSE,FALSE
MD,2024-12-10T12:30:00Z,7.805892,-6.048875378064897,1.7570166219351029,NA,0.0479904,TRUE,FALSE,FALSE
MD,2024-12-10T13:00:00Z,7.878950333333334,-6.114374318851961,1.7645760144813731,NA,0.0664516,TRUE,FALSE,FALSE
MD,2024-12-10T17:00:00Z,10.324657285714284,-8.367158636543566,1.9574986491707187,NA,0.174056,TRUE,FALSE,FALSE
MD,2024-12-10T17:30:00Z,12.27581425,-10.312209468567128,1.963604781432872,NA,0.164671,TRUE,FALSE,FALSE
MD,2024-12-10T18:00:00Z,9.534978866666666,-7.591811767758506,1.94316709890816,NA,0.209204,TRUE,FALSE,FALSE
MD,2024-12-10T18:30:00Z,15.52742183909091,-13.572944455473072,1.954477383617837,NA,0.15688,TRUE,FALSE,FALSE
MD,2024-12-10T22:30:00Z,7.28765,-5.486094325198783,1.8015556748012171,NA,0.269214,TRUE,FALSE,FALSE
MD,2024-12-10T23:00:00Z,5.98438,-4.198000158933699,1.786379841066301,NA,0.293875,TRUE,FALSE,FALSE
MD,2024-12-10T23:30:00Z,6.012442999999999,-4.260461685706183,1.7519813142938163,NA,0.319346,TRUE,FALSE,FALSE
MD,2024-12-11T00:00:00Z,4.713436,-2.971404649388689,1.7420313506113108,NA,0.324645,TRUE,FALSE,FALSE
MD,2024-12-11T00:30:00Z,2.82698,-1.0931351128662063,1.7338448871337935,NA,0.370359,TRUE,FALSE,FALSE
MD,2024-12-11T01:30:00Z,4.497520000000001,-2.7710649450224127,1.7264550549775879,NA,0.381563,TRUE,FALSE,FALSE
MD,2024-12-11T04:30:00Z,2.80314,-1.0910899767488909,1.712050023251109,NA,0.395854,TRUE,FALSE,FALSE
MD,2024-12-11T08:30:00Z,5.000399,-3.2661884301470163,1.7342105698529835,NA,0.516833,TRUE,FALSE,FALSE
MD,2024-12-11T09:30:00Z,5.194775000000001,-3.4662607719149463,1.7285142280850545,NA,0.41575,TRUE,FALSE,FALSE
MD,2024-12-11T10:00:00Z,16.655385,-14.931982772469315,1.7234022275306833,NA,0.405397,TRUE,FALSE,FALSE
MD,2024-12-11T11:30:00Z,3.5321500000000006,-1.8049348174309028,1.7272151825690978,NA,0.261577,TRUE,FALSE,FALSE
MD,2024-12-11T12:00:00Z,32.810932,-31.07854732315757,1.7323846768424327,NA,0.23327,TRUE,FALSE,FALSE
MD,2024-12-11T12:30:00Z,18.171541,-16.43139553281381,1.740145467186192,NA,0.0758211,TRUE,FALSE,FALSE
MD,2024-12-11T13:00:00Z,6.285705533333333,-4.53996820311008,1.745737330223253,NA,0.148068,TRUE,FALSE,FALSE
MD,2024-12-11T16:30:00Z,8.435542645,-6.527516637593428,1.9080260074065718,NA,0.312774,TRUE,FALSE,FALSE
MD,2024-12-11T17:00:00Z,32.47853,-30.586628130623577,1.891901869376423,NA,0.355511,TRUE,FALSE,FALSE
MD,2024-12-11T17:30:00Z,43.6575,-41.75992207884811,1.8975779211518857,NA,0.393107,TRUE,FALSE,FALSE
MD,2024-12-11T18:00:00Z,21.29956,-19.41355774617182,1.8860022538281827,NA,0.417257,TRUE,FALSE,FALSE
MD,2024-12-11T18:30:00Z,32.84539,-30.948922927308136,1.8964670726918669,NA,0.387079,TRUE,FALSE,FALSE
MD,2024-12-11T19:30:00Z,87.49499999999999,-85.58732200750349,1.907677992496506,NA,0.353783,TRUE,FALSE,FALSE
MD,2024-12-11T21:00:00Z,11.984373999999999,-10.118217723397397,1.8661562766026032,NA,0.371696,TRUE,FALSE,FALSE
MD,2024-12-11T23:00:00Z,5.143562,-4.114989270940544,1.0285727290594564,NA,0.445389,TRUE,FALSE,FALSE
MD,2024-12-11T23:30:00Z,3.040778,-2.017009164993041,1.0237688350069591,NA,0.285409,TRUE,FALSE,FALSE
MD,2024-12-12T00:30:00Z,9.21015,-8.234252481638675,0.9758975183613252,NA,0.826906,TRUE,FALSE,FALSE
MD,2024-12-12T01:00:00Z,3.3898200000000003,-2.4163577256682194,0.9734622743317811,NA,0.639913,TRUE,FALSE,FALSE
MD,2024-12-12T01:30:00Z,1.833717,-0.8598713370998697,0.9738456629001303,NA,0.676629,TRUE,FALSE,FALSE
MD,2024-12-12T02:00:00Z,4.406299,-3.4382216979805325,0.9680773020194675,NA,0.800018,TRUE,FALSE,FALSE
MD,2024-12-12T02:30:00Z,2.8133999999999997,-1.8454456163770228,0.9679543836229769,NA,0.785168,TRUE,FALSE,FALSE
MD,2024-12-12T06:30:00Z,2.5984830000000003,-1.654626102181965,0.9438568978180354,NA,0.780385,TRUE,FALSE,FALSE
MD,2024-12-12T07:00:00Z,2.196223,-1.2510394789655206,0.9451835210344793,NA,0.792899,TRUE,FALSE,FALSE
MD,2024-12-12T07:30:00Z,2.344528,-1.3986544792498217,0.9458735207501783,NA,0.789947,TRUE,FALSE,FALSE
MD,2024-12-12T08:00:00Z,1.813021,-0.8646151983735206,0.9484058016264794,NA,0.797379,TRUE,FALSE,FALSE
MD,2024-12-12T08:30:00Z,2.268013,-1.319951941390637,0.94806105860936285,NA,0.64715,TRUE,FALSE,FALSE
MD,2024-12-12T10:00:00Z,1.9632039999999997,-1.002864386801507,0.9603396131984926,NA,0.705068,TRUE,FALSE,FALSE
MD,2024-12-12T13:00:00Z,1.933,-0.8688773960590064,1.0641226039409937,NA,0.604342,TRUE,FALSE,FALSE
MD,2024-12-12T17:30:00Z,4.78628,-2.995943269779915,1.7903367302200848,NA,0.327717,TRUE,FALSE,FALSE
MD,2024-12-12T22:00:00Z,3.5701472999999995,-2.5123512902898977,1.0577960097101016,NA,0.208512,TRUE,FALSE,FALSE
MD,2024-12-12T22:30:00Z,7.135294999999999,-6.105981735810477,1.0293132641895222,NA,0.222395,TRUE,FALSE,FALSE
MD,2024-12-12T23:00:00Z,5.573001,-4.556798563773285,1.0162024362267148,NA,0.234304,TRUE,FALSE,FALSE
MD,2024-12-12T23:30:00Z,1.538344,-0.5268907687739344,1.0114532312260656,NA,0.217248,TRUE,FALSE,FALSE
MD,2024-12-13T00:00:00Z,3.1574776666666664,-2.17312200761992,0.9843556590467463,NA,0.206781,TRUE,FALSE,FALSE
MD,2024-12-13T00:30:00Z,1.7942203333333333,-0.8300684298215988,0.9641519035117345,NA,0.182827,TRUE,FALSE,FALSE
MD,2024-12-13T01:00:00Z,2.361088,-1.3993449691668822,0.9617430308331179,NA,0.287906,TRUE,FALSE,FALSE
MD,2024-12-13T01:30:00Z,1.483229,-0.5211101372682354,0.9621188627317645,NA,0.346634,TRUE,FALSE,FALSE
MD,2024-12-13T04:30:00Z,1.5700808,-0.6233075583136265,0.9467732416863734,NA,0.335948,TRUE,FALSE,FALSE
MD,2024-12-13T05:30:00Z,1.6306800000000001,-0.6930892945284132,0.937590705471587,NA,0.2201,TRUE,FALSE,FALSE
MD,2024-12-13T07:00:00Z,1.7007960000000002,-0.7670256323127774,0.9337703676872228,NA,0.220899,TRUE,FALSE,FALSE
MD,2024-12-13T22:00:00Z,2.1566043,-1.1116783763252218,1.0449259236747783,NA,0.123618,TRUE,FALSE,FALSE
MD,2024-12-14T03:30:00Z,1.4666009999999998,-0.5389754783582604,0.9276255216417394,0.00274997,0.214473,TRUE,FALSE,FALSE
MD,2024-12-14T04:30:00Z,1.6374569,-0.6988911868933189,0.9385657131066812,0.00260328,0.244128,TRUE,FALSE,FALSE
MD,2024-12-14T06:30:00Z,1.5976697199999998,-0.6966652182379413,0.9010045017620586,0.00244524,0.21995,TRUE,FALSE,FALSE
MD,2024-12-14T07:00:00Z,1.6615015,-0.7308201046187216,0.9306813953812784,0.00245954,0.317875,TRUE,FALSE,FALSE
MD,2024-12-14T07:30:00Z,1.8884227,-0.9624479593647378,0.9259747406352622,0.00216492,0.381912,TRUE,FALSE,FALSE
MD,2024-12-14T08:30:00Z,2.099799,-1.1807655281170861,0.9190334718829138,0.00191344,0.369406,TRUE,FALSE,FALSE
MD,2024-12-14T09:30:00Z,1.629,-0.7000357368236425,0.9289642631763575,0.0012956,0.335413,TRUE,FALSE,FALSE
MD,2024-12-14T10:00:00Z,2.340568,-1.4038832289335645,0.9366847710664357,9.18136e-4,0.428496,TRUE,FALSE,FALSE
MD,2024-12-14T11:30:00Z,1.671001,-0.6813509086545979,0.989650091345402,3.92008e-4,0.443585,TRUE,FALSE,FALSE
MD,2024-12-14T12:30:00Z,1.5263048000000001,-0.5146224841901423,1.0116823158098578,0.00437939,0.448762,TRUE,FALSE,FALSE
MD,2024-12-15T02:00:00Z,-0.727441,2.4034298533880394,1.6759888533880392,0.00111439,0.573798,FALSE,TRUE,FALSE
MD,2024-12-15T03:00:00Z,0.10942100000000002,1.5599742913828443,1.6693952913828443,0.00123076,0.520073,FALSE,TRUE,FALSE
MD,2024-12-15T03:30:00Z,3.29138,-1.6416309147745074,1.6497490852254928,0.00129091,0.591241,TRUE,FALSE,FALSE
MD,2024-12-15T04:00:00Z,9.41508,-7.788679664492817,1.6264003355071825,0.00134713,0.572523,TRUE,FALSE,FALSE
MD,2024-12-15T14:30:00Z,44.123993,-42.382980236211104,1.7410127637888968,26.9999,0.330809,TRUE,FALSE,FALSE
MD,2024-12-15T15:00:00Z,12.59346,-10.84777134772403,1.7456886522759691,43.4623,0.329328,TRUE,FALSE,FALSE
MD,2024-12-15T15:30:00Z,12.048210000000001,-10.29973267924147,1.7484773207585298,52.826,0.347559,TRUE,FALSE,FALSE
MD,2024-12-15T17:00:00Z,3.499465,-1.7216555343694908,1.777809465630509,102.126,0.350498,TRUE,FALSE,FALSE
MD,2024-12-15T19:30:00Z,12.44621,-10.614914064661335,1.8312959353386664,79.2388,0.270535,TRUE,FALSE,FALSE
MD,2024-12-15T20:00:00Z,9.89367,-8.061955398496233,1.8317146015037675,71.403,0.333978,TRUE,FALSE,FALSE
MD,2024-12-16T02:30:00Z,0.6631799999999999,1.1997132339389776,1.8628932339389774,2.62078e-4,0.230025,FALSE,TRUE,FALSE
MD,2024-12-16T03:00:00Z,-2.9200600000000003,4.794087390772833,1.8740273907728329,3.29878e-4,0.250542,FALSE,TRUE,FALSE
MD,2024-12-16T03:30:00Z,-2.140309,4.021433800741265,1.8811248007412655,2.52709e-4,0.317448,FALSE,TRUE,FALSE
MD,2024-12-16T04:00:00Z,6.08135,-4.192525153318348,1.888824846681652,3.03251e-4,0.359482,TRUE,FALSE,FALSE
MD,2024-12-16T05:00:00Z,8.3034,-6.400404233408157,1.9029957665918436,4.77066e-4,0.300134,TRUE,FALSE,FALSE
MD,2024-12-16T05:30:00Z,3.69446,-1.7924651676178358,1.901994832382164,7.22626e-4,0.264011,TRUE,FALSE,FALSE
MD,2024-12-16T06:00:00Z,-4.462809999999999,6.364993868195629,1.9021838681956302,5.04186e-4,0.318689,FALSE,TRUE,FALSE
MD,2024-12-16T06:30:00Z,-3.28875,5.196756555919624,1.9080065559196244,7.04874e-4,0.397346,FALSE,TRUE,FALSE
MD,2024-12-16T07:00:00Z,-1.2914240000000001,3.208228504346744,1.9168045043467437,5.09856e-4,0.40658,FALSE,TRUE,FALSE
MD,2024-12-16T07:30:00Z,4.267939999999999,-2.3423133596168655,1.925626640383134,5.72479e-4,0.342579,TRUE,FALSE,FALSE
MD,2024-12-16T08:00:00Z,3.667081,-1.736776702125649,1.930304297874351,5.38209e-4,0.298116,TRUE,FALSE,FALSE
MD,2024-12-16T08:30:00Z,-0.848125,2.7881772499190327,1.9400522499190327,6.42991e-4,0.321386,FALSE,TRUE,FALSE
MD,2024-12-16T09:00:00Z,-1.079374,3.0278922388483283,1.948518238848328,2.89938e-4,0.339533,FALSE,TRUE,FALSE
MD,2024-12-16T11:00:00Z,-1.1774000000000004,3.1227747232841185,1.9453747232841179,1.27711e-4,0.238215,FALSE,TRUE,FALSE
MD,2024-12-16T12:30:00Z,-0.06018699999999999,2.0365385101497004,1.9763515101497005,2.50984e-4,0.413526,FALSE,TRUE,FALSE
MD,2024-12-16T15:30:00Z,9.62185,-7.562830637932901,2.0590193620670996,15.2748,0.489294,TRUE,FALSE,FALSE
MD,2024-12-16T16:30:00Z,13.18933,-11.080319083798168,2.1090109162018327,31.6763,0.414454,TRUE,FALSE,FALSE
MD,2024-12-16T22:00:00Z,-4.122719999999999,6.192857608632593,2.070137608632594,4.8165,0.61051,FALSE,TRUE,FALSE
MD,2024-12-16T22:30:00Z,-3.864898,5.9258240313420565,2.0609260313420563,0.442841,0.599679,FALSE,TRUE,FALSE
MD,2024-12-16T23:00:00Z,10.74615,-8.723396912653051,2.022753087346949,0.0128936,0.523856,TRUE,FALSE,FALSE
MD,2024-12-17T00:00:00Z,6.968445,-5.014502589229604,1.953942410770396,0,0.653878,TRUE,FALSE,FALSE
MD,2024-12-17T00:30:00Z,7.957515,-6.034389615842507,1.9231253841574931,0,0.671922,TRUE,FALSE,FALSE
MD,2024-12-17T01:00:00Z,-3.9664099999999998,5.854448251158817,1.888038251158817,0,0.740749,FALSE,TRUE,FALSE
MD,2024-12-17T01:30:00Z,0.33160999999999996,1.5325131167335329,1.8641231167335328,0,0.656194,FALSE,TRUE,FALSE
MD,2024-12-17T02:00:00Z,10.97011,-9.111038817169002,1.8590711828309991,0,0.698735,TRUE,FALSE,FALSE
MD,2024-12-17T02:30:00Z,0.04838999999999993,1.7736892247807723,1.8220792247807722,0,0.677092,FALSE,TRUE,FALSE
MD,2024-12-17T03:00:00Z,6.92918,-5.122701061394057,1.8064789386059426,0,0.646703,TRUE,FALSE,FALSE
MD,2024-12-17T04:30:00Z,3.6189280000000004,-1.800666869232772,1.8182611307672283,0,0.537121,TRUE,FALSE,FALSE
MD,2024-12-17T05:00:00Z,5.27909,-3.453415255806676,1.8256747441933239,0,0.586962,TRUE,FALSE,FALSE
MD,2024-12-17T05:30:00Z,-7.14254,8.965756221612066,1.8232162216120653,8.87565e-5,0.618989,FALSE,TRUE,TRUE
MD,2024-12-17T06:00:00Z,-0.19049000000000005,2.0133805901849584,1.8228905901849586,2.56654e-4,0.608246,FALSE,TRUE,FALSE
MD,2024-12-17T06:30:00Z,2.5642008,-0.7385069481345676,1.8256938518654324,3.6686e-4,0.651323,TRUE,FALSE,FALSE
MD,2024-12-17T08:00:00Z,2.7689992,-0.9531138357010969,1.8158853642989032,5.75685e-4,0.718975,TRUE,FALSE,FALSE
MD,2024-12-17T08:30:00Z,2.5143962,-0.7067411276347897,1.8076550723652105,5.28348e-4,0.658546,TRUE,FALSE,FALSE
MD,2024-12-17T09:00:00Z,2.663386,-0.8623617502146184,1.8010242497853817,2.20659e-4,0.692559,TRUE,FALSE,FALSE
MD,2024-12-17T11:00:00Z,2.246516,-0.5461508140541484,1.7003651859458517,6.06009e-4,0.548178,TRUE,FALSE,FALSE
MD,2024-12-17T11:30:00Z,3.022295,-1.3300044390922459,1.6922905609077543,4.85695e-4,0.723274,TRUE,FALSE,FALSE
MD,2024-12-17T13:00:00Z,2.7706249,-1.096531191564303,1.674093708435697,0.0670827,0.753229,TRUE,FALSE,FALSE
MD,2024-12-18T14:00:00Z,-0.3335344,1.773348271115026,1.439813871115026,5.85881,0.308698,FALSE,TRUE,FALSE
MD,2024-12-18T21:30:00Z,4.040841,-2.676187866398781,1.3646531336012198,9.69686,0.366714,TRUE,FALSE,FALSE
MD,2024-12-18T22:00:00Z,0.098271,1.2549754258661052,1.3532464258661052,3.32659,0.382781,FALSE,TRUE,FALSE
MD,2024-12-19T21:00:00Z,2.491104,-1.3281821171324515,1.1629218828675485,37.8525,0.412058,TRUE,FALSE,FALSE
MD,2024-12-19T22:00:00Z,2.311749,-1.1572712813055837,1.1544777186944162,10.0346,0.405655,TRUE,FALSE,FALSE
MD,2024-12-19T22:30:00Z,-0.779809,1.9259148066369833,1.1461058066369834,1.49888,0.377173,FALSE,TRUE,FALSE
MD,2024-12-19T23:00:00Z,-0.322191,1.4628683794507555,1.1406773794507554,0.0378497,0.342192,FALSE,TRUE,FALSE
MD,2024-12-20T03:30:00Z,1.8427486,-0.7465048829404148,1.0962437170595851,1.19082e-4,0.394507,TRUE,FALSE,FALSE
MD,2024-12-20T04:30:00Z,1.8352819999999999,-0.7393332743423122,1.0959487256576876,2.55421e-4,0.388438,TRUE,FALSE,FALSE
MD,2024-12-20T05:00:00Z,2.252271,-1.1557280034975559,1.096542996502444,1.55817e-4,0.406246,TRUE,FALSE,FALSE
MD,2024-12-20T06:30:00Z,2.7768821,-1.6742281359838482,1.1026539640161517,2.62818e-4,0.424144,TRUE,FALSE,FALSE
MD,2024-12-20T07:30:00Z,-1.0285000000000002,2.122359531558015,1.0938595315580146,3.3333e-4,0.417468,FALSE,TRUE,FALSE
MD,2024-12-20T11:30:00Z,-0.1083963,1.1873833791763748,1.078987079176375,4.89887e-4,0.454452,FALSE,TRUE,FALSE
MD,2024-12-20T13:30:00Z,1.9159126,-0.8283956982954894,1.0875169017045105,3.8987,0.464652,TRUE,FALSE,FALSE
MD,2024-12-20T23:00:00Z,1.8793949,-0.7944393098729039,1.0849555901270962,0.0887466,0.302958,TRUE,FALSE,FALSE
MD,2024-12-20T23:30:00Z,2.0615999,-0.9977160865814985,1.0638838134185016,4.50686e-4,0.330586,TRUE,FALSE,FALSE
MD,2024-12-21T00:30:00Z,2.0340428,-1.0213602403658752,1.0126825596341247,2.6627e-5,0.251482,TRUE,FALSE,FALSE
MD,2024-12-21T01:00:00Z,1.6713905,-0.6726382895378107,0.9987522104621893,0,0.262264,TRUE,FALSE,FALSE
MD,2024-12-21T02:00:00Z,1.7924836000000002,-0.7651325537205118,1.0273510462794884,1.53105e-4,0.268883,TRUE,FALSE,FALSE
MD,2024-12-21T03:30:00Z,1.5374553999999998,-0.503546747671052,1.0339086523289478,4.63505e-5,0.351151,TRUE,FALSE,FALSE
MD,2024-12-21T05:00:00Z,1.68850238,-0.6726635741679658,1.0158388058320342,6.36089e-5,0.274246,TRUE,FALSE,FALSE
MD,2024-12-21T05:30:00Z,1.794185,-0.7869335581576362,1.0072514418423637,8.55514e-5,0.374263,TRUE,FALSE,FALSE
MD,2024-12-21T08:00:00Z,2.6405019,-1.7005532524414586,0.9399486475585412,3.18891e-4,0.280334,TRUE,FALSE,FALSE
MD,2024-12-21T08:30:00Z,1.5391744,-0.6371785438471191,0.9019958561528809,3.79187e-4,0.229393,TRUE,FALSE,FALSE
MD,2024-12-21T09:00:00Z,1.5991711499999999,-0.7322475981640155,0.8669235518359844,3.62176e-4,0.144919,TRUE,FALSE,FALSE
MD,2024-12-21T09:30:00Z,1.5755926111111112,-0.7393478609654945,0.8362447501456166,4.60794e-4,0.163183,TRUE,FALSE,FALSE
MD,2024-12-21T10:00:00Z,1.5389010454545453,-0.7188161532580553,0.8200848921964901,3.10894e-4,0.101121,TRUE,FALSE,FALSE
MD,2024-12-21T10:30:00Z,1.52569105,-0.7040608681538749,0.8216301818461251,4.43782e-4,0.050423,TRUE,FALSE,FALSE
MD,2024-12-21T11:00:00Z,1.5204893555555554,-0.6706439851900963,0.8498453703654592,4.86681e-4,0.108418,TRUE,FALSE,FALSE
MD,2024-12-21T11:30:00Z,1.5991711499999999,-0.7393710587421111,0.8598000912578888,3.75982e-4,0.118963,TRUE,FALSE,FALSE
MD,2024-12-21T12:00:00Z,1.9448409999999998,-1.079734689986972,0.8651063100130278,4.33921e-4,0.230193,TRUE,FALSE,FALSE
MD,2024-12-21T12:30:00Z,1.7062707,-0.8335628627941446,0.8727078372058553,0.00174653,0.306969,TRUE,FALSE,FALSE
MD,2024-12-21T13:00:00Z,1.820843,-0.9398467628196877,0.8809962371803123,0.2588,0.384545,TRUE,FALSE,FALSE
MD,2024-12-21T22:30:00Z,1.6681684083333332,-0.819320686719917,0.8488477216134163,6.14026,0.111037,TRUE,FALSE,FALSE
MD,2024-12-21T23:00:00Z,1.8161814166666665,-1.0018881425370054,0.8142932741296611,0.207641,0.112497,TRUE,FALSE,FALSE
MD,2024-12-21T23:30:00Z,1.65131732,-0.8699754156283551,0.7813419043716449,9.12712e-4,0.0881127,TRUE,FALSE,FALSE
MD,2024-12-22T00:00:00Z,1.65131732,-0.9005506166810241,0.7507667033189759,8.03739e-5,0.0485799,TRUE,FALSE,FALSE
MD,2024-12-22T00:30:00Z,1.2247294499999999,-0.5000164719287068,0.7247129780712931,0,0.0515768,TRUE,FALSE,FALSE
MD,2024-12-22T05:00:00Z,1.785255,-1.2088471839807275,0.5764078160192725,0,0.235185,TRUE,FALSE,FALSE
MD,2024-12-22T06:30:00Z,1.02020856,-0.5182899562114947,0.5019186037885053,0,0.0214638,TRUE,FALSE,FALSE
MD,2024-12-22T08:30:00Z,1.118826,-0.572211393067022,0.5466146069329781,1.40778e-4,0.243471,TRUE,FALSE,FALSE
MD,2024-12-22T09:00:00Z,1.283768,-0.7293794659445152,0.5543885340554848,1.06015e-4,0.240277,TRUE,FALSE,FALSE
MD,2024-12-22T10:00:00Z,1.099068,-0.5327813947925168,0.5662866052074831,3.02512e-4,0.300187,TRUE,FALSE,FALSE
MD,2024-12-22T23:30:00Z,4.568042999999999,-3.5456791775408267,1.0223638224591727,4.36632e-4,0.413399,TRUE,FALSE,FALSE
MD,2024-12-23T08:30:00Z,1.65179,-0.608332133730676,1.0434578662693241,6.63208e-5,0.443043,TRUE,FALSE,FALSE
MD,2024-12-23T09:00:00Z,1.615329,-0.5661996451398854,1.0491293548601146,9.09754e-5,0.497629,TRUE,FALSE,FALSE
MD,2024-12-23T14:00:00Z,7.562443,-6.422803758200678,1.139639241799322,4.74126,0.504073,TRUE,FALSE,FALSE
MD,2024-12-23T21:00:00Z,5.43145,-4.215388028401477,1.2160619715985235,32.6707,0.274201,TRUE,FALSE,FALSE
MD,2024-12-23T21:30:00Z,1.8602759999999998,-0.6418539214832981,1.2184220785167017,17.2476,0.272458,TRUE,FALSE,FALSE
MD,2024-12-24T04:30:00Z,-3.1417400000000004,4.376585443232626,1.2348454432326257,0,0.30072,FALSE,TRUE,FALSE
MD,2024-12-24T08:00:00Z,-0.007639999999999869,1.2608335103926693,1.2531935103926695,0,0.285512,FALSE,TRUE,FALSE
MD,2024-12-24T08:30:00Z,0.17867200000000005,1.0719180268610056,1.2505900268610055,0,0.340907,FALSE,TRUE,FALSE
MD,2024-12-24T09:00:00Z,1.918909,-0.674234132624755,1.244674867375245,0,0.339578,TRUE,FALSE,FALSE
MD,2024-12-24T11:00:00Z,0.025287000000000004,1.1894657071560761,1.2147527071560762,4.16662e-5,0.224302,FALSE,TRUE,FALSE
MD,2024-12-24T15:30:00Z,3.21926,-1.987561513070679,1.2316984869293208,76.9626,0.254742,TRUE,FALSE,FALSE
MD,2024-12-26T06:30:00Z,-2.1996000000000002,3.5113072758065,1.3117072758064998,0,0.241112,FALSE,TRUE,FALSE
MD,2024-12-26T07:30:00Z,6.02017,-4.706692891650958,1.3134771083490422,0,0.267402,TRUE,FALSE,FALSE
MD,2024-12-26T08:00:00Z,-5.315532,6.633946285731709,1.3184142857317094,0,0.256915,FALSE,TRUE,TRUE
MD,2024-12-26T10:00:00Z,6.623200000000001,-5.28253035746493,1.3406696425350708,0,0.217673,TRUE,FALSE,FALSE
MD,2024-12-26T10:30:00Z,-3.05559,4.402582247110768,1.3469922471107676,0,0.29022,FALSE,TRUE,FALSE
MD,2024-12-26T11:00:00Z,-0.6942117,2.0496271558702457,1.3554154558702458,0,0.283948,FALSE,TRUE,FALSE
MD,2024-12-26T13:00:00Z,4.027627,-2.6387499186418397,1.3888770813581601,0.0794159,0.217313,TRUE,FALSE,FALSE
MD,2024-12-26T15:00:00Z,2.40883,-0.979111724848883,1.429718275151117,44.0746,0.295246,TRUE,FALSE,FALSE
MD,2024-12-26T19:00:00Z,9.86528,-8.292613966826483,1.5726660331735176,44.3418,0.283087,TRUE,FALSE,FALSE
MD,2024-12-26T19:30:00Z,4.60907,-3.020787372170291,1.588282627829709,53.7946,0.268032,TRUE,FALSE,FALSE
MD,2024-12-26T20:30:00Z,25.668940000000003,-24.044451103733614,1.6244888962663893,51.1733,0.349173,TRUE,FALSE,FALSE
MD,2024-12-26T22:00:00Z,-3.0545299999999997,4.71248806668361,1.6579580666836105,8.0069,0.344398,FALSE,TRUE,FALSE
MD,2024-12-26T22:30:00Z,-0.120645,1.7891676331914845,1.6685226331914846,1.63551,0.305376,FALSE,TRUE,FALSE
MD,2024-12-26T23:30:00Z,-1.453683,3.139961178337425,1.6862781783374248,0,0.265816,FALSE,TRUE,FALSE
MD,2024-12-27T00:00:00Z,-1.0880759,2.7838543910374653,1.6957784910374656,0,0.321262,FALSE,TRUE,FALSE
MD,2024-12-27T00:30:00Z,3.142982,-1.441248694388672,1.701733305611328,0,0.359428,TRUE,FALSE,FALSE
MD,2024-12-27T03:30:00Z,9.11715,-7.376765414002777,1.7403845859972236,0,0.403658,TRUE,FALSE,FALSE
MD,2024-12-27T05:30:00Z,-8.00576,9.753860045469727,1.7481000454697273,0,0.320562,FALSE,TRUE,TRUE
MD,2024-12-27T07:00:00Z,-7.00765,8.747948984369557,1.7402989843695575,0,0.374147,FALSE,TRUE,TRUE
MD,2024-12-27T08:00:00Z,9.30684,-7.567725258214986,1.7391147417850137,0,0.303697,TRUE,FALSE,FALSE
MD,2024-12-27T08:30:00Z,-0.0661299999999998,1.8056314018541755,1.7395014018541757,0,0.323191,FALSE,TRUE,FALSE
MD,2024-12-27T09:00:00Z,6.101819,-4.36290399184776,1.7389150081522404,0,0.32379,TRUE,FALSE,FALSE
MD,2024-12-27T09:30:00Z,5.18049,-3.441053408551053,1.7394365914489467,0,0.315198,TRUE,FALSE,FALSE
MD,2024-12-27T10:30:00Z,3.8559,-2.1156925241603215,1.7402074758396788,0,0.308876,TRUE,FALSE,FALSE
MD,2024-12-27T11:00:00Z,0.6875446,1.0491559425541825,1.7367005425541826,0,0.306865,FALSE,TRUE,FALSE
MD,2024-12-27T11:30:00Z,-0.728353,2.4591116561496715,1.7307586561496713,0,0.334836,FALSE,TRUE,FALSE
MD,2024-12-27T12:00:00Z,4.9259,-3.1990163028969345,1.7268836971030657,0,0.307843,TRUE,FALSE,FALSE
MD,2024-12-27T12:30:00Z,5.34288,-3.6168088185300107,1.7260711814699894,0,0.345909,TRUE,FALSE,FALSE
MD,2024-12-27T13:00:00Z,-1.5478380999999999,3.2783130638236493,1.7304749638236496,0.0461861,0.353359,FALSE,TRUE,FALSE
MD,2024-12-27T13:30:00Z,0.43487999999999993,1.297810657327816,1.732690657327816,1.66068,0.348309,FALSE,TRUE,FALSE
MD,2024-12-27T15:30:00Z,5.11326,-3.338662736138343,1.7745972638616574,39.9305,0.424848,TRUE,FALSE,FALSE
MD,2024-12-27T20:30:00Z,25.795777,-23.874915667184784,1.9208613328152173,67.0205,0.528074,TRUE,FALSE,FALSE
MD,2024-12-27T22:00:00Z,4.495931,-2.564615490232059,1.9313155097679409,9.28259,0.532573,TRUE,FALSE,FALSE
MD,2024-12-27T23:00:00Z,-2.5381300000000007,4.476661221921127,1.9385312219211261,0.0320776,0.589032,FALSE,TRUE,FALSE
MD,2024-12-28T02:00:00Z,-1.316901,3.2959512737267014,1.979050273726701,0,0.585203,FALSE,TRUE,FALSE
MD,2024-12-28T03:30:00Z,-0.36904000000000003,2.3916125288323737,2.0225725288323737,0,0.465608,FALSE,TRUE,FALSE
MD,2024-12-28T05:00:00Z,7.35396,-5.300364067792092,2.0535959322079083,0,0.502356,TRUE,FALSE,FALSE
MD,2024-12-28T07:00:00Z,6.03343,-3.8665701360607208,2.1668598639392793,0,0.661469,TRUE,FALSE,FALSE
MD,2024-12-28T08:30:00Z,8.9403,-6.668452962102444,2.271847037897557,0,0.700922,TRUE,FALSE,FALSE
MD,2024-12-28T09:00:00Z,2.8464641,-0.5846793658016316,2.2617847341983683,0,0.699325,TRUE,FALSE,FALSE
MD,2024-12-28T09:30:00Z,3.58794,-1.3432722416016851,2.244667758398315,0,0.78843,TRUE,FALSE,FALSE
MD,2024-12-28T10:00:00Z,5.6969199999999995,-3.4667716729313933,2.230148327068606,0,0.589103,TRUE,FALSE,FALSE
MD,2024-12-28T10:30:00Z,-2.042853,4.2625020286624284,2.219649028662428,0,0.56127,FALSE,TRUE,FALSE
MD,2024-12-28T11:00:00Z,-8.508009999999999,10.729369519499983,2.221359519499984,0,0.551375,FALSE,TRUE,TRUE
MD,2024-12-28T11:30:00Z,13.83692,-11.60004801704969,2.236871982950309,0,0.626994,TRUE,FALSE,FALSE
MD,2024-12-28T12:00:00Z,-0.19923999999999964,2.4454379879416015,2.246197987941602,0,0.665779,FALSE,TRUE,FALSE
MD,2024-12-28T12:30:00Z,0.544646,1.69783488786789,2.24248088786789,0,0.669644,FALSE,TRUE,FALSE
MD,2024-12-28T13:00:00Z,2.8336776363636367,-0.6006025664338193,2.2330750699298174,0.0516784,0.620752,TRUE,FALSE,FALSE
MD,2024-12-28T13:30:00Z,2.7369398333333335,-0.5098143901827492,2.2271254431505842,1.40772,0.617146,TRUE,FALSE,FALSE
MD,2024-12-28T14:00:00Z,5.93542,-3.7136871528592943,2.2217328471407054,5.19845,0.772408,TRUE,FALSE,FALSE
MD,2024-12-28T16:00:00Z,4.328673,-2.120901599681178,2.2077714003188222,30.2729,0.851398,TRUE,FALSE,FALSE
MD,2024-12-28T22:30:00Z,2.705813,-0.5325588139101436,2.1732541860898564,5.04195,0.40904,TRUE,FALSE,FALSE
MD,2024-12-29T12:00:00Z,0.024337608333333427,2.1161210889451914,2.140458697278525,0,0.159551,FALSE,TRUE,FALSE
MD,2024-12-29T12:30:00Z,0.6728481300000002,1.486674990913659,2.159523120913659,0,0.0922354,FALSE,TRUE,FALSE
MD,2024-12-29T13:30:00Z,3.7600800000000003,-1.5707749852317487,2.1893050147682516,0.564693,0.372868,TRUE,FALSE,FALSE
MD,2024-12-29T14:00:00Z,0.430974,1.7452536158093244,2.1762276158093243,2.90628,0.393046,FALSE,TRUE,FALSE
MD,2024-12-29T14:30:00Z,1.170088033707865,1.0180138189115995,2.1881018526194644,4.42891,0.453231,FALSE,TRUE,FALSE
MD,2024-12-29T15:30:00Z,13.996509,-11.82157569534099,2.1749333046590102,13.4149,0.284743,TRUE,FALSE,FALSE
MD,2024-12-29T17:00:00Z,29.6646018,-27.464742519109976,2.1998592808900232,60.1816,0.353301,TRUE,FALSE,FALSE
MD,2024-12-29T17:30:00Z,10.538539400000001,-8.322352826014411,2.2161865739855897,49.9697,0.437283,TRUE,FALSE,FALSE
MD,2024-12-29T18:00:00Z,39.035608,-36.815017436141744,2.220590563858256,38.5895,0.422076,TRUE,FALSE,FALSE
MD,2024-12-29T19:00:00Z,50.58308,-48.374123401127754,2.2089565988722515,28.1885,0.551305,TRUE,FALSE,FALSE
MD,2024-12-29T19:30:00Z,49.7259,-47.524523867027185,2.2013761329728148,25.189,0.568409,TRUE,FALSE,FALSE
MD,2024-12-29T20:30:00Z,7.3171033888888894,-5.152754446921396,2.1643489419674933,22.8327,0.688642,TRUE,FALSE,FALSE
MD,2024-12-29T21:00:00Z,21.847459999999998,-19.705910906261963,2.1415490937380337,28.1452,0.663194,TRUE,FALSE,FALSE
MD,2024-12-29T23:00:00Z,-2.55579,4.629529879105279,2.073739879105279,0.0150386,0.466916,FALSE,TRUE,FALSE
MD,2024-12-30T02:30:00Z,-2.4746500000000005,4.504363403059386,2.0297134030593855,0,0.481896,FALSE,TRUE,FALSE
MD,2024-12-30T03:30:00Z,-0.8417599999999998,2.8607375068833827,2.018977506883383,0,0.475359,FALSE,TRUE,FALSE
MD,2024-12-30T04:00:00Z,10.956755,-8.943395101316703,2.013359898683296,0,0.417356,TRUE,FALSE,FALSE
MD,2024-12-30T04:30:00Z,8.93699,-6.9274235526183565,2.0095664473816433,0,0.437894,TRUE,FALSE,FALSE
MD,2024-12-30T05:00:00Z,7.094791,-5.080377588369251,2.0144134116307497,0,0.477633,TRUE,FALSE,FALSE
MD,2024-12-30T05:30:00Z,0.7131709146666667,1.3098074387174892,2.022978353384156,0,0.500789,FALSE,TRUE,FALSE
MD,2024-12-30T06:00:00Z,7.75032,-5.734150950030239,2.016169049969761,0,0.482028,TRUE,FALSE,FALSE
MD,2024-12-30T10:00:00Z,-5.49393,7.498155391468936,2.004225391468936,0,0.537357,FALSE,TRUE,TRUE
MD,2024-12-30T10:30:00Z,-0.9425000000000001,2.9388498674434222,1.996349867443422,0,0.488047,FALSE,TRUE,FALSE
MD,2024-12-30T11:30:00Z,7.446999,-5.467402165661172,1.9795968343388286,0,0.386934,TRUE,FALSE,FALSE
MD,2024-12-30T12:00:00Z,-1.9185530000000002,3.890046458415333,1.9714934584153332,0,0.389349,FALSE,TRUE,FALSE
MD,2024-12-30T13:00:00Z,-0.5800879999999999,2.5094996998857395,1.9294116998857396,0.0842915,0.343274,FALSE,TRUE,FALSE
MD,2024-12-30T13:30:00Z,0.7339530000000001,1.205073561437947,1.9390265614379472,2.35127,0.401778,FALSE,TRUE,FALSE
MD,2024-12-30T23:30:00Z,0.830813048,1.2050705783166458,2.0358836263166458,3.89542e-4,0.192648,FALSE,TRUE,FALSE
MD,2024-12-31T00:00:00Z,2.705992,-0.6923511550116999,2.0136408449883003,0,0.229017,TRUE,FALSE,FALSE
MD,2024-12-31T10:00:00Z,11.02633,-9.269865357549046,1.756464642450954,0,0.263923,TRUE,FALSE,FALSE
MD,2024-12-31T10:30:00Z,5.48779,-3.7145990225350562,1.773190977464944,0,0.317092,TRUE,FALSE,FALSE
MD,2024-12-31T11:00:00Z,-1.1433300000000006,2.9382998830861524,1.7949698830861518,0,0.308299,FALSE,TRUE,FALSE
MD,2024-12-31T12:00:00Z,6.327900000000001,-4.497998089762002,1.8299019102379994,0,0.417274,TRUE,FALSE,FALSE
MD,2024-12-31T18:00:00Z,2.5684366,-0.7000551132779147,1.8683814867220854,77.668,0.509867,TRUE,FALSE,FALSE
