DateTime,Rg_env_Wm2,Tair_env_C,RH_env_pct,VPD_env_kPa,pcpn_mm_30min
2024-01-01T05:30:00Z,0.05555555555555556,-0.36,84.5,0.09222210542373832,0
2024-01-13T06:00:00Z,0.08333333333333333,-0.27,99.6,0.0023956065655840186,0
2024-01-13T06:30:00Z,0.08333333333333333,-0.27,99.6,0.0023956065655840186,0
2024-01-13T07:00:00Z,0.05555555555555556,-0.26,99.6,0.002397354555858877,0
2024-01-13T07:30:00Z,0.05555555555555556,-0.26,99.6,0.002397354555858877,0
2024-01-13T08:00:00Z,0.08333333333333333,-0.28,99.6,0.0023938597024905084,0
2024-01-13T08:30:00Z,0.08333333333333333,-0.28,99.6,0.0023938597024905084,0
2024-01-13T09:00:00Z,0.05555555555555556,-0.33,99.6,0.0023851422728569105,0
2024-01-13T09:30:00Z,0.05555555555555556,-0.33,99.6,0.0023851422728569105,0
2024-01-13T10:00:00Z,0.05555555555555556,-1.92,99.4,0.0031832477536427595,0
2024-01-13T10:30:00Z,0.05555555555555556,-1.92,99.4,0.0031832477536427595,0
2024-01-13T11:00:00Z,0.05555555555555556,-3.66,98.2,0.008388396057619318,0
2024-01-13T11:30:00Z,0.05555555555555556,-3.66,98.2,0.008388396057619318,0
2024-01-13T12:00:00Z,0.05555555555555556,-4.76,96.6,0.014583122767097445,0
2024-01-13T12:30:00Z,0.05555555555555556,-4.76,96.6,0.014583122767097445,0
2024-01-13T13:00:00Z,0.19444444444444445,-5.35,95.6,0.01804495103145287,0
2024-01-13T13:30:00Z,0.19444444444444445,-5.35,95.6,0.01804495103145287,0
2024-01-13T14:00:00Z,19.75,-5.65,95.4,0.01843841350038561,0
2024-01-13T14:30:00Z,19.75,-5.65,95.4,0.01843841350038561,0
2024-01-13T15:00:00Z,91.69444444444446,-5.04,95.7,0.01805564779418506,0
2024-01-13T15:30:00Z,91.69444444444446,-5.04,95.7,0.01805564779418506,0
2024-01-13T16:00:00Z,157.58333333333331,-4.69,95.7,0.018541435236102854,0
2024-01-13T16:30:00Z,157.58333333333331,-4.69,95.7,0.018541435236102854,0
2024-01-13T17:00:00Z,190.91666666666666,-4.77,95.6,0.018857978592955738,0
2024-01-13T17:30:00Z,190.91666666666666,-4.77,95.6,0.018857978592955738,0
2024-01-13T18:00:00Z,240.77777777777777,-4.72,95.6,0.01892956438942367,0
2024-01-13T18:30:00Z,240.77777777777777,-4.72,95.6,0.01892956438942367,0
2024-01-13T19:00:00Z,328.91666666666663,-4.6,95.5,0.019536498488854526,0
2024-01-13T19:30:00Z,328.91666666666663,-4.6,95.5,0.019536498488854526,0
2024-01-13T20:00:00Z,223.44444444444446,-5.16,95.1,0.02038822690342662,0
2024-01-13T20:30:00Z,223.44444444444446,-5.16,95.1,0.02038822690342662,0
2024-01-13T21:00:00Z,159.33333333333334,-5.51,94.9,0.0206621974989481,0
2024-01-13T21:30:00Z,159.33333333333334,-5.51,94.9,0.0206621974989481,0
2024-01-13T22:00:00Z,38.861111111111114,-5.83,94.9,0.020163278222630365,0
2024-01-13T22:30:00Z,38.861111111111114,-5.83,94.9,0.020163278222630365,0
2024-01-13T23:00:00Z,2.75,-5.94,94.9,0.019994259703714823,0
2024-01-13T23:30:00Z,2.75,-5.94,94.9,0.019994259703714823,0
2024-01-14T00:00:00Z,0.08333333333333333,-6.18,94.6,0.02078454454364781,0
2024-01-14T00:30:00Z,0.08333333333333333,-6.18,94.6,0.02078454454364781,0
2024-01-14T01:00:00Z,0.08333333333333333,-6.33,94.5,0.020927062008869568,0
2024-01-14T01:30:00Z,0.08333333333333333,-6.33,94.5,0.020927062008869568,0
2024-01-14T02:00:00Z,0.08333333333333333,-6.25,94.6,0.020673187136463822,0
2024-01-14T02:30:00Z,0.08333333333333333,-6.25,94.6,0.020673187136463822,0
2024-01-14T03:00:00Z,0.08333333333333333,-6.14,94.8,0.020076252443346487,0
2024-01-14T03:30:00Z,0.08333333333333333,-6.14,94.8,0.020076252443346487,0
2024-01-14T04:00:00Z,0.08333333333333333,-6.07,94.8,0.020184291267366983,0
2024-01-14T04:30:00Z,0.08333333333333333,-6.07,94.8,0.020184291267366983,0
2024-01-14T05:00:00Z,0.11111111111111112,-6.53,94.3,0.021357089763938575,0
2024-01-14T05:30:00Z,0.11111111111111112,-6.53,94.3,0.021357089763938575,0
2024-01-14T06:00:00Z,0.08333333333333333,-6.79,94.2,0.021300805408865753,0
2024-01-14T06:30:00Z,0.08333333333333333,-6.79,94.2,0.021300805408865753,0
2024-01-14T07:00:00Z,0.08333333333333333,-6.83,94.2,0.02123517999540675,0
2024-01-14T07:30:00Z,0.08333333333333333,-6.83,94.2,0.02123517999540675,0
2024-01-14T08:00:00Z,0.11111111111111112,-7.09,93.8,0.022248348653714112,0
2024-01-14T08:30:00Z,0.11111111111111112,-7.09,93.8,0.022248348653714112,0
2024-01-14T09:00:00Z,0.11111111111111112,-7.89,93.1,0.023269909221075136,0
2024-01-14T09:30:00Z,0.11111111111111112,-7.89,93.1,0.023269909221075136,0
2024-01-14T10:00:00Z,0.11111111111111112,-8.45,92.7,0.023565896118216967,0
2024-01-14T10:30:00Z,0.11111111111111112,-8.45,92.7,0.023565896118216967,0
2024-01-14T11:00:00Z,0.11111111111111112,-8.51,92.7,0.02345548369375927,0
2024-01-14T11:30:00Z,0.11111111111111112,-8.51,92.7,0.02345548369375927,0
2024-01-14T12:00:00Z,0.08333333333333333,-8.83,92.3,0.024127731033649458,0
2024-01-14T12:30:00Z,0.08333333333333333,-8.83,92.3,0.024127731033649458,0
2024-01-14T13:00:00Z,0.1388888888888889,-9.57,91.6,0.024830832627111665,0
2024-01-14T13:30:00Z,0.1388888888888889,-9.57,91.6,0.024830832627111665,0
2024-01-14T14:00:00Z,3.25,-10.31,91,0.02508855775976454,0
2024-01-14T14:30:00Z,3.25,-10.31,91,0.02508855775976454,0
2024-01-14T15:00:00Z,18.75,-10.77,90.5,0.025529053487171355,0
2024-01-14T15:30:00Z,18.75,-10.77,90.5,0.025529053487171355,0
2024-01-14T16:00:00Z,45.111111111111114,-11.04,90.1,0.026035779346525345,0
2024-01-14T16:30:00Z,45.111111111111114,-11.04,90.1,0.026035779346525345,0
2024-01-14T17:00:00Z,59.69444444444445,-10.98,90.1,0.026161100482167382,0
2024-01-14T17:30:00Z,59.69444444444445,-10.98,90.1,0.026161100482167382,0
2024-01-14T18:00:00Z,70.86111111111111,-11.2,89.7,0.026742749942799626,0
2024-01-14T18:30:00Z,70.86111111111111,-11.2,89.7,0.026742749942799626,0
2024-01-14T19:00:00Z,74.36111111111111,-11.43,89.4,0.027018359345420406,0
2024-01-14T19:30:00Z,74.36111111111111,-11.43,89.4,0.027018359345420406,0
2024-01-14T20:00:00Z,57.611111111111114,-11.39,89.6,0.026593877265589122,0
2024-01-14T20:30:00Z,57.611111111111114,-11.39,89.6,0.026593877265589122,0
2024-01-14T21:00:00Z,41.361111111111114,-11.5,89.6,0.026359892582368094,0
2024-01-14T21:30:00Z,41.361111111111114,-11.5,89.6,0.026359892582368094,0
2024-01-14T22:00:00Z,18.666666666666668,-11.51,89.8,0.025832198659873212,0
2024-01-14T22:30:00Z,18.666666666666668,-11.51,89.8,0.025832198659873212,0
2024-01-14T23:00:00Z,1.8333333333333333,-11.66,89.8,0.025522382215966866,0
2024-01-14T23:30:00Z,1.8333333333333333,-11.66,89.8,0.025522382215966866,0
2024-01-15T00:00:00Z,0.1388888888888889,-11.85,89.7,0.025381115797538795,0
2024-01-15T00:30:00Z,0.1388888888888889,-11.85,89.7,0.025381115797538795,0
2024-01-15T01:00:00Z,0.11111111111111112,-11.72,89.9,0.025150370865285265,0
2024-01-15T01:30:00Z,0.11111111111111112,-11.72,89.9,0.025150370865285265,0
2024-01-15T02:00:00Z,0.11111111111111112,-11.64,89.9,0.02531287656000991,0
2024-01-15T02:30:00Z,0.11111111111111112,-11.64,89.9,0.02531287656000991,0
2024-01-15T03:00:00Z,0.1388888888888889,-12.78,88.4,0.026511307712444976,0
2024-01-15T03:30:00Z,0.1388888888888889,-12.78,88.4,0.026511307712444976,0
2024-01-15T04:00:00Z,0.19444444444444445,-15.16,87.1,0.024245504491304637,0
2024-01-15T04:30:00Z,0.19444444444444445,-15.16,87.1,0.024245504491304637,0
2024-01-15T05:00:00Z,0.1388888888888889,-14.67,87.5,0.024467291746551767,0
2024-01-15T05:30:00Z,0.1388888888888889,-14.67,87.5,0.024467291746551767,0
2024-01-15T06:00:00Z,0.1388888888888889,-13.68,88.3,0.024845891030888245,0
2024-01-15T06:30:00Z,0.1388888888888889,-13.68,88.3,0.024845891030888245,0
2024-01-15T07:00:00Z,0.11111111111111112,-13.7,87.7,0.02607725783385395,0
2024-01-15T07:30:00Z,0.11111111111111112,-13.7,87.7,0.02607725783385395,0
2024-01-15T08:00:00Z,0.1388888888888889,-15.15,86.7,0.025018070880068882,0
2024-01-15T08:30:00Z,0.1388888888888889,-15.15,86.7,0.025018070880068882,0
2024-01-15T09:00:00Z,0.16666666666666666,-16.04,86,0.024451390573619614,0
2024-01-15T09:30:00Z,0.16666666666666666,-16.04,86,0.024451390573619614,0
2024-01-15T10:00:00Z,0.16666666666666666,-16.65,85.6,0.023894609339712353,0
2024-01-15T10:30:00Z,0.16666666666666666,-16.65,85.6,0.023894609339712353,0
2024-01-15T11:00:00Z,0.1388888888888889,-16.82,85.5,0.023718434489256507,0
2024-01-15T11:30:00Z,0.1388888888888889,-16.82,85.5,0.023718434489256507,0
2024-01-15T12:00:00Z,0.1388888888888889,-17.09,85.2,0.023663669314950203,0
2024-01-15T12:30:00Z,0.1388888888888889,-17.09,85.2,0.023663669314950203,0
2024-01-15T13:00:00Z,0.19444444444444445,-17.15,85.3,0.023384868560566457,0
2024-01-15T13:30:00Z,0.19444444444444445,-17.15,85.3,0.023384868560566457,0
2024-01-15T14:00:00Z,2.361111111111111,-16.42,85.9,0.023853704336975617,0
2024-01-15T14:30:00Z,2.361111111111111,-16.42,85.9,0.023853704336975617,0
2024-01-15T15:00:00Z,13.777777777777779,-15.38,86.7,0.02454428310513082,0
2024-01-15T15:30:00Z,13.777777777777779,-15.38,86.7,0.02454428310513082,0
2024-01-15T16:00:00Z,29.52777777777778,-14.5,87.2,0.025408895161139144,0
2024-01-15T16:30:00Z,29.52777777777778,-14.5,87.2,0.025408895161139144,0
2024-01-15T17:00:00Z,47.583333333333336,-12.99,88.3,0.026286789762470897,0
2024-01-15T17:30:00Z,47.583333333333336,-12.99,88.3,0.026286789762470897,0
2024-01-15T18:00:00Z,55.777777777777786,-12.55,88.4,0.027011177426717603,0
2024-01-15T18:30:00Z,55.777777777777786,-12.55,88.4,0.027011177426717603,0
2024-01-15T19:00:00Z,44.611111111111114,-11.86,89.1,0.026837978600542017,0
2024-01-15T19:30:00Z,44.611111111111114,-11.86,89.1,0.026837978600542017,0
2024-01-15T20:00:00Z,35.583333333333336,-11.86,89.2,0.026591758613381034,0
2024-01-15T20:30:00Z,35.583333333333336,-11.86,89.2,0.026591758613381034,0
2024-01-15T21:00:00Z,24.25,-11.3,89.9,0.026013998870005217,0
2024-01-15T21:30:00Z,24.25,-11.3,89.9,0.026013998870005217,0
2024-01-15T22:00:00Z,10.527777777777779,-10.52,90.7,0.0254950209529079,0
2024-01-15T22:30:00Z,10.527777777777779,-10.52,90.7,0.0254950209529079,0
2024-01-15T23:00:00Z,1.3055555555555556,-10.6,90.6,0.025605351104947688,0
2024-01-15T23:30:00Z,1.3055555555555556,-10.6,90.6,0.025605351104947688,0
2024-01-16T00:00:00Z,0.1388888888888889,-10.86,90.4,0.02561294902573158,0
2024-01-16T00:30:00Z,0.1388888888888889,-10.86,90.4,0.02561294902573158,0
2024-01-16T01:00:00Z,0.11111111111111112,-10.95,90.4,0.02542929652647516,0
2024-01-16T01:30:00Z,0.11111111111111112,-10.95,90.4,0.02542929652647516,0
2024-01-16T02:00:00Z,0.11111111111111112,-10.91,90.5,0.02524503750550891,0
2024-01-16T02:30:00Z,0.11111111111111112,-10.91,90.5,0.02524503750550891,0
2024-01-16T03:00:00Z,0.11111111111111112,-11.08,90.2,0.025690382137166984,0
2024-01-16T03:30:00Z,0.11111111111111112,-11.08,90.2,0.025690382137166984,0
2024-01-16T04:00:00Z,0.11111111111111112,-11.27,90,0.025818499313367604,0
2024-01-16T04:30:00Z,0.11111111111111112,-11.27,90,0.025818499313367604,0
2024-01-16T05:00:00Z,0.11111111111111112,-11.33,90.1,0.02543755748767032,0
2024-01-16T05:30:00Z,0.11111111111111112,-11.33,90.1,0.02543755748767032,0
2024-01-16T06:00:00Z,0.08333333333333333,-11.27,90.1,0.02556031432023395,0
2024-01-16T06:30:00Z,0.08333333333333333,-11.27,90.1,0.02556031432023395,0
2024-01-16T07:00:00Z,0.08333333333333333,-11.45,89.8,0.02595705924867786,0
2024-01-16T07:30:00Z,0.08333333333333333,-11.45,89.8,0.02595705924867786,0
2024-01-16T08:00:00Z,0.08333333333333333,-11.95,89.4,0.025910520523785757,0
2024-01-16T08:30:00Z,0.08333333333333333,-11.95,89.4,0.025910520523785757,0
2024-01-16T09:00:00Z,0.11111111111111112,-12.22,89.2,0.025829726237463407,0
2024-01-16T09:30:00Z,0.11111111111111112,-12.22,89.2,0.025829726237463407,0
2024-01-16T10:00:00Z,0.11111111111111112,-12.38,89.1,0.025733416950880633,0
2024-01-16T10:30:00Z,0.11111111111111112,-12.38,89.1,0.025733416950880633,0
2024-01-16T11:00:00Z,0.11111111111111112,-12.72,88.8,0.025722255932693006,0
2024-01-16T11:30:00Z,0.11111111111111112,-12.72,88.8,0.025722255932693006,0
2024-01-16T12:00:00Z,0.1388888888888889,-13.05,88.5,0.025711449262202146,0
2024-01-16T12:30:00Z,0.1388888888888889,-13.05,88.5,0.025711449262202146,0
2024-01-16T13:00:00Z,0.16666666666666666,-13.37,88.2,0.0257021222716613,0
2024-01-16T13:30:00Z,0.16666666666666666,-13.37,88.2,0.0257021222716613,0
2024-01-16T14:00:00Z,3.4444444444444446,-13.62,88.1,0.025395140881650735,0
2024-01-16T14:30:00Z,3.4444444444444446,-13.62,88.1,0.025395140881650735,0
2024-01-16T15:00:00Z,17.555555555555557,-13.19,88.4,0.025640629339139548,0
2024-01-16T15:30:00Z,17.555555555555557,-13.19,88.4,0.025640629339139548,0
2024-01-16T16:00:00Z,35.19444444444445,-13.12,88.3,0.026009759696885293,0
2024-01-16T16:30:00Z,35.19444444444445,-13.12,88.3,0.026009759696885293,0
2024-01-16T17:00:00Z,59.94444444444445,-12.93,88.3,0.026415533705329647,0
2024-01-16T17:30:00Z,59.94444444444445,-12.93,88.3,0.026415533705329647,0
2024-01-16T18:00:00Z,72.75,-12.75,88.2,0.02703424502074911,0
2024-01-16T18:30:00Z,72.75,-12.75,88.2,0.02703424502074911,0
2024-01-16T19:00:00Z,61.30555555555556,-12.95,88.1,0.026823369743698255,0
2024-01-16T19:30:00Z,61.30555555555556,-12.95,88.1,0.026823369743698255,0
2024-01-16T20:00:00Z,52.77777777777778,-12.96,88.2,0.026576314722499716,0
2024-01-16T20:30:00Z,52.77777777777778,-12.96,88.2,0.026576314722499716,0
2024-01-16T21:00:00Z,39.13888888888889,-12.91,88.3,0.026458572959436794,0
2024-01-16T21:30:00Z,39.13888888888889,-12.91,88.3,0.026458572959436794,0
2024-01-16T22:00:00Z,18.805555555555557,-13.01,88.3,0.0262439994597308,0
2024-01-16T22:30:00Z,18.805555555555557,-13.01,88.3,0.0262439994597308,0
2024-01-16T23:00:00Z,1.9444444444444446,-13.61,88,0.025629528985004285,0
2024-01-16T23:30:00Z,1.9444444444444446,-13.61,88,0.025629528985004285,0
2024-01-17T00:00:00Z,0.1388888888888889,-13.91,87.9,0.02521502963900385,0
2024-01-17T00:30:00Z,0.1388888888888889,-13.91,87.9,0.02521502963900385,0
2024-01-17T01:00:00Z,0.11111111111111112,-13.73,88.1,0.025167244882359552,0
2024-01-17T01:30:00Z,0.11111111111111112,-13.73,88.1,0.025167244882359552,0
2024-01-17T02:00:00Z,0.11111111111111112,-13.45,88.3,0.025318171562428493,0
2024-01-17T02:30:00Z,0.11111111111111112,-13.45,88.3,0.025318171562428493,0
2024-01-17T03:00:00Z,0.1388888888888889,-13.49,88.2,0.02545115359226416,0
2024-01-17T03:30:00Z,0.1388888888888889,-13.49,88.2,0.02545115359226416,0
2024-01-17T04:00:00Z,0.11111111111111112,-13.47,88.3,0.025276788574571496,0
2024-01-17T04:30:00Z,0.11111111111111112,-13.47,88.3,0.025276788574571496,0
2024-01-17T05:00:00Z,0.11111111111111112,-13.01,88.7,0.02534676870897079,0
2024-01-17T05:30:00Z,0.11111111111111112,-13.01,88.7,0.02534676870897079,0
2024-01-17T06:00:00Z,0.08333333333333333,-12.61,89,0.025489630713684236,0
2024-01-17T06:30:00Z,0.08333333333333333,-12.61,89,0.025489630713684236,0
2024-01-17T07:00:00Z,0.11111111111111112,-12.44,89.1,0.025608608729704302,0
2024-01-17T07:30:00Z,0.11111111111111112,-12.44,89.1,0.025608608729704302,0
2024-01-17T08:00:00Z,0.11111111111111112,-12.2,89.3,0.02563199438531852,0
2024-01-17T08:30:00Z,0.11111111111111112,-12.2,89.3,0.02563199438531852,0
2024-01-17T09:00:00Z,0.11111111111111112,-11.95,89.5,0.025666081650919853,0
2024-01-17T09:30:00Z,0.11111111111111112,-11.95,89.5,0.025666081650919853,0
2024-01-17T10:00:00Z,0.11111111111111112,-11.8,89.7,0.025483621852471744,0
2024-01-17T10:30:00Z,0.11111111111111112,-11.8,89.7,0.025483621852471744,0
2024-01-17T11:00:00Z,0.11111111111111112,-11.56,89.9,0.025476315964679724,0
2024-01-17T11:30:00Z,0.11111111111111112,-11.56,89.9,0.025476315964679724,0
2024-01-17T12:00:00Z,0.08333333333333333,-11.22,90.2,0.025403791631120387,0
2024-01-17T12:30:00Z,0.08333333333333333,-11.22,90.2,0.025403791631120387,0
2024-01-17T13:00:00Z,0.11111111111111112,-10.86,90.5,0.02534614747338021,0
2024-01-17T13:30:00Z,0.11111111111111112,-10.86,90.5,0.02534614747338021,0
2024-01-17T14:00:00Z,3.305555555555556,-10.95,90.2,0.025959073537443395,0
2024-01-17T14:30:00Z,3.305555555555556,-10.95,90.2,0.025959073537443395,0
2024-01-17T15:00:00Z,15.25,-10.85,90.5,0.025366412637312763,0
2024-01-17T15:30:00Z,15.25,-10.85,90.5,0.025366412637312763,0
2024-01-17T16:00:00Z,23.22222222222222,-9.83,91.2,0.025483644891750756,0
2024-01-17T16:30:00Z,23.22222222222222,-9.83,91.2,0.025483644891750756,0
2024-01-17T17:00:00Z,48.22222222222222,-9.32,91.4,0.025928701910936713,0
2024-01-17T17:30:00Z,48.22222222222222,-9.32,91.4,0.025928701910936713,0
2024-01-17T18:00:00Z,72.52777777777779,-9.16,91.1,0.02717361902720422,0
2024-01-17T18:30:00Z,72.52777777777779,-9.16,91.1,0.02717361902720422,0
2024-01-17T19:00:00Z,75.55555555555556,-8.97,91.2,0.027272937959195,0
2024-01-17T19:30:00Z,75.55555555555556,-8.97,91.2,0.027272937959195,0
2024-01-17T20:00:00Z,52.305555555555564,-8.78,91.3,0.027368404922910983,0
2024-01-17T20:30:00Z,52.305555555555564,-8.78,91.3,0.027368404922910983,0
2024-01-17T21:00:00Z,37.111111111111114,-8.34,91.7,0.02702561704548484,0
2024-01-17T21:30:00Z,37.111111111111114,-8.34,91.7,0.02702561704548484,0
2024-01-17T22:00:00Z,21.47222222222222,-8.47,91.6,0.02707451268537403,0
2024-01-17T22:30:00Z,21.47222222222222,-8.47,91.6,0.02707451268537403,0
2024-01-17T23:00:00Z,1.75,-8.8,91.9,0.025440963327342747,0
2024-01-17T23:30:00Z,1.75,-8.8,91.9,0.025440963327342747,0
2024-01-18T00:00:00Z,0.1388888888888889,-9.62,91.3,0.025616212964229,0
2024-01-18T00:30:00Z,0.1388888888888889,-9.62,91.3,0.025616212964229,0
2024-01-18T01:00:00Z,0.11111111111111112,-9.71,91.2,0.025726876467990323,0
2024-01-18T01:30:00Z,0.11111111111111112,-9.71,91.2,0.025726876467990323,0
2024-01-18T02:00:00Z,0.08333333333333333,-8.9,91.6,0.026176858358597288,0
2024-01-18T02:30:00Z,0.08333333333333333,-8.9,91.6,0.026176858358597288,0
2024-01-18T03:00:00Z,0.08333333333333333,-8.63,91.5,0.027055659008177912,0
2024-01-18T03:30:00Z,0.08333333333333333,-8.63,91.5,0.027055659008177912,0
2024-01-18T04:00:00Z,0.08333333333333333,-8.86,91.1,0.02782228021581401,0
2024-01-18T04:30:00Z,0.08333333333333333,-8.86,91.1,0.02782228021581401,0
2024-01-18T05:00:00Z,0.08333333333333333,-8.95,91.2,0.027315845083288992,0
2024-01-18T05:30:00Z,0.08333333333333333,-8.95,91.2,0.027315845083288992,0
2024-01-18T06:00:00Z,0.08333333333333333,-8.79,91.3,0.027346934542952728,0
2024-01-18T06:30:00Z,0.08333333333333333,-8.79,91.3,0.027346934542952728,0
2024-01-18T07:00:00Z,0.08333333333333333,-8.56,91.6,0.02688440095596123,0
2024-01-18T07:30:00Z,0.08333333333333333,-8.56,91.6,0.02688440095596123,0
2024-01-18T08:00:00Z,0.08333333333333333,-8.37,92.3,0.025013218782692415,0
2024-01-18T08:30:00Z,0.08333333333333333,-8.37,92.3,0.025013218782692415,0
2024-01-18T09:00:00Z,0.08333333333333333,-8.55,92.4,0.024343040444397557,0
2024-01-18T09:30:00Z,0.08333333333333333,-8.55,92.4,0.024343040444397557,0
2024-01-18T10:00:00Z,0.08333333333333333,-8.34,92.5,0.024420738294112843,0
2024-01-18T10:30:00Z,0.08333333333333333,-8.34,92.5,0.024420738294112843,0
2024-01-18T11:00:00Z,0.08333333333333333,-8.54,92.3,0.024682666446022905,0
2024-01-18T11:30:00Z,0.08333333333333333,-8.54,92.3,0.024682666446022905,0
2024-01-18T12:00:00Z,0.11111111111111112,-9.07,92,0.024599363053543655,0
2024-01-18T12:30:00Z,0.11111111111111112,-9.07,92,0.024599363053543655,0
2024-01-18T13:00:00Z,0.11111111111111112,-9.37,91.8,0.024625418200375004,0
2024-01-18T13:30:00Z,0.11111111111111112,-9.37,91.8,0.024625418200375004,0
2024-01-18T14:00:00Z,2.5277777777777777,-9.34,91.8,0.024683755822242304,0
2024-01-18T14:30:00Z,2.5277777777777777,-9.34,91.8,0.024683755822242304,0
2024-01-18T15:00:00Z,14.527777777777777,-8.75,91.1,0.028063547467642058,0
2024-01-18T15:30:00Z,14.527777777777777,-8.75,91.1,0.028063547467642058,0
2024-01-18T16:00:00Z,28.444444444444446,-8.49,90,0.03218114611666745,0
2024-01-18T16:30:00Z,28.444444444444446,-8.49,90,0.03218114611666745,0
2024-01-18T17:00:00Z,44.833333333333336,-8.06,89.5,0.03494471883103134,0
2024-01-18T17:30:00Z,44.833333333333336,-8.06,89.5,0.03494471883103134,0
2024-01-18T18:00:00Z,60.25000000000001,-7.58,88.9,0.03834758799526322,0
2024-01-18T18:30:00Z,60.25000000000001,-7.58,88.9,0.03834758799526322,0
2024-01-18T19:00:00Z,71.5,-6.91,87.5,0.045483765651040564,0
2024-01-18T19:30:00Z,71.5,-6.91,87.5,0.045483765651040564,0
2024-01-18T20:00:00Z,48.16666666666667,-7.1,87.3,0.04553800113197293,0
2024-01-18T20:30:00Z,48.16666666666667,-7.1,87.3,0.04553800113197293,0
2024-01-18T21:00:00Z,26.361111111111114,-7.26,87.4,0.04462345804659851,0
2024-01-18T21:30:00Z,26.361111111111114,-7.26,87.4,0.04462345804659851,0
2024-01-18T22:00:00Z,14.11111111111111,-7.65,85.6,0.0494784357993589,0
2024-01-18T22:30:00Z,14.11111111111111,-7.65,85.6,0.0494784357993589,0
2024-01-18T23:00:00Z,2.138888888888889,-8.37,86.3,0.044504038613361774,0
2024-01-18T23:30:00Z,2.138888888888889,-8.37,86.3,0.044504038613361774,0
2024-01-19T00:00:00Z,0.1388888888888889,-9.38,87.9,0.036308853032040844,0
2024-01-19T00:30:00Z,0.1388888888888889,-9.38,87.9,0.036308853032040844,0
2024-01-19T01:00:00Z,0.11111111111111112,-9.45,89.2,0.032229372957050084,0
2024-01-19T01:30:00Z,0.11111111111111112,-9.45,89.2,0.032229372957050084,0
2024-01-19T02:00:00Z,0.08333333333333333,-9.13,89.4,0.03244061486885108,0
2024-01-19T02:30:00Z,0.08333333333333333,-9.13,89.4,0.03244061486885108,0
2024-01-19T03:00:00Z,0.11111111111111112,-9.2,89.2,0.03287101868636089,0
2024-01-19T03:30:00Z,0.11111111111111112,-9.2,89.2,0.03287101868636089,0
2024-01-19T04:00:00Z,0.08333333333333333,-9.22,87.9,0.03676974044141468,0
2024-01-19T04:30:00Z,0.08333333333333333,-9.22,87.9,0.03676974044141468,0
2024-01-19T05:00:00Z,0.11111111111111112,-9.41,88.3,0.035025555656318264,0
2024-01-19T05:30:00Z,0.11111111111111112,-9.41,88.3,0.035025555656318264,0
2024-01-19T06:00:00Z,0.08333333333333333,-9.47,89.3,0.03188057619754825,0
2024-01-19T06:30:00Z,0.08333333333333333,-9.47,89.3,0.03188057619754825,0
2024-01-19T07:00:00Z,0.11111111111111112,-9.57,90.1,0.029264909881953016,0
2024-01-19T07:30:00Z,0.11111111111111112,-9.57,90.1,0.029264909881953016,0
2024-01-19T08:00:00Z,0.11111111111111112,-9.59,90.4,0.02833327588352924,0
2024-01-19T08:30:00Z,0.11111111111111112,-9.59,90.4,0.02833327588352924,0
2024-01-19T09:00:00Z,0.08333333333333333,-9.72,90.6,0.027459246501404577,0
2024-01-19T09:30:00Z,0.08333333333333333,-9.72,90.6,0.027459246501404577,0
2024-01-19T10:00:00Z,0.08333333333333333,-9.99,91,0.025734392323367217,0
2024-01-19T10:30:00Z,0.08333333333333333,-9.99,91,0.025734392323367217,0
2024-01-19T11:00:00Z,0.11111111111111112,-9.96,91.2,0.02522245293562858,0
2024-01-19T11:30:00Z,0.11111111111111112,-9.96,91.2,0.02522245293562858,0
2024-01-19T12:00:00Z,0.11111111111111112,-10,91.2,0.025142566430673197,0
2024-01-19T12:30:00Z,0.11111111111111112,-10,91.2,0.025142566430673197,0
2024-01-19T13:00:00Z,0.1388888888888889,-10.02,91,0.025673223682417423,0
2024-01-19T13:30:00Z,0.1388888888888889,-10.02,91,0.025673223682417423,0
2024-01-19T14:00:00Z,4.055555555555555,-10.56,90.6,0.02568713990412691,0
2024-01-19T14:30:00Z,4.055555555555555,-10.56,90.6,0.02568713990412691,0
2024-01-19T15:00:00Z,22.583333333333332,-9.58,89.1,0.03219550858558984,0
2024-01-19T15:30:00Z,22.583333333333332,-9.58,89.1,0.03219550858558984,0
2024-01-19T16:00:00Z,35.888888888888886,-9.1,85.6,0.044174451974422935,0
2024-01-19T16:30:00Z,35.888888888888886,-9.1,85.6,0.044174451974422935,0
2024-01-19T17:00:00Z,55.166666666666664,-8.61,80.1,0.06344142878374265,0
2024-01-19T17:30:00Z,55.166666666666664,-8.61,80.1,0.06344142878374265,0
2024-01-19T18:00:00Z,60.30555555555556,-8.1,74.06,0.08606117160328436,0
2024-01-19T18:30:00Z,60.30555555555556,-8.1,74.06,0.08606117160328436,0
2024-01-19T19:00:00Z,62.77777777777778,-7.04,68.52,0.11340171604360325,0
2024-01-19T19:30:00Z,62.77777777777778,-7.04,68.52,0.11340171604360325,0
2024-01-19T20:00:00Z,50.66666666666667,-6.88,64.71,0.12870750129379746,0
2024-01-19T20:30:00Z,50.66666666666667,-6.88,64.71,0.12870750129379746,0
2024-01-19T21:00:00Z,21.833333333333332,-7.47,64.07,0.12519312420544776,0
2024-01-19T21:30:00Z,21.833333333333332,-7.47,64.07,0.12519312420544776,0
2024-01-19T22:00:00Z,10.083333333333332,-7.77,66.24,0.1149222423297234,0
2024-01-19T22:30:00Z,10.083333333333332,-7.77,66.24,0.1149222423297234,0
2024-01-19T23:00:00Z,2.4444444444444446,-8.76,73.59,0.08321089956609776,0
2024-01-19T23:30:00Z,2.4444444444444446,-8.76,73.59,0.08321089956609776,0
2024-01-20T00:00:00Z,0.22222222222222224,-10.33,74.89,0.06988580582051149,0
2024-01-20T00:30:00Z,0.22222222222222224,-10.33,74.89,0.06988580582051149,0
2024-01-20T01:00:00Z,0.1388888888888889,-10.44,73.26,0.07377367484116948,0
2024-01-20T01:30:00Z,0.1388888888888889,-10.44,73.26,0.07377367484116948,0
2024-01-20T02:00:00Z,0.16666666666666666,-11.04,75.38,0.06474756439509635,0
2024-01-20T02:30:00Z,0.16666666666666666,-11.04,75.38,0.06474756439509635,0
2024-01-20T03:00:00Z,0.16666666666666666,-11.95,72.59,0.06700069505254413,0
2024-01-20T03:30:00Z,0.16666666666666666,-11.95,72.59,0.06700069505254413,0
2024-01-20T04:00:00Z,0.19444444444444445,-13.5,72.18,0.059955255459728324,0
2024-01-20T04:30:00Z,0.19444444444444445,-13.5,72.18,0.059955255459728324,0
2024-01-20T05:00:00Z,0.19444444444444445,-16.03,79.58,0.03569396572198036,0
2024-01-20T05:30:00Z,0.19444444444444445,-16.03,79.58,0.03569396572198036,0
2024-01-20T06:00:00Z,0.16666666666666666,-16.68,84.8,0.025158467405641566,0
2024-01-20T06:30:00Z,0.16666666666666666,-16.68,84.8,0.025158467405641566,0
2024-01-20T07:00:00Z,0.22222222222222224,-17.55,85.4,0.022451975261762624,0
2024-01-20T07:30:00Z,0.22222222222222224,-17.55,85.4,0.022451975261762624,0
2024-01-20T08:00:00Z,0.22222222222222224,-18.73,86,0.01946722354773557,0
2024-01-20T08:30:00Z,0.22222222222222224,-18.73,86,0.01946722354773557,0
2024-01-20T09:00:00Z,0.19444444444444445,-20.1,87.9,0.014948548909622397,0
2024-01-20T09:30:00Z,0.19444444444444445,-20.1,87.9,0.014948548909622397,0
2024-01-20T10:00:00Z,0.19444444444444445,-19.55,87.4,0.016326074304273644,0
2024-01-20T10:30:00Z,0.19444444444444445,-19.55,87.4,0.016326074304273644,0
2024-01-20T11:00:00Z,0.11111111111111112,-17.52,84.7,0.023588410692352013,0
2024-01-20T11:30:00Z,0.11111111111111112,-17.52,84.7,0.023588410692352013,0
2024-01-20T12:00:00Z,0.11111111111111112,-17.36,85,0.023441731355034606,0
2024-01-20T12:30:00Z,0.11111111111111112,-17.36,85,0.023441731355034606,0
2024-01-20T13:00:00Z,0.1388888888888889,-15.58,86.9,0.02377582509053694,0
2024-01-20T13:30:00Z,0.1388888888888889,-15.58,86.9,0.02377582509053694,0
2024-01-20T14:00:00Z,2.9444444444444446,-14.35,87.8,0.02451942058244666,0
2024-01-20T14:30:00Z,2.9444444444444446,-14.35,87.8,0.02451942058244666,0
2024-01-20T15:00:00Z,18.583333333333336,-11.48,89.1,0.02767163977389328,0
2024-01-20T15:30:00Z,18.583333333333336,-11.48,89.1,0.02767163977389328,0
2024-01-20T16:00:00Z,43.41666666666667,-8.52,85.3,0.04719530926536242,0
2024-01-20T16:30:00Z,43.41666666666667,-8.52,85.3,0.04719530926536242,0
2024-01-20T17:00:00Z,48.333333333333336,-6.59,78.29,0.08096946628680163,0
2024-01-20T17:30:00Z,48.333333333333336,-6.59,78.29,0.08096946628680163,0
2024-01-20T18:00:00Z,49.75,-5.88,72.13,0.10976569526643565,0
2024-01-20T18:30:00Z,49.75,-5.88,72.13,0.10976569526643565,0
2024-01-20T19:00:00Z,53.583333333333336,-5.41,69.63,0.12398307907508488,0
2024-01-20T19:30:00Z,53.583333333333336,-5.41,69.63,0.12398307907508488,0
2024-01-20T20:00:00Z,46.69444444444444,-5.21,70.42,0.12261110939642023,0
2024-01-20T20:30:00Z,46.69444444444444,-5.21,70.42,0.12261110939642023,0
2024-01-20T21:00:00Z,33.30555555555556,-5.31,75.61,0.100331629297164,0
2024-01-20T21:30:00Z,33.30555555555556,-5.31,75.61,0.100331629297164,0
2024-01-20T22:00:00Z,15.166666666666668,-5.35,77.47,0.0923983515315075,0
2024-01-20T22:30:00Z,15.166666666666668,-5.35,77.47,0.0923983515315075,0
2024-01-20T23:00:00Z,2.0277777777777777,-5.66,81.4,0.07449840518212597,0
2024-01-20T23:30:00Z,2.0277777777777777,-5.66,81.4,0.07449840518212597,0
2024-01-21T00:00:00Z,0.11111111111111112,-5.93,82.5,0.0686602992258113,0
2024-01-21T00:30:00Z,0.11111111111111112,-5.93,82.5,0.0686602992258113,0
2024-01-21T01:00:00Z,0.08333333333333333,-6.29,82.5,0.06679099350600964,0
2024-01-21T01:30:00Z,0.08333333333333333,-6.29,82.5,0.06679099350600964,0
2024-01-21T02:00:00Z,0.08333333333333333,-6.56,83,0.06354968277731898,0
2024-01-21T02:30:00Z,0.08333333333333333,-6.56,83,0.06354968277731898,0
2024-01-21T03:00:00Z,0.08333333333333333,-7.07,86.1,0.04995655757859596,0
2024-01-21T03:30:00Z,0.08333333333333333,-7.07,86.1,0.04995655757859596,0
2024-01-21T04:00:00Z,0.08333333333333333,-7.37,86.4,0.04775624462916206,0
2024-01-21T04:30:00Z,0.08333333333333333,-7.37,86.4,0.04775624462916206,0
2024-01-21T05:00:00Z,0.11111111111111112,-7.41,84.9,0.05285929407017198,0
2024-01-21T05:30:00Z,0.11111111111111112,-7.41,84.9,0.05285929407017198,0
2024-01-21T06:00:00Z,0.11111111111111112,-7.89,86.3,0.046202573380975276,0
2024-01-21T06:30:00Z,0.11111111111111112,-7.89,86.3,0.046202573380975276,0
2024-01-21T07:00:00Z,0.08333333333333333,-7.58,83.9,0.05562127628141783,0
2024-01-21T07:30:00Z,0.08333333333333333,-7.58,83.9,0.05562127628141783,0
2024-01-21T08:00:00Z,0.08333333333333333,-7.51,80.4,0.06808184413018342,0
2024-01-21T08:30:00Z,0.08333333333333333,-7.51,80.4,0.06808184413018342,0
2024-01-21T09:00:00Z,0.08333333333333333,-7.41,76.04,0.08387474741200801,0
2024-01-21T09:30:00Z,0.08333333333333333,-7.41,76.04,0.08387474741200801,0
2024-01-21T10:00:00Z,0.05555555555555556,-7.44,77.47,0.07868558165283246,0
2024-01-21T10:30:00Z,0.05555555555555556,-7.44,77.47,0.07868558165283246,0
2024-01-21T11:00:00Z,0.05555555555555556,-7.32,78.54,0.07564911973785476,0
2024-01-21T11:30:00Z,0.05555555555555556,-7.32,78.54,0.07564911973785476,0
2024-01-21T12:00:00Z,0.05555555555555556,-7.6,78.31,0.07481695498513158,0
2024-01-21T12:30:00Z,0.05555555555555556,-7.6,78.31,0.07481695498513158,0
2024-01-21T13:00:00Z,0.22222222222222224,-8.69,81.1,0.059876749633846094,0
2024-01-21T13:30:00Z,0.22222222222222224,-8.69,81.1,0.059876749633846094,0
2024-01-21T14:00:00Z,5.916666666666667,-9.03,82.2,0.05490607354378396,0
2024-01-21T14:30:00Z,5.916666666666667,-9.03,82.2,0.05490607354378396,0
2024-01-21T15:00:00Z,31.833333333333332,-7.57,75,0.08643553753063216,0
2024-01-21T15:30:00Z,31.833333333333332,-7.57,75,0.08643553753063216,0
2024-01-21T16:00:00Z,46.333333333333336,-6.54,68.05,0.11962001656837556,0
2024-01-21T16:30:00Z,46.333333333333336,-6.54,68.05,0.11962001656837556,0
2024-01-21T17:00:00Z,67.86111111111111,-5.7,63.71,0.14490853473833654,0
2024-01-21T17:30:00Z,67.86111111111111,-5.7,63.71,0.14490853473833654,0
2024-01-21T18:00:00Z,71.94444444444444,-5.46,64.14,0.14583864525043605,0
2024-01-21T18:30:00Z,71.94444444444444,-5.46,64.14,0.14583864525043605,0
2024-01-21T19:00:00Z,71.55555555555557,-5.14,64.17,0.1493106126849547,0
2024-01-21T19:30:00Z,71.55555555555557,-5.14,64.17,0.1493106126849547,0
2024-01-21T20:00:00Z,68.80555555555556,-4.87,64.6,0.15057491853421928,0
2024-01-21T20:30:00Z,68.80555555555556,-4.87,64.6,0.15057491853421928,0
2024-01-21T21:00:00Z,66.16666666666667,-5.24,67.72,0.1334977054616387,0
2024-01-21T21:30:00Z,66.16666666666667,-5.24,67.72,0.1334977054616387,0
2024-01-21T22:00:00Z,73.08333333333334,-5.89,67.45,0.12809975823511588,0
2024-01-21T22:30:00Z,73.08333333333334,-5.89,67.45,0.12809975823511588,0
2024-01-21T23:00:00Z,10.861111111111112,-7.79,63.71,0.12334254546110515,0
2024-01-21T23:30:00Z,10.861111111111112,-7.79,63.71,0.12334254546110515,0
2024-01-22T00:00:00Z,0.1388888888888889,-8.61,60.23,0.1267872172225852,0
2024-01-22T00:30:00Z,0.1388888888888889,-8.61,60.23,0.1267872172225852,0
2024-01-22T01:00:00Z,0.11111111111111112,-8.67,58.58,0.13142789512628697,0
2024-01-22T01:30:00Z,0.11111111111111112,-8.67,58.58,0.13142789512628697,0
2024-01-22T02:00:00Z,0.1388888888888889,-9.42,60.22,0.11899294909272362,0
2024-01-22T02:30:00Z,0.1388888888888889,-9.42,60.22,0.11899294909272362,0
2024-01-22T03:00:00Z,0.11111111111111112,-9.66,61.79,0.11214995617752968,0
2024-01-22T03:30:00Z,0.11111111111111112,-9.66,61.79,0.11214995617752968,0
2024-01-22T04:00:00Z,0.11111111111111112,-9.79,64.17,0.10408816119086817,0
2024-01-22T04:30:00Z,0.11111111111111112,-9.79,64.17,0.10408816119086817,0
2024-01-22T05:00:00Z,0.11111111111111112,-9.92,64.96,0.10075021346885657,0
2024-01-22T05:30:00Z,0.11111111111111112,-9.92,64.96,0.10075021346885657,0
2024-01-22T06:00:00Z,0.08333333333333333,-9.55,65.04,0.10350700420744868,0
2024-01-22T06:30:00Z,0.08333333333333333,-9.55,65.04,0.10350700420744868,0
2024-01-22T07:00:00Z,0.08333333333333333,-9.46,66.08,0.10114422735273174,0
2024-01-22T07:30:00Z,0.08333333333333333,-9.46,66.08,0.10114422735273174,0
2024-01-22T08:00:00Z,0.08333333333333333,-8.79,67.69,0.10156085690606909,0
2024-01-22T08:30:00Z,0.08333333333333333,-8.79,67.69,0.10156085690606909,0
2024-01-22T09:00:00Z,0.08333333333333333,-8.4,66.78,0.10766128229409203,0
2024-01-22T09:30:00Z,0.08333333333333333,-8.4,66.78,0.10766128229409203,0
2024-01-22T10:00:00Z,0.05555555555555556,-8.05,66.66,0.1110443625146752,0
2024-01-22T10:30:00Z,0.05555555555555556,-8.05,66.66,0.1110443625146752,0
2024-01-22T11:00:00Z,0.08333333333333333,-7.78,67.79,0.10956063368892743,0
2024-01-22T11:30:00Z,0.08333333333333333,-7.78,67.79,0.10956063368892743,0
2024-01-22T12:00:00Z,0.08333333333333333,-7.37,69.63,0.10664390804320983,0
2024-01-22T12:30:00Z,0.08333333333333333,-7.37,69.63,0.10664390804320983,0
2024-01-22T13:00:00Z,0.1388888888888889,-7.3,81.9,0.06390365401100934,0
2024-01-22T13:30:00Z,0.1388888888888889,-7.3,81.9,0.06390365401100934,0
2024-01-22T14:00:00Z,6.388888888888889,-7.18,89.1,0.038842653675620176,0
2024-01-22T14:30:00Z,6.388888888888889,-7.18,89.1,0.038842653675620176,0
2024-01-22T15:00:00Z,68.19444444444444,-6.49,89,0.04134247755173448,0
2024-01-22T15:30:00Z,68.19444444444444,-6.49,89,0.04134247755173448,0
2024-01-22T16:00:00Z,93.05555555555556,-5.67,87.8,0.048827236667958074,0
2024-01-22T16:30:00Z,93.05555555555556,-5.67,87.8,0.048827236667958074,0
2024-01-22T17:00:00Z,56.13888888888889,-4.96,88.2,0.049850002005049576,0
2024-01-22T17:30:00Z,56.13888888888889,-4.96,88.2,0.049850002005049576,0
2024-01-22T18:00:00Z,90.77777777777779,-4.04,87.2,0.05797041750745907,0
2024-01-22T18:30:00Z,90.77777777777779,-4.04,87.2,0.05797041750745907,0
2024-01-22T19:00:00Z,120.08333333333334,-2.87,85.8,0.07020461574578701,0
2024-01-22T19:30:00Z,120.08333333333334,-2.87,85.8,0.07020461574578701,0
2024-01-22T20:00:00Z,111.97222222222223,-0.84,83.6,0.09421042186728656,0.125
2024-01-22T20:30:00Z,111.97222222222223,-0.84,83.6,0.09421042186728656,0.125
2024-01-22T21:00:00Z,63.583333333333336,-0.21,83.3,0.10045515248934567,0
2024-01-22T21:30:00Z,63.583333333333336,-0.21,83.3,0.10045515248934567,0
2024-01-22T22:00:00Z,20.611111111111114,-0.07,84.9,0.09176199670657093,0
2024-01-22T22:30:00Z,20.611111111111114,-0.07,84.9,0.09176199670657093,0
2024-01-22T23:00:00Z,1.8055555555555556,-0.02,87.1,0.07867858699927255,0
2024-01-22T23:30:00Z,1.8055555555555556,-0.02,87.1,0.07867858699927255,0
2024-01-23T00:00:00Z,0.08333333333333333,0.03,89,0.06733483405520801,0
2024-01-23T00:30:00Z,0.08333333333333333,0.03,89,0.06733483405520801,0
2024-01-23T01:00:00Z,0.05555555555555556,0.21,90,0.062019828796135545,0
2024-01-23T01:30:00Z,0.05555555555555556,0.21,90,0.062019828796135545,0
2024-01-23T02:00:00Z,0.08333333333333333,0.34,91,0.05634721229012318,0
2024-01-23T02:30:00Z,0.08333333333333333,0.34,91,0.05634721229012318,0
2024-01-23T03:00:00Z,0.08333333333333333,0.43,91.7,0.05230502467473763,0
2024-01-23T03:30:00Z,0.08333333333333333,0.43,91.7,0.05230502467473763,0
2024-01-23T04:00:00Z,0.05555555555555556,0.42,92.5,0.047229314767655795,0
2024-01-23T04:30:00Z,0.05555555555555556,0.42,92.5,0.047229314767655795,0
2024-01-23T05:00:00Z,0.05555555555555556,0.34,94.5,0.03443440751063087,0
2024-01-23T05:30:00Z,0.05555555555555556,0.34,94.5,0.03443440751063087,0
2024-01-23T06:00:00Z,0.11111111111111112,0.27,96.6,0.021178834221814213,0
2024-01-23T06:30:00Z,0.11111111111111112,0.27,96.6,0.021178834221814213,0
2024-01-23T07:00:00Z,0.1388888888888889,0.21,97.9,0.013024164047188425,0
2024-01-23T07:30:00Z,0.1388888888888889,0.21,97.9,0.013024164047188425,0
2024-01-23T08:00:00Z,0.3055555555555556,0.07,98.4,0.009822698780961203,0
2024-01-23T08:30:00Z,0.3055555555555556,0.07,98.4,0.009822698780961203,0
2024-01-23T09:00:00Z,0.3333333333333333,0.09,98.6,0.008607372276876024,0
2024-01-23T09:30:00Z,0.3333333333333333,0.09,98.6,0.008607372276876024,0
2024-01-23T10:00:00Z,0.25,0.04,98.8,0.007350964554721062,0
2024-01-23T10:30:00Z,0.25,0.04,98.8,0.007350964554721062,0
2024-01-23T11:00:00Z,0.2777777777777778,-0.01,98.9,0.006713911826815022,0
2024-01-23T11:30:00Z,0.2777777777777778,-0.01,98.9,0.006713911826815022,0
2024-01-23T12:00:00Z,0.36111111111111116,-0.01,98.9,0.006713911826815022,0
2024-01-23T12:30:00Z,0.36111111111111116,-0.01,98.9,0.006713911826815022,0
2024-01-23T13:00:00Z,0.4722222222222222,-0.03,98.7,0.007923080351699419,0
2024-01-23T13:30:00Z,0.4722222222222222,-0.03,98.7,0.007923080351699419,0
2024-01-23T14:00:00Z,2.9722222222222223,-0.05,98.6,0.008520133445400702,0
2024-01-23T14:30:00Z,2.9722222222222223,-0.05,98.6,0.008520133445400702,0
2024-01-23T15:00:00Z,20.52777777777778,0.1,98.5,0.009228893286941542,0
2024-01-23T15:30:00Z,20.52777777777778,0.1,98.5,0.009228893286941542,0
2024-01-23T16:00:00Z,58.083333333333336,0.38,97.4,0.016325395574788182,0
2024-01-23T16:30:00Z,58.083333333333336,0.38,97.4,0.016325395574788182,0
2024-01-23T17:00:00Z,109.11111111111111,0.64,95.9,0.026233531160849255,0.76
2024-01-23T17:30:00Z,109.11111111111111,0.64,95.9,0.026233531160849255,0.76
2024-01-23T18:00:00Z,136.05555555555557,1.08,93,0.046235720836326655,0.89
2024-01-23T18:30:00Z,136.05555555555557,1.08,93,0.046235720836326655,0.89
2024-01-23T19:00:00Z,90.75,1,94,0.03940254983934488,0.76
2024-01-23T19:30:00Z,90.75,1,94,0.03940254983934488,0.76
2024-01-23T20:00:00Z,104.83333333333333,0.98,95,0.03278809531862059,0.76
2024-01-23T20:30:00Z,104.83333333333333,0.98,95,0.03278809531862059,0.76
2024-01-23T21:00:00Z,86.86111111111111,0.83,95.6,0.028542618603617176,0.51
2024-01-23T21:30:00Z,86.86111111111111,0.83,95.6,0.028542618603617176,0.51
2024-01-23T22:00:00Z,42.91666666666667,0.58,96.6,0.0216603327617505,0.38
2024-01-23T22:30:00Z,42.91666666666667,0.58,96.6,0.0216603327617505,0.38
2024-01-23T23:00:00Z,4.444444444444445,0.45,97.1,0.018301770824093122,0.255
2024-01-23T23:30:00Z,4.444444444444445,0.45,97.1,0.018301770824093122,0.255
2024-01-24T00:00:00Z,0.19444444444444445,0.35,97.7,0.014410296311911264,0.125
2024-01-24T00:30:00Z,0.19444444444444445,0.35,97.7,0.014410296311911264,0.125
2024-01-24T01:00:00Z,0.19444444444444445,0.49,97.1,0.01835491538909073,0.125
2024-01-24T01:30:00Z,0.19444444444444445,0.49,97.1,0.01835491538909073,0.125
2024-01-24T02:00:00Z,0.1388888888888889,0.51,97,0.019015384955399672,0.125
2024-01-24T02:30:00Z,0.1388888888888889,0.51,97,0.019015384955399672,0.125
2024-01-24T03:00:00Z,0.19444444444444445,0.51,97.3,0.017113846459859694,0.125
2024-01-24T03:30:00Z,0.19444444444444445,0.51,97.3,0.017113846459859694,0.125
2024-01-24T04:00:00Z,0.25,0.5,98,0.012667739879900775,0.125
2024-01-24T04:30:00Z,0.25,0.5,98,0.012667739879900775,0.125
2024-01-24T05:00:00Z,0.2777777777777778,0.43,98.6,0.008822534282485917,0.125
2024-01-24T05:30:00Z,0.2777777777777778,0.43,98.6,0.008822534282485917,0.125
2024-01-24T06:00:00Z,0.2777777777777778,0.34,98.9,0.00688688150212613,0.125
2024-01-24T06:30:00Z,0.2777777777777778,0.34,98.9,0.00688688150212613,0.125
2024-01-24T07:00:00Z,0.3055555555555556,0.34,99.1,0.005634721229012318,0
2024-01-24T07:30:00Z,0.3055555555555556,0.34,99.1,0.005634721229012318,0
2024-01-24T08:00:00Z,0.3055555555555556,0.32,99.2,0.005001376315299733,0.255
2024-01-24T08:30:00Z,0.3055555555555556,0.32,99.2,0.005001376315299733,0.255
2024-01-24T09:00:00Z,0.2777777777777778,0.25,99.3,0.004354020035553741,0
2024-01-24T09:30:00Z,0.2777777777777778,0.25,99.3,0.004354020035553741,0
2024-01-24T10:00:00Z,0.3055555555555556,0.22,99.4,0.003723893982273574,0.125
2024-01-24T10:30:00Z,0.3055555555555556,0.22,99.4,0.003723893982273574,0.125
2024-01-24T11:00:00Z,0.36111111111111116,0.25,99.4,0.0037320171733317142,0
2024-01-24T11:30:00Z,0.36111111111111116,0.25,99.4,0.0037320171733317142,0
2024-01-24T12:00:00Z,0.3055555555555556,0.28,99.4,0.003740156025877295,0.125
2024-01-24T12:30:00Z,0.3055555555555556,0.28,99.4,0.003740156025877295,0.125
2024-01-24T13:00:00Z,0.36111111111111116,0.27,99.5,0.003114534444384476,0
2024-01-24T13:30:00Z,0.36111111111111116,0.27,99.5,0.003114534444384476,0
2024-01-24T14:00:00Z,12.694444444444446,0.31,99.5,0.003123592138232767,0.125
2024-01-24T14:30:00Z,12.694444444444446,0.31,99.5,0.003123592138232767,0.125
2024-01-24T15:00:00Z,72.97222222222223,0.49,99.4,0.0037975687011910786,0.255
2024-01-24T15:30:00Z,72.97222222222223,0.49,99.4,0.0037975687011910786,0.255
2024-01-24T16:00:00Z,116.52777777777779,0.88,99.3,0.0045573059479786515,0.38
2024-01-24T16:30:00Z,116.52777777777779,0.88,99.3,0.0045573059479786515,0.38
2024-01-24T17:00:00Z,171.2777777777778,1.54,98.7,0.008875704356921976,0.51
2024-01-24T17:30:00Z,171.2777777777778,1.54,98.7,0.008875704356921976,0.51
2024-01-24T18:00:00Z,174.52777777777777,2.36,94.5,0.03982162347960305,0.76
2024-01-24T18:30:00Z,174.52777777777777,2.36,94.5,0.03982162347960305,0.76
2024-01-24T19:00:00Z,80.75,2.42,93.6,0.04653663928994245,1.145
2024-01-24T19:30:00Z,80.75,2.42,93.6,0.04653663928994245,1.145
2024-01-24T20:00:00Z,90.38888888888889,2.04,96.6,0.024060575230479997,1.395
2024-01-24T20:30:00Z,90.38888888888889,2.04,96.6,0.024060575230479997,1.395
2024-01-24T21:00:00Z,75.08333333333334,1.99,96.9,0.02185923449978666,0.635
2024-01-24T21:30:00Z,75.08333333333334,1.99,96.9,0.02185923449978666,0.635
2024-01-24T22:00:00Z,65.25,2.02,97,0.021199561999964422,0
2024-01-24T22:30:00Z,65.25,2.02,97,0.021199561999964422,0
2024-01-24T23:00:00Z,11.305555555555557,2,97.5,0.017641035853600773,0.125
2024-01-24T23:30:00Z,11.305555555555557,2,97.5,0.017641035853600773,0.125
2024-01-25T00:00:00Z,0.16666666666666666,1.56,98.4,0.010939649659764572,0
2024-01-25T00:30:00Z,0.16666666666666666,1.56,98.4,0.010939649659764572,0
2024-01-25T01:00:00Z,0.16666666666666666,1.36,98.7,0.008761581775705962,0
2024-01-25T01:30:00Z,0.16666666666666666,1.36,98.7,0.008761581775705962,0
2024-01-25T02:00:00Z,0.16666666666666666,1.29,98.8,0.008046971192560926,0
2024-01-25T02:30:00Z,0.16666666666666666,1.29,98.8,0.008046971192560926,0
2024-01-25T03:00:00Z,0.16666666666666666,1.23,98.8,0.008012278288551333,0
2024-01-25T03:30:00Z,0.16666666666666666,1.23,98.8,0.008012278288551333,0
2024-01-25T04:00:00Z,0.16666666666666666,1.11,98.7,0.008605229454034413,0
2024-01-25T04:30:00Z,0.16666666666666666,1.11,98.7,0.008605229454034413,0
2024-01-25T05:00:00Z,0.19444444444444445,0.97,98.6,0.009174042227315327,0
2024-01-25T05:30:00Z,0.19444444444444445,0.97,98.6,0.009174042227315327,0
2024-01-25T06:00:00Z,0.22222222222222224,0.91,98.6,0.009134384089844128,0
2024-01-25T06:30:00Z,0.22222222222222224,0.91,98.6,0.009134384089844128,0
2024-01-25T07:00:00Z,0.22222222222222224,0.81,98.8,0.007773106113605377,0
2024-01-25T07:30:00Z,0.22222222222222224,0.81,98.8,0.007773106113605377,0
2024-01-25T08:00:00Z,0.22222222222222224,0.76,99,0.0064542148802041455,0
2024-01-25T08:30:00Z,0.22222222222222224,0.76,99,0.0064542148802041455,0
2024-01-25T09:00:00Z,0.22222222222222224,0.86,99.3,0.004550725727885618,0
2024-01-25T09:30:00Z,0.22222222222222224,0.86,99.3,0.004550725727885618,0
2024-01-25T10:00:00Z,0.19444444444444445,0.79,99.4,0.0038809380281910055,0
2024-01-25T10:30:00Z,0.19444444444444445,0.79,99.4,0.0038809380281910055,0
2024-01-25T11:00:00Z,0.1388888888888889,0.63,99.4,0.0038362752885603424,0
2024-01-25T11:30:00Z,0.1388888888888889,0.63,99.4,0.0038362752885603424,0
2024-01-25T12:00:00Z,0.1388888888888889,0.56,99.5,0.0031807321880297224,0
2024-01-25T12:30:00Z,0.1388888888888889,0.56,99.5,0.0031807321880297224,0
2024-01-25T13:00:00Z,0.2777777777777778,0.51,99.5,0.003169230825899927,0
2024-01-25T13:30:00Z,0.2777777777777778,0.51,99.5,0.003169230825899927,0
2024-01-25T14:00:00Z,14.555555555555555,0.51,99.5,0.003169230825899927,0
2024-01-25T14:30:00Z,14.555555555555555,0.51,99.5,0.003169230825899927,0
2024-01-25T15:00:00Z,69.72222222222223,0.77,99.5,0.0032294418086764587,0
2024-01-25T15:30:00Z,69.72222222222223,0.77,99.5,0.0032294418086764587,0
2024-01-25T16:00:00Z,121.3888888888889,1.06,99.4,0.003957349176645364,0
2024-01-25T16:30:00Z,121.3888888888889,1.06,99.4,0.003957349176645364,0
2024-01-25T17:00:00Z,161.61111111111111,1.45,99.3,0.004748412289325099,0
2024-01-25T17:30:00Z,161.61111111111111,1.45,99.3,0.004748412289325099,0
2024-01-25T18:00:00Z,201.77777777777777,1.61,99.2,0.0054895007790489725,0
2024-01-25T18:30:00Z,201.77777777777777,1.61,99.2,0.0054895007790489725,0
2024-01-25T19:00:00Z,215.16666666666669,1.77,99.1,0.006246995235598796,0
2024-01-25T19:30:00Z,215.16666666666669,1.77,99.1,0.006246995235598796,0
2024-01-25T20:00:00Z,184.83333333333334,1.99,99,0.0070513659676730844,0
2024-01-25T20:30:00Z,184.83333333333334,1.99,99,0.0070513659676730844,0
2024-01-25T21:00:00Z,128.13888888888889,2.06,99,0.007086771676371506,0
2024-01-25T21:30:00Z,128.13888888888889,2.06,99,0.007086771676371506,0
2024-01-25T22:00:00Z,57.583333333333336,2.12,99,0.00711724429761007,0
2024-01-25T22:30:00Z,57.583333333333336,2.12,99,0.00711724429761007,0
2024-01-25T23:00:00Z,8.583333333333334,1.72,99.2,0.0055330081055571245,0
2024-01-25T23:30:00Z,8.583333333333334,1.72,99.2,0.0055330081055571245,0
2024-01-26T00:00:00Z,0.16666666666666666,1.18,99.3,0.0046570233266813865,0
2024-01-26T00:30:00Z,0.16666666666666666,1.18,99.3,0.0046570233266813865,0
2024-01-26T01:00:00Z,0.22222222222222224,0.89,99.3,0.004560599210231886,0
2024-01-26T01:30:00Z,0.22222222222222224,0.89,99.3,0.004560599210231886,0
2024-01-26T02:00:00Z,0.19444444444444445,0.77,99.4,0.0038753301704116394,0
2024-01-26T02:30:00Z,0.19444444444444445,0.77,99.4,0.0038753301704116394,0
2024-01-26T03:00:00Z,0.25,0.59,99.3,0.004462710980740248,0
2024-01-26T03:30:00Z,0.25,0.59,99.3,0.004462710980740248,0
2024-01-26T04:00:00Z,0.2777777777777778,0.43,99.2,0.005041448161420492,0.255
2024-01-26T04:30:00Z,0.2777777777777778,0.43,99.2,0.005041448161420492,0.255
2024-01-26T05:00:00Z,0.16666666666666666,0.58,98.4,0.01019309777023547,0.125
2024-01-26T05:30:00Z,0.16666666666666666,0.58,98.4,0.01019309777023547,0.125
2024-01-26T06:00:00Z,0.11111111111111112,0.68,98,0.012833944461471791,0.51
2024-01-26T06:30:00Z,0.11111111111111112,0.68,98,0.012833944461471791,0.51
2024-01-26T07:00:00Z,0.11111111111111112,0.85,97.4,0.016890486851602993,0.38
2024-01-26T07:30:00Z,0.11111111111111112,0.85,97.4,0.016890486851602993,0.38
2024-01-26T08:00:00Z,0.08333333333333333,0.97,97.5,0.016382218263063186,0.255
2024-01-26T08:30:00Z,0.08333333333333333,0.97,97.5,0.016382218263063186,0.255
2024-01-26T09:00:00Z,0.11111111111111112,0.95,97.9,0.013741208962151363,0.76
2024-01-26T09:30:00Z,0.11111111111111112,0.95,97.9,0.013741208962151363,0.76
2024-01-26T10:00:00Z,0.1388888888888889,1.03,97.9,0.013820778671523426,0.89
2024-01-26T10:30:00Z,0.1388888888888889,1.03,97.9,0.013820778671523426,0.89
2024-01-26T11:00:00Z,0.11111111111111112,1.15,97.7,0.015268601163556772,0.51
2024-01-26T11:30:00Z,0.11111111111111112,1.15,97.7,0.015268601163556772,0.51
2024-01-26T12:00:00Z,0.11111111111111112,1.1,97.5,0.016536590338058654,0.255
2024-01-26T12:30:00Z,0.11111111111111112,1.1,97.5,0.016536590338058654,0.255
2024-01-26T13:00:00Z,0.2777777777777778,1.27,96.8,0.021427712460213355,0.125
2024-01-26T13:30:00Z,0.2777777777777778,1.27,96.8,0.021427712460213355,0.125
2024-01-26T14:00:00Z,22.694444444444446,1.23,97.8,0.014689176862344167,0.125
2024-01-26T14:30:00Z,22.694444444444446,1.23,97.8,0.014689176862344167,0.125
2024-01-26T15:00:00Z,101.02777777777779,1.71,97.3,0.0186605111690602,0
2024-01-26T15:30:00Z,101.02777777777779,1.71,97.3,0.0186605111690602,0
2024-01-26T16:00:00Z,140.61111111111111,2.52,94.9,0.037349182747441034,0
2024-01-26T16:30:00Z,140.61111111111111,2.52,94.9,0.037349182747441034,0
2024-01-26T17:00:00Z,152.97222222222223,3.28,92,0.06183658921528756,0
2024-01-26T17:30:00Z,152.97222222222223,3.28,92,0.06183658921528756,0
2024-01-26T18:00:00Z,168.41666666666666,3.64,89.5,0.08325274441460484,0
2024-01-26T18:30:00Z,168.41666666666666,3.64,89.5,0.08325274441460484,0
2024-01-26T19:00:00Z,106.91666666666667,3.83,88.9,0.08919753232653671,0
2024-01-26T19:30:00Z,106.91666666666667,3.83,88.9,0.08919753232653671,0
2024-01-26T20:00:00Z,53.47222222222222,2.87,91.9,0.06081507388305196,0
2024-01-26T20:30:00Z,53.47222222222222,2.87,91.9,0.06081507388305196,0
2024-01-26T21:00:00Z,59.13888888888889,2.63,95.1,0.03616675125949764,0.255
2024-01-26T21:30:00Z,59.13888888888889,2.63,95.1,0.03616675125949764,0.255
2024-01-26T22:00:00Z,43.13888888888889,2.3,96.5,0.025232751750112636,0.125
2024-01-26T22:30:00Z,43.13888888888889,2.3,96.5,0.025232751750112636,0.125
2024-01-26T23:00:00Z,15.750000000000002,2.02,97.5,0.017666301666637074,0.255
2024-01-26T23:30:00Z,15.750000000000002,2.02,97.5,0.017666301666637074,0.255
2024-01-27T00:00:00Z,0.22222222222222224,1.56,98.3,0.011623377763499976,0.125
2024-01-27T00:30:00Z,0.22222222222222224,1.56,98.3,0.011623377763499976,0.125
2024-01-27T01:00:00Z,0.11111111111111112,1.4,98.7,0.008786829691057041,0.255
2024-01-27T01:30:00Z,0.11111111111111112,1.4,98.7,0.008786829691057041,0.255
2024-01-27T02:00:00Z,0.08333333333333333,1.71,99,0.006911300432985268,0.255
2024-01-27T02:30:00Z,0.08333333333333333,1.71,99,0.006911300432985268,0.255
2024-01-27T03:00:00Z,0.1388888888888889,1.72,98.9,0.007607886145140852,0.255
2024-01-27T03:30:00Z,0.1388888888888889,1.72,98.9,0.007607886145140852,0.255
2024-01-27T04:00:00Z,0.1388888888888889,1.51,98.9,0.0074940404138577055,0
2024-01-27T04:30:00Z,0.1388888888888889,1.51,98.9,0.0074940404138577055,0
2024-01-27T05:00:00Z,0.1388888888888889,1.41,99,0.006763962849904104,0.125
2024-01-27T05:30:00Z,0.1388888888888889,1.41,99,0.006763962849904104,0.125
2024-01-27T06:00:00Z,0.1388888888888889,1.09,98.9,0.00727085484092671,0
2024-01-27T06:30:00Z,0.1388888888888889,1.09,98.9,0.00727085484092671,0
2024-01-27T07:00:00Z,0.1388888888888889,1.12,99,0.006624181450203492,0.125
2024-01-27T07:30:00Z,0.1388888888888889,1.12,99,0.006624181450203492,0.125
2024-01-27T08:00:00Z,0.16666666666666666,1.12,99.1,0.005961763305183165,0.125
2024-01-27T08:30:00Z,0.16666666666666666,1.12,99.1,0.005961763305183165,0.125
2024-01-27T09:00:00Z,0.1388888888888889,0.97,99.2,0.005242309844180171,0
2024-01-27T09:30:00Z,0.1388888888888889,0.97,99.2,0.005242309844180171,0
2024-01-27T10:00:00Z,0.16666666666666666,0.95,99.2,0.0052347462712957205,0
2024-01-27T10:30:00Z,0.16666666666666666,0.95,99.2,0.0052347462712957205,0
2024-01-27T11:00:00Z,0.1388888888888889,0.8,99.2,0.005178326194200444,0
2024-01-27T11:30:00Z,0.1388888888888889,0.8,99.2,0.005178326194200444,0
2024-01-27T12:00:00Z,0.1388888888888889,0.76,99.3,0.004517950416142891,0
2024-01-27T12:30:00Z,0.1388888888888889,0.76,99.3,0.004517950416142891,0
2024-01-27T13:00:00Z,0.2777777777777778,0.74,99.2,0.005155909082434573,0
2024-01-27T13:30:00Z,0.2777777777777778,0.74,99.2,0.005155909082434573,0
2024-01-27T14:00:00Z,9.527777777777777,0.79,99.3,0.0045277610328896545,0
2024-01-27T14:30:00Z,9.527777777777777,0.79,99.3,0.0045277610328896545,0
2024-01-27T15:00:00Z,56.86111111111111,1.01,99.2,0.00525746596869725,0
2024-01-27T15:30:00Z,56.86111111111111,1.01,99.2,0.00525746596869725,0
2024-01-27T16:00:00Z,207.16666666666666,1.46,98.9,0.007467157156089477,0
2024-01-27T16:30:00Z,207.16666666666666,1.46,98.9,0.007467157156089477,0
2024-01-27T17:00:00Z,264.19444444444446,2.03,97.8,0.015557472967454133,0
2024-01-27T17:30:00Z,264.19444444444446,2.03,97.8,0.015557472967454133,0
2024-01-27T18:00:00Z,264.19444444444446,2.49,95,0.03653864495242898,0
2024-01-27T18:30:00Z,264.19444444444446,2.49,95,0.03653864495242898,0
2024-01-27T19:00:00Z,226.58333333333334,2.36,96,0.028961180712438583,0
2024-01-27T19:30:00Z,226.58333333333334,2.36,96,0.028961180712438583,0
2024-01-27T20:00:00Z,171.44444444444446,3.15,93.4,0.05054750452977208,0
2024-01-27T20:30:00Z,171.44444444444446,3.15,93.4,0.05054750452977208,0
2024-01-27T21:00:00Z,89.97222222222221,3.33,93.6,0.049644681690808046,0
2024-01-27T21:30:00Z,89.97222222222221,3.33,93.6,0.049644681690808046,0
2024-01-27T22:00:00Z,58.361111111111114,3.29,94.1,0.04563678542154692,0
2024-01-27T22:30:00Z,58.361111111111114,3.29,94.1,0.04563678542154692,0
2024-01-27T23:00:00Z,7.861111111111112,2.83,96.6,0.025454859197224566,0
2024-01-27T23:30:00Z,7.861111111111112,2.83,96.6,0.025454859197224566,0
2024-01-28T00:00:00Z,0.1388888888888889,2.42,98,0.01454269977810696,0
2024-01-28T00:30:00Z,0.1388888888888889,2.42,98,0.01454269977810696,0
2024-01-28T01:00:00Z,0.05555555555555556,2.36,97.5,0.018100737945274115,0
2024-01-28T01:30:00Z,0.05555555555555556,2.36,97.5,0.018100737945274115,0
2024-01-28T02:00:00Z,0.05555555555555556,2.34,96.6,0.024581896863128727,0
2024-01-28T02:30:00Z,0.05555555555555556,2.34,96.6,0.024581896863128727,0
2024-01-28T03:00:00Z,0.05555555555555556,2.01,96.9,0.021890544312287874,0
2024-01-28T03:30:00Z,0.05555555555555556,2.01,96.9,0.021890544312287874,0
2024-01-28T04:00:00Z,0.05555555555555556,2.12,96.6,0.024198630611874217,0
2024-01-28T04:30:00Z,0.05555555555555556,2.12,96.6,0.024198630611874217,0
2024-01-28T05:00:00Z,0.02777777777777778,2,97.4,0.01834667728774464,0
2024-01-28T05:30:00Z,0.02777777777777778,2,97.4,0.01834667728774464,0
2024-01-28T06:00:00Z,0.05555555555555556,1.96,97.5,0.01759059995235257,0
2024-01-28T06:30:00Z,0.05555555555555556,1.96,97.5,0.01759059995235257,0
2024-01-28T07:00:00Z,0.08333333333333333,1.9,98.5,0.010509110935970623,0
2024-01-28T07:30:00Z,0.08333333333333333,1.9,98.5,0.010509110935970623,0
2024-01-28T08:00:00Z,0.08333333333333333,1.91,99,0.007011093681123737,0
2024-01-28T08:30:00Z,0.08333333333333333,1.91,99,0.007011093681123737,0
2024-01-28T09:00:00Z,0.08333333333333333,1.85,99.2,0.0055848183392881445,0
2024-01-28T09:30:00Z,0.08333333333333333,1.85,99.2,0.0055848183392881445,0
2024-01-28T10:00:00Z,0.08333333333333333,1.65,99.2,0.005505286529840725,0
2024-01-28T10:30:00Z,0.08333333333333333,1.65,99.2,0.005505286529840725,0
2024-01-28T11:00:00Z,0.1388888888888889,1.54,99.2,0.005461971911951968,0
2024-01-28T11:30:00Z,0.1388888888888889,1.54,99.2,0.005461971911951968,0
2024-01-28T12:00:00Z,0.1388888888888889,1.49,99.1,0.006122681073383318,0
2024-01-28T12:30:00Z,0.1388888888888889,1.49,99.1,0.006122681073383318,0
2024-01-28T13:00:00Z,0.22222222222222224,1.63,97.9,0.014430645203715176,0
2024-01-28T13:30:00Z,0.22222222222222224,1.63,97.9,0.014430645203715176,0
2024-01-28T14:00:00Z,14.694444444444445,1.73,96.4,0.024916402708785368,0
2024-01-28T14:30:00Z,14.694444444444445,1.73,96.4,0.024916402708785368,0
2024-01-28T15:00:00Z,37.5,1.91,95.1,0.034354359037506055,0
2024-01-28T15:30:00Z,37.5,1.91,95.1,0.034354359037506055,0
2024-01-28T16:00:00Z,60.27777777777778,1.87,94.5,0.03845068604915369,0
2024-01-28T16:30:00Z,60.27777777777778,1.87,94.5,0.03845068604915369,0
2024-01-28T17:00:00Z,166.44444444444446,2.18,91.4,0.06147136019681709,0
2024-01-28T17:30:00Z,166.44444444444446,2.18,91.4,0.06147136019681709,0
2024-01-28T18:00:00Z,229.44444444444446,2.95,85.1,0.11250715186700666,0
2024-01-28T18:30:00Z,229.44444444444446,2.95,85.1,0.11250715186700666,0
2024-01-28T19:00:00Z,272.8611111111111,3.12,82.1,0.13679971119845813,0
2024-01-28T19:30:00Z,272.8611111111111,3.12,82.1,0.13679971119845813,0
2024-01-28T20:00:00Z,244.08333333333334,3.17,78.61,0.16405225233556164,0
2024-01-28T20:30:00Z,244.08333333333334,3.17,78.61,0.16405225233556164,0
2024-01-28T21:00:00Z,158.19444444444446,2.93,77.61,0.16882283898935302,0
2024-01-28T21:30:00Z,158.19444444444446,2.93,77.61,0.16882283898935302,0
2024-01-28T22:00:00Z,72.08333333333334,2.54,80.2,0.14520948478312734,0
2024-01-28T22:30:00Z,72.08333333333334,2.54,80.2,0.14520948478312734,0
2024-01-28T23:00:00Z,12.194444444444445,1.89,79.95,0.14037120103426737,0
2024-01-28T23:30:00Z,12.194444444444445,1.89,79.95,0.14037120103426737,0
2024-01-29T00:00:00Z,0.19444444444444445,1.16,81.3,0.12422987086850712,0
2024-01-29T00:30:00Z,0.19444444444444445,1.16,81.3,0.12422987086850712,0
2024-01-29T01:00:00Z,0.08333333333333333,0.83,81.3,0.12130612906537275,0
2024-01-29T01:30:00Z,0.08333333333333333,0.83,81.3,0.12130612906537275,0
2024-01-29T02:00:00Z,0.08333333333333333,0.51,84.6,0.09761230943771837,0
2024-01-29T02:30:00Z,0.08333333333333333,0.51,84.6,0.09761230943771837,0
2024-01-29T03:00:00Z,0.08333333333333333,0.01,88.5,0.07029313652396985,0
2024-01-29T03:30:00Z,0.08333333333333333,0.01,88.5,0.07029313652396985,0
2024-01-29T04:00:00Z,0.08333333333333333,-0.23,87.5,0.07508141550100667,0
2024-01-29T04:30:00Z,0.08333333333333333,-0.23,87.5,0.07508141550100667,0
2024-01-29T05:00:00Z,0.05555555555555556,-0.47,89.5,0.0619731692425588,0
2024-01-29T05:30:00Z,0.05555555555555556,-0.47,89.5,0.0619731692425588,0
2024-01-29T06:00:00Z,0.08333333333333333,-0.45,86.3,0.08097846976104128,0
2024-01-29T06:30:00Z,0.08333333333333333,-0.45,86.3,0.08097846976104128,0
2024-01-29T07:00:00Z,0.08333333333333333,-0.26,86.8,0.07911270034334195,0
2024-01-29T07:30:00Z,0.08333333333333333,-0.26,86.8,0.07911270034334195,0
2024-01-29T08:00:00Z,0.08333333333333333,-0.07,87.3,0.07717730848830806,0
2024-01-29T08:30:00Z,0.08333333333333333,-0.07,87.3,0.07717730848830806,0
2024-01-29T09:00:00Z,0.05555555555555556,0.13,87,0.08015839257543278,0
2024-01-29T09:30:00Z,0.05555555555555556,0.13,87,0.08015839257543278,0
2024-01-29T10:00:00Z,0.05555555555555556,0.14,87.9,0.074663221610541175,0
2024-01-29T10:30:00Z,0.05555555555555556,0.14,87.9,0.074663221610541175,0
2024-01-29T11:00:00Z,0.05555555555555556,0.2,88.5,0.07127100485040738,0
2024-01-29T11:30:00Z,0.05555555555555556,0.2,88.5,0.07127100485040738,0
2024-01-29T12:00:00Z,0.05555555555555556,0.14,89.6,0.06417334749996939,0
2024-01-29T12:30:00Z,0.05555555555555556,0.14,89.6,0.06417334749996939,0
2024-01-29T13:00:00Z,0.22222222222222224,0.01,91.7,0.050733307230343416,0
2024-01-29T13:30:00Z,0.22222222222222224,0.01,91.7,0.050733307230343416,0
2024-01-29T14:00:00Z,9.63888888888889,-0.1,92.9,0.04305220270155907,0
2024-01-29T14:30:00Z,9.63888888888889,-0.1,92.9,0.04305220270155907,0
2024-01-29T15:00:00Z,41.97222222222222,0.03,93,0.04284943985331413,0
2024-01-29T15:30:00Z,41.97222222222222,0.03,93,0.04284943985331413,0
2024-01-29T16:00:00Z,79,0.42,91.4,0.054156280933578715,0
2024-01-29T16:30:00Z,79,0.42,91.4,0.054156280933578715,0
2024-01-29T17:00:00Z,135.44444444444446,0.83,88.4,0.07524872177317232,0
2024-01-29T17:30:00Z,135.44444444444446,0.83,88.4,0.07524872177317232,0
2024-01-29T18:00:00Z,166.61111111111111,1.14,86.5,0.08955547562090416,0
2024-01-29T18:30:00Z,166.61111111111111,1.14,86.5,0.08955547562090416,0
2024-01-29T19:00:00Z,167.33333333333334,1.18,86.4,0.09047931034695145,0
2024-01-29T19:30:00Z,167.33333333333334,1.18,86.4,0.09047931034695145,0
2024-01-29T20:00:00Z,127.91666666666667,1.11,87.2,0.08472841308587764,0
2024-01-29T20:30:00Z,127.91666666666667,1.11,87.2,0.08472841308587764,0
2024-01-29T21:00:00Z,91.05555555555556,0.96,88.5,0.07530382348878284,0
2024-01-29T21:30:00Z,91.05555555555556,0.96,88.5,0.07530382348878284,0
2024-01-29T22:00:00Z,51,0.79,89.1,0.07050370751213852,0
2024-01-29T22:30:00Z,51,0.79,89.1,0.07050370751213852,0
2024-01-29T23:00:00Z,9.083333333333334,0.55,90.7,0.05911877881532035,0
2024-01-29T23:30:00Z,9.083333333333334,0.55,90.7,0.05911877881532035,0
2024-01-30T00:00:00Z,0.19444444444444445,0.09,92.6,0.04549611060634495,0
2024-01-30T00:30:00Z,0.19444444444444445,0.09,92.6,0.04549611060634495,0
2024-01-30T01:00:00Z,0.08333333333333333,-0.5,94,0.03533568942155041,0
2024-01-30T01:30:00Z,0.08333333333333333,-0.5,94,0.03533568942155041,0
2024-01-30T02:00:00Z,0.08333333333333333,-0.47,93.2,0.04013500484279997,0
2024-01-30T02:30:00Z,0.08333333333333333,-0.47,93.2,0.04013500484279997,0
2024-01-30T03:00:00Z,0.08333333333333333,-0.12,92.7,0.044200498527223187,0
2024-01-30T03:30:00Z,0.08333333333333333,-0.12,92.7,0.044200498527223187,0
2024-01-30T04:00:00Z,0.08333333333333333,0.15,92.8,0.04446000755975754,0
2024-01-30T04:30:00Z,0.08333333333333333,0.15,92.8,0.04446000755975754,0
2024-01-30T05:00:00Z,0.05555555555555556,0.24,93.1,0.04288703859709497,0
2024-01-30T05:30:00Z,0.05555555555555556,0.24,93.1,0.04288703859709497,0
2024-01-30T06:00:00Z,0.05555555555555556,0.47,94,0.03792067464737947,0
2024-01-30T06:30:00Z,0.05555555555555556,0.47,94,0.03792067464737947,0
2024-01-30T07:00:00Z,0.08333333333333333,0.97,95.6,0.028832704142991106,0
2024-01-30T07:30:00Z,0.08333333333333333,0.97,95.6,0.028832704142991106,0
2024-01-30T08:00:00Z,0.19444444444444445,0.95,96.7,0.021593328369095,0
2024-01-30T08:30:00Z,0.19444444444444445,0.95,96.7,0.021593328369095,0
2024-01-30T09:00:00Z,0.4166666666666667,0.67,97.8,0.014107126618136956,0
2024-01-30T09:30:00Z,0.4166666666666667,0.67,97.8,0.014107126618136956,0
2024-01-30T10:00:00Z,0.3333333333333333,0.8,98.1,0.012298524711226055,0.125
2024-01-30T10:30:00Z,0.3333333333333333,0.8,98.1,0.012298524711226055,0.125
2024-01-30T11:00:00Z,0.36111111111111116,0.99,98.3,0.011156001530369664,0
2024-01-30T11:30:00Z,0.36111111111111116,0.99,98.3,0.011156001530369664,0
2024-01-30T12:00:00Z,0.3055555555555556,1.06,98.4,0.010552931137721266,0
2024-01-30T12:30:00Z,0.3055555555555556,1.06,98.4,0.010552931137721266,0
2024-01-30T13:00:00Z,0.36111111111111116,1.03,98.6,0.009213852447682247,0.125
2024-01-30T13:30:00Z,0.36111111111111116,1.03,98.6,0.009213852447682247,0.125
2024-01-30T14:00:00Z,3.055555555555556,1.07,98.6,0.009240477332513763,0
2024-01-30T14:30:00Z,3.055555555555556,1.07,98.6,0.009240477332513763,0
2024-01-30T15:00:00Z,16.88888888888889,1.05,98.4,0.010545321604474633,0
2024-01-30T15:30:00Z,16.88888888888889,1.05,98.4,0.010545321604474633,0
2024-01-30T16:00:00Z,33.111111111111114,1.04,98.4,0.010537716920475004,0
2024-01-30T16:30:00Z,33.111111111111114,1.04,98.4,0.010537716920475004,0
2024-01-30T17:00:00Z,45.05555555555556,1.1,98.5,0.009921954202835148,0
2024-01-30T17:30:00Z,45.05555555555556,1.1,98.5,0.009921954202835148,0
2024-01-30T18:00:00Z,50.80555555555556,1.16,98.8,0.00797197032311281,0
2024-01-30T18:30:00Z,50.80555555555556,1.16,98.8,0.00797197032311281,0
2024-01-30T19:00:00Z,61.02777777777778,1.23,99.1,0.006009208716413528,0
2024-01-30T19:30:00Z,61.02777777777778,1.23,99.1,0.006009208716413528,0
2024-01-30T20:00:00Z,55,1.34,99.2,0.005383988843880472,0
2024-01-30T20:30:00Z,55,1.34,99.2,0.005383988843880472,0
2024-01-30T21:00:00Z,41.44444444444444,1.38,99.3,0.004724567997574702,0
2024-01-30T21:30:00Z,41.44444444444444,1.38,99.3,0.004724567997574702,0
2024-01-30T22:00:00Z,22.472222222222225,1.39,99.4,0.004052543858503066,0
2024-01-30T22:30:00Z,22.472222222222225,1.39,99.4,0.004052543858503066,0
2024-01-30T23:00:00Z,4.166666666666667,1.36,99.5,0.0033698391445022846,0
2024-01-30T23:30:00Z,4.166666666666667,1.36,99.5,0.0033698391445022846,0
2024-01-31T00:00:00Z,0.36111111111111116,1.3,99.5,0.0033553192621205152,0
2024-01-31T00:30:00Z,0.36111111111111116,1.3,99.5,0.0033553192621205152,0
2024-01-31T01:00:00Z,0.2777777777777778,1.24,99.5,0.003340854685456862,0
2024-01-31T01:30:00Z,0.2777777777777778,1.24,99.5,0.003340854685456862,0
2024-01-31T02:00:00Z,0.22222222222222224,1.21,99.6,0.002666914464108272,0.125
2024-01-31T02:30:00Z,0.22222222222222224,1.21,99.6,0.002666914464108272,0.125
2024-01-31T03:00:00Z,0.19444444444444445,1.52,99.6,0.0027270644779219255,0
2024-01-31T03:30:00Z,0.19444444444444445,1.52,99.6,0.0027270644779219255,0
2024-01-31T04:00:00Z,0.19444444444444445,1.54,99.6,0.002730985955975984,0
2024-01-31T04:30:00Z,0.19444444444444445,1.54,99.6,0.002730985955975984,0
2024-01-31T05:00:00Z,0.19444444444444445,1.48,99.6,0.0027192364428283433,0
2024-01-31T05:30:00Z,0.19444444444444445,1.48,99.6,0.0027192364428283433,0
2024-01-31T06:00:00Z,0.22222222222222224,1.31,99.6,0.0026861883175542944,0
2024-01-31T06:30:00Z,0.22222222222222224,1.31,99.6,0.0026861883175542944,0
2024-01-31T07:00:00Z,0.25,1.15,99.6,0.002655408898009859,0
2024-01-31T07:30:00Z,0.25,1.15,99.6,0.002655408898009859,0
2024-01-31T08:00:00Z,0.22222222222222224,0.82,99.6,0.002592908841755781,0
2024-01-31T08:30:00Z,0.22222222222222224,0.82,99.6,0.002592908841755781,0
2024-01-31T09:00:00Z,0.2777777777777778,0.82,99.6,0.002592908841755781,0
2024-01-31T09:30:00Z,0.2777777777777778,0.82,99.6,0.002592908841755781,0
2024-01-31T10:00:00Z,0.2777777777777778,0.83,99.6,0.0025947835094197735,0
2024-01-31T10:30:00Z,0.2777777777777778,0.83,99.6,0.0025947835094197735,0
2024-01-31T11:00:00Z,0.3055555555555556,0.87,99.6,0.0026022941643319975,0
2024-01-31T11:30:00Z,0.3055555555555556,0.87,99.6,0.0026022941643319975,0
2024-01-31T12:00:00Z,0.25,0.78,99.7,0.001939066601719941,0
2024-01-31T12:30:00Z,0.25,0.78,99.7,0.001939066601719941,0
2024-01-31T13:00:00Z,0.5277777777777778,0.69,99.6,0.0025686468601336943,0
2024-01-31T13:30:00Z,0.5277777777777778,0.69,99.6,0.0025686468601336943,0
2024-01-31T14:00:00Z,11.555555555555557,0.92,99.6,0.0026117094969535515,0
2024-01-31T14:30:00Z,11.555555555555557,0.92,99.6,0.0026117094969535515,0
2024-01-31T15:00:00Z,48.5,1.37,99.6,0.002697811611673706,0
2024-01-31T15:30:00Z,48.5,1.37,99.6,0.002697811611673706,0
2024-01-31T16:00:00Z,100.91666666666667,1.84,99.2,0.005580817778059188,0
2024-01-31T16:30:00Z,100.91666666666667,1.84,99.2,0.005580817778059188,0
2024-01-31T17:00:00Z,151.16666666666669,2.51,90.4,0.07025426393739376,0
2024-01-31T17:30:00Z,151.16666666666669,2.51,90.4,0.07025426393739376,0
2024-01-31T18:00:00Z,138.88888888888889,3.04,81.7,0.1390653989306634,0
2024-01-31T18:30:00Z,138.88888888888889,3.04,81.7,0.1390653989306634,0
2024-01-31T19:00:00Z,143.05555555555557,3.01,80.1,0.15090255468977398,0
2024-01-31T19:30:00Z,143.05555555555557,3.01,80.1,0.15090255468977398,0
2024-01-31T20:00:00Z,103.08333333333334,2.72,83.1,0.125539866157639,0
2024-01-31T20:30:00Z,103.08333333333334,2.72,83.1,0.125539866157639,0
2024-01-31T21:00:00Z,65.72222222222223,2.39,85.2,0.10738595636992465,0
2024-01-31T21:30:00Z,65.72222222222223,2.39,85.2,0.10738595636992465,0
2024-01-31T22:00:00Z,38.00000000000001,2.25,86.5,0.09697948558193559,0
2024-01-31T22:30:00Z,38.00000000000001,2.25,86.5,0.09697948558193559,0
2024-01-31T23:00:00Z,8.666666666666666,2.1,88.2,0.08386347230823088,0
2024-01-31T23:30:00Z,8.666666666666666,2.1,88.2,0.08386347230823088,0
2024-02-01T00:00:00Z,0.19444444444444445,1.96,89.1,0.07669501579225713,0
2024-02-01T00:30:00Z,0.19444444444444445,1.96,89.1,0.07669501579225713,0
2024-02-01T01:00:00Z,0.05555555555555556,1.88,90.4,0.06716202270754579,0
2024-02-01T01:30:00Z,0.05555555555555556,1.88,90.4,0.06716202270754579,0
2024-02-01T02:00:00Z,0.05555555555555556,2.09,90.7,0.0660485400404266,0
2024-02-01T02:30:00Z,0.05555555555555556,2.09,90.7,0.0660485400404266,0
2024-02-01T03:00:00Z,0.05555555555555556,2.34,90.8,0.0665157209237599,0
2024-02-01T03:30:00Z,0.05555555555555556,2.34,90.8,0.0665157209237599,0
2024-02-01T04:00:00Z,0.05555555555555556,2.47,90.7,0.06786506296933925,0
2024-02-01T04:30:00Z,0.05555555555555556,2.47,90.7,0.06786506296933925,0
2024-02-01T05:00:00Z,0.08333333333333333,2.49,91.8,0.05992337772198353,0
2024-02-01T05:30:00Z,0.08333333333333333,2.49,91.8,0.05992337772198353,0
2024-02-13T06:00:00Z,0.05555555555555556,-4.02,95.1,0.02222525244183149,0
2024-02-13T06:30:00Z,0.05555555555555556,-4.02,95.1,0.02222525244183149,0
2024-02-13T07:00:00Z,0.02777777777777778,-3.17,94.3,0.02755650512570723,0
2024-02-13T07:30:00Z,0.02777777777777778,-3.17,94.3,0.02755650512570723,0
2024-02-13T08:00:00Z,0.05555555555555556,-3.73,93.9,0.02827829661266079,0
2024-02-13T08:30:00Z,0.05555555555555556,-3.73,93.9,0.02827829661266079,0
2024-02-13T09:00:00Z,0.05555555555555556,-3.21,94.9,0.024582186055445265,0
2024-02-13T09:30:00Z,0.05555555555555556,-3.21,94.9,0.024582186055445265,0
2024-02-13T10:00:00Z,0.02777777777777778,-1.97,91,0.04757240835548887,0
2024-02-13T10:30:00Z,0.02777777777777778,-1.97,91,0.04757240835548887,0
2024-02-13T11:00:00Z,0.02777777777777778,-1.5,88.3,0.06402849241467368,0
2024-02-13T11:30:00Z,0.02777777777777778,-1.5,88.3,0.06402849241467368,0
2024-02-13T12:00:00Z,0.05555555555555556,-1.81,88.6,0.06097559931690438,0
2024-02-13T12:30:00Z,0.05555555555555556,-1.81,88.6,0.06097559931690438,0
2024-02-13T13:00:00Z,1.1666666666666667,-1.12,88.3,0.06584420167829907,0
2024-02-13T13:30:00Z,1.1666666666666667,-1.12,88.3,0.06584420167829907,0
2024-02-13T14:00:00Z,31.27777777777778,-0.93,80.8,0.10956967936315748,0
2024-02-13T14:30:00Z,31.27777777777778,-0.93,80.8,0.10956967936315748,0
2024-02-13T15:00:00Z,116.83333333333334,-0.66,75.81,0.14080442577324154,0
2024-02-13T15:30:00Z,116.83333333333334,-0.66,75.81,0.14080442577324154,0
2024-02-13T16:00:00Z,229.72222222222223,0.15,65.04,0.21587803670682254,0
2024-02-13T16:30:00Z,229.72222222222223,0.15,65.04,0.21587803670682254,0
2024-02-13T17:00:00Z,343.4166666666667,1,54.99,0.2955847947114852,0
2024-02-13T17:30:00Z,343.4166666666667,1,54.99,0.2955847947114852,0
2024-02-13T18:00:00Z,248.72222222222223,1.06,53.63,0.3058371355350849,0
2024-02-13T18:30:00Z,248.72222222222223,1.06,53.63,0.3058371355350849,0
2024-02-13T19:00:00Z,172.02777777777777,0.76,55.65,0.28624442993705584,0
2024-02-13T19:30:00Z,172.02777777777777,0.76,55.65,0.28624442993705584,0
2024-02-13T20:00:00Z,239.94444444444443,1.23,53.9,0.3078050242518469,0
2024-02-13T20:30:00Z,239.94444444444443,1.23,53.9,0.3078050242518469,0
2024-02-13T21:00:00Z,112.02777777777779,0.79,55.77,0.28608981497815456,0
2024-02-13T21:30:00Z,112.02777777777779,0.79,55.77,0.28608981497815456,0
2024-02-13T22:00:00Z,63.94444444444444,0.42,55.73,0.27877890196854993,0
2024-02-13T22:30:00Z,63.94444444444444,0.42,55.73,0.27877890196854993,0
2024-02-13T23:00:00Z,24.02777777777778,-0.12,55.89,0.2670799986350434,0
2024-02-13T23:30:00Z,24.02777777777778,-0.12,55.89,0.2670799986350434,0
2024-02-14T00:00:00Z,1.1388888888888888,-0.48,55.84,0.2604510638829482,0
2024-02-14T00:30:00Z,1.1388888888888888,-0.48,55.84,0.2604510638829482,0
2024-02-14T01:00:00Z,0.08333333333333333,-0.83,62.07,0.21805007788395497,0
2024-02-14T01:30:00Z,0.08333333333333333,-0.83,62.07,0.21805007788395497,0
2024-02-14T02:00:00Z,0.08333333333333333,-1.07,67.98,0.18086228885593825,0
2024-02-14T02:30:00Z,0.08333333333333333,-1.07,67.98,0.18086228885593825,0
2024-02-14T03:00:00Z,0.11111111111111112,-1.92,74.97,0.13279448545613398,0
2024-02-14T03:30:00Z,0.11111111111111112,-1.92,74.97,0.13279448545613398,0
2024-02-14T04:00:00Z,0.11111111111111112,-2.19,76.94,0.11992091684498629,0
2024-02-14T04:30:00Z,0.11111111111111112,-2.19,76.94,0.11992091684498629,0
2024-02-14T05:00:00Z,0.11111111111111112,-2.43,78.51,0.10978337499737734,0
2024-02-14T05:30:00Z,0.11111111111111112,-2.43,78.51,0.10978337499737734,0
2024-02-14T06:00:00Z,0.11111111111111112,-2.63,80.7,0.0971402363538113,0
2024-02-14T06:30:00Z,0.11111111111111112,-2.63,80.7,0.0971402363538113,0
2024-02-14T07:00:00Z,0.11111111111111112,-2.7,80.9,0.09563397382030703,0
2024-02-14T07:30:00Z,0.11111111111111112,-2.7,80.9,0.09563397382030703,0
2024-02-14T08:00:00Z,0.16666666666666666,-3.67,84,0.07450756051884122,0
2024-02-14T08:30:00Z,0.16666666666666666,-3.67,84,0.07450756051884122,0
2024-02-14T09:00:00Z,0.11111111111111112,-4.08,82.5,0.07901796535160444,0
2024-02-14T09:30:00Z,0.11111111111111112,-4.08,82.5,0.07901796535160444,0
2024-02-14T10:00:00Z,0.11111111111111112,-4.95,87.9,0.051156195051991926,0
2024-02-14T10:30:00Z,0.11111111111111112,-4.95,87.9,0.051156195051991926,0
2024-02-14T11:00:00Z,0.11111111111111112,-5.03,91.2,0.03697917430408987,0
2024-02-14T11:30:00Z,0.11111111111111112,-5.03,91.2,0.03697917430408987,0
2024-02-14T12:00:00Z,0.08333333333333333,-3.96,86.2,0.06287695881434235,0
2024-02-14T12:30:00Z,0.08333333333333333,-3.96,86.2,0.06287695881434235,0
2024-02-14T13:00:00Z,1.527777777777778,-3.85,86,0.06431829543953244,0
2024-02-14T13:30:00Z,1.527777777777778,-3.85,86,0.06431829543953244,0
2024-02-14T14:00:00Z,32.52777777777778,-3.38,87.3,0.06044056661214353,0
2024-02-14T14:30:00Z,32.52777777777778,-3.38,87.3,0.06044056661214353,0
2024-02-14T15:00:00Z,143.38888888888891,-1.91,79.93,0.10655842529053827,0
2024-02-14T15:30:00Z,143.38888888888891,-1.91,79.93,0.10655842529053827,0
2024-02-14T16:00:00Z,370.5833333333333,0.48,62.72,0.23578464213669958,0
2024-02-14T16:30:00Z,370.5833333333333,0.48,62.72,0.23578464213669958,0
2024-02-14T17:00:00Z,476.25,1.96,53.66,0.3260593607168067,0
2024-02-14T17:30:00Z,476.25,1.96,53.66,0.3260593607168067,0
2024-02-14T18:00:00Z,402.1666666666667,2.66,51.62,0.35785467421924383,0
2024-02-14T18:30:00Z,402.1666666666667,2.66,51.62,0.35785467421924383,0
2024-02-14T19:00:00Z,364.72222222222223,3.66,50.32,0.39446091163672536,0
2024-02-14T19:30:00Z,364.72222222222223,3.66,50.32,0.39446091163672536,0
2024-02-14T20:00:00Z,316.3333333333333,3.73,54.73,0.3612251873720122,0
2024-02-14T20:30:00Z,316.3333333333333,3.73,54.73,0.3612251873720122,0
2024-02-14T21:00:00Z,199.50000000000003,3.68,55.75,0.3518428154733927,0
2024-02-14T21:30:00Z,199.50000000000003,3.68,55.75,0.3518428154733927,0
2024-02-14T22:00:00Z,80.52777777777777,2.96,63.02,0.27942747656207323,0
2024-02-14T22:30:00Z,80.52777777777777,2.96,63.02,0.27942747656207323,0
2024-02-14T23:00:00Z,44.583333333333336,2.39,63.36,0.2658528000941919,0
2024-02-14T23:30:00Z,44.583333333333336,2.39,63.36,0.2658528000941919,0
2024-02-15T00:00:00Z,1.027777777777778,1.58,66.76,0.22759792478704405,0
2024-02-15T00:30:00Z,1.027777777777778,1.58,66.76,0.22759792478704405,0
2024-02-15T01:00:00Z,0.08333333333333333,1.36,67.62,0.21823078299796927,0
2024-02-15T01:30:00Z,0.08333333333333333,1.36,67.62,0.21823078299796927,0
2024-02-15T02:00:00Z,0.1388888888888889,0.36,69.62,0.1904793795954911,0
2024-02-15T02:30:00Z,0.1388888888888889,0.36,69.62,0.1904793795954911,0
2024-02-15T03:00:00Z,0.16666666666666666,-1.09,73.02,0.15217058608051792,0
2024-02-15T03:30:00Z,0.16666666666666666,-1.09,73.02,0.15217058608051792,0
2024-02-15T04:00:00Z,0.11111111111111112,-1.38,74.59,0.14029149251464385,0
2024-02-15T04:30:00Z,0.11111111111111112,-1.38,74.59,0.14029149251464385,0
2024-02-15T05:00:00Z,0.05555555555555556,0.33,69.37,0.19162922613537636,0
2024-02-15T05:30:00Z,0.05555555555555556,0.33,69.37,0.19162922613537636,0
2024-02-15T06:00:00Z,0.05555555555555556,1.54,61.74,0.26121880668910236,0
2024-02-15T06:30:00Z,0.05555555555555556,1.54,61.74,0.26121880668910236,0
2024-02-15T07:00:00Z,0.08333333333333333,1.38,61.48,0.2599862275236846,0
2024-02-15T07:30:00Z,0.08333333333333333,1.38,61.48,0.2599862275236846,0
2024-02-15T08:00:00Z,0.08333333333333333,0.72,65.43,0.2224776460664762,0
2024-02-15T08:30:00Z,0.08333333333333333,0.72,65.43,0.2224776460664762,0
2024-02-15T09:00:00Z,0.05555555555555556,0.97,62.08,0.24848548661414166,0
2024-02-15T09:30:00Z,0.05555555555555556,0.97,62.08,0.24848548661414166,0
2024-02-15T10:00:00Z,0.02777777777777778,0.98,61.01,0.2556815672946035,0
2024-02-15T10:30:00Z,0.02777777777777778,0.98,61.01,0.2556815672946035,0
2024-02-15T11:00:00Z,0.05555555555555556,0.12,75.23,0.1526215710741171,0
2024-02-15T11:30:00Z,0.05555555555555556,0.12,75.23,0.1526215710741171,0
2024-02-15T12:00:00Z,0.08333333333333333,-1.42,97.1,0.015964133482679776,0
2024-02-15T12:30:00Z,0.08333333333333333,-1.42,97.1,0.015964133482679776,0
2024-02-15T13:00:00Z,0.1388888888888889,-1.31,98,0.01109927033035707,0
2024-02-15T13:30:00Z,0.1388888888888889,-1.31,98,0.01109927033035707,0
2024-02-15T14:00:00Z,1.6944444444444444,-0.84,98.4,0.009191260669979107,0
2024-02-15T14:30:00Z,1.6944444444444444,-0.84,98.4,0.009191260669979107,0
2024-02-15T15:00:00Z,7.305555555555556,-0.53,98.6,0.008226934219613957,0
2024-02-15T15:30:00Z,7.305555555555556,-0.53,98.6,0.008226934219613957,0
2024-02-15T16:00:00Z,17.694444444444446,-0.37,98.3,0.010107301357381915,0
2024-02-15T16:30:00Z,17.694444444444446,-0.37,98.3,0.010107301357381915,0
2024-02-15T17:00:00Z,30.111111111111114,-0.03,96,0.0243787087744598,0
2024-02-15T17:30:00Z,30.111111111111114,-0.03,96,0.0243787087744598,0
2024-02-15T18:00:00Z,53.30555555555556,0.77,92.3,0.04973340385361702,0
2024-02-15T18:30:00Z,53.30555555555556,0.77,92.3,0.04973340385361702,0
2024-02-15T19:00:00Z,77.61111111111111,1.14,83.9,0.10680319685159678,0.125
2024-02-15T19:30:00Z,77.61111111111111,1.14,83.9,0.10680319685159678,0.125
2024-02-15T20:00:00Z,98.8888888888889,0.63,77.78,0.14207006151968893,1.145
2024-02-15T20:30:00Z,98.8888888888889,0.63,77.78,0.14207006151968893,1.145
2024-02-15T21:00:00Z,154.41666666666666,0.43,69.71,0.19088183101178346,0.76
2024-02-15T21:30:00Z,154.41666666666666,0.43,69.71,0.19088183101178346,0.76
2024-02-15T22:00:00Z,83.55555555555556,-0.06,63.69,0.22081491101651907,0.255
2024-02-15T22:30:00Z,83.55555555555556,-0.06,63.69,0.22081491101651907,0.255
2024-02-15T23:00:00Z,64.11111111111111,-0.07,66.19,0.20546179527477915,0.125
2024-02-15T23:30:00Z,64.11111111111111,-0.07,66.19,0.20546179527477915,0.125
2024-02-16T00:00:00Z,1.6111111111111112,-0.59,65.61,0.20120407934388473,0
2024-02-16T00:30:00Z,1.6111111111111112,-0.59,65.61,0.20120407934388473,0
2024-02-16T01:00:00Z,0.08333333333333333,-0.84,68.57,0.1805508267859034,0
2024-02-16T01:30:00Z,0.08333333333333333,-0.84,68.57,0.1805508267859034,0
2024-02-16T02:00:00Z,0.08333333333333333,-1.08,63.53,0.20584651005771393,0
2024-02-16T02:30:00Z,0.08333333333333333,-1.08,63.53,0.20584651005771393,0
2024-02-16T03:00:00Z,0.08333333333333333,-1.31,63.64,0.20178473460589136,0
2024-02-16T03:30:00Z,0.08333333333333333,-1.31,63.64,0.20178473460589136,0
2024-02-16T04:00:00Z,0.05555555555555556,-1.68,66.02,0.18350359318603743,0
2024-02-16T04:30:00Z,0.05555555555555556,-1.68,66.02,0.18350359318603743,0
2024-02-16T05:00:00Z,0.05555555555555556,-2.26,67.83,0.16643020565784344,0
2024-02-16T05:30:00Z,0.05555555555555556,-2.26,67.83,0.16643020565784344,0
2024-02-16T06:00:00Z,0.05555555555555556,-2.61,69.1,0.15575666982914765,0
2024-02-16T06:30:00Z,0.05555555555555556,-2.61,69.1,0.15575666982914765,0
2024-02-16T07:00:00Z,0.05555555555555556,-2.72,70.36,0.14818703593355997,0
2024-02-16T07:30:00Z,0.05555555555555556,-2.72,70.36,0.14818703593355997,0
2024-02-16T08:00:00Z,0.05555555555555556,-2.81,69.94,0.14928250694923012,0
2024-02-16T08:30:00Z,0.05555555555555556,-2.81,69.94,0.14928250694923012,0
2024-02-16T09:00:00Z,0.08333333333333333,-3.09,63.98,0.17518203653493575,0
2024-02-16T09:30:00Z,0.08333333333333333,-3.09,63.98,0.17518203653493575,0
2024-02-16T10:00:00Z,0.05555555555555556,-3.56,62.04,0.17823447021907662,0
2024-02-16T10:30:00Z,0.05555555555555556,-3.56,62.04,0.17823447021907662,0
2024-02-16T11:00:00Z,0.08333333333333333,-4.18,65.53,0.15447402099407637,0
2024-02-16T11:30:00Z,0.08333333333333333,-4.18,65.53,0.15447402099407637,0
2024-02-16T12:00:00Z,0.08333333333333333,-4.77,65.5,0.1478636957856757,0
2024-02-16T12:30:00Z,0.08333333333333333,-4.77,65.5,0.1478636957856757,0
2024-02-16T13:00:00Z,2.361111111111111,-5.22,65.28,0.14380730192559088,0
2024-02-16T13:30:00Z,2.361111111111111,-5.22,65.28,0.14380730192559088,0
2024-02-16T14:00:00Z,46.77777777777778,-4.89,68.34,0.13446254528577117,0
2024-02-16T14:30:00Z,46.77777777777778,-4.89,68.34,0.13446254528577117,0
2024-02-16T15:00:00Z,123.69444444444446,-3.83,61.61,0.17663538215946245,0
2024-02-16T15:30:00Z,123.69444444444446,-3.83,61.61,0.17663538215946245,0
2024-02-16T16:00:00Z,188.91666666666669,-3.27,59.64,0.1936654798555233,0
2024-02-16T16:30:00Z,188.91666666666669,-3.27,59.64,0.1936654798555233,0
2024-02-16T17:00:00Z,210.97222222222223,-2.97,58.83,0.20203112238466187,0
2024-02-16T17:30:00Z,210.97222222222223,-2.97,58.83,0.20203112238466187,0
2024-02-16T18:00:00Z,198.13888888888889,-2.79,61.21,0.19292434860425633,0.125
2024-02-16T18:30:00Z,198.13888888888889,-2.79,61.21,0.19292434860425633,0.125
2024-02-16T19:00:00Z,171.2777777777778,-2.88,65.36,0.17113204444784014,0
2024-02-16T19:30:00Z,171.2777777777778,-2.88,65.36,0.17113204444784014,0
2024-02-16T20:00:00Z,207.5,-2.46,65.07,0.1780453771591941,0.125
2024-02-16T20:30:00Z,207.5,-2.46,65.07,0.1780453771591941,0.125
2024-02-16T21:00:00Z,183.69444444444443,-2.5,65.64,0.17462007025041365,0
2024-02-16T21:30:00Z,183.69444444444443,-2.5,65.64,0.17462007025041365,0
2024-02-16T22:00:00Z,151.86111111111114,-2.51,60,0.20313190799411024,0
2024-02-16T22:30:00Z,151.86111111111114,-2.51,60,0.20313190799411024,0
2024-02-16T23:00:00Z,142.5,-2.88,56.78,0.21351983143867354,0
2024-02-16T23:30:00Z,142.5,-2.88,56.78,0.21351983143867354,0
2024-02-17T00:00:00Z,2.611111111111111,-4.74,62.67,0.16035696416748962,0
2024-02-17T00:30:00Z,2.611111111111111,-4.74,62.67,0.16035696416748962,0
2024-02-17T01:00:00Z,0.11111111111111112,-5.14,61.78,0.15927020979120765,0
2024-02-17T01:30:00Z,0.11111111111111112,-5.14,61.78,0.15927020979120765,0
2024-02-17T02:00:00Z,0.08333333333333333,-4.97,63.35,0.15471322244483787,0
2024-02-17T02:30:00Z,0.08333333333333333,-4.97,63.35,0.15471322244483787,0
2024-02-17T03:00:00Z,0.08333333333333333,-5.33,67.24,0.13455768233231896,0
2024-02-17T03:30:00Z,0.08333333333333333,-5.33,67.24,0.13455768233231896,0
2024-02-17T04:00:00Z,0.05555555555555556,-5.78,87.8,0.048418505756976926,0
2024-02-17T04:30:00Z,0.05555555555555556,-5.78,87.8,0.048418505756976926,0
2024-02-17T05:00:00Z,0.08333333333333333,-5.9,88.3,0.046009848528989594,0
2024-02-17T05:30:00Z,0.08333333333333333,-5.9,88.3,0.046009848528989594,0
2024-02-17T06:00:00Z,0.11111111111111112,-6.64,84.3,0.05832957852296189,0
2024-02-17T06:30:00Z,0.11111111111111112,-6.64,84.3,0.05832957852296189,0
2024-02-17T07:00:00Z,0.08333333333333333,-7.04,87.3,0.04574973931873444,0
2024-02-17T07:30:00Z,0.08333333333333333,-7.04,87.3,0.04574973931873444,0
2024-02-17T08:00:00Z,0.08333333333333333,-7.44,86.8,0.04610074024932925,0
2024-02-17T08:30:00Z,0.08333333333333333,-7.44,86.8,0.04610074024932925,0
2024-02-17T09:00:00Z,0.11111111111111112,-7.49,80.6,0.0674918042902814,0
2024-02-17T09:30:00Z,0.11111111111111112,-7.49,80.6,0.0674918042902814,0
2024-02-17T10:00:00Z,0.11111111111111112,-7.76,76.6,0.07971780349168084,0
2024-02-17T10:30:00Z,0.11111111111111112,-7.76,76.6,0.07971780349168084,0
2024-02-17T11:00:00Z,0.08333333333333333,-8.05,77.6,0.07460689023181538,0
2024-02-17T11:30:00Z,0.08333333333333333,-8.05,77.6,0.07460689023181538,0
2024-02-17T12:00:00Z,0.11111111111111112,-8.46,80.6,0.06257818680957844,0
2024-02-17T12:30:00Z,0.11111111111111112,-8.46,80.6,0.06257818680957844,0
2024-02-17T13:00:00Z,3.027777777777778,-8.65,77.13,0.07268161162050038,0
2024-02-17T13:30:00Z,3.027777777777778,-8.65,77.13,0.07268161162050038,0
2024-02-17T14:00:00Z,46.19444444444445,-8.63,75.61,0.07763382625993642,0
2024-02-17T14:30:00Z,46.19444444444445,-8.63,75.61,0.07763382625993642,0
2024-02-17T15:00:00Z,145.38888888888889,-8.27,66.04,0.11118368539481341,0
2024-02-17T15:30:00Z,145.38888888888889,-8.27,66.04,0.11118368539481341,0
2024-02-17T16:00:00Z,214.80555555555554,-8.05,58.74,0.1374232272752099,0
2024-02-17T16:30:00Z,214.80555555555554,-8.05,58.74,0.1374232272752099,0
2024-02-17T17:00:00Z,345.4166666666667,-7.59,57.22,0.14767894127110098,0
2024-02-17T17:30:00Z,345.4166666666667,-7.59,57.22,0.14767894127110098,0
2024-02-17T18:00:00Z,374.22222222222223,-7.33,55.13,0.15804971208902943,0
2024-02-17T18:30:00Z,374.22222222222223,-7.33,55.13,0.15804971208902943,0
2024-02-17T19:00:00Z,410.3888888888889,-6.89,50.5,0.18039403045974317,0
2024-02-17T19:30:00Z,410.3888888888889,-6.89,50.5,0.18039403045974317,0
2024-02-17T20:00:00Z,348.19444444444446,-6.5,55.8,0.1659938422691751,0
2024-02-17T20:30:00Z,348.19444444444446,-6.5,55.8,0.1659938422691751,0
2024-02-17T21:00:00Z,190.63888888888889,-6.52,63.91,0.13532819585966394,0
2024-02-17T21:30:00Z,190.63888888888889,-6.52,63.91,0.13532819585966394,0
2024-02-17T22:00:00Z,91.27777777777779,-6.01,66.66,0.13000872843182293,0
2024-02-17T22:30:00Z,91.27777777777779,-6.01,66.66,0.13000872843182293,0
2024-02-17T23:00:00Z,37.16666666666667,-5.33,69.79,0.12408387006286187,0
2024-02-17T23:30:00Z,37.16666666666667,-5.33,69.79,0.12408387006286187,0
2024-02-18T00:00:00Z,1.8333333333333333,-4.53,70.37,0.12932008401586992,0
2024-02-18T00:30:00Z,1.8333333333333333,-4.53,70.37,0.12932008401586992,0
2024-02-18T01:00:00Z,0.05555555555555556,-3.35,67.68,0.15416004674913186,0
2024-02-18T01:30:00Z,0.05555555555555556,-3.35,67.68,0.15416004674913186,0
2024-02-18T02:00:00Z,0.08333333333333333,-2.68,66.57,0.16763392899489993,0
2024-02-18T02:30:00Z,0.08333333333333333,-2.68,66.57,0.16763392899489993,0
2024-02-18T03:00:00Z,0.08333333333333333,-2.34,66.52,0.1721822055926424,0
2024-02-18T03:30:00Z,0.08333333333333333,-2.34,66.52,0.1721822055926424,0
2024-02-18T04:00:00Z,0.05555555555555556,-2.29,66.61,0.17235776817056675,0
2024-02-18T04:30:00Z,0.05555555555555556,-2.29,66.61,0.17235776817056675,0
2024-02-18T05:00:00Z,0.05555555555555556,-2.21,63.08,0.1917137710552294,0
2024-02-18T05:30:00Z,0.05555555555555556,-2.21,63.08,0.1917137710552294,0
2024-02-18T06:00:00Z,0.05555555555555556,-2.01,62.46,0.19784321265079446,0
2024-02-18T06:30:00Z,0.05555555555555556,-2.01,62.46,0.19784321265079446,0
2024-02-18T07:00:00Z,0.05555555555555556,-2.01,61.98,0.20037290743162506,0
2024-02-18T07:30:00Z,0.05555555555555556,-2.01,61.98,0.20037290743162506,0
2024-02-18T08:00:00Z,0.08333333333333333,-2.23,64.58,0.18365216194282952,0
2024-02-18T08:30:00Z,0.08333333333333333,-2.23,64.58,0.18365216194282952,0
2024-02-18T09:00:00Z,0.08333333333333333,-2.52,67.6,0.16441456668844157,0
2024-02-18T09:30:00Z,0.08333333333333333,-2.52,67.6,0.16441456668844157,0
2024-02-18T10:00:00Z,0.05555555555555556,-2.13,69.46,0.1595276882217812,0
2024-02-18T10:30:00Z,0.05555555555555556,-2.13,69.46,0.1595276882217812,0
2024-02-18T11:00:00Z,0.05555555555555556,-1.97,70.77,0.15450461069232674,0
2024-02-18T11:30:00Z,0.05555555555555556,-1.97,70.77,0.15450461069232674,0
2024-02-18T12:00:00Z,0.05555555555555556,-1.9,71.28,0.15259702269951575,0
2024-02-18T12:30:00Z,0.05555555555555556,-1.9,71.28,0.15259702269951575,0
2024-02-18T13:00:00Z,3.9444444444444446,-2.12,72.58,0.14333633441245908,0
2024-02-18T13:30:00Z,3.9444444444444446,-2.12,72.58,0.14333633441245908,0
2024-02-18T14:00:00Z,53.52777777777778,-1.77,72.67,0.14661365360659212,0
2024-02-18T14:30:00Z,53.52777777777778,-1.77,72.67,0.14661365360659212,0
2024-02-18T15:00:00Z,183.5277777777778,-0.88,69.57,0.1742944554504725,0
2024-02-18T15:30:00Z,183.5277777777778,-0.88,69.57,0.1742944554504725,0
2024-02-18T16:00:00Z,319.9166666666667,-0.57,66.41,0.19681121604926466,0
2024-02-18T16:30:00Z,319.9166666666667,-0.57,66.41,0.19681121604926466,0
2024-02-18T17:00:00Z,280.58333333333337,-0.84,66.06,0.1949696169619332,0
2024-02-18T17:30:00Z,280.58333333333337,-0.84,66.06,0.1949696169619332,0
2024-02-18T18:00:00Z,360.8055555555556,-0.62,63.03,0.21582462871737157,0
2024-02-18T18:30:00Z,360.8055555555556,-0.62,63.03,0.21582462871737157,0
2024-02-18T19:00:00Z,466.13888888888886,-0.28,59.69,0.24124121151847672,0.255
2024-02-18T19:30:00Z,466.13888888888886,-0.28,59.69,0.24124121151847672,0.255
2024-02-18T20:00:00Z,619.8888888888889,0.26,57.03,0.2674687976767568,0.255
2024-02-18T20:30:00Z,619.8888888888889,0.26,57.03,0.2674687976767568,0.255
2024-02-18T21:00:00Z,362.9166666666667,0.15,57.73,0.26101729438207644,0
2024-02-18T21:30:00Z,362.9166666666667,0.15,57.73,0.26101729438207644,0
2024-02-18T22:00:00Z,157.13888888888891,-0.25,59.48,0.24302920217022378,0
2024-02-18T22:30:00Z,157.13888888888891,-0.25,59.48,0.24302920217022378,0
2024-02-18T23:00:00Z,40.111111111111114,-0.98,62.34,0.21412942287526082,0
2024-02-18T23:30:00Z,40.111111111111114,-0.98,62.34,0.21412942287526082,0
2024-02-19T00:00:00Z,3.388888888888889,-2.03,63.76,0.19070937450357195,0
2024-02-19T00:30:00Z,3.388888888888889,-2.03,63.76,0.19070937450357195,0
2024-02-19T01:00:00Z,0.1388888888888889,-3.02,66.19,0.16529571172721552,0
2024-02-19T01:30:00Z,0.1388888888888889,-3.02,66.19,0.16529571172721552,0
2024-02-19T02:00:00Z,0.11111111111111112,-4.26,71.64,0.12632795648777168,0
2024-02-19T02:30:00Z,0.11111111111111112,-4.26,71.64,0.12632795648777168,0
2024-02-19T03:00:00Z,0.11111111111111112,-5.54,76.28,0.09587978947169462,0
2024-02-19T03:30:00Z,0.11111111111111112,-5.54,76.28,0.09587978947169462,0
2024-02-19T04:00:00Z,0.1388888888888889,-6.8,82.8,0.06311920239664875,0
2024-02-19T04:30:00Z,0.1388888888888889,-6.8,82.8,0.06311920239664875,0
2024-02-19T05:00:00Z,0.11111111111111112,-7.69,85.8,0.04863978862813351,0
2024-02-19T05:30:00Z,0.11111111111111112,-7.69,85.8,0.04863978862813351,0
2024-02-19T06:00:00Z,0.08333333333333333,-7.29,84.8,0.0537065356294803,0
2024-02-19T06:30:00Z,0.08333333333333333,-7.29,84.8,0.0537065356294803,0
2024-02-19T07:00:00Z,0.08333333333333333,-7.49,84.8,0.05288017655733385,0
2024-02-19T07:30:00Z,0.08333333333333333,-7.49,84.8,0.05288017655733385,0
2024-02-19T08:00:00Z,0.08333333333333333,-7.32,84.4,0.054991904376073375,0
2024-02-19T08:30:00Z,0.08333333333333333,-7.32,84.4,0.054991904376073375,0
2024-02-19T09:00:00Z,0.1388888888888889,-8.93,87.8,0.03792926233749555,0
2024-02-19T09:30:00Z,0.1388888888888889,-8.93,87.8,0.03792926233749555,0
2024-02-19T10:00:00Z,0.11111111111111112,-8.94,89.9,0.0313757890238936,0
2024-02-19T10:30:00Z,0.11111111111111112,-8.94,89.9,0.0313757890238936,0
2024-02-19T11:00:00Z,0.11111111111111112,-8.75,90.6,0.02964015125795899,0
2024-02-19T11:30:00Z,0.11111111111111112,-8.75,90.6,0.02964015125795899,0
2024-02-19T12:00:00Z,0.08333333333333333,-9.06,90.6,0.028927000370653544,0
2024-02-19T12:30:00Z,0.08333333333333333,-9.06,90.6,0.028927000370653544,0
2024-02-19T13:00:00Z,5.777777777777779,-9.29,90.8,0.027803362835520706,0
2024-02-19T13:30:00Z,5.777777777777779,-9.29,90.8,0.027803362835520706,0
2024-02-19T14:00:00Z,51.02777777777778,-8.37,88.4,0.037682251672627454,0
2024-02-19T14:30:00Z,51.02777777777778,-8.37,88.4,0.037682251672627454,0
2024-02-19T15:00:00Z,185.5,-5.02,78.38,0.09092014452621644,0
2024-02-19T15:30:00Z,185.5,-5.02,78.38,0.09092014452621644,0
2024-02-19T16:00:00Z,395.9166666666667,-0.98,63.62,0.2068515242751458,0
2024-02-19T16:30:00Z,395.9166666666667,-0.98,63.62,0.2068515242751458,0
2024-02-19T17:00:00Z,513,1.16,52.92,0.3127669690101238,0
2024-02-19T17:30:00Z,513,1.16,52.92,0.3127669690101238,0
2024-02-19T18:00:00Z,550,2.1,48.11,0.3687860659384829,0
2024-02-19T18:30:00Z,550,2.1,48.11,0.3687860659384829,0
2024-02-19T19:00:00Z,519.9722222222223,3.2,43.77,0.4321780912030689,0
2024-02-19T19:30:00Z,519.9722222222223,3.2,43.77,0.4321780912030689,0
2024-02-19T20:00:00Z,491.72222222222223,3.17,44.16,0.4282691804776888,0
2024-02-19T20:30:00Z,491.72222222222223,3.17,44.16,0.4282691804776888,0
2024-02-19T21:00:00Z,377.08333333333337,3.33,44.61,0.42965920607091473,0
2024-02-19T21:30:00Z,377.08333333333337,3.33,44.61,0.42965920607091473,0
2024-02-19T22:00:00Z,218.05555555555557,3.29,48.54,0.3980455894564075,0
2024-02-19T22:30:00Z,218.05555555555557,3.29,48.54,0.3980455894564075,0
2024-02-19T23:00:00Z,43.16666666666667,2.28,55.75,0.31855889637446966,0
2024-02-19T23:30:00Z,43.16666666666667,2.28,55.75,0.31855889637446966,0
2024-02-20T00:00:00Z,2.8333333333333335,0.97,57.1,0.28111886539416336,0
2024-02-20T00:30:00Z,2.8333333333333335,0.97,57.1,0.28111886539416336,0
2024-02-20T01:00:00Z,0.08333333333333333,0.27,59.58,0.2517789644840381,0
2024-02-20T01:30:00Z,0.08333333333333333,0.27,59.58,0.2517789644840381,0
2024-02-20T02:00:00Z,0.08333333333333333,-1.38,65.77,0.18898771305691692,0
2024-02-20T02:30:00Z,0.08333333333333333,-1.38,65.77,0.18898771305691692,0
2024-02-20T03:00:00Z,0.08333333333333333,-1.7,66.93,0.17832579070617016,0
2024-02-20T03:30:00Z,0.08333333333333333,-1.7,66.93,0.17832579070617016,0
2024-02-20T04:00:00Z,0.08333333333333333,-2.1,69.54,0.15946385884755415,0
2024-02-20T04:30:00Z,0.08333333333333333,-2.1,69.54,0.15946385884755415,0
2024-02-20T05:00:00Z,0.05555555555555556,-2.23,70.52,0.15285335217601964,0
2024-02-20T05:30:00Z,0.05555555555555556,-2.23,70.52,0.15285335217601964,0
2024-02-20T06:00:00Z,0.05555555555555556,-2.72,72.25,0.1387378625896184,0
2024-02-20T06:30:00Z,0.05555555555555556,-2.72,72.25,0.1387378625896184,0
2024-02-20T07:00:00Z,0.05555555555555556,-3.25,75.17,0.11932395642373628,0
2024-02-20T07:30:00Z,0.05555555555555556,-3.25,75.17,0.11932395642373628,0
2024-02-20T08:00:00Z,0.05555555555555556,-3.8,77.92,0.1018211736961388,0
2024-02-20T08:30:00Z,0.05555555555555556,-3.8,77.92,0.1018211736961388,0
2024-02-20T09:00:00Z,0.05555555555555556,-4.15,80.7,0.0866869772990238,0
2024-02-20T09:30:00Z,0.05555555555555556,-4.15,80.7,0.0866869772990238,0
2024-02-20T10:00:00Z,0.05555555555555556,-4.41,83.3,0.07355134696832877,0
2024-02-20T10:30:00Z,0.05555555555555556,-4.41,83.3,0.07355134696832877,0
2024-02-20T11:00:00Z,0.08333333333333333,-4.47,85.2,0.06488831041973941,0
2024-02-20T11:30:00Z,0.08333333333333333,-4.47,85.2,0.06488831041973941,0
2024-02-20T12:00:00Z,0.11111111111111112,-4.74,87,0.055843571770087475,0
2024-02-20T12:30:00Z,0.11111111111111112,-4.74,87,0.055843571770087475,0
2024-02-20T13:00:00Z,4.5,-4.84,88.5,0.049027013498163075,0
2024-02-20T13:30:00Z,4.5,-4.84,88.5,0.049027013498163075,0
2024-02-20T14:00:00Z,34.22222222222222,-3.77,87.3,0.05869781548860509,0
2024-02-20T14:30:00Z,34.22222222222222,-3.77,87.3,0.05869781548860509,0
2024-02-20T15:00:00Z,246.11111111111111,0.13,73.76,0.16179663239841197,0
2024-02-20T15:30:00Z,246.11111111111111,0.13,73.76,0.16179663239841197,0
2024-02-20T16:00:00Z,411.3888888888889,2.9,64.21,0.269285814854269,0
2024-02-20T16:30:00Z,411.3888888888889,2.9,64.21,0.269285814854269,0
2024-02-20T17:00:00Z,509.9722222222223,4.57,57.23,0.36203591395269047,0
2024-02-20T17:30:00Z,509.9722222222223,4.57,57.23,0.36203591395269047,0
2024-02-20T18:00:00Z,560.5277777777778,5.74,53.38,0.428162777665892,0
2024-02-20T18:30:00Z,560.5277777777778,5.74,53.38,0.428162777665892,0
2024-02-20T19:00:00Z,556.5,6.86,49.39,0.5021868172784419,0
2024-02-20T19:30:00Z,556.5,6.86,49.39,0.5021868172784419,0
2024-02-20T20:00:00Z,496.52777777777777,7.66,47.91,0.5459964018173982,0
2024-02-20T20:30:00Z,496.52777777777777,7.66,47.91,0.5459964018173982,0
2024-02-20T21:00:00Z,305.5833333333333,7.95,49.16,0.5435411755357787,0
2024-02-20T21:30:00Z,305.5833333333333,7.95,49.16,0.5435411755357787,0
2024-02-20T22:00:00Z,152.02777777777777,7.24,54.46,0.4638200129183653,0
2024-02-20T22:30:00Z,152.02777777777777,7.24,54.46,0.4638200129183653,0
2024-02-20T23:00:00Z,43.861111111111114,6.02,57.42,0.3987212406891234,0
2024-02-20T23:30:00Z,43.861111111111114,6.02,57.42,0.3987212406891234,0
2024-02-21T00:00:00Z,2.3333333333333335,5.25,57.74,0.3751214811914366,0
2024-02-21T00:30:00Z,2.3333333333333335,5.25,57.74,0.3751214811914366,0
2024-02-21T01:00:00Z,0.05555555555555556,4.51,61.59,0.3237657046515655,0
2024-02-21T01:30:00Z,0.05555555555555556,4.51,61.59,0.3237657046515655,0
2024-02-21T02:00:00Z,0.02777777777777778,4.1,64.01,0.2947591710498575,0
2024-02-21T02:30:00Z,0.02777777777777778,4.1,64.01,0.2947591710498575,0
2024-02-21T03:00:00Z,0.05555555555555556,4.28,62.44,0.31153335872454024,0
2024-02-21T03:30:00Z,0.05555555555555556,4.28,62.44,0.31153335872454024,0
2024-02-21T04:00:00Z,0.02777777777777778,5.04,60.15,0.3485877191865616,0
2024-02-21T04:30:00Z,0.02777777777777778,5.04,60.15,0.3485877191865616,0
2024-02-21T05:00:00Z,0.02777777777777778,5.37,60.09,0.3572339804385015,0
2024-02-21T05:30:00Z,0.02777777777777778,5.37,60.09,0.3572339804385015,0
2024-02-21T06:00:00Z,0.02777777777777778,4.72,62.66,0.31940920457303656,0
2024-02-21T06:30:00Z,0.02777777777777778,4.72,62.66,0.31940920457303656,0
2024-02-21T07:00:00Z,0.02777777777777778,4.61,63.59,0.30906499945500776,0
2024-02-21T07:30:00Z,0.02777777777777778,4.61,63.59,0.30906499945500776,0
2024-02-21T08:00:00Z,0.02777777777777778,4.85,63.47,0.3153340219560373,0
2024-02-21T08:30:00Z,0.02777777777777778,4.85,63.47,0.3153340219560373,0
2024-02-21T09:00:00Z,0.05555555555555556,4.71,68.48,0.26943589370367926,0
2024-02-21T09:30:00Z,0.05555555555555556,4.71,68.48,0.26943589370367926,0
2024-02-21T10:00:00Z,0.05555555555555556,4.49,71.41,0.24065332568303444,0
2024-02-21T10:30:00Z,0.05555555555555556,4.49,71.41,0.24065332568303444,0
2024-02-21T11:00:00Z,0.02777777777777778,3.93,73.03,0.21825821485627384,0
2024-02-21T11:30:00Z,0.02777777777777778,3.93,73.03,0.21825821485627384,0
2024-02-21T12:00:00Z,0.02777777777777778,3.54,73.83,0.20603728544925093,0
2024-02-21T12:30:00Z,0.02777777777777778,3.54,73.83,0.20603728544925093,0
2024-02-21T13:00:00Z,1.6944444444444444,4.36,68.74,0.26073952707120873,0
2024-02-21T13:30:00Z,1.6944444444444444,4.36,68.74,0.26073952707120873,0
2024-02-21T14:00:00Z,40.30555555555556,4.48,68.77,0.2626910320899346,0
2024-02-21T14:30:00Z,40.30555555555556,4.48,68.77,0.2626910320899346,0
2024-02-21T15:00:00Z,140.25,6.04,64.32,0.33457212325222074,0
2024-02-21T15:30:00Z,140.25,6.04,64.32,0.33457212325222074,0
2024-02-21T16:00:00Z,265.69444444444446,7.75,60.61,0.4154223927612274,0
2024-02-21T16:30:00Z,265.69444444444446,7.75,60.61,0.4154223927612274,0
2024-02-21T17:00:00Z,192.13888888888891,9.27,56.13,0.5129148362915047,0
2024-02-21T17:30:00Z,192.13888888888891,9.27,56.13,0.5129148362915047,0
2024-02-21T18:00:00Z,458.61111111111114,11.22,55.24,0.5962187653292427,0
2024-02-21T18:30:00Z,458.61111111111114,11.22,55.24,0.5962187653292427,0
2024-02-21T19:00:00Z,373.0833333333333,13.56,47.97,0.8083000803711425,0
2024-02-21T19:30:00Z,373.0833333333333,13.56,47.97,0.8083000803711425,0
2024-02-21T20:00:00Z,427.77777777777777,14.5,43.73,0.9291410188249897,0
2024-02-21T20:30:00Z,427.77777777777777,14.5,43.73,0.9291410188249897,0
2024-02-21T21:00:00Z,324.19444444444446,14.03,46.09,0.8634871002511567,0
2024-02-21T21:30:00Z,324.19444444444446,14.03,46.09,0.8634871002511567,0
2024-02-21T22:00:00Z,185.08333333333334,13.2,48.61,0.7798323155470587,0
2024-02-21T22:30:00Z,185.08333333333334,13.2,48.61,0.7798323155470587,0
2024-02-21T23:00:00Z,79.5,11.69,50.53,0.6797919048787595,0
2024-02-21T23:30:00Z,79.5,11.69,50.53,0.6797919048787595,0
2024-02-22T00:00:00Z,3.7222222222222223,9.38,55.23,0.527331255581692,0
2024-02-22T00:30:00Z,3.7222222222222223,9.38,55.23,0.527331255581692,0
2024-02-22T01:00:00Z,0.02777777777777778,7.68,62.14,0.397382924910315,0
2024-02-22T01:30:00Z,0.02777777777777778,7.68,62.14,0.397382924910315,0
2024-02-22T02:00:00Z,0.02777777777777778,7.5,62.9,0.38464535315669357,0
2024-02-22T02:30:00Z,0.02777777777777778,7.5,62.9,0.38464535315669357,0
2024-02-22T03:00:00Z,0.05555555555555556,6.3,67.18,0.313335782812728,0
2024-02-22T03:30:00Z,0.05555555555555556,6.3,67.18,0.313335782812728,0
2024-02-22T04:00:00Z,0.02777777777777778,5.22,70.76,0.2590073573510451,0
2024-02-22T04:30:00Z,0.02777777777777778,5.22,70.76,0.2590073573510451,0
2024-02-22T05:00:00Z,0.02777777777777778,3.49,77.13,0.17942118657829964,0
2024-02-22T05:30:00Z,0.02777777777777778,3.49,77.13,0.17942118657829964,0
2024-02-22T06:00:00Z,0.05555555555555556,1.79,84.7,0.10635131202992965,0
2024-02-22T06:30:00Z,0.05555555555555556,1.79,84.7,0.10635131202992965,0
2024-02-22T07:00:00Z,0.05555555555555556,0.99,89.4,0.06956095071877577,0
2024-02-22T07:30:00Z,0.05555555555555556,0.99,89.4,0.06956095071877577,0
2024-02-22T08:00:00Z,0.08333333333333333,0.52,91.1,0.05645320112180752,0
2024-02-22T08:30:00Z,0.08333333333333333,0.52,91.1,0.05645320112180752,0
2024-02-22T09:00:00Z,0.11111111111111112,-0.8,92.9,0.04090595153445742,0
2024-02-22T09:30:00Z,0.11111111111111112,-0.8,92.9,0.04090595153445742,0
2024-02-22T10:00:00Z,0.11111111111111112,-0.43,93.9,0.036108821794961665,0
2024-02-22T10:30:00Z,0.11111111111111112,-0.43,93.9,0.036108821794961665,0
2024-02-22T11:00:00Z,0.1388888888888889,-0.59,93.5,0.03802926768639869,0
2024-02-22T11:30:00Z,0.1388888888888889,-0.59,93.5,0.03802926768639869,0
2024-02-22T12:00:00Z,0.11111111111111112,0.08,90.2,0.06020780390733815,0
2024-02-22T12:30:00Z,0.11111111111111112,0.08,90.2,0.06020780390733815,0
2024-02-22T13:00:00Z,5.138888888888889,-1.01,93.9,0.03460745504576823,0
2024-02-22T13:30:00Z,5.138888888888889,-1.01,93.9,0.03460745504576823,0
2024-02-22T14:00:00Z,53.916666666666664,-0.02,92.4,0.0463532760615869,0
2024-02-22T14:30:00Z,53.916666666666664,-0.02,92.4,0.0463532760615869,0
2024-02-22T15:00:00Z,169.94444444444443,2.49,86,0.102308205866801,0
2024-02-22T15:30:00Z,169.94444444444443,2.49,86,0.102308205866801,0
2024-02-22T16:00:00Z,291.3055555555556,5.68,73.62,0.24126987689748625,0
2024-02-22T16:30:00Z,291.3055555555556,5.68,73.62,0.24126987689748625,0
2024-02-22T17:00:00Z,492.0555555555556,9.81,54.35,0.5534676666800961,0
2024-02-22T17:30:00Z,492.0555555555556,9.81,54.35,0.5534676666800961,0
2024-02-22T18:00:00Z,539.5277777777778,11.48,45.53,0.7381720182444309,0
2024-02-22T18:30:00Z,539.5277777777778,11.48,45.53,0.7381720182444309,0
2024-02-22T19:00:00Z,533.0555555555555,12.99,35.87,0.959892348811294,0
2024-02-22T19:30:00Z,533.0555555555555,12.99,35.87,0.959892348811294,0
2024-02-22T20:00:00Z,480.9444444444445,13.61,31.87,1.061869160444524,0
2024-02-22T20:30:00Z,480.9444444444445,13.61,31.87,1.061869160444524,0
2024-02-22T21:00:00Z,370.72222222222223,14.24,28.62,1.1589779485380873,0
2024-02-22T21:30:00Z,370.72222222222223,14.24,28.62,1.1589779485380873,0
2024-02-22T22:00:00Z,244.80555555555554,14.31,28.85,1.1604917115347588,0
2024-02-22T22:30:00Z,244.80555555555554,14.31,28.85,1.1604917115347588,0
2024-02-22T23:00:00Z,96.5,12.55,32.28,0.9848165983942523,0
2024-02-22T23:30:00Z,96.5,12.55,32.28,0.9848165983942523,0
2024-02-23T00:00:00Z,3.6666666666666665,9.02,28.66,0.8201335989815004,0
2024-02-23T00:30:00Z,3.6666666666666665,9.02,28.66,0.8201335989815004,0
2024-02-23T01:00:00Z,0.05555555555555556,7.13,38.5,0.6216646690358065,0
2024-02-23T01:30:00Z,0.05555555555555556,7.13,38.5,0.6216646690358065,0
2024-02-23T02:00:00Z,0.05555555555555556,5.08,44.96,0.4828077245039014,0
2024-02-23T02:30:00Z,0.05555555555555556,5.08,44.96,0.4828077245039014,0
2024-02-23T03:00:00Z,0.05555555555555556,4.15,45.42,0.448586090715228,0
2024-02-23T03:30:00Z,0.05555555555555556,4.15,45.42,0.448586090715228,0
2024-02-23T04:00:00Z,0.02777777777777778,4.14,48.34,0.4242886028277738,0
2024-02-23T04:30:00Z,0.02777777777777778,4.14,48.34,0.4242886028277738,0
2024-02-23T05:00:00Z,0.02777777777777778,3.6,57.49,0.33610409600065666,0
2024-02-23T05:30:00Z,0.02777777777777778,3.6,57.49,0.33610409600065666,0
2024-02-23T06:00:00Z,0.05555555555555556,2.67,68.97,0.229684501565402,0
2024-02-23T06:30:00Z,0.05555555555555556,2.67,68.97,0.229684501565402,0
2024-02-23T07:00:00Z,0.05555555555555556,2.04,76.21,0.1683532602156228,0
2024-02-23T07:30:00Z,0.05555555555555556,2.04,76.21,0.1683532602156228,0
2024-02-23T08:00:00Z,0.05555555555555556,2.01,81.5,0.1306371192830087,0
2024-02-23T08:30:00Z,0.05555555555555556,2.01,81.5,0.1306371192830087,0
2024-02-23T09:00:00Z,0.08333333333333333,1.25,85.6,0.09628593451930789,0
2024-02-23T09:30:00Z,0.08333333333333333,1.25,85.6,0.09628593451930789,0
2024-02-23T10:00:00Z,0.1388888888888889,-0.01,90.8,0.056152717096999094,0
2024-02-23T10:30:00Z,0.1388888888888889,-0.01,90.8,0.056152717096999094,0
2024-02-23T11:00:00Z,0.1388888888888889,-0.51,92.3,0.04531433672320173,0
2024-02-23T11:30:00Z,0.1388888888888889,-0.51,92.3,0.04531433672320173,0
2024-02-23T12:00:00Z,0.08333333333333333,-0.65,92.4,0.04427023716691891,0
2024-02-23T12:30:00Z,0.08333333333333333,-0.65,92.4,0.04427023716691891,0
2024-02-23T13:00:00Z,5.388888888888888,-0.6,91.5,0.049694219476895896,0
2024-02-23T13:30:00Z,5.388888888888888,-0.6,91.5,0.049694219476895896,0
2024-02-23T14:00:00Z,39.69444444444445,0.35,88.6,0.0714249469372995,0
2024-02-23T14:30:00Z,39.69444444444445,0.35,88.6,0.0714249469372995,0
2024-02-23T15:00:00Z,261.44444444444446,2.22,78.21,0.15619702194697294,0
2024-02-23T15:30:00Z,261.44444444444446,2.22,78.21,0.15619702194697294,0
2024-02-23T16:00:00Z,384.6388888888889,3.35,71.99,0.21758080194898588,0
2024-02-23T16:30:00Z,384.6388888888889,3.35,71.99,0.21758080194898588,0
2024-02-23T17:00:00Z,177.22222222222223,2.92,71.31,0.21617189872388876,0
2024-02-23T17:30:00Z,177.22222222222223,2.92,71.31,0.21617189872388876,0
2024-02-23T18:00:00Z,152.88888888888889,2.82,69.29,0.22975391727746397,0
2024-02-23T18:30:00Z,152.88888888888889,2.82,69.29,0.22975391727746397,0
2024-02-23T19:00:00Z,210.05555555555557,3.32,62.53,0.2904484460908316,0
2024-02-23T19:30:00Z,210.05555555555557,3.32,62.53,0.2904484460908316,0
2024-02-23T20:00:00Z,162.61111111111111,3.4,58.36,0.3246044787943446,0
2024-02-23T20:30:00Z,162.61111111111111,3.4,58.36,0.3246044787943446,0
2024-02-23T21:00:00Z,156.69444444444446,2.65,55.63,0.32796020386894303,0
2024-02-23T21:30:00Z,156.69444444444446,2.65,55.63,0.32796020386894303,0
2024-02-23T22:00:00Z,110.38888888888889,1.93,55.22,0.31440676830203385,0
2024-02-23T22:30:00Z,110.38888888888889,1.93,55.22,0.31440676830203385,0
2024-02-23T23:00:00Z,15.527777777777779,0.31,58.07,0.261944436712195,0
2024-02-23T23:30:00Z,15.527777777777779,0.31,58.07,0.261944436712195,0
2024-02-24T00:00:00Z,0.9722222222222223,-1.85,58.34,0.22217055361578636,0
2024-02-24T00:30:00Z,0.9722222222222223,-1.85,58.34,0.22217055361578636,0
2024-02-24T01:00:00Z,0.08333333333333333,-2.81,56.53,0.21587859537867704,0
2024-02-24T01:30:00Z,0.08333333333333333,-2.81,56.53,0.21587859537867704,0
2024-02-24T02:00:00Z,0.08333333333333333,-3.81,53.63,0.21367301287664997,0
2024-02-24T02:30:00Z,0.08333333333333333,-3.81,53.63,0.21367301287664997,0
2024-02-24T03:00:00Z,0.08333333333333333,-4.78,52.03,0.2054390504866325,0
2024-02-24T03:30:00Z,0.08333333333333333,-4.78,52.03,0.2054390504866325,0
2024-02-24T04:00:00Z,0.11111111111111112,-5.83,56.45,0.17217858168540273,0
2024-02-24T04:30:00Z,0.11111111111111112,-5.83,56.45,0.17217858168540273,0
2024-02-24T05:00:00Z,0.08333333333333333,-6.44,56.67,0.16347923537495615,0
2024-02-24T05:30:00Z,0.08333333333333333,-6.44,56.67,0.16347923537495615,0
2024-02-24T06:00:00Z,0.11111111111111112,-7.34,55.84,0.15542832014589128,0
2024-02-24T06:30:00Z,0.11111111111111112,-7.34,55.84,0.15542832014589128,0
2024-02-24T07:00:00Z,0.1388888888888889,-8.75,60.06,0.1259391107705193,0
2024-02-24T07:30:00Z,0.1388888888888889,-8.75,60.06,0.1259391107705193,0
2024-02-24T08:00:00Z,0.11111111111111112,-9.53,60.98,0.11571023568094335,0
2024-02-24T08:30:00Z,0.11111111111111112,-9.53,60.98,0.11571023568094335,0
2024-02-24T09:00:00Z,0.11111111111111112,-9.93,60.9,0.11233481463093997,0
2024-02-24T09:30:00Z,0.11111111111111112,-9.93,60.9,0.11233481463093997,0
2024-02-24T10:00:00Z,0.11111111111111112,-10.35,62.73,0.10356442855053205,0
2024-02-24T10:30:00Z,0.11111111111111112,-10.35,62.73,0.10356442855053205,0
2024-02-24T11:00:00Z,0.1388888888888889,-10.99,66.29,0.0890086209754403,0
2024-02-24T11:30:00Z,0.1388888888888889,-10.99,66.29,0.0890086209754403,0
2024-02-24T12:00:00Z,0.11111111111111112,-11.24,69.52,0.07888436483925915,0
2024-02-24T12:30:00Z,0.11111111111111112,-11.24,69.52,0.07888436483925915,0
2024-02-24T13:00:00Z,6.194444444444445,-11.45,69.82,0.07680235765932336,0
2024-02-24T13:30:00Z,6.194444444444445,-11.45,69.82,0.07680235765932336,0
2024-02-24T14:00:00Z,40.55555555555556,-10.43,66.18,0.09338119537253767,0
2024-02-24T14:30:00Z,40.55555555555556,-10.43,66.18,0.09338119537253767,0
2024-02-24T15:00:00Z,280.27777777777777,-8.32,54.7,0.14773203929097284,0
2024-02-24T15:30:00Z,280.27777777777777,-8.32,54.7,0.14773203929097284,0
2024-02-24T16:00:00Z,433.11111111111114,-6.58,45.41,0.2037552998556658,0
2024-02-24T16:30:00Z,433.11111111111114,-6.58,45.41,0.2037552998556658,0
2024-02-24T17:00:00Z,526.7222222222223,-4.92,38.38,0.26110997456560914,0
2024-02-24T17:30:00Z,526.7222222222223,-4.92,38.38,0.26110997456560914,0
2024-02-24T18:00:00Z,574.4444444444445,-3.76,37.13,0.2907957253875231,0
2024-02-24T18:30:00Z,574.4444444444445,-3.76,37.13,0.2907957253875231,0
2024-02-24T19:00:00Z,568,-2.68,34.63,0.32779628891404744,0
2024-02-24T19:30:00Z,568,-2.68,34.63,0.32779628891404744,0
2024-02-24T20:00:00Z,508.27777777777777,-1.59,32.29,0.36809356138279015,0
2024-02-24T20:30:00Z,508.27777777777777,-1.59,32.29,0.36809356138279015,0
2024-02-24T21:00:00Z,399.02777777777777,-0.73,30.46,0.4027074269153437,0
2024-02-24T21:30:00Z,399.02777777777777,-0.73,30.46,0.4027074269153437,0
2024-02-24T22:00:00Z,258.8333333333333,-0.77,34.38,0.37889500669449927,0
2024-02-24T22:30:00Z,258.8333333333333,-0.77,34.38,0.37889500669449927,0
2024-02-24T23:00:00Z,102.33333333333333,-2.2,39.62,0.3137666275378281,0
2024-02-24T23:30:00Z,102.33333333333333,-2.2,39.62,0.3137666275378281,0
2024-02-25T00:00:00Z,6.000000000000001,-4.1,46.91,0.23935693709583009,0
2024-02-25T00:30:00Z,6.000000000000001,-4.1,46.91,0.23935693709583009,0
2024-02-25T01:00:00Z,0.11111111111111112,-4.78,49.76,0.2151606816020099,0
2024-02-25T01:30:00Z,0.11111111111111112,-4.78,49.76,0.2151606816020099,0
2024-02-25T02:00:00Z,0.08333333333333333,-5.1,60.96,0.1631827769266458,0
2024-02-25T02:30:00Z,0.08333333333333333,-5.1,60.96,0.1631827769266458,0
2024-02-25T03:00:00Z,0.11111111111111112,-5.21,65.71,0.1421343793510227,0
2024-02-25T03:30:00Z,0.11111111111111112,-5.21,65.71,0.1421343793510227,0
2024-02-25T04:00:00Z,0.05555555555555556,-4.38,64.71,0.15577944118338843,0
2024-02-25T04:30:00Z,0.05555555555555556,-4.38,64.71,0.15577944118338843,0
2024-02-25T05:00:00Z,0.05555555555555556,-3.66,65,0.16310770112037565,0
2024-02-25T05:30:00Z,0.05555555555555556,-3.66,65,0.16310770112037565,0
2024-02-25T06:00:00Z,0.05555555555555556,-3.24,67.19,0.15779093415913914,0
2024-02-25T06:30:00Z,0.05555555555555556,-3.24,67.19,0.15779093415913914,0
2024-02-25T07:00:00Z,0.05555555555555556,-3.26,71.27,0.13796268307349296,0
2024-02-25T07:30:00Z,0.05555555555555556,-3.26,71.27,0.13796268307349296,0
2024-02-25T08:00:00Z,0.08333333333333333,-3.47,76.12,0.11288353498504888,0
2024-02-25T08:30:00Z,0.08333333333333333,-3.47,76.12,0.11288353498504888,0
2024-02-25T09:00:00Z,0.08333333333333333,-3.46,79.36,0.0976408327657482,0
2024-02-25T09:30:00Z,0.08333333333333333,-3.46,79.36,0.0976408327657482,0
2024-02-25T10:00:00Z,0.08333333333333333,-3.48,80.3,0.09305441294602057,0
2024-02-25T10:30:00Z,0.08333333333333333,-3.48,80.3,0.09305441294602057,0
2024-02-25T11:00:00Z,0.05555555555555556,-3.25,77.95,0.10596428671540009,0
2024-02-25T11:30:00Z,0.05555555555555556,-3.25,77.95,0.10596428671540009,0
2024-02-25T12:00:00Z,0.05555555555555556,-2.96,74.71,0.12419678526436667,0
2024-02-25T12:30:00Z,0.05555555555555556,-2.96,74.71,0.12419678526436667,0
2024-02-25T13:00:00Z,7.416666666666667,-2.75,73.23,0.13353956031447545,0
2024-02-25T13:30:00Z,7.416666666666667,-2.75,73.23,0.13353956031447545,0
2024-02-25T14:00:00Z,55.50000000000001,-1.63,69.42,0.1657529587545316,0
2024-02-25T14:30:00Z,55.50000000000001,-1.63,69.42,0.1657529587545316,0
2024-02-25T15:00:00Z,140.38888888888889,0.19,64.66,0.21885982053672298,0
2024-02-25T15:30:00Z,140.38888888888889,0.19,64.66,0.21885982053672298,0
2024-02-25T16:00:00Z,234.86111111111111,1.94,61.88,0.2678376735122625,0
2024-02-25T16:30:00Z,234.86111111111111,1.94,61.88,0.2678376735122625,0
2024-02-25T17:00:00Z,379.6944444444445,3.96,61.22,0.3144958361526235,0
2024-02-25T17:30:00Z,379.6944444444445,3.96,61.22,0.3144958361526235,0
2024-02-25T18:00:00Z,554.6111111111111,6.15,58.12,0.3957094020026972,0
2024-02-25T18:30:00Z,554.6111111111111,6.15,58.12,0.3957094020026972,0
2024-02-25T19:00:00Z,553.4444444444445,7.37,55.46,0.4576924888025653,0
2024-02-25T19:30:00Z,553.4444444444445,7.37,55.46,0.4576924888025653,0
2024-02-25T20:00:00Z,491.8888888888889,7.74,54.16,0.4831167865994034,0
2024-02-25T20:30:00Z,491.8888888888889,7.74,54.16,0.4831167865994034,0
2024-02-25T21:00:00Z,372.0555555555556,8.14,53.13,0.5076212054605495,0
2024-02-25T21:30:00Z,372.0555555555556,8.14,53.13,0.5076212054605495,0
2024-02-25T22:00:00Z,155.05555555555557,7.15,57.37,0.4315112740539023,0
2024-02-25T22:30:00Z,155.05555555555557,7.15,57.37,0.4315112740539023,0
2024-02-25T23:00:00Z,59.44444444444445,6.16,62.17,0.3576896096882035,0
2024-02-25T23:30:00Z,59.44444444444445,6.16,62.17,0.3576896096882035,0
2024-02-26T00:00:00Z,5.166666666666667,4.97,67.06,0.2867380586935857,0
2024-02-26T00:30:00Z,5.166666666666667,4.97,67.06,0.2867380586935857,0
2024-02-26T01:00:00Z,0.05555555555555556,3.28,73.32,0.20622502503298412,0
2024-02-26T01:30:00Z,0.05555555555555556,3.28,73.32,0.20622502503298412,0
2024-02-26T02:00:00Z,0.05555555555555556,2.38,77.69,0.1617616380725474,0
2024-02-26T02:30:00Z,0.05555555555555556,2.38,77.69,0.1617616380725474,0
2024-02-26T03:00:00Z,0.05555555555555556,3.04,76.16,0.1811649787162305,0
2024-02-26T03:30:00Z,0.05555555555555556,3.04,76.16,0.1811649787162305,0
2024-02-26T04:00:00Z,0.05555555555555556,3.62,74.5,0.20189994996710425,0
2024-02-26T04:30:00Z,0.05555555555555556,3.62,74.5,0.20189994996710425,0
2024-02-26T05:00:00Z,0.05555555555555556,3.27,77.06,0.17719090785244684,0
2024-02-26T05:30:00Z,0.05555555555555556,3.27,77.06,0.17719090785244684,0
2024-02-26T06:00:00Z,0.08333333333333333,1.45,84.8,0.10310838113962961,0
2024-02-26T06:30:00Z,0.08333333333333333,1.45,84.8,0.10310838113962961,0
2024-02-26T07:00:00Z,0.05555555555555556,3.13,77.83,0.16955310467865603,0
2024-02-26T07:30:00Z,0.05555555555555556,3.13,77.83,0.16955310467865603,0
2024-02-26T08:00:00Z,0.05555555555555556,1.82,80.5,0.1358375910612114,0
2024-02-26T08:30:00Z,0.05555555555555556,1.82,80.5,0.1358375910612114,0
2024-02-26T09:00:00Z,0.08333333333333333,0.45,87.8,0.07699365657032253,0
2024-02-26T09:30:00Z,0.08333333333333333,0.45,87.8,0.07699365657032253,0
2024-02-26T10:00:00Z,0.05555555555555556,0.86,82.6,0.11311803952172794,0
2024-02-26T10:30:00Z,0.05555555555555556,0.86,82.6,0.11311803952172794,0
2024-02-26T11:00:00Z,0.05555555555555556,0.4,82.3,0.11129962283982986,0
2024-02-26T11:30:00Z,0.05555555555555556,0.4,82.3,0.11129962283982986,0
2024-02-26T12:00:00Z,0.05555555555555556,0.1,79.14,0.12834314264373414,0
2024-02-26T12:30:00Z,0.05555555555555556,0.1,79.14,0.12834314264373414,0
2024-02-26T13:00:00Z,8.694444444444445,0.1,73.9,0.16058274319278332,0
2024-02-26T13:30:00Z,8.694444444444445,0.1,73.9,0.16058274319278332,0
2024-02-26T14:00:00Z,47.97222222222222,1.55,64.25,0.2442572777738901,0
2024-02-26T14:30:00Z,47.97222222222222,1.55,64.25,0.2442572777738901,0
2024-02-26T15:00:00Z,275.55555555555554,3.8,53.39,0.37375802949347176,0
2024-02-26T15:30:00Z,275.55555555555554,3.8,53.39,0.37375802949347176,0
2024-02-26T16:00:00Z,422.1111111111111,5.96,45.42,0.5089710465141755,0
2024-02-26T16:30:00Z,422.1111111111111,5.96,45.42,0.5089710465141755,0
2024-02-26T17:00:00Z,509.52777777777777,8.18,41.53,0.6349792054125234,0
2024-02-26T17:30:00Z,509.52777777777777,8.18,41.53,0.6349792054125234,0
2024-02-26T18:00:00Z,526.4722222222223,10.14,39.58,0.7489242159106144,0
2024-02-26T18:30:00Z,526.4722222222223,10.14,39.58,0.7489242159106144,0
2024-02-26T19:00:00Z,458.8333333333333,11.24,39.98,0.8005488750811361,0
2024-02-26T19:30:00Z,458.8333333333333,11.24,39.98,0.8005488750811361,0
2024-02-26T20:00:00Z,452.22222222222223,12.87,39.22,0.9026326185188549,0
2024-02-26T20:30:00Z,452.22222222222223,12.87,39.22,0.9026326185188549,0
2024-02-26T21:00:00Z,334.3888888888889,13.77,41.65,0.9189543298352527,0
2024-02-26T21:30:00Z,334.3888888888889,13.77,41.65,0.9189543298352527,0
2024-02-26T22:00:00Z,205,14.27,44.25,0.9069582214245865,0
2024-02-26T22:30:00Z,205,14.27,44.25,0.9069582214245865,0
2024-02-26T23:00:00Z,48.583333333333336,11.99,52.06,0.6719458792202849,0
2024-02-26T23:30:00Z,48.583333333333336,11.99,52.06,0.6719458792202849,0
2024-02-27T00:00:00Z,5.361111111111112,10.21,58.71,0.514205018411475,0
2024-02-27T00:30:00Z,5.361111111111112,10.21,58.71,0.514205018411475,0
2024-02-27T01:00:00Z,0.05555555555555556,9.23,64.43,0.4147537393583327,0
2024-02-27T01:30:00Z,0.05555555555555556,9.23,64.43,0.4147537393583327,0
2024-02-27T02:00:00Z,0.05555555555555556,9.51,67.46,0.3866466887216218,0
2024-02-27T02:30:00Z,0.05555555555555556,9.51,67.46,0.3866466887216218,0
2024-02-27T03:00:00Z,0.02777777777777778,11.51,61.52,0.522513929089081,0
2024-02-27T03:30:00Z,0.02777777777777778,11.51,61.52,0.522513929089081,0
2024-02-27T04:00:00Z,0.02777777777777778,10.91,61.63,0.5006830333363314,0
2024-02-27T04:30:00Z,0.02777777777777778,10.91,61.63,0.5006830333363314,0
2024-02-27T05:00:00Z,0.02777777777777778,11.15,60.17,0.5280901869660197,0
2024-02-27T05:30:00Z,0.02777777777777778,11.15,60.17,0.5280901869660197,0
2024-02-27T06:00:00Z,0,12.48,55.05,0.6506864487784678,0
2024-02-27T06:30:00Z,0,12.48,55.05,0.6506864487784678,0
2024-02-27T07:00:00Z,0.02777777777777778,12.58,55.58,0.647250207238387,0
2024-02-27T07:30:00Z,0.02777777777777778,12.58,55.58,0.647250207238387,0
2024-02-27T08:00:00Z,0.02777777777777778,12.03,60.24,0.5587635078861241,0
2024-02-27T08:30:00Z,0.02777777777777778,12.03,60.24,0.5587635078861241,0
2024-02-27T09:00:00Z,0.02777777777777778,11.42,64.08,0.484853679090977,0
2024-02-27T09:30:00Z,0.02777777777777778,11.42,64.08,0.484853679090977,0
2024-02-27T10:00:00Z,0.02777777777777778,11.08,68.1,0.42098785275974016,0
2024-02-27T10:30:00Z,0.02777777777777778,11.08,68.1,0.42098785275974016,0
2024-02-27T11:00:00Z,0.02777777777777778,10.49,73.51,0.33612359102859257,0
2024-02-27T11:30:00Z,0.02777777777777778,10.49,73.51,0.33612359102859257,0
2024-02-27T12:00:00Z,0.02777777777777778,10.25,77.4,0.28220310881251975,0
2024-02-27T12:30:00Z,0.02777777777777778,10.25,77.4,0.28220310881251975,0
2024-02-27T13:00:00Z,5.222222222222222,11.07,79.94,0.2645582456132789,0
2024-02-27T13:30:00Z,5.222222222222222,11.07,79.94,0.2645582456132789,0
2024-02-27T14:00:00Z,48.80555555555556,11.82,83.2,0.23284853939845096,0
2024-02-27T14:30:00Z,48.80555555555556,11.82,83.2,0.23284853939845096,0
2024-02-27T15:00:00Z,123.33333333333334,13.08,82.3,0.26649596171178946,0
2024-02-27T15:30:00Z,123.33333333333334,13.08,82.3,0.26649596171178946,0
2024-02-27T16:00:00Z,381.9166666666667,15.55,75.01,0.441492639940239,0
2024-02-27T16:30:00Z,381.9166666666667,15.55,75.01,0.441492639940239,0
2024-02-27T17:00:00Z,461.6388888888889,17.65,67.96,0.6468884320746278,0
2024-02-27T17:30:00Z,461.6388888888889,17.65,67.96,0.6468884320746278,0
2024-02-27T18:00:00Z,496.1666666666667,19.44,61.61,0.8670156824109656,0
2024-02-27T18:30:00Z,496.1666666666667,19.44,61.61,0.8670156824109656,0
2024-02-27T19:00:00Z,529.2222222222223,20.16,59.32,0.9606749608847471,0
2024-02-27T19:30:00Z,529.2222222222223,20.16,59.32,0.9606749608847471,0
2024-02-27T20:00:00Z,499.72222222222223,20.91,54.2,1.132766774307384,0
2024-02-27T20:30:00Z,499.72222222222223,20.91,54.2,1.132766774307384,0
2024-02-27T21:00:00Z,356.02777777777783,21.38,50,1.272825403354877,0
2024-02-27T21:30:00Z,356.02777777777783,21.38,50,1.272825403354877,0
2024-02-27T22:00:00Z,202.44444444444443,20.57,53.52,1.1257783980929705,0
2024-02-27T22:30:00Z,202.44444444444443,20.57,53.52,1.1257783980929705,0
2024-02-27T23:00:00Z,44.22222222222222,18.46,65.99,0.7225246116902184,0
2024-02-27T23:30:00Z,44.22222222222222,18.46,65.99,0.7225246116902184,0
2024-02-28T00:00:00Z,5.666666666666667,16.99,73.65,0.5102682018879521,0
2024-02-28T00:30:00Z,5.666666666666667,16.99,73.65,0.5102682018879521,0
2024-02-28T01:00:00Z,0.02777777777777778,16.07,77.46,0.411677869843011,0
2024-02-28T01:30:00Z,0.02777777777777778,16.07,77.46,0.411677869843011,0
2024-02-28T02:00:00Z,0.02777777777777778,13.3,86.9,0.20009172039024903,0
2024-02-28T02:30:00Z,0.02777777777777778,13.3,86.9,0.20009172039024903,0
2024-02-28T03:00:00Z,0,14.56,84.8,0.25196033926364647,0
2024-02-28T03:30:00Z,0,14.56,84.8,0.25196033926364647,0
2024-02-28T04:00:00Z,0,15.59,84.3,0.27808030738799916,0
2024-02-28T04:30:00Z,0,15.59,84.3,0.27808030738799916,0
2024-02-28T05:00:00Z,0.3888888888888889,15.52,83.3,0.2944682149987843,0.125
2024-02-28T05:30:00Z,0.3888888888888889,15.52,83.3,0.2944682149987843,0.125
2024-02-28T06:00:00Z,0.4722222222222222,13.2,79.03,0.318215288130411,0
2024-02-28T06:30:00Z,0.4722222222222222,13.2,79.03,0.318215288130411,0
2024-02-28T07:00:00Z,0.3333333333333333,10.79,94,0.07767011398003043,0
2024-02-28T07:30:00Z,0.3333333333333333,10.79,94,0.07767011398003043,0
2024-02-28T08:00:00Z,0.6388888888888888,10.13,97.4,0.03220622299809528,0
2024-02-28T08:30:00Z,0.6388888888888888,10.13,97.4,0.03220622299809528,0
2024-02-28T09:00:00Z,0.1388888888888889,5.75,92.2,0.07168570224390591,0
2024-02-28T09:30:00Z,0.1388888888888889,5.75,92.2,0.07168570224390591,0
2024-02-28T10:00:00Z,0.1388888888888889,1.07,92,0.05280272761436455,0
2024-02-28T10:30:00Z,0.1388888888888889,1.07,92,0.05280272761436455,0
2024-02-28T11:00:00Z,0.22222222222222224,-1.38,87.7,0.06790969531405427,0
2024-02-28T11:30:00Z,0.22222222222222224,-1.38,87.7,0.06790969531405427,0
2024-02-28T12:00:00Z,0.05555555555555556,-2.81,81.8,0.0903839529765798,0
2024-02-28T12:30:00Z,0.05555555555555556,-2.81,81.8,0.0903839529765798,0
2024-02-28T13:00:00Z,3.9444444444444446,-3.62,77.43,0.1054974459200822,0
2024-02-28T13:30:00Z,3.9444444444444446,-3.62,77.43,0.1054974459200822,0
2024-02-28T14:00:00Z,40,-5.24,78.81,0.08763371681326282,0
2024-02-28T14:30:00Z,40,-5.24,78.81,0.08763371681326282,0
2024-02-28T15:00:00Z,188.91666666666669,-5.95,76.39,0.09249081805929982,0
2024-02-28T15:30:00Z,188.91666666666669,-5.95,76.39,0.09249081805929982,0
2024-02-28T16:00:00Z,205.77777777777777,-6.59,71.03,0.10804631222149441,0
2024-02-28T16:30:00Z,205.77777777777777,-6.59,71.03,0.10804631222149441,0
2024-02-28T17:00:00Z,241.88888888888889,-7.13,71.72,0.1011677109700505,0
2024-02-28T17:30:00Z,241.88888888888889,-7.13,71.72,0.1011677109700505,0
2024-02-28T18:00:00Z,243.55555555555554,-7.21,72.48,0.09784134167102337,0
2024-02-28T18:30:00Z,243.55555555555554,-7.21,72.48,0.09784134167102337,0
2024-02-28T19:00:00Z,304.19444444444446,-6.69,73.6,0.097705749461996,0
2024-02-28T19:30:00Z,304.19444444444446,-6.69,73.6,0.097705749461996,0
2024-02-28T20:00:00Z,217.30555555555554,-6.15,70.66,0.11318954628418149,0
2024-02-28T20:30:00Z,217.30555555555554,-6.15,70.66,0.11318954628418149,0
2024-02-28T21:00:00Z,216.66666666666669,-5.76,67.05,0.13096975167787417,0
2024-02-28T21:30:00Z,216.66666666666669,-5.76,67.05,0.13096975167787417,0
2024-02-28T22:00:00Z,159.33333333333334,-5.77,62.58,0.14862345946033523,0
2024-02-28T22:30:00Z,159.33333333333334,-5.77,62.58,0.14862345946033523,0
2024-02-28T23:00:00Z,57.416666666666664,-6.04,59.86,0.1561658378973686,0
2024-02-28T23:30:00Z,57.416666666666664,-6.04,59.86,0.1561658378973686,0
2024-02-29T00:00:00Z,3.305555555555556,-6.28,70.07,0.11431943525355287,0
2024-02-29T00:30:00Z,3.305555555555556,-6.28,70.07,0.11431943525355287,0
2024-02-29T01:00:00Z,0.11111111111111112,-6.26,64.68,0.13511418906812106,0
2024-02-29T01:30:00Z,0.11111111111111112,-6.26,64.68,0.13511418906812106,0
2024-02-29T02:00:00Z,0.11111111111111112,-6.43,62.37,0.14208298061893013,0
2024-02-29T02:30:00Z,0.11111111111111112,-6.43,62.37,0.14208298061893013,0
2024-02-29T03:00:00Z,0.11111111111111112,-6.55,59.66,0.15091577526021296,0
2024-02-29T03:30:00Z,0.11111111111111112,-6.55,59.66,0.15091577526021296,0
2024-02-29T04:00:00Z,0.08333333333333333,-6.41,57.03,0.1624953628550679,0
2024-02-29T04:30:00Z,0.08333333333333333,-6.41,57.03,0.1624953628550679,0
2024-02-29T05:00:00Z,0.05555555555555556,-6.06,52.69,0.1837790377761941,0
2024-02-29T05:30:00Z,0.05555555555555556,-6.06,52.69,0.1837790377761941,0
2024-02-29T06:00:00Z,0.08333333333333333,-6.74,55.03,0.1657926842710227,0
2024-02-29T06:30:00Z,0.08333333333333333,-6.74,55.03,0.1657926842710227,0
2024-02-29T07:00:00Z,0.08333333333333333,-7.26,55.84,0.15639459582045956,0
2024-02-29T07:30:00Z,0.08333333333333333,-7.26,55.84,0.15639459582045956,0
2024-02-29T08:00:00Z,0.11111111111111112,-7.72,57.04,0.14680968182570125,0
2024-02-29T08:30:00Z,0.11111111111111112,-7.72,57.04,0.14680968182570125,0
2024-02-29T09:00:00Z,0.11111111111111112,-8.11,58.64,0.1371131146302678,0
2024-02-29T09:30:00Z,0.11111111111111112,-8.11,58.64,0.1371131146302678,0
2024-02-29T10:00:00Z,0.11111111111111112,-8.4,59.48,0.1313195411967673,0
2024-02-29T10:30:00Z,0.11111111111111112,-8.4,59.48,0.1313195411967673,0
2024-02-29T11:00:00Z,0.11111111111111112,-8.57,60.12,0.12753695598789835,0
2024-02-29T11:30:00Z,0.11111111111111112,-8.57,60.12,0.12753695598789835,0
2024-02-29T12:00:00Z,0.11111111111111112,-8.87,60.63,0.12297789475236823,0
2024-02-29T12:30:00Z,0.11111111111111112,-8.87,60.63,0.12297789475236823,0
2024-02-29T13:00:00Z,8.194444444444445,-9.47,65.12,0.10392471941780212,0
2024-02-29T13:30:00Z,8.194444444444445,-9.47,65.12,0.10392471941780212,0
2024-02-29T14:00:00Z,56.611111111111114,-8.11,58.68,0.13698051007066406,0
2024-02-29T14:30:00Z,56.611111111111114,-8.11,58.68,0.13698051007066406,0
2024-02-29T15:00:00Z,312.30555555555554,-6.24,50.85,0.1883087850869765,0
2024-02-29T15:30:00Z,312.30555555555554,-6.24,50.85,0.1883087850869765,0
2024-02-29T16:00:00Z,456.8333333333333,-4.78,49.01,0.2183726742612756,0.125
2024-02-29T16:30:00Z,456.8333333333333,-4.78,49.01,0.2183726742612756,0.125
2024-02-29T17:00:00Z,549.3333333333334,-3.19,47.55,0.25318930190122774,0
2024-02-29T17:30:00Z,549.3333333333334,-3.19,47.55,0.25318930190122774,0
2024-02-29T18:00:00Z,602,-1.88,46.73,0.2834566473336749,0
2024-02-29T18:30:00Z,602,-1.88,46.73,0.2834566473336749,0
2024-02-29T19:00:00Z,594.2500000000001,-0.74,46.26,0.3109815193161444,0
2024-02-29T19:30:00Z,594.2500000000001,-0.74,46.26,0.3109815193161444,0
2024-02-29T20:00:00Z,527.2222222222223,0.02,44.83,0.3374691617294881,0
2024-02-29T20:30:00Z,527.2222222222223,0.02,44.83,0.3374691617294881,0
2024-02-29T21:00:00Z,415.9444444444445,0.56,44.52,0.35293404358377445,0
2024-02-29T21:30:00Z,415.9444444444445,0.56,44.52,0.35293404358377445,0
2024-02-29T22:00:00Z,284.1388888888889,0.45,45.85,0.3417382379740135,0
2024-02-29T22:30:00Z,284.1388888888889,0.45,45.85,0.3417382379740135,0
2024-02-29T23:00:00Z,112.47222222222221,-0.13,49.57,0.3051243558990876,0
2024-02-29T23:30:00Z,112.47222222222221,-0.13,49.57,0.3051243558990876,0
2024-03-01T00:00:00Z,5.555555555555555,-1.75,56.45,0.2339723622946086,0
2024-03-01T00:30:00Z,5.555555555555555,-1.75,56.45,0.2339723622946086,0
2024-03-01T01:00:00Z,0.11111111111111112,-3.04,63.72,0.17710674578191682,0
2024-03-01T01:30:00Z,0.11111111111111112,-3.04,63.72,0.17710674578191682,0
2024-03-01T02:00:00Z,0.11111111111111112,-3.69,63.69,0.1688318600332015,0
2024-03-01T02:30:00Z,0.11111111111111112,-3.69,63.69,0.1688318600332015,0
2024-03-01T03:00:00Z,0.08333333333333333,-3.69,66.91,0.15385971491320954,0
2024-03-01T03:30:00Z,0.08333333333333333,-3.69,66.91,0.15385971491320954,0
2024-03-01T04:00:00Z,0.05555555555555556,-1.71,62.5,0.20206475707219712,0
2024-03-01T04:30:00Z,0.05555555555555556,-1.71,62.5,0.20206475707219712,0
2024-03-01T05:00:00Z,0.05555555555555556,-0.49,58.2,0.24635194192768373,0
2024-03-01T05:30:00Z,0.05555555555555556,-0.49,58.2,0.24635194192768373,0
2024-03-13T05:00:00Z,0.02777777777777778,9.69,67.98,0.38509994978400086,0
2024-03-13T05:30:00Z,0.02777777777777778,9.69,67.98,0.38509994978400086,0
2024-03-13T06:00:00Z,0.02777777777777778,8.82,70.43,0.33537540159768997,0
2024-03-13T06:30:00Z,0.02777777777777778,8.82,70.43,0.33537540159768997,0
2024-03-13T07:00:00Z,0.02777777777777778,8.17,72.78,0.2954058996651593,0
2024-03-13T07:30:00Z,0.02777777777777778,8.17,72.78,0.2954058996651593,0
2024-03-13T08:00:00Z,0.02777777777777778,7.76,75.13,0.2624678333523488,0
2024-03-13T08:30:00Z,0.02777777777777778,7.76,75.13,0.2624678333523488,0
2024-03-13T09:00:00Z,0.05555555555555556,6.17,82.8,0.1627416418096026,0
2024-03-13T09:30:00Z,0.05555555555555556,6.17,82.8,0.1627416418096026,0
2024-03-13T10:00:00Z,0.05555555555555556,5.4,86.1,0.12467874519665867,0
2024-03-13T10:30:00Z,0.05555555555555556,5.4,86.1,0.12467874519665867,0
2024-03-13T11:00:00Z,0.08333333333333333,3.75,92.6,0.059130550136679005,0
2024-03-13T11:30:00Z,0.08333333333333333,3.75,92.6,0.059130550136679005,0
2024-03-13T12:00:00Z,0.7222222222222223,2.45,94.7,0.038620682913414583,0
2024-03-13T12:30:00Z,0.7222222222222223,2.45,94.7,0.038620682913414583,0
2024-03-13T13:00:00Z,16.722222222222225,1.82,97.5,0.01741507577707846,0
2024-03-13T13:30:00Z,16.722222222222225,1.82,97.5,0.01741507577707846,0
2024-03-13T14:00:00Z,146,6,91.8,0.07667897107828625,0
2024-03-13T14:30:00Z,146,6,91.8,0.07667897107828625,0
2024-03-13T15:00:00Z,388.94444444444446,11.88,57.42,0.592502506801474,0
2024-03-13T15:30:00Z,388.94444444444446,11.88,57.42,0.592502506801474,0
2024-03-13T16:00:00Z,529.2222222222223,14.95,36.42,1.0807737892562344,0
2024-03-13T16:30:00Z,529.2222222222223,14.95,36.42,1.0807737892562344,0
2024-03-13T17:00:00Z,628.1666666666667,17.09,27.98,1.4035320945224274,0
2024-03-13T17:30:00Z,628.1666666666667,17.09,27.98,1.4035320945224274,0
2024-03-13T18:00:00Z,674.5,18.26,23.14,1.6125024303127036,0
2024-03-13T18:30:00Z,674.5,18.26,23.14,1.6125024303127036,0
2024-03-13T19:00:00Z,664.5555555555557,19.22,19.34,1.7968906208344488,0
2024-03-13T19:30:00Z,664.5555555555557,19.22,19.34,1.7968906208344488,0
2024-03-13T20:00:00Z,567.2222222222223,19.82,18.32,1.8887303633721357,0
2024-03-13T20:30:00Z,567.2222222222223,19.82,18.32,1.8887303633721357,0
2024-03-13T21:00:00Z,441.3333333333333,20.02,17.73,1.9260869456024872,0
2024-03-13T21:30:00Z,441.3333333333333,20.02,17.73,1.9260869456024872,0
2024-03-13T22:00:00Z,316.05555555555554,19.86,18.68,1.8850735683063893,0
2024-03-13T22:30:00Z,316.05555555555554,19.86,18.68,1.8850735683063893,0
2024-03-13T23:00:00Z,123.52777777777779,19.21,17.27,1.8418572162074451,0
2024-03-13T23:30:00Z,123.52777777777779,19.21,17.27,1.8418572162074451,0
2024-03-14T00:00:00Z,10.583333333333334,16.62,23.28,1.4512013049939658,0
2024-03-14T00:30:00Z,10.583333333333334,16.62,23.28,1.4512013049939658,0
2024-03-14T01:00:00Z,0.02777777777777778,15.22,30.88,1.195534669743907,0
2024-03-14T01:30:00Z,0.02777777777777778,15.22,30.88,1.195534669743907,0
2024-03-14T02:00:00Z,0,14.38,37.28,1.0276390584333988,0
2024-03-14T02:30:00Z,0,14.38,37.28,1.0276390584333988,0
2024-03-14T03:00:00Z,0.02777777777777778,13.33,43.11,0.8706505504650793,0
2024-03-14T03:30:00Z,0.02777777777777778,13.33,43.11,0.8706505504650793,0
2024-03-14T04:00:00Z,0,13.4,38.79,0.9410509829156236,0
2024-03-14T04:30:00Z,0,13.4,38.79,0.9410509829156236,0
2024-03-14T05:00:00Z,0.02777777777777778,13,37.2,0.9406001269313806,0
2024-03-14T05:30:00Z,0.02777777777777778,13,37.2,0.9406001269313806,0
2024-03-14T06:00:00Z,0.05555555555555556,10.99,52.94,0.6173527561751727,0
2024-03-14T06:30:00Z,0.05555555555555556,10.99,52.94,0.6173527561751727,0
2024-03-14T07:00:00Z,0.16666666666666666,9.5,68.31,0.37629356804183856,0.125
2024-03-14T07:30:00Z,0.16666666666666666,9.5,68.31,0.37629356804183856,0.125
2024-03-14T08:00:00Z,0.2777777777777778,8.69,72.69,0.30702936161516525,0
2024-03-14T08:30:00Z,0.2777777777777778,8.69,72.69,0.30702936161516525,0
2024-03-14T09:00:00Z,0.02777777777777778,8.92,67.41,0.3721356211561413,0
2024-03-14T09:30:00Z,0.02777777777777778,8.92,67.41,0.3721356211561413,0
2024-03-14T10:00:00Z,0.02777777777777778,8.41,71.14,0.3183534115599129,0
2024-03-14T10:30:00Z,0.02777777777777778,8.41,71.14,0.3183534115599129,0
2024-03-14T11:00:00Z,0.02777777777777778,8.72,70.75,0.32950830309303625,0
2024-03-14T11:30:00Z,0.02777777777777778,8.72,70.75,0.32950830309303625,0
2024-03-14T12:00:00Z,0.19444444444444445,8.97,64.24,0.4097151272312838,0
2024-03-14T12:30:00Z,0.19444444444444445,8.97,64.24,0.4097151272312838,0
2024-03-14T13:00:00Z,14.972222222222223,9.42,56.98,0.5080852451034162,0
2024-03-14T13:30:00Z,14.972222222222223,9.42,56.98,0.5080852451034162,0
2024-03-14T14:00:00Z,40.02777777777778,10.12,49.07,0.6304481804677429,0
2024-03-14T14:30:00Z,40.02777777777778,10.12,49.07,0.6304481804677429,0
2024-03-14T15:00:00Z,39.36111111111111,9.87,51.3,0.5928281655973544,0
2024-03-14T15:30:00Z,39.36111111111111,9.87,51.3,0.5928281655973544,0
2024-03-14T16:00:00Z,26.305555555555557,8.5,65.95,0.37790490934771714,0.51
2024-03-14T16:30:00Z,26.305555555555557,8.5,65.95,0.37790490934771714,0.51
2024-03-14T17:00:00Z,73.52777777777777,6.69,89.7,0.10101531264952224,1.015
2024-03-14T17:30:00Z,73.52777777777777,6.69,89.7,0.10101531264952224,1.015
2024-03-14T18:00:00Z,102.02777777777779,6.58,90.7,0.09051962836362548,0.38
2024-03-14T18:30:00Z,102.02777777777779,6.58,90.7,0.09051962836362548,0.38
2024-03-14T19:00:00Z,36.44444444444444,6.36,92,0.07669385017788932,1.65
2024-03-14T19:30:00Z,36.44444444444444,6.36,92,0.07669385017788932,1.65
2024-03-14T20:00:00Z,52.583333333333336,5.97,94.2,0.054123801978608777,1.525
2024-03-14T20:30:00Z,52.583333333333336,5.97,94.2,0.054123801978608777,1.525
2024-03-14T21:00:00Z,62.416666666666664,5.83,92.5,0.06931204663965018,1.525
2024-03-14T21:30:00Z,62.416666666666664,5.83,92.5,0.06931204663965018,1.525
2024-03-14T22:00:00Z,32.91666666666667,6.42,93.4,0.06353495694270284,0.125
2024-03-14T22:30:00Z,32.91666666666667,6.42,93.4,0.06353495694270284,0.125
2024-03-14T23:00:00Z,17.72222222222222,6.99,93.6,0.06407492452214558,0.89
2024-03-14T23:30:00Z,17.72222222222222,6.99,93.6,0.06407492452214558,0.89
2024-03-15T00:00:00Z,3.1388888888888893,7.07,95.2,0.048320841600105524,0.635
2024-03-15T00:30:00Z,3.1388888888888893,7.07,95.2,0.048320841600105524,0.635
2024-03-15T01:00:00Z,0.08333333333333333,6.93,96.2,0.03788801548241527,0.38
2024-03-15T01:30:00Z,0.08333333333333333,6.93,96.2,0.03788801548241527,0.38
2024-03-15T02:00:00Z,0.08333333333333333,6.81,95.3,0.046476535227496285,0
2024-03-15T02:30:00Z,0.08333333333333333,6.81,95.3,0.046476535227496285,0
2024-03-15T03:00:00Z,0.08333333333333333,6.36,92.6,0.0709418114145478,0
2024-03-15T03:30:00Z,0.08333333333333333,6.36,92.6,0.0709418114145478,0
2024-03-15T04:00:00Z,0.08333333333333333,5.72,94.5,0.05044250579084786,0
2024-03-15T04:30:00Z,0.08333333333333333,5.72,94.5,0.05044250579084786,0
2024-03-15T05:00:00Z,0.08333333333333333,5.36,95.1,0.04382933377637144,0
2024-03-15T05:30:00Z,0.08333333333333333,5.36,95.1,0.04382933377637144,0
2024-03-15T06:00:00Z,0.08333333333333333,3.48,89.6,0.08153309253385643,0
2024-03-15T06:30:00Z,0.08333333333333333,3.48,89.6,0.08153309253385643,0
2024-03-15T07:00:00Z,0.08333333333333333,2.31,91.5,0.06132329911037537,0
2024-03-15T07:30:00Z,0.08333333333333333,2.31,91.5,0.06132329911037537,0
2024-03-15T08:00:00Z,0.05555555555555556,1.44,93.1,0.04677213759318566,0
2024-03-15T08:30:00Z,0.05555555555555556,1.44,93.1,0.04677213759318566,0
2024-03-15T09:00:00Z,0.05555555555555556,0.83,94,0.03892175264129605,0
2024-03-15T09:30:00Z,0.05555555555555556,0.83,94,0.03892175264129605,0
2024-03-15T10:00:00Z,0.08333333333333333,0.41,95,0.0314633833193948,0
2024-03-15T10:30:00Z,0.08333333333333333,0.41,95,0.0314633833193948,0
2024-03-15T11:00:00Z,0.08333333333333333,0.18,95.8,0.02599161164850905,0
2024-03-15T11:30:00Z,0.08333333333333333,0.18,95.8,0.02599161164850905,0
2024-03-15T12:00:00Z,0.5555555555555556,0.05,97.2,0.01716473334106472,0
2024-03-15T12:30:00Z,0.5555555555555556,0.05,97.2,0.01716473334106472,0
2024-03-15T13:00:00Z,22.805555555555554,0.06,97.9,0.012882918064436977,0
2024-03-15T13:30:00Z,22.805555555555554,0.06,97.9,0.012882918064436977,0
2024-03-15T14:00:00Z,83.36111111111111,0.7,96.1,0.025062433661461325,0
2024-03-15T14:30:00Z,83.36111111111111,0.7,96.1,0.025062433661461325,0
2024-03-15T15:00:00Z,252.25000000000003,1.87,92.9,0.049636340172543814,0
2024-03-15T15:30:00Z,252.25000000000003,1.87,92.9,0.049636340172543814,0
2024-03-15T16:00:00Z,482.5833333333333,3.18,86.6,0.1028451905067741,0
2024-03-15T16:30:00Z,482.5833333333333,3.18,86.6,0.1028451905067741,0
2024-03-15T17:00:00Z,642.3888888888889,5.09,77.95,0.19355630498444687,0
2024-03-15T17:30:00Z,642.3888888888889,5.09,77.95,0.19355630498444687,0
2024-03-15T18:00:00Z,683.0000000000001,6.88,69.16,0.3064364359430841,0
2024-03-15T18:30:00Z,683.0000000000001,6.88,69.16,0.3064364359430841,0
2024-03-15T19:00:00Z,675.7222222222222,8.68,57.03,0.4827579351776732,0
2024-03-15T19:30:00Z,675.7222222222222,8.68,57.03,0.4827579351776732,0
2024-03-15T20:00:00Z,614.1944444444445,9.49,49.97,0.59366691207701106,0
2024-03-15T20:30:00Z,614.1944444444445,9.49,49.97,0.59366691207701106,0
2024-03-15T21:00:00Z,503.61111111111114,9.47,46.87,0.6296042592807272,0
2024-03-15T21:30:00Z,503.61111111111114,9.47,46.87,0.6296042592807272,0
2024-03-15T22:00:00Z,354.19444444444446,9.26,45.68,0.6346651162805719,0
2024-03-15T22:30:00Z,354.19444444444446,9.26,45.68,0.6346651162805719,0
2024-03-15T23:00:00Z,185.16666666666669,8.08,49.87,0.540716192002142,0
2024-03-15T23:30:00Z,185.16666666666669,8.08,49.87,0.540716192002142,0
2024-03-16T00:00:00Z,35.22222222222222,5.98,52.71,0.44160130561300515,0
2024-03-16T00:30:00Z,35.22222222222222,5.98,52.71,0.44160130561300515,0
2024-03-16T01:00:00Z,0.3055555555555556,3.78,57.84,0.33759780594240907,0
2024-03-16T01:30:00Z,0.3055555555555556,3.78,57.84,0.33759780594240907,0
2024-03-16T02:00:00Z,0.11111111111111112,2.32,58.52,0.2994713789377367,0
2024-03-16T02:30:00Z,0.11111111111111112,2.32,58.52,0.2994713789377367,0
2024-03-16T03:00:00Z,0.11111111111111112,1.79,62.03,0.26393198155401504,0
2024-03-16T03:30:00Z,0.11111111111111112,1.79,62.03,0.26393198155401504,0
2024-03-16T04:00:00Z,0.08333333333333333,0.93,71.43,0.186676106580626,0
2024-03-16T04:30:00Z,0.08333333333333333,0.93,71.43,0.186676106580626,0
2024-03-16T05:00:00Z,0.08333333333333333,0.18,81.6,0.1138680129363252,0
2024-03-16T05:30:00Z,0.08333333333333333,0.18,81.6,0.1138680129363252,0
2024-03-16T06:00:00Z,0.05555555555555556,-0.11,87.8,0.07392315799033677,0
2024-03-16T06:30:00Z,0.05555555555555556,-0.11,87.8,0.07392315799033677,0
2024-03-16T07:00:00Z,0.05555555555555556,0.52,87.5,0.07928820382276325,0
2024-03-16T07:30:00Z,0.05555555555555556,0.52,87.5,0.07928820382276325,0
2024-03-16T08:00:00Z,0.05555555555555556,1.79,80.5,0.13554578984206722,0
2024-03-16T08:30:00Z,0.05555555555555556,1.79,80.5,0.13554578984206722,0
2024-03-16T09:00:00Z,0.05555555555555556,1.83,78.58,0.1493193487610065,0
2024-03-16T09:30:00Z,0.05555555555555556,1.83,78.58,0.1493193487610065,0
2024-03-16T10:00:00Z,0.05555555555555556,1.8,81.1,0.13146936470758808,0
2024-03-16T10:30:00Z,0.05555555555555556,1.8,81.1,0.13146936470758808,0
2024-03-16T11:00:00Z,0.02777777777777778,2.2,85.1,0.10665501120535859,0
2024-03-16T11:30:00Z,0.02777777777777778,2.2,85.1,0.10665501120535859,0
2024-03-16T12:00:00Z,0.5555555555555556,2.84,87.9,0.09065375552162724,0
2024-03-16T12:30:00Z,0.5555555555555556,2.84,87.9,0.09065375552162724,0
2024-03-16T13:00:00Z,22.333333333333336,3.68,87.1,0.1025711258668196,0
2024-03-16T13:30:00Z,22.333333333333336,3.68,87.1,0.1025711258668196,0
2024-03-16T14:00:00Z,76.16666666666667,4.69,84.2,0.1348709793442856,0
2024-03-16T14:30:00Z,76.16666666666667,4.69,84.2,0.1348709793442856,0
2024-03-16T15:00:00Z,176.86111111111114,6.62,75.7,0.2371716950855174,0
2024-03-16T15:30:00Z,176.86111111111114,6.62,75.7,0.2371716950855174,0
2024-03-16T16:00:00Z,148.36111111111111,7.37,70.64,0.3017029966601553,0
2024-03-16T16:30:00Z,148.36111111111111,7.37,70.64,0.3017029966601553,0
2024-03-16T17:00:00Z,143.47222222222223,7.5,70.64,0.30439858675688736,0
2024-03-16T17:30:00Z,143.47222222222223,7.5,70.64,0.30439858675688736,0
2024-03-16T18:00:00Z,239.75000000000003,8.02,69.42,0.32849983199191624,0
2024-03-16T18:30:00Z,239.75000000000003,8.02,69.42,0.32849983199191624,0
2024-03-16T19:00:00Z,479.3055555555556,10.1,59.72,0.4979476124355452,0
2024-03-16T19:30:00Z,479.3055555555556,10.1,59.72,0.4979476124355452,0
2024-03-16T20:00:00Z,456.52777777777777,10.67,51.92,0.6174409234728221,0
2024-03-16T20:30:00Z,456.52777777777777,10.67,51.92,0.6174409234728221,0
2024-03-16T21:00:00Z,151.55555555555557,9.91,53.45,0.5681783461646998,0
2024-03-16T21:30:00Z,151.55555555555557,9.91,53.45,0.5681783461646998,0
2024-03-16T22:00:00Z,52.75000000000001,8.59,54.52,0.5078508319250853,0
2024-03-16T22:30:00Z,52.75000000000001,8.59,54.52,0.5078508319250853,0
2024-03-16T23:00:00Z,46.44444444444444,8,54.56,0.4874661544803838,0
2024-03-16T23:30:00Z,46.44444444444444,8,54.56,0.4874661544803838,0
2024-03-17T00:00:00Z,8.277777777777779,7.38,51.53,0.4984182000721137,0
2024-03-17T00:30:00Z,8.277777777777779,7.38,51.53,0.4984182000721137,0
2024-03-17T01:00:00Z,0.1388888888888889,6.39,56.16,0.4211534233729878,0
2024-03-17T01:30:00Z,0.1388888888888889,6.39,56.16,0.4211534233729878,0
2024-03-17T02:00:00Z,0.05555555555555556,4.83,68.09,0.27506849203481365,0
2024-03-17T02:30:00Z,0.05555555555555556,4.83,68.09,0.27506849203481365,0
2024-03-17T03:00:00Z,0.08333333333333333,3.18,76.77,0.17829058025913158,0
2024-03-17T03:30:00Z,0.08333333333333333,3.18,76.77,0.17829058025913158,0
2024-03-17T04:00:00Z,0.05555555555555556,2.27,75.17,0.17862534887685944,0
2024-03-17T04:30:00Z,0.05555555555555556,2.27,75.17,0.17862534887685944,0
2024-03-17T05:00:00Z,0.05555555555555556,2.81,64.13,0.2681672791394657,0
2024-03-17T05:30:00Z,0.05555555555555556,2.81,64.13,0.2681672791394657,0
2024-03-17T06:00:00Z,0.05555555555555556,2.52,62.55,0.27426017527287583,0
2024-03-17T06:30:00Z,0.05555555555555556,2.52,62.55,0.27426017527287583,0
2024-03-17T07:00:00Z,0.05555555555555556,1.87,64.23,0.2500692799960411,0
2024-03-17T07:30:00Z,0.05555555555555556,1.87,64.23,0.2500692799960411,0
2024-03-17T08:00:00Z,0.05555555555555556,1.15,70.35,0.19683218456498236,0
2024-03-17T08:30:00Z,0.05555555555555556,1.15,70.35,0.19683218456498236,0
2024-03-17T09:00:00Z,0.08333333333333333,1.12,66.51,0.22184383676731467,0
2024-03-17T09:30:00Z,0.08333333333333333,1.12,66.51,0.22184383676731467,0
2024-03-17T10:00:00Z,0.05555555555555556,1.2,57.92,0.28035734946518087,0
2024-03-17T10:30:00Z,0.05555555555555556,1.2,57.92,0.28035734946518087,0
2024-03-17T11:00:00Z,0.05555555555555556,0.44,64.75,0.22229994307247486,0
2024-03-17T11:30:00Z,0.05555555555555556,0.44,64.75,0.22229994307247486,0
2024-03-17T12:00:00Z,0.5833333333333334,0.09,66.7,0.204732497728552,0
2024-03-17T12:30:00Z,0.5833333333333334,0.09,66.7,0.204732497728552,0
2024-03-17T13:00:00Z,19.361111111111114,0.3,61.9,0.23784500571769068,0
2024-03-17T13:30:00Z,19.361111111111114,0.3,61.9,0.23784500571769068,0
2024-03-17T14:00:00Z,92.25000000000001,-0.07,72.71,0.16584005894849818,0
2024-03-17T14:30:00Z,92.25000000000001,-0.07,72.71,0.16584005894849818,0
2024-03-17T15:00:00Z,117.27777777777779,0.63,67.79,0.20594404507422054,0
2024-03-17T15:30:00Z,117.27777777777779,0.63,67.79,0.20594404507422054,0
2024-03-17T16:00:00Z,127.91666666666667,0.41,66.24,0.2124407641725532,0
2024-03-17T16:30:00Z,127.91666666666667,0.41,66.24,0.2124407641725532,0
2024-03-17T17:00:00Z,200.61111111111114,0.5,64.48,0.2249790602670378,0
2024-03-17T17:30:00Z,200.61111111111114,0.5,64.48,0.2249790602670378,0
2024-03-17T18:00:00Z,227.19444444444446,-1.36,84.3,0.086809213050275,0
2024-03-17T18:30:00Z,227.19444444444446,-1.36,84.3,0.086809213050275,0
2024-03-17T19:00:00Z,351.3888888888889,-1.15,88.1,0.06682228151999553,0.125
2024-03-17T19:30:00Z,351.3888888888889,-1.15,88.1,0.06682228151999553,0.125
2024-03-17T20:00:00Z,223.50000000000003,-0.71,69.67,0.17589899180628038,0
2024-03-17T20:30:00Z,223.50000000000003,-0.71,69.67,0.17589899180628038,0
2024-03-17T21:00:00Z,194.61111111111111,-0.52,59.5,0.23816749143226684,0
2024-03-17T21:30:00Z,194.61111111111111,-0.52,59.5,0.23816749143226684,0
2024-03-17T22:00:00Z,113.02777777777777,-0.87,57.21,0.2452688058385903,0
2024-03-17T22:30:00Z,113.02777777777777,-0.87,57.21,0.2452688058385903,0
2024-03-17T23:00:00Z,34.666666666666664,-1.57,63.38,0.19937210000476097,0
2024-03-17T23:30:00Z,34.666666666666664,-1.57,63.38,0.19937210000476097,0
2024-03-18T00:00:00Z,7.277777777777778,-2,67.08,0.17362337346674256,0
2024-03-18T00:30:00Z,7.277777777777778,-2,67.08,0.17362337346674256,0
2024-03-18T01:00:00Z,0.16666666666666666,-2.25,69.63,0.15723457148086795,0
2024-03-18T01:30:00Z,0.16666666666666666,-2.25,69.63,0.15723457148086795,0
2024-03-18T02:00:00Z,0.05555555555555556,-2.76,79.15,0.1039307579463441,0
2024-03-18T02:30:00Z,0.05555555555555556,-2.76,79.15,0.1039307579463441,0
2024-03-18T03:00:00Z,0.05555555555555556,-3.03,82.6,0.08500439536479193,0
2024-03-18T03:30:00Z,0.05555555555555556,-3.03,82.6,0.08500439536479193,0
2024-03-18T04:00:00Z,0.05555555555555556,-3.01,82.1,0.08757773340982822,0
2024-03-18T04:30:00Z,0.05555555555555556,-3.01,82.1,0.08757773340982822,0
2024-03-18T05:00:00Z,0.05555555555555556,-3.17,76.01,0.11597904525714303,0
2024-03-18T05:30:00Z,0.05555555555555556,-3.17,76.01,0.11597904525714303,0
2024-03-18T06:00:00Z,0.08333333333333333,-3.74,70.53,0.13651403079371394,0
2024-03-18T06:30:00Z,0.08333333333333333,-3.74,70.53,0.13651403079371394,0
2024-03-18T07:00:00Z,0.08333333333333333,-3.95,64.75,0.16073055139689885,0
2024-03-18T07:30:00Z,0.08333333333333333,-3.95,64.75,0.16073055139689885,0
2024-03-18T08:00:00Z,0.08333333333333333,-4.15,68.81,0.14009154517909594,0
2024-03-18T08:30:00Z,0.08333333333333333,-4.15,68.81,0.14009154517909594,0
2024-03-18T09:00:00Z,0.05555555555555556,-4.05,74.48,0.11549149536698167,0
2024-03-18T09:30:00Z,0.05555555555555556,-4.05,74.48,0.11549149536698167,0
2024-03-18T10:00:00Z,0.05555555555555556,-3.85,81.6,0.08453261686338553,0
2024-03-18T10:30:00Z,0.05555555555555556,-3.85,81.6,0.08453261686338553,0
2024-03-18T11:00:00Z,0.08333333333333333,-3.51,85.6,0.06786666044579509,0
2024-03-18T11:30:00Z,0.08333333333333333,-3.51,85.6,0.06786666044579509,0
2024-03-18T12:00:00Z,0.8611111111111112,-3.25,86.7,0.06391496659024137,0
2024-03-18T12:30:00Z,0.8611111111111112,-3.25,86.7,0.06391496659024137,0
2024-03-18T13:00:00Z,27.305555555555557,-3.05,91.7,0.040487557717362566,0
2024-03-18T13:30:00Z,27.305555555555557,-3.05,91.7,0.040487557717362566,0
2024-03-18T14:00:00Z,94.41666666666667,-1.98,88.9,0.05862923306104878,0
2024-03-18T14:30:00Z,94.41666666666667,-1.98,88.9,0.05862923306104878,0
2024-03-18T15:00:00Z,98.47222222222223,-1.39,81.6,0.10151371106751444,0
2024-03-18T15:30:00Z,98.47222222222223,-1.39,81.6,0.10151371106751444,0
2024-03-18T16:00:00Z,147.44444444444443,-1.26,71.06,0.16119833423028007,0
2024-03-18T16:30:00Z,147.44444444444443,-1.26,71.06,0.16119833423028007,0
2024-03-18T17:00:00Z,237.55555555555557,-0.74,61.14,0.2248742434057568,0
2024-03-18T17:30:00Z,237.55555555555557,-0.74,61.14,0.2248742434057568,0
2024-03-18T18:00:00Z,173.5,-0.9,66.8,0.18988156435774484,0
2024-03-18T18:30:00Z,173.5,-0.9,66.8,0.18988156435774484,0
2024-03-18T19:00:00Z,264,-0.86,65.91,0.19554441437293185,0
2024-03-18T19:30:00Z,264,-0.86,65.91,0.19554441437293185,0
2024-03-18T20:00:00Z,277.69444444444446,-0.3,64.27,0.21351974266622792,0
2024-03-18T20:30:00Z,277.69444444444446,-0.3,64.27,0.21351974266622792,0
2024-03-18T21:00:00Z,149.13888888888889,-0.84,70.16,0.17141701149511157,0
2024-03-18T21:30:00Z,149.13888888888889,-0.84,70.16,0.17141701149511157,0
2024-03-18T22:00:00Z,50.361111111111114,-1.17,71.46,0.16002577814776908,0
2024-03-18T22:30:00Z,50.361111111111114,-1.17,71.46,0.16002577814776908,0
2024-03-18T23:00:00Z,24.666666666666668,-1.34,67.18,0.18173732503896473,0
2024-03-18T23:30:00Z,24.666666666666668,-1.34,67.18,0.18173732503896473,0
2024-03-19T00:00:00Z,8.583333333333334,-1.42,66.4,0.18496375345449667,0
2024-03-19T00:30:00Z,8.583333333333334,-1.42,66.4,0.18496375345449667,0
2024-03-19T01:00:00Z,0.16666666666666666,-1.47,66.44,0.18406429297219107,0
2024-03-19T01:30:00Z,0.16666666666666666,-1.47,66.44,0.18406429297219107,0
2024-03-19T02:00:00Z,0.05555555555555556,-1.47,67.1,0.1804444350055151,0
2024-03-19T02:30:00Z,0.05555555555555556,-1.47,67.1,0.1804444350055151,0
2024-03-19T03:00:00Z,0.08333333333333333,-1.61,68.72,0.16979754491092136,0
2024-03-19T03:30:00Z,0.08333333333333333,-1.61,68.72,0.16979754491092136,0
2024-03-19T04:00:00Z,0.08333333333333333,-1.63,68.94,0.16835470565453736,0
2024-03-19T04:30:00Z,0.08333333333333333,-1.63,68.94,0.16835470565453736,0
2024-03-19T05:00:00Z,0.08333333333333333,-1.38,69.73,0.1671241038338555,0
2024-03-19T05:30:00Z,0.08333333333333333,-1.38,69.73,0.1671241038338555,0
2024-03-19T06:00:00Z,0.08333333333333333,-1.07,69.27,0.17357583187204823,0
2024-03-19T06:30:00Z,0.08333333333333333,-1.07,69.27,0.17357583187204823,0
2024-03-19T07:00:00Z,0.08333333333333333,-0.51,66.78,0.19549899557724154,0
2024-03-19T07:30:00Z,0.08333333333333333,-0.51,66.78,0.19549899557724154,0
2024-03-19T08:00:00Z,0.05555555555555556,-0.24,66.57,0.20065136640216324,0
2024-03-19T08:30:00Z,0.05555555555555556,-0.24,66.57,0.20065136640216324,0
2024-03-19T09:00:00Z,0.05555555555555556,-0.34,67.95,0.19097009804786247,0
2024-03-19T09:30:00Z,0.05555555555555556,-0.34,67.95,0.19097009804786247,0
2024-03-19T10:00:00Z,0.08333333333333333,-1.35,84.2,0.0874264736157565,0
2024-03-19T10:30:00Z,0.08333333333333333,-1.35,84.2,0.0874264736157565,0
2024-03-19T11:00:00Z,0.08333333333333333,-0.75,70.16,0.1725510780233656,0
2024-03-19T11:30:00Z,0.08333333333333333,-0.75,70.16,0.1725510780233656,0
2024-03-19T12:00:00Z,1.1388888888888888,-0.19,62.17,0.22789001024686284,0
2024-03-19T12:30:00Z,1.1388888888888888,-0.19,62.17,0.22789001024686284,0
2024-03-19T13:00:00Z,24.277777777777782,0.23,61.27,0.24055202832574463,0
2024-03-19T13:30:00Z,24.277777777777782,0.23,61.27,0.24055202832574463,0
2024-03-19T14:00:00Z,102.80555555555557,0.87,60.9,0.25437425456345575,0
2024-03-19T14:30:00Z,102.80555555555557,0.87,60.9,0.25437425456345575,0
2024-03-19T15:00:00Z,113.44444444444444,1.45,61.97,0.25797445623290227,0
2024-03-19T15:30:00Z,113.44444444444444,1.45,61.97,0.25797445623290227,0
2024-03-19T16:00:00Z,267.5833333333333,2.22,61.49,0.2760508175850356,0
2024-03-19T16:30:00Z,267.5833333333333,2.22,61.49,0.2760508175850356,0
2024-03-19T17:00:00Z,298.11111111111114,2.72,56.16,0.3256608125651416,0
2024-03-19T17:30:00Z,298.11111111111114,2.72,56.16,0.3256608125651416,0
2024-03-19T18:00:00Z,407.1944444444445,3.51,54.82,0.35495040634711544,0
2024-03-19T18:30:00Z,407.1944444444445,3.51,54.82,0.35495040634711544,0
2024-03-19T19:00:00Z,451.27777777777777,4.57,48.29,0.4377104772151887,0
2024-03-19T19:30:00Z,451.27777777777777,4.57,48.29,0.4377104772151887,0
2024-03-19T20:00:00Z,411.25,5.44,45.54,0.48985065646366627,0
2024-03-19T20:30:00Z,411.25,5.44,45.54,0.48985065646366627,0
2024-03-19T21:00:00Z,344.08333333333337,5.47,46.34,0.48366291673707357,0
2024-03-19T21:30:00Z,344.08333333333337,5.47,46.34,0.48366291673707357,0
2024-03-19T22:00:00Z,282.1666666666667,6.02,45.36,0.5116516813352209,0
2024-03-19T22:30:00Z,282.1666666666667,6.02,45.36,0.5116516813352209,0
2024-03-19T23:00:00Z,64.69444444444444,5.51,45.5,0.49260221766211043,0
2024-03-19T23:30:00Z,64.69444444444444,5.51,45.5,0.49260221766211043,0
2024-03-20T00:00:00Z,23.472222222222225,4.8,46.97,0.45616799137494524,0
2024-03-20T00:30:00Z,23.472222222222225,4.8,46.97,0.45616799137494524,0
2024-03-20T01:00:00Z,0.25,3.73,51.53,0.38675910828189597,0
2024-03-20T01:30:00Z,0.25,3.73,51.53,0.38675910828189597,0
2024-03-20T02:00:00Z,0.05555555555555556,2.69,56.94,0.3191846775067883,0
2024-03-20T02:30:00Z,0.05555555555555556,2.69,56.94,0.3191846775067883,0
2024-03-20T03:00:00Z,0.08333333333333333,0.46,65.74,0.21637014282882394,0
2024-03-20T03:30:00Z,0.08333333333333333,0.46,65.74,0.21637014282882394,0
2024-03-20T04:00:00Z,0.05555555555555556,0.37,67.51,0.2038567078862602,0
2024-03-20T04:30:00Z,0.05555555555555556,0.37,67.51,0.2038567078862602,0
2024-03-20T05:00:00Z,0.05555555555555556,-0.36,69.84,0.1794463677148354,0
2024-03-20T05:30:00Z,0.05555555555555556,-0.36,69.84,0.1794463677148354,0
2024-03-20T06:00:00Z,0.02777777777777778,0.51,70.13,0.18932984953926285,0
2024-03-20T06:30:00Z,0.02777777777777778,0.51,70.13,0.18932984953926285,0
2024-03-20T07:00:00Z,0.02777777777777778,0.49,72.21,0.17589072367683878,0
2024-03-20T07:30:00Z,0.02777777777777778,0.49,72.21,0.17589072367683878,0
2024-03-20T08:00:00Z,0.05555555555555556,-1.09,92.4,0.04286495382549793,0
2024-03-20T08:30:00Z,0.05555555555555556,-1.09,92.4,0.04286495382549793,0
2024-03-20T09:00:00Z,0.05555555555555556,-1.37,95.4,0.025415828066464363,0
2024-03-20T09:30:00Z,0.05555555555555556,-1.37,95.4,0.025415828066464363,0
2024-03-20T10:00:00Z,0.05555555555555556,-1.53,83.4,0.0906431684335765,0
2024-03-20T10:30:00Z,0.05555555555555556,-1.53,83.4,0.0906431684335765,0
2024-03-20T11:00:00Z,0.05555555555555556,-1.93,63.39,0.19408754287232227,0
2024-03-20T11:30:00Z,0.05555555555555556,-1.93,63.39,0.19408754287232227,0
2024-03-20T12:00:00Z,2.5555555555555554,-2.66,58.45,0.20866190981244181,0
2024-03-20T12:30:00Z,2.5555555555555554,-2.66,58.45,0.20866190981244181,0
2024-03-20T13:00:00Z,45.166666666666664,-2.69,55.21,0.22443121852358078,0
2024-03-20T13:30:00Z,45.166666666666664,-2.69,55.21,0.22443121852358078,0
2024-03-20T14:00:00Z,111.69444444444446,-2.98,58.17,0.2051167519515678,0
2024-03-20T14:30:00Z,111.69444444444446,-2.98,58.17,0.2051167519515678,0
2024-03-20T15:00:00Z,268.8055555555556,-3.59,71.07,0.1355303314022805,0
2024-03-20T15:30:00Z,268.8055555555556,-3.59,71.07,0.1355303314022805,0
2024-03-20T16:00:00Z,413.55555555555554,-3.17,56.69,0.20938109420954,0
2024-03-20T16:30:00Z,413.55555555555554,-3.17,56.69,0.20938109420954,0
2024-03-20T17:00:00Z,482.0555555555556,-3.06,65.24,0.16943334727713794,0
2024-03-20T17:30:00Z,482.0555555555556,-3.06,65.24,0.16943334727713794,0
2024-03-20T18:00:00Z,484.94444444444446,-2.84,50.23,0.24661324505528529,0
2024-03-20T18:30:00Z,484.94444444444446,-2.84,50.23,0.24661324505528529,0
2024-03-20T19:00:00Z,357.38888888888886,-3.06,46.65,0.26004801718168324,0
2024-03-20T19:30:00Z,357.38888888888886,-3.06,46.65,0.26004801718168324,0
2024-03-20T20:00:00Z,355.44444444444446,-2.97,50.56,0.24261400754670098,0
2024-03-20T20:30:00Z,355.44444444444446,-2.97,50.56,0.24261400754670098,0
2024-03-20T21:00:00Z,217.41666666666669,-3.21,47.25,0.25425692439700753,0
2024-03-20T21:30:00Z,217.41666666666669,-3.21,47.25,0.25425692439700753,0
2024-03-20T22:00:00Z,198.13888888888889,-3.3,46.31,0.25705109278306837,0
2024-03-20T22:30:00Z,198.13888888888889,-3.3,46.31,0.25705109278306837,0
2024-03-20T23:00:00Z,133.94444444444446,-3.3,44.91,0.2637538592180897,0
2024-03-20T23:30:00Z,133.94444444444446,-3.3,44.91,0.2637538592180897,0
2024-03-21T00:00:00Z,46.611111111111114,-3.73,45.49,0.2526967128452688,0
2024-03-21T00:30:00Z,46.611111111111114,-3.73,45.49,0.2526967128452688,0
2024-03-21T01:00:00Z,0.4722222222222222,-4.77,52.81,0.20225182040945036,0
2024-03-21T01:30:00Z,0.4722222222222222,-4.77,52.81,0.20225182040945036,0
2024-03-21T02:00:00Z,0.1388888888888889,-5.64,56.23,0.17557954675930126,0
2024-03-21T02:30:00Z,0.1388888888888889,-5.64,56.23,0.17557954675930126,0
2024-03-21T03:00:00Z,0.11111111111111112,-6.58,59.25,0.15209797525404617,0
2024-03-21T03:30:00Z,0.11111111111111112,-6.58,59.25,0.15209797525404617,0
2024-03-21T04:00:00Z,0.1388888888888889,-7.7,69.48,0.104460056564708,0
2024-03-21T04:30:00Z,0.1388888888888889,-7.7,69.48,0.104460056564708,0
2024-03-21T05:00:00Z,0.11111111111111112,-8.59,76.62,0.07465260285610956,0
2024-03-21T05:30:00Z,0.11111111111111112,-8.59,76.62,0.07465260285610956,0
2024-03-21T06:00:00Z,0.11111111111111112,-8.66,81.3,0.05938264562485934,0
2024-03-21T06:30:00Z,0.11111111111111112,-8.66,81.3,0.05938264562485934,0
2024-03-21T07:00:00Z,0.11111111111111112,-8.66,83,0.05398422329532665,0
2024-03-21T07:30:00Z,0.11111111111111112,-8.66,83,0.05398422329532665,0
2024-03-21T08:00:00Z,0.11111111111111112,-8.12,80.7,0.06393179960506795,0
2024-03-21T08:30:00Z,0.11111111111111112,-8.12,80.7,0.06393179960506795,0
2024-03-21T09:00:00Z,0.1388888888888889,-8.45,82.2,0.05746204806907701,0
2024-03-21T09:30:00Z,0.1388888888888889,-8.45,82.2,0.05746204806907701,0
2024-03-21T10:00:00Z,0.08333333333333333,-7.54,79.95,0.0694829570862916,0
2024-03-21T10:30:00Z,0.08333333333333333,-7.54,79.95,0.0694829570862916,0
2024-03-21T11:00:00Z,0.11111111111111112,-8.15,82.1,0.059155609969361256,0
2024-03-21T11:30:00Z,0.11111111111111112,-8.15,82.1,0.059155609969361256,0
2024-03-21T12:00:00Z,2.5555555555555554,-8.63,80.8,0.061113959171413657,0
2024-03-21T12:30:00Z,2.5555555555555554,-8.63,80.8,0.061113959171413657,0
2024-03-21T13:00:00Z,29.055555555555554,-7.92,79.2,0.06998327406197441,0
2024-03-21T13:30:00Z,29.055555555555554,-7.92,79.2,0.06998327406197441,0
2024-03-21T14:00:00Z,198.58333333333334,-5.16,62.51,0.15599074012438008,0
2024-03-21T14:30:00Z,198.58333333333334,-5.16,62.51,0.15599074012438008,0
2024-03-21T15:00:00Z,316.52777777777777,-3.89,58.3,0.19100116251427157,0
2024-03-21T15:30:00Z,316.52777777777777,-3.89,58.3,0.19100116251427157,0
2024-03-21T16:00:00Z,474.75,-2.82,50.78,0.24425184429303454,0
2024-03-21T16:30:00Z,474.75,-2.82,50.78,0.24425184429303454,0
2024-03-21T17:00:00Z,640.3611111111112,-1.73,45.62,0.2925884044741257,0
2024-03-21T17:30:00Z,640.3611111111112,-1.73,45.62,0.2925884044741257,0
2024-03-21T18:00:00Z,695.5277777777778,-0.72,41.61,0.3383852584884931,0
2024-03-21T18:30:00Z,695.5277777777778,-0.72,41.61,0.3383852584884931,0
2024-03-21T19:00:00Z,625.4444444444445,0.31,37.98,0.3874503688263853,0
2024-03-21T19:30:00Z,625.4444444444445,0.31,37.98,0.3874503688263853,0
2024-03-21T20:00:00Z,450.22222222222223,0.66,34.92,0.4170125497654426,0
2024-03-21T20:30:00Z,450.22222222222223,0.66,34.92,0.4170125497654426,0
2024-03-21T21:00:00Z,281.8888888888889,0.96,33.2,0.43741699209136453,0
2024-03-21T21:30:00Z,281.8888888888889,0.96,33.2,0.43741699209136453,0
2024-03-21T22:00:00Z,236.55555555555557,0.47,32.24,0.4282508190177383,0
2024-03-21T22:30:00Z,236.55555555555557,0.47,32.24,0.4282508190177383,0
2024-03-21T23:00:00Z,156.30555555555557,0.09,32.17,0.4170271868146451,0
2024-03-21T23:30:00Z,156.30555555555557,0.09,32.17,0.4170271868146451,0
2024-03-22T00:00:00Z,37.19444444444445,-0.93,35.83,0.36620241274655274,0
2024-03-22T00:30:00Z,37.19444444444445,-0.93,35.83,0.36620241274655274,0
2024-03-22T01:00:00Z,0.5833333333333334,-2.58,42.14,0.2923047594663565,0
2024-03-22T01:30:00Z,0.5833333333333334,-2.58,42.14,0.2923047594663565,0
2024-03-22T02:00:00Z,0.16666666666666666,-3.36,45.9,0.2578532140533895,0
2024-03-22T02:30:00Z,0.16666666666666666,-3.36,45.9,0.2578532140533895,0
2024-03-22T03:00:00Z,0.1388888888888889,-4.13,52.8,0.21232118563563662,0
2024-03-22T03:30:00Z,0.1388888888888889,-4.13,52.8,0.21232118563563662,0
2024-03-22T04:00:00Z,0.11111111111111112,-4.09,52.38,0.21485721837007563,0
2024-03-22T04:30:00Z,0.11111111111111112,-4.09,52.38,0.21485721837007563,0
2024-03-22T05:00:00Z,0.1388888888888889,-3.95,56.3,0.19926028641260934,0
2024-03-22T05:30:00Z,0.1388888888888889,-3.95,56.3,0.19926028641260934,0
2024-03-22T06:00:00Z,0.08333333333333333,-3.46,56.37,0.20639871771170515,0
2024-03-22T06:30:00Z,0.08333333333333333,-3.46,56.37,0.20639871771170515,0
2024-03-22T07:00:00Z,0.11111111111111112,-3.05,55.37,0.2177059880633606,0
2024-03-22T07:30:00Z,0.11111111111111112,-3.05,55.37,0.2177059880633606,0
2024-03-22T08:00:00Z,0.08333333333333333,-2.91,57.87,0.20766970599569978,0
2024-03-22T08:30:00Z,0.08333333333333333,-2.91,57.87,0.20766970599569978,0
2024-03-22T09:00:00Z,0.11111111111111112,-4.53,89.8,0.04451788244893262,0
2024-03-22T09:30:00Z,0.11111111111111112,-4.53,89.8,0.04451788244893262,0
2024-03-22T10:00:00Z,0.11111111111111112,-4.82,93.7,0.026899042553180874,0
2024-03-22T10:30:00Z,0.11111111111111112,-4.82,93.7,0.026899042553180874,0
2024-03-22T11:00:00Z,0.11111111111111112,-4.75,94.7,0.02274974898230131,0
2024-03-22T11:30:00Z,0.11111111111111112,-4.75,94.7,0.02274974898230131,0
2024-03-22T12:00:00Z,0.36111111111111116,-4.44,95.3,0.020653204239140355,0
2024-03-22T12:30:00Z,0.36111111111111116,-4.44,95.3,0.020653204239140355,0
2024-03-22T13:00:00Z,4.833333333333333,-3.83,95.8,0.019324527352689302,0
2024-03-22T13:30:00Z,4.833333333333333,-3.83,95.8,0.019324527352689302,0
2024-03-22T14:00:00Z,21.25,-3.02,95.4,0.022489212479893217,0
2024-03-22T14:30:00Z,21.25,-3.02,95.4,0.022489212479893217,0
2024-03-22T15:00:00Z,41.22222222222223,-2.44,93.8,0.03164967081634157,0
2024-03-22T15:30:00Z,41.22222222222223,-2.44,93.8,0.03164967081634157,0
2024-03-22T16:00:00Z,34.97222222222223,-2.16,93.5,0.03387777021474714,0
2024-03-22T16:30:00Z,34.97222222222223,-2.16,93.5,0.03387777021474714,0
2024-03-22T17:00:00Z,55.55555555555556,-1.64,94.5,0.029789693181374366,0
2024-03-22T17:30:00Z,55.55555555555556,-1.64,94.5,0.029789693181374366,0
2024-03-22T18:00:00Z,99.5,-1.05,93,0.03959702467057069,0
2024-03-22T18:30:00Z,99.5,-1.05,93,0.03959702467057069,0
2024-03-22T19:00:00Z,94.83333333333333,-1,92.4,0.043149143729391604,1.395
2024-03-22T19:30:00Z,94.83333333333333,-1,92.4,0.043149143729391604,1.395
2024-03-22T20:00:00Z,104.77777777777779,-1.13,91.5,0.047800398290755886,1.27
2024-03-22T20:30:00Z,104.77777777777779,-1.13,91.5,0.047800398290755886,1.27
2024-03-22T21:00:00Z,140.27777777777777,-0.92,86.8,0.07538442709520993,0.76
2024-03-22T21:30:00Z,140.27777777777777,-0.92,86.8,0.07538442709520993,0.76
2024-03-22T22:00:00Z,69,-0.82,84.2,0.09089683602977766,0
2024-03-22T22:30:00Z,69,-0.82,84.2,0.09089683602977766,0
2024-03-22T23:00:00Z,58.30555555555556,-0.3,80.6,0.11593291373425196,0
2024-03-22T23:30:00Z,58.30555555555556,-0.3,80.6,0.11593291373425196,0
2024-03-23T00:00:00Z,15.750000000000002,-0.51,81.3,0.11004910347063268,0
2024-03-23T00:30:00Z,15.750000000000002,-0.51,81.3,0.11004910347063268,0
2024-03-23T01:00:00Z,0.2777777777777778,-1.07,83.7,0.09206918514527773,0
2024-03-23T01:30:00Z,0.2777777777777778,-1.07,83.7,0.09206918514527773,0
2024-03-23T02:00:00Z,0.08333333333333333,-1.57,85.9,0.07676533615693959,0
2024-03-23T02:30:00Z,0.08333333333333333,-1.57,85.9,0.07676533615693959,0
2024-03-23T03:00:00Z,0.08333333333333333,-1.64,87.4,0.06824547892460292,0
2024-03-23T03:30:00Z,0.08333333333333333,-1.64,87.4,0.06824547892460292,0
2024-03-23T04:00:00Z,0.08333333333333333,-2.08,88.7,0.05924534478384752,0
2024-03-23T04:30:00Z,0.08333333333333333,-2.08,88.7,0.05924534478384752,0
2024-03-23T05:00:00Z,0.05555555555555556,-1.74,89.2,0.05806586808186215,0
2024-03-23T05:30:00Z,0.05555555555555556,-1.74,89.2,0.05806586808186215,0
2024-03-23T06:00:00Z,0.05555555555555556,-1.58,89.7,0.05603546285224292,0
2024-03-23T06:30:00Z,0.05555555555555556,-1.58,89.7,0.05603546285224292,0
2024-03-23T07:00:00Z,0.08333333333333333,-1.58,91.2,0.04787495855337259,0
2024-03-23T07:30:00Z,0.08333333333333333,-1.58,91.2,0.04787495855337259,0
2024-03-23T08:00:00Z,0.08333333333333333,-2.02,91.1,0.046870047144170424,0
2024-03-23T08:30:00Z,0.08333333333333333,-2.02,91.1,0.046870047144170424,0
2024-03-23T09:00:00Z,0.11111111111111112,-3,86.5,0.06609957467296984,0
2024-03-23T09:30:00Z,0.11111111111111112,-3,86.5,0.06609957467296984,0
2024-03-23T10:00:00Z,0.11111111111111112,-4.56,87.9,0.05269071646264417,0
2024-03-23T10:30:00Z,0.11111111111111112,-4.56,87.9,0.05269071646264417,0
2024-03-23T11:00:00Z,0.08333333333333333,-4.67,86.4,0.05873157212402397,0
2024-03-23T11:30:00Z,0.08333333333333333,-4.67,86.4,0.05873157212402397,0
2024-03-23T12:00:00Z,1.9444444444444446,-5.15,87.3,0.05288315522088116,0
2024-03-23T12:30:00Z,1.9444444444444446,-5.15,87.3,0.05288315522088116,0
2024-03-23T13:00:00Z,27.972222222222225,-4.43,83.5,0.07256074728339945,0
2024-03-23T13:30:00Z,27.972222222222225,-4.43,83.5,0.07256074728339945,0
2024-03-23T14:00:00Z,104.58333333333334,-2.98,74.17,0.12665947174059278,0
2024-03-23T14:30:00Z,104.58333333333334,-2.98,74.17,0.12665947174059278,0
2024-03-23T15:00:00Z,167.13888888888891,-1.92,60.41,0.21004129761120044,0.125
2024-03-23T15:30:00Z,167.13888888888891,-1.92,60.41,0.21004129761120044,0.125
2024-03-23T16:00:00Z,460.61111111111114,-0.94,46.03,0.3077676778923026,0
2024-03-23T16:30:00Z,460.61111111111114,-0.94,46.03,0.3077676778923026,0
2024-03-23T17:00:00Z,691.3611111111112,-0.22,40.5,0.3576482229425572,0
2024-03-23T17:30:00Z,691.3611111111112,-0.22,40.5,0.3576482229425572,0
2024-03-23T18:00:00Z,690.6666666666667,0.31,39.05,0.38076588165056724,0
2024-03-23T18:30:00Z,690.6666666666667,0.31,39.05,0.38076588165056724,0
2024-03-23T19:00:00Z,735.6944444444445,0.89,38.26,0.4022448503424504,0
2024-03-23T19:30:00Z,735.6944444444445,0.89,38.26,0.4022448503424504,0
2024-03-23T20:00:00Z,645.3055555555555,1.3,38.68,0.41149635430646103,0
2024-03-23T20:30:00Z,645.3055555555555,1.3,38.68,0.41149635430646103,0
2024-03-23T21:00:00Z,511.94444444444446,1.46,38.96,0.4143593389160953,0
2024-03-23T21:30:00Z,511.94444444444446,1.46,38.96,0.4143593389160953,0
2024-03-23T22:00:00Z,378.75,1.46,37.66,0.42318416100965567,0
2024-03-23T22:30:00Z,378.75,1.46,37.66,0.42318416100965567,0
2024-03-23T23:00:00Z,215.22222222222223,1.24,37.86,0.41520142030857815,0
2024-03-23T23:30:00Z,215.22222222222223,1.24,37.86,0.41520142030857815,0
2024-03-24T00:00:00Z,53.00000000000001,-0.11,43.08,0.34489394695163683,0
2024-03-24T00:30:00Z,53.00000000000001,-0.11,43.08,0.34489394695163683,0
2024-03-24T01:00:00Z,0.6944444444444444,-1.73,48.87,0.27510196985586705,0
2024-03-24T01:30:00Z,0.6944444444444444,-1.73,48.87,0.27510196985586705,0
2024-03-24T02:00:00Z,0.16666666666666666,-2.78,54.07,0.2286058431420101,0
2024-03-24T02:30:00Z,0.16666666666666666,-2.78,54.07,0.2286058431420101,0
2024-03-24T03:00:00Z,0.16666666666666666,-3.69,58.69,0.19208053257977292,0
2024-03-24T03:30:00Z,0.16666666666666666,-3.69,58.69,0.19208053257977292,0
2024-03-24T04:00:00Z,0.16666666666666666,-4.75,65.35,0.14873184947863044,0
2024-03-24T04:30:00Z,0.16666666666666666,-4.75,65.35,0.14873184947863044,0
2024-03-24T05:00:00Z,0.11111111111111112,-5.3,65.54,0.14186394238225997,0
2024-03-24T05:30:00Z,0.11111111111111112,-5.3,65.54,0.14186394238225997,0
2024-03-24T06:00:00Z,0.11111111111111112,-5.52,67.13,0.13306834328671596,0
2024-03-24T06:30:00Z,0.11111111111111112,-5.52,67.13,0.13306834328671596,0
2024-03-24T07:00:00Z,0.08333333333333333,-4.62,63.6,0.15778952501611104,0
2024-03-24T07:30:00Z,0.08333333333333333,-4.62,63.6,0.15778952501611104,0
2024-03-24T08:00:00Z,0.05555555555555556,-4.45,64.99,0.15372816519505872,0
2024-03-24T08:30:00Z,0.05555555555555556,-4.45,64.99,0.15372816519505872,0
2024-03-24T09:00:00Z,0.08333333333333333,-4.43,64.51,0.156071570975021,0
2024-03-24T09:30:00Z,0.08333333333333333,-4.43,64.51,0.156071570975021,0
2024-03-24T10:00:00Z,0.11111111111111112,-4.78,66.89,0.1417987692643819,0
2024-03-24T10:30:00Z,0.11111111111111112,-4.78,66.89,0.1417987692643819,0
2024-03-24T11:00:00Z,0.08333333333333333,-4.25,67.94,0.1429171925263581,0
2024-03-24T11:30:00Z,0.08333333333333333,-4.25,67.94,0.1429171925263581,0
2024-03-24T12:00:00Z,2,-3.91,68.79,0.14273822400285785,0
2024-03-24T12:30:00Z,2,-3.91,68.79,0.14273822400285785,0
2024-03-24T13:00:00Z,40.05555555555556,-3.33,67.65,0.1545343669280026,0
2024-03-24T13:30:00Z,40.05555555555556,-3.33,67.65,0.1545343669280026,0
2024-03-24T14:00:00Z,181.69444444444446,-1.76,60.58,0.2116275607604357,0
2024-03-24T14:30:00Z,181.69444444444446,-1.76,60.58,0.2116275607604357,0
2024-03-24T15:00:00Z,323.94444444444446,0.14,53.37,0.2877310763388046,0
2024-03-24T15:30:00Z,323.94444444444446,0.14,53.37,0.2877310763388046,0
2024-03-24T16:00:00Z,434.3055555555556,1.81,46.7,0.3710233838799558,0
2024-03-24T16:30:00Z,434.3055555555556,1.81,46.7,0.3710233838799558,0
2024-03-24T17:00:00Z,404.3333333333333,2.4,47.47,0.38141955653365966,0
2024-03-24T17:30:00Z,404.3333333333333,2.4,47.47,0.38141955653365966,0
2024-03-24T18:00:00Z,379.94444444444446,3.21,48.71,0.39448914884520425,0
2024-03-24T18:30:00Z,379.94444444444446,3.21,48.71,0.39448914884520425,0
2024-03-24T19:00:00Z,246.58333333333334,2.75,50.17,0.37094759481968803,0
2024-03-24T19:30:00Z,246.58333333333334,2.75,50.17,0.37094759481968803,0
2024-03-24T20:00:00Z,248.47222222222223,2.74,52.23,0.355359585099378,0
2024-03-24T20:30:00Z,248.47222222222223,2.74,52.23,0.355359585099378,0
2024-03-24T21:00:00Z,134.58333333333334,2.53,53.99,0.337188385503624,0
2024-03-24T21:30:00Z,134.58333333333334,2.53,53.99,0.337188385503624,0
2024-03-24T22:00:00Z,82.61111111111111,2.4,57.98,0.30510660128582484,0
2024-03-24T22:30:00Z,82.61111111111111,2.4,57.98,0.30510660128582484,0
2024-03-24T23:00:00Z,44.22222222222222,2.4,58.81,0.2990799835069758,0
2024-03-24T23:30:00Z,44.22222222222222,2.4,58.81,0.2990799835069758,0
2024-03-25T00:00:00Z,12.777777777777779,2.51,57.13,0.31372919739542393,0
2024-03-25T00:30:00Z,12.777777777777779,2.51,57.13,0.31372919739542393,0
2024-03-25T01:00:00Z,0.22222222222222224,2.41,55.81,0.321091873354379,0
2024-03-25T01:30:00Z,0.22222222222222224,2.41,55.81,0.321091873354379,0
2024-03-25T02:00:00Z,0.08333333333333333,2.29,54.39,0.32858414363758087,0
2024-03-25T02:30:00Z,0.08333333333333333,2.29,54.39,0.32858414363758087,0
2024-03-25T03:00:00Z,0.11111111111111112,1.89,51.53,0.3393412525751092,0
2024-03-25T03:30:00Z,0.11111111111111112,1.89,51.53,0.3393412525751092,0
2024-03-25T04:00:00Z,0.11111111111111112,1.24,53.57,0.31023176609152375,0
2024-03-25T04:30:00Z,0.11111111111111112,1.24,53.57,0.31023176609152375,0
2024-03-25T05:00:00Z,0.11111111111111112,0.66,54.02,0.2946256459467586,0
2024-03-25T05:30:00Z,0.11111111111111112,0.66,54.02,0.2946256459467586,0
2024-03-25T06:00:00Z,0.11111111111111112,0.92,53.48,0.30374181449569887,0
2024-03-25T06:30:00Z,0.11111111111111112,0.92,53.48,0.30374181449569887,0
2024-03-25T07:00:00Z,0.11111111111111112,0.79,55.18,0.28990607070587593,0
2024-03-25T07:30:00Z,0.11111111111111112,0.79,55.18,0.28990607070587593,0
2024-03-25T08:00:00Z,0.08333333333333333,0.88,56.72,0.2817717163264497,0
2024-03-25T08:30:00Z,0.08333333333333333,0.88,56.72,0.2817717163264497,0
2024-03-25T09:00:00Z,0.08333333333333333,1.35,57.66,0.2851527289357919,0
2024-03-25T09:30:00Z,0.08333333333333333,1.35,57.66,0.2851527289357919,0
2024-03-25T10:00:00Z,0.05555555555555556,1.34,60.28,0.26731504609866596,0
2024-03-25T10:30:00Z,0.05555555555555556,1.34,60.28,0.26731504609866596,0
2024-03-25T11:00:00Z,0.05555555555555556,1.96,61.67,0.2696990784694691,0
2024-03-25T11:30:00Z,0.05555555555555556,1.96,61.67,0.2696990784694691,0
2024-03-25T12:00:00Z,1,2.9,60,0.3009620730419323,0
2024-03-25T12:30:00Z,1,2.9,60,0.3009620730419323,0
2024-03-25T13:00:00Z,30.555555555555557,3.39,60.21,0.30996346894270016,0
2024-03-25T13:30:00Z,30.555555555555557,3.39,60.21,0.30996346894270016,0
2024-03-25T14:00:00Z,147.97222222222223,5.19,56.59,0.3837218984181062,0
2024-03-25T14:30:00Z,147.97222222222223,5.19,56.59,0.3837218984181062,0
2024-03-25T15:00:00Z,304.5,8.11,50.02,0.5402000208486295,0
2024-03-25T15:30:00Z,304.5,8.11,50.02,0.5402000208486295,0
2024-03-25T16:00:00Z,419.80555555555554,10.79,46.1,0.6977365239206064,0
2024-03-25T16:30:00Z,419.80555555555554,10.79,46.1,0.6977365239206064,0
2024-03-25T17:00:00Z,420.72222222222223,12.78,44.29,0.8224757773662691,0
2024-03-25T17:30:00Z,420.72222222222223,12.78,44.29,0.8224757773662691,0
2024-03-25T18:00:00Z,413.27777777777777,14.56,43.76,0.9322532552754915,0
2024-03-25T18:30:00Z,413.27777777777777,14.56,43.76,0.9322532552754915,0
2024-03-25T19:00:00Z,433.8055555555556,16.41,43.87,1.04764068525279,0
2024-03-25T19:30:00Z,433.8055555555556,16.41,43.87,1.04764068525279,0
2024-03-25T20:00:00Z,401.1666666666667,17.18,44.43,1.0891407054949402,0
2024-03-25T20:30:00Z,401.1666666666667,17.18,44.43,1.0891407054949402,0
2024-03-25T21:00:00Z,176.47222222222223,16.68,45.81,1.0289495899530268,0
2024-03-25T21:30:00Z,176.47222222222223,16.68,45.81,1.0289495899530268,0
2024-03-25T22:00:00Z,70.05555555555556,15.88,48.36,0.9317904006677838,0
2024-03-25T22:30:00Z,70.05555555555556,15.88,48.36,0.9317904006677838,0
2024-03-25T23:00:00Z,69.11111111111111,15.72,49.45,0.9028337086567445,0
2024-03-25T23:30:00Z,69.11111111111111,15.72,49.45,0.9028337086567445,0
2024-03-26T00:00:00Z,24.61111111111111,14.96,49.69,0.8557527411948731,0
2024-03-26T00:30:00Z,24.61111111111111,14.96,49.69,0.8557527411948731,0
2024-03-26T01:00:00Z,0.22222222222222224,14.64,51.12,0.8144486678030043,0
2024-03-26T01:30:00Z,0.22222222222222224,14.64,51.12,0.8144486678030043,0
2024-03-26T02:00:00Z,0.02777777777777778,14.39,54.16,0.7515538980470409,0
2024-03-26T02:30:00Z,0.02777777777777778,14.39,54.16,0.7515538980470409,0
2024-03-26T03:00:00Z,0.02777777777777778,14.16,54.34,0.7375364175902662,0
2024-03-26T03:30:00Z,0.02777777777777778,14.16,54.34,0.7375364175902662,0
2024-03-26T04:00:00Z,0.02777777777777778,13.64,52.19,0.7466195987106847,0
2024-03-26T04:30:00Z,0.02777777777777778,13.64,52.19,0.7466195987106847,0
2024-03-26T05:00:00Z,0.02777777777777778,13.54,47.24,0.8185739053177488,0
2024-03-26T05:30:00Z,0.02777777777777778,13.54,47.24,0.8185739053177488,0
2024-03-26T06:00:00Z,0.11111111111111112,11.62,60.5,0.5402826400992737,0
2024-03-26T06:30:00Z,0.11111111111111112,11.62,60.5,0.5402826400992737,0
2024-03-26T07:00:00Z,0.16666666666666666,10.69,71.63,0.36481202424757087,1.015
2024-03-26T07:30:00Z,0.16666666666666666,10.69,71.63,0.36481202424757087,1.015
2024-03-26T08:00:00Z,0.1388888888888889,9.33,86.4,0.15965135026618005,0.635
2024-03-26T08:30:00Z,0.1388888888888889,9.33,86.4,0.15965135026618005,0.635
2024-03-26T09:00:00Z,0.1388888888888889,8.46,90,0.1106845199481028,1.27
2024-03-26T09:30:00Z,0.1388888888888889,8.46,90,0.1106845199481028,1.27
2024-03-26T10:00:00Z,0.11111111111111112,8.03,91,0.09674664357525531,0.38
2024-03-26T10:30:00Z,0.11111111111111112,8.03,91,0.09674664357525531,0.38
2024-03-26T11:00:00Z,0.05555555555555556,8.04,89,0.11832643647416252,0
2024-03-26T11:30:00Z,0.05555555555555556,8.04,89,0.11832643647416252,0
2024-03-26T12:00:00Z,0.36111111111111116,8.41,90.8,0.10148480202187127,0.125
2024-03-26T12:30:00Z,0.36111111111111116,8.41,90.8,0.10148480202187127,0.125
2024-03-26T13:00:00Z,3.75,9,92.9,0.08151229393644588,0.255
2024-03-26T13:30:00Z,3.75,9,92.9,0.08151229393644588,0.255
2024-03-26T14:00:00Z,18.666666666666668,9.15,94.2,0.067265276882706,0.255
2024-03-26T14:30:00Z,18.666666666666668,9.15,94.2,0.067265276882706,0.255
2024-03-26T15:00:00Z,56.416666666666664,10.03,93,0.08613033717299179,0
2024-03-26T15:30:00Z,56.416666666666664,10.03,93,0.08613033717299179,0
2024-03-26T16:00:00Z,93.55555555555556,10.95,91.6,0.10990203755974237,0.125
2024-03-26T16:30:00Z,93.55555555555556,10.95,91.6,0.10990203755974237,0.125
2024-03-26T17:00:00Z,244,12.19,88.8,0.15906608281277235,0
2024-03-26T17:30:00Z,244,12.19,88.8,0.15906608281277235,0
2024-03-26T18:00:00Z,107.72222222222223,12.19,89.6,0.14770421975471737,0
2024-03-26T18:30:00Z,107.72222222222223,12.19,89.6,0.14770421975471737,0
2024-03-26T19:00:00Z,156.66666666666669,12.85,86.2,0.20467302220013184,0
2024-03-26T19:30:00Z,156.66666666666669,12.85,86.2,0.20467302220013184,0
2024-03-26T20:00:00Z,150.27777777777777,11.3,88,0.16069465912798164,0.89
2024-03-26T20:30:00Z,150.27777777777777,11.3,88,0.16069465912798164,0.89
2024-03-26T21:00:00Z,171.22222222222223,9.19,81.7,0.2128070310398016,0
2024-03-26T21:30:00Z,171.22222222222223,9.19,81.7,0.2128070310398016,0
2024-03-26T22:00:00Z,231.55555555555557,8.77,68.62,0.3547018262952806,0
2024-03-26T22:30:00Z,231.55555555555557,8.77,68.62,0.3547018262952806,0
2024-03-26T23:00:00Z,49.111111111111114,6.52,72.11,0.2703413239486039,0
2024-03-26T23:30:00Z,49.111111111111114,6.52,72.11,0.2703413239486039,0
2024-03-27T00:00:00Z,12.777777777777779,5.52,75.55,0.22114676778019327,0
2024-03-27T00:30:00Z,12.777777777777779,5.52,75.55,0.22114676778019327,0
2024-03-27T01:00:00Z,0.3055555555555556,5.06,79.8,0.1769461795726338,0
2024-03-27T01:30:00Z,0.3055555555555556,5.06,79.8,0.1769461795726338,0
2024-03-27T02:00:00Z,0.05555555555555556,4.58,86.3,0.11604787567172836,0
2024-03-27T02:30:00Z,0.05555555555555556,4.58,86.3,0.11604787567172836,0
2024-03-27T03:00:00Z,0.05555555555555556,3.66,84.2,0.1254525443611163,0
2024-03-27T03:30:00Z,0.05555555555555556,3.66,84.2,0.1254525443611163,0
2024-03-27T04:00:00Z,0.05555555555555556,2.55,80.6,0.14237735447116173,0
2024-03-27T04:30:00Z,0.05555555555555556,2.55,80.6,0.14237735447116173,0
2024-03-27T05:00:00Z,0.08333333333333333,1.61,81.3,0.12831708071026904,0
2024-03-27T05:30:00Z,0.08333333333333333,1.61,81.3,0.12831708071026904,0
2024-03-27T06:00:00Z,0.05555555555555556,1.23,80,0.13353797147585544,0
2024-03-27T06:30:00Z,0.05555555555555556,1.23,80,0.13353797147585544,0
2024-03-27T07:00:00Z,0.08333333333333333,0.91,77.93,0.1439970406163289,0
2024-03-27T07:30:00Z,0.08333333333333333,0.91,77.93,0.1439970406163289,0
2024-03-27T08:00:00Z,0.08333333333333333,0.6,79.79,0.12893817614429504,0
2024-03-27T08:30:00Z,0.08333333333333333,0.6,79.79,0.12893817614429504,0
2024-03-27T09:00:00Z,0.11111111111111112,0.12,79.08,0.12889960705977116,0
2024-03-27T09:30:00Z,0.11111111111111112,0.12,79.08,0.12889960705977116,0
2024-03-27T10:00:00Z,0.11111111111111112,-0.06,78.92,0.12819549226737048,0
2024-03-27T10:30:00Z,0.11111111111111112,-0.06,78.92,0.12819549226737048,0
2024-03-27T11:00:00Z,0.08333333333333333,-0.51,78.58,0.12605624579363384,0
2024-03-27T11:30:00Z,0.08333333333333333,-0.51,78.58,0.12605624579363384,0
2024-03-27T12:00:00Z,0.7500000000000001,-0.83,78.12,0.12578264445296428,0
2024-03-27T12:30:00Z,0.7500000000000001,-0.83,78.12,0.12578264445296428,0
2024-03-27T13:00:00Z,7.250000000000001,-0.96,77.86,0.12606977587100027,0
2024-03-27T13:30:00Z,7.250000000000001,-0.96,77.86,0.12606977587100027,0
2024-03-27T14:00:00Z,22.750000000000004,-0.94,75.87,0.13760300291905242,0
2024-03-27T14:30:00Z,22.750000000000004,-0.94,75.87,0.13760300291905242,0
2024-03-27T15:00:00Z,48.88888888888889,-1.05,74.86,0.14220988574544974,0
2024-03-27T15:30:00Z,48.88888888888889,-1.05,74.86,0.14220988574544974,0
2024-03-27T16:00:00Z,92.02777777777779,-1.2,72.83,0.15200850068595745,0
2024-03-27T16:30:00Z,92.02777777777779,-1.2,72.83,0.15200850068595745,0
2024-03-27T17:00:00Z,177.2777777777778,-0.6,70.6,0.17188353560244019,0
2024-03-27T17:30:00Z,177.2777777777778,-0.6,70.6,0.17188353560244019,0
2024-03-27T18:00:00Z,256.8888888888889,-0.09,66.49,0.2033423206012937,0
2024-03-27T18:30:00Z,256.8888888888889,-0.09,66.49,0.2033423206012937,0
2024-03-27T19:00:00Z,175.83333333333334,0.42,65.18,0.21926996536130355,0
2024-03-27T19:30:00Z,175.83333333333334,0.42,65.18,0.21926996536130355,0
2024-03-27T20:00:00Z,164.61111111111111,0.7,64.7,0.2268471559614313,0
2024-03-27T20:30:00Z,164.61111111111111,0.7,64.7,0.2268471559614313,0
2024-03-27T21:00:00Z,155.30555555555557,0.97,65.09,0.2287612958254136,0
2024-03-27T21:30:00Z,155.30555555555557,0.97,65.09,0.2287612958254136,0
2024-03-27T22:00:00Z,135.47222222222223,1.19,62.8,0.24766591832773083,0
2024-03-27T22:30:00Z,135.47222222222223,1.19,62.8,0.24766591832773083,0
2024-03-27T23:00:00Z,98.16666666666667,1.34,62.51,0.25230717719634915,0
2024-03-27T23:30:00Z,98.16666666666667,1.34,62.51,0.25230717719634915,0
2024-03-28T00:00:00Z,44.16666666666667,1.23,65.32,0.23155484253913355,0
2024-03-28T00:30:00Z,44.16666666666667,1.23,65.32,0.23155484253913355,0
2024-03-28T01:00:00Z,0.9722222222222223,0.42,70.06,0.18853942455248218,0
2024-03-28T01:30:00Z,0.9722222222222223,0.42,70.06,0.18853942455248218,0
2024-03-28T02:00:00Z,0.08333333333333333,0.1,73.75,0.16150563252147748,0
2024-03-28T02:30:00Z,0.08333333333333333,0.1,73.75,0.16150563252147748,0
2024-03-28T03:00:00Z,0.08333333333333333,-0.6,77.27,0.1328881892599818,0
2024-03-28T03:30:00Z,0.08333333333333333,-0.6,77.27,0.1328881892599818,0
2024-03-28T04:00:00Z,0.05555555555555556,-0.66,74.55,0.14813859594580397,0
2024-03-28T04:30:00Z,0.05555555555555556,-0.66,74.55,0.14813859594580397,0
2024-03-28T05:00:00Z,0.05555555555555556,-0.45,67.92,0.18961965765943106,0
2024-03-28T05:30:00Z,0.05555555555555556,-0.45,67.92,0.18961965765943106,0
2024-03-28T06:00:00Z,0.05555555555555556,0.27,61.63,0.23900937326206184,0
2024-03-28T06:30:00Z,0.05555555555555556,0.27,61.63,0.23900937326206184,0
2024-03-28T07:00:00Z,0.08333333333333333,-0.25,63.16,0.22095744836996656,0
2024-03-28T07:30:00Z,0.08333333333333333,-0.25,63.16,0.22095744836996656,0
2024-03-28T08:00:00Z,0.08333333333333333,-0.87,65.91,0.19540111219998935,0
2024-03-28T08:30:00Z,0.08333333333333333,-0.87,65.91,0.19540111219998935,0
2024-03-28T09:00:00Z,0.08333333333333333,-1.42,68.68,0.1724126416129415,0
2024-03-28T09:30:00Z,0.08333333333333333,-1.42,68.68,0.1724126416129415,0
2024-03-28T10:00:00Z,0.08333333333333333,-1.62,69.41,0.1659295463549788,0
2024-03-28T10:30:00Z,0.08333333333333333,-1.62,69.41,0.1659295463549788,0
2024-03-28T11:00:00Z,0.08333333333333333,-1.8,69.81,0.16159773518995385,0
2024-03-28T11:30:00Z,0.08333333333333333,-1.8,69.81,0.16159773518995385,0
2024-03-28T12:00:00Z,6.833333333333334,-2.08,71.58,0.14900466360680947,0
2024-03-28T12:30:00Z,6.833333333333334,-2.08,71.58,0.14900466360680947,0
2024-03-28T13:00:00Z,38.16666666666667,-2,75.22,0.13069219910406682,0
2024-03-28T13:30:00Z,38.16666666666667,-2,75.22,0.13069219910406682,0
2024-03-28T14:00:00Z,278.08333333333337,0.5,68.64,0.1986301613168442,0
2024-03-28T14:30:00Z,278.08333333333337,0.5,68.64,0.1986301613168442,0
2024-03-28T15:00:00Z,430.52777777777783,1.84,57.72,0.294946219570425,0
2024-03-28T15:30:00Z,430.52777777777783,1.84,57.72,0.294946219570425,0
2024-03-28T16:00:00Z,556.9444444444445,2.52,52.76,0.3459559594096303,0
2024-03-28T16:30:00Z,556.9444444444445,2.52,52.76,0.3459559594096303,0
2024-03-28T17:00:00Z,709.7222222222223,3.32,50.9,0.38059831073017963,0
2024-03-28T17:30:00Z,709.7222222222223,3.32,50.9,0.38059831073017963,0
2024-03-28T18:00:00Z,753.5833333333334,3.61,45.3,0.4327894889074914,0
2024-03-28T18:30:00Z,753.5833333333334,3.61,45.3,0.4327894889074914,0
2024-03-28T19:00:00Z,748.5,3.75,46.32,0.4289362069374223,0
2024-03-28T19:30:00Z,748.5,3.75,46.32,0.4289362069374223,0
2024-03-28T20:00:00Z,672.5555555555555,3.75,42.9,0.45626410983842797,0
2024-03-28T20:30:00Z,672.5555555555555,3.75,42.9,0.45626410983842797,0
2024-03-28T21:00:00Z,558.2777777777778,3.97,38.09,0.5024278014117003,0
2024-03-28T21:30:00Z,558.2777777777778,3.97,38.09,0.5024278014117003,0
2024-03-28T22:00:00Z,404.3888888888889,4.21,38.28,0.5094123920221669,0
2024-03-28T22:30:00Z,404.3888888888889,4.21,38.28,0.5094123920221669,0
2024-03-28T23:00:00Z,230.05555555555557,4.1,38.92,0.5002470177195135,0
2024-03-28T23:30:00Z,230.05555555555557,4.1,38.92,0.5002470177195135,0
2024-03-29T00:00:00Z,65.05555555555556,2.85,44.8,0.4138549271563476,0
2024-03-29T00:30:00Z,65.05555555555556,2.85,44.8,0.4138549271563476,0
2024-03-29T01:00:00Z,1.25,0.85,54.11,0.29811709293079375,0
2024-03-29T01:30:00Z,1.25,0.85,54.11,0.29811709293079375,0
2024-03-29T02:00:00Z,0.11111111111111112,-0.17,59.57,0.24390785207831722,0
2024-03-29T02:30:00Z,0.11111111111111112,-0.17,59.57,0.24390785207831722,0
2024-03-29T03:00:00Z,0.08333333333333333,-0.94,63.39,0.2087710707362831,0
2024-03-29T03:30:00Z,0.08333333333333333,-0.94,63.39,0.2087710707362831,0
2024-03-29T04:00:00Z,0.05555555555555556,-1.14,62.84,0.20881860146435727,0
2024-03-29T04:30:00Z,0.05555555555555556,-1.14,62.84,0.20881860146435727,0
2024-03-29T05:00:00Z,0.08333333333333333,-1.79,63.95,0.19310713878901692,0
2024-03-29T05:30:00Z,0.08333333333333333,-1.79,63.95,0.19310713878901692,0
2024-03-29T06:00:00Z,0.08333333333333333,-2.45,65.05,0.17827974568939875,0
2024-03-29T06:30:00Z,0.08333333333333333,-2.45,65.05,0.17827974568939875,0
2024-03-29T07:00:00Z,0.11111111111111112,-3.54,73.4,0.12508309322811945,0
2024-03-29T07:30:00Z,0.11111111111111112,-3.54,73.4,0.12508309322811945,0
2024-03-29T08:00:00Z,0.11111111111111112,-4.17,79.04,0.09400109991813566,0
2024-03-29T08:30:00Z,0.11111111111111112,-4.17,79.04,0.09400109991813566,0
2024-03-29T09:00:00Z,0.11111111111111112,-4.32,86.5,0.05986322902414304,0
2024-03-29T09:30:00Z,0.11111111111111112,-4.32,86.5,0.05986322902414304,0
2024-03-29T10:00:00Z,0.08333333333333333,-4.21,86.8,0.05902085053787465,0
2024-03-29T10:30:00Z,0.08333333333333333,-4.21,86.8,0.05902085053787465,0
2024-03-29T11:00:00Z,0.11111111111111112,-5.01,91,0.03787710684768253,0
2024-03-29T11:30:00Z,0.11111111111111112,-5.01,91,0.03787710684768253,0
2024-03-29T12:00:00Z,5.138888888888889,-5.27,92.4,0.03135900207504616,0
2024-03-29T12:30:00Z,5.138888888888889,-5.27,92.4,0.03135900207504616,0
2024-03-29T13:00:00Z,32.333333333333336,-2.69,85.6,0.07215471191648948,0
2024-03-29T13:30:00Z,32.333333333333336,-2.69,85.6,0.07215471191648948,0
2024-03-29T14:00:00Z,304.80555555555554,0.66,74.51,0.1633320512218981,0
2024-03-29T14:30:00Z,304.80555555555554,0.66,74.51,0.1633320512218981,0
2024-03-29T15:00:00Z,484.3888888888889,2.9,61.12,0.2925351349967582,0
2024-03-29T15:30:00Z,484.3888888888889,2.9,61.12,0.2925351349967582,0
2024-03-29T16:00:00Z,610,4.7,47,0.4527320239426044,0
2024-03-29T16:30:00Z,610,4.7,47,0.4527320239426044,0
2024-03-29T17:00:00Z,711.4166666666666,6,40.58,0.5556420074965567,0
2024-03-29T17:30:00Z,711.4166666666666,6,40.58,0.5556420074965567,0
2024-03-29T18:00:00Z,751.8333333333334,7.2,38.23,0.6273983176200774,0
2024-03-29T18:30:00Z,751.8333333333334,7.2,38.23,0.6273983176200774,0
2024-03-29T19:00:00Z,739.4166666666667,8.51,36.07,0.7100103752945057,0
2024-03-29T19:30:00Z,739.4166666666667,8.51,36.07,0.7100103752945057,0
2024-03-29T20:00:00Z,681.25,9.9,33.35,0.8129688415167018,0
2024-03-29T20:30:00Z,681.25,9.9,33.35,0.8129688415167018,0
2024-03-29T21:00:00Z,562.8888888888889,10.62,35.44,0.8263174479623375,0
2024-03-29T21:30:00Z,562.8888888888889,10.62,35.44,0.8263174479623375,0
2024-03-29T22:00:00Z,396.44444444444446,10.05,42.96,0.7027801403159086,0
2024-03-29T22:30:00Z,396.44444444444446,10.05,42.96,0.7027801403159086,0
2024-03-29T23:00:00Z,192.5277777777778,8.97,45.55,0.6238531509436075,0
2024-03-29T23:30:00Z,192.5277777777778,8.97,45.55,0.6238531509436075,0
2024-03-30T00:00:00Z,50,6.93,51.83,0.4802804488915644,0
2024-03-30T00:30:00Z,50,6.93,51.83,0.4802804488915644,0
2024-03-30T01:00:00Z,0.8611111111111112,4.72,56.53,0.3718456915583796,0
2024-03-30T01:30:00Z,0.8611111111111112,4.72,56.53,0.3718456915583796,0
2024-03-30T02:00:00Z,0.08333333333333333,3.51,58.39,0.3269031962838308,0
2024-03-30T02:30:00Z,0.08333333333333333,3.51,58.39,0.3269031962838308,0
2024-03-30T03:00:00Z,0.08333333333333333,1.59,68.07,0.21878527435461337,0
2024-03-30T03:30:00Z,0.08333333333333333,1.59,68.07,0.21878527435461337,0
2024-03-30T04:00:00Z,0.08333333333333333,0.65,73.54,0.16942484282554454,0
2024-03-30T04:30:00Z,0.08333333333333333,0.65,73.54,0.16942484282554454,0
2024-03-30T05:00:00Z,0.08333333333333333,-0.09,78.25,0.13198136296861046,0
2024-03-30T05:30:00Z,0.08333333333333333,-0.09,78.25,0.13198136296861046,0
2024-03-30T06:00:00Z,0.05555555555555556,1.83,64.29,0.24893529151519805,0
2024-03-30T06:30:00Z,0.05555555555555556,1.83,64.29,0.24893529151519805,0
2024-03-30T07:00:00Z,0.05555555555555556,1.79,66.13,0.23543261035645213,0
2024-03-30T07:30:00Z,0.05555555555555556,1.79,66.13,0.23543261035645213,0
2024-03-30T08:00:00Z,0.05555555555555556,2.37,66.82,0.24040445622789358,0
2024-03-30T08:30:00Z,0.05555555555555556,2.37,66.82,0.24040445622789358,0
2024-03-30T09:00:00Z,0.02777777777777778,2.45,66.76,0.24221726415884942,0
2024-03-30T09:30:00Z,0.02777777777777778,2.45,66.76,0.24221726415884942,0
2024-03-30T10:00:00Z,0.05555555555555556,2.15,69.99,0.21404704398001556,0
2024-03-30T10:30:00Z,0.05555555555555556,2.15,69.99,0.21404704398001556,0
2024-03-30T11:00:00Z,0.05555555555555556,1.99,73.12,0.1895407172110537,0
2024-03-30T11:30:00Z,0.05555555555555556,1.99,73.12,0.1895407172110537,0
2024-03-30T12:00:00Z,1.6944444444444444,1.97,73.85,0.18412944033640666,0
2024-03-30T12:30:00Z,1.6944444444444444,1.97,73.85,0.18412944033640666,0
2024-03-30T13:00:00Z,16.63888888888889,2.47,73.06,0.19658976305311815,0
2024-03-30T13:30:00Z,16.63888888888889,2.47,73.06,0.19658976305311815,0
2024-03-30T14:00:00Z,52.75000000000001,2.1,82.5,0.12437379367746104,0.125
2024-03-30T14:30:00Z,52.75000000000001,2.1,82.5,0.12437379367746104,0.125
2024-03-30T15:00:00Z,96.66666666666667,2.25,87.9,0.08692235374380886,0.125
2024-03-30T15:30:00Z,96.66666666666667,2.25,87.9,0.08692235374380886,0.125
2024-03-30T16:00:00Z,148.5277777777778,2.66,91.4,0.06361203386286685,0.125
2024-03-30T16:30:00Z,148.5277777777778,2.66,91.4,0.06361203386286685,0.125
2024-03-30T17:00:00Z,141.69444444444446,3.58,89.7,0.08132170813569828,0
2024-03-30T17:30:00Z,141.69444444444446,3.58,89.7,0.08132170813569828,0
2024-03-30T18:00:00Z,110.38888888888889,4.22,88.1,0.09828690969537157,0
2024-03-30T18:30:00Z,110.38888888888889,4.22,88.1,0.09828690969537157,0
2024-03-30T19:00:00Z,107.75,4.39,89.5,0.08776500458432113,0
2024-03-30T19:30:00Z,107.75,4.39,89.5,0.08776500458432113,0
2024-03-30T20:00:00Z,109.11111111111111,4.78,89.5,0.09019555056126094,0
2024-03-30T20:30:00Z,109.11111111111111,4.78,89.5,0.09019555056126094,0
2024-03-30T21:00:00Z,48.94444444444444,4.8,91.5,0.07311763014684203,0
2024-03-30T21:30:00Z,48.94444444444444,4.8,91.5,0.07311763014684203,0
2024-03-30T22:00:00Z,33.25,4.56,96.6,0.028759880225462386,0
2024-03-30T22:30:00Z,33.25,4.56,96.6,0.028759880225462386,0
2024-03-30T23:00:00Z,24.055555555555554,4.5,97.2,0.023585232853802207,0
2024-03-30T23:30:00Z,24.055555555555554,4.5,97.2,0.023585232853802207,0
2024-03-31T00:00:00Z,8,4.51,97.6,0.02023008828856443,0
2024-03-31T00:30:00Z,8,4.51,97.6,0.02023008828856443,0
2024-03-31T01:00:00Z,0.4166666666666667,4.39,97.7,0.019224715289898997,0
2024-03-31T01:30:00Z,0.4166666666666667,4.39,97.7,0.019224715289898997,0
2024-03-31T02:00:00Z,0.1388888888888889,3.91,97.3,0.021819342582881207,0
2024-03-31T02:30:00Z,0.1388888888888889,3.91,97.3,0.021819342582881207,0
2024-03-31T03:00:00Z,0.05555555555555556,3.55,95.9,0.03230225077384419,0
2024-03-31T03:30:00Z,0.05555555555555556,3.55,95.9,0.03230225077384419,0
2024-03-31T04:00:00Z,0.05555555555555556,3.26,93.8,0.04785553366174011,0
2024-03-31T04:30:00Z,0.05555555555555556,3.26,93.8,0.04785553366174011,0
2024-03-31T05:00:00Z,0.08333333333333333,2.91,90.8,0.06927046034580053,0
2024-03-31T05:30:00Z,0.08333333333333333,2.91,90.8,0.06927046034580053,0
2024-03-31T06:00:00Z,0.05555555555555556,2.43,94.2,0.04220391513955368,0
2024-03-31T06:30:00Z,0.05555555555555556,2.43,94.2,0.04220391513955368,0
2024-03-31T07:00:00Z,0.05555555555555556,1.96,94.3,0.0401065678913638,0
2024-03-31T07:30:00Z,0.05555555555555556,1.96,94.3,0.0401065678913638,0
2024-03-31T08:00:00Z,0.05555555555555556,1.71,93.1,0.047687972987598304,0
2024-03-31T08:30:00Z,0.05555555555555556,1.71,93.1,0.047687972987598304,0
2024-03-31T09:00:00Z,0.05555555555555556,1.56,92.6,0.05059587967641166,0
2024-03-31T09:30:00Z,0.05555555555555556,1.56,92.6,0.05059587967641166,0
2024-03-31T10:00:00Z,0.05555555555555556,0.8,92,0.051783261942004444,0
2024-03-31T10:30:00Z,0.05555555555555556,0.8,92,0.051783261942004444,0
2024-03-31T11:00:00Z,0.05555555555555556,0.72,91.1,0.05727657072582126,0
2024-03-31T11:30:00Z,0.05555555555555556,0.72,91.1,0.05727657072582126,0
2024-03-31T12:00:00Z,3.027777777777778,0.83,91.4,0.055787845452524354,0
2024-03-31T12:30:00Z,3.027777777777778,0.83,91.4,0.055787845452524354,0
2024-03-31T13:00:00Z,39.916666666666664,1.19,89.3,0.07123723994910536,0
2024-03-31T13:30:00Z,39.916666666666664,1.19,89.3,0.07123723994910536,0
2024-03-31T14:00:00Z,118.83333333333334,1.47,87.5,0.08491507933264075,0
2024-03-31T14:30:00Z,118.83333333333334,1.47,87.5,0.08491507933264075,0
2024-03-31T15:00:00Z,146.86111111111114,2.07,86.3,0.09715824129710982,0
2024-03-31T15:30:00Z,146.86111111111114,2.07,86.3,0.09715824129710982,0
2024-03-31T16:00:00Z,183.69444444444443,2.64,85.1,0.11005476490624377,0
2024-03-31T16:30:00Z,183.69444444444443,2.64,85.1,0.11005476490624377,0
2024-03-31T17:00:00Z,160.52777777777777,3.35,83.6,0.12739468589658587,0
2024-03-31T17:30:00Z,160.52777777777777,3.35,83.6,0.12739468589658587,0
2024-03-31T18:00:00Z,123.61111111111111,3.83,83.3,0.13419808917596066,0
2024-03-31T18:30:00Z,123.61111111111111,3.83,83.3,0.13419808917596066,0
2024-03-31T19:00:00Z,143.33333333333334,4.47,84.6,0.12944626037814755,0
2024-03-31T19:30:00Z,143.33333333333334,4.47,84.6,0.12944626037814755,0
2024-03-31T20:00:00Z,138.52777777777777,4.87,85.1,0.12879957841298662,0
2024-03-31T20:30:00Z,138.52777777777777,4.87,85.1,0.12879957841298662,0
2024-03-31T21:00:00Z,150.36111111111111,5.41,79.84,0.1809548786109504,0
2024-03-31T21:30:00Z,150.36111111111111,5.41,79.84,0.1809548786109504,0
2024-03-31T22:00:00Z,111.61111111111111,5.75,76.44,0.21652758267518268,0
2024-03-31T22:30:00Z,111.61111111111111,5.75,76.44,0.21652758267518268,0
2024-03-31T23:00:00Z,72.02777777777779,5.64,77.4,0.20612501578871956,0
2024-03-31T23:30:00Z,72.02777777777779,5.64,77.4,0.20612501578871956,0
2024-04-01T00:00:00Z,13.416666666666666,5.42,77.07,0.205961451802658,0
2024-04-01T00:30:00Z,13.416666666666666,5.42,77.07,0.205961451802658,0
2024-04-01T01:00:00Z,0.4722222222222222,4.78,80.5,0.16750602247091317,0
2024-04-01T01:30:00Z,0.4722222222222222,4.78,80.5,0.16750602247091317,0
2024-04-01T02:00:00Z,0.05555555555555556,4.22,83.4,0.13710610932295508,0
2024-04-01T02:30:00Z,0.05555555555555556,4.22,83.4,0.13710610932295508,0
2024-04-01T03:00:00Z,0.05555555555555556,4.37,83.6,0.13688835357638118,0
2024-04-01T03:30:00Z,0.05555555555555556,4.37,83.6,0.13688835357638118,0
2024-04-01T04:00:00Z,0.05555555555555556,4.36,83.3,0.13929462898557854,0
2024-04-01T04:30:00Z,0.05555555555555556,4.36,83.3,0.13929462898557854,0
2024-04-13T05:00:00Z,0.05555555555555556,7.1,60.91,0.39432375555182,0
2024-04-13T05:30:00Z,0.05555555555555556,7.1,60.91,0.39432375555182,0
2024-04-13T06:00:00Z,0.05555555555555556,6.31,62.88,0.35463312775667977,0
2024-04-13T06:30:00Z,0.05555555555555556,6.31,62.88,0.35463312775667977,0
2024-04-13T07:00:00Z,0.02777777777777778,5.84,63.12,0.34106680281329826,0
2024-04-13T07:30:00Z,0.02777777777777778,5.84,63.12,0.34106680281329826,0
2024-04-13T08:00:00Z,0.02777777777777778,5.34,65.15,0.31129131606233873,0
2024-04-13T08:30:00Z,0.02777777777777778,5.34,65.15,0.31129131606233873,0
2024-04-13T09:00:00Z,0.05555555555555556,4.23,70.19,0.24638587157409608,0
2024-04-13T09:30:00Z,0.05555555555555556,4.23,70.19,0.24638587157409608,0
2024-04-13T10:00:00Z,0.05555555555555556,3.85,72.91,0.2179972560894592,0
2024-04-13T10:30:00Z,0.05555555555555556,3.85,72.91,0.2179972560894592,0
2024-04-13T11:00:00Z,0.3888888888888889,3.09,76.23,0.18127481308441418,0
2024-04-13T11:30:00Z,0.3888888888888889,3.09,76.23,0.18127481308441418,0
2024-04-13T12:00:00Z,12.75,3.07,77.35,0.1724886218601872,0
2024-04-13T12:30:00Z,12.75,3.07,77.35,0.1724886218601872,0
2024-04-13T13:00:00Z,101.36111111111111,5.07,70.02,0.26279944500248364,0
2024-04-13T13:30:00Z,101.36111111111111,5.07,70.02,0.26279944500248364,0
2024-04-13T14:00:00Z,384.9722222222223,7.28,59.39,0.41474366996432466,0
2024-04-13T14:30:00Z,384.9722222222223,7.28,59.39,0.41474366996432466,0
2024-04-13T15:00:00Z,547.8611111111111,9.1,52.46,0.5494860293844935,0
2024-04-13T15:30:00Z,547.8611111111111,9.1,52.46,0.5494860293844935,0
2024-04-13T16:00:00Z,678.9444444444445,10.68,45.85,0.6958551611947877,0
2024-04-13T16:30:00Z,678.9444444444445,10.68,45.85,0.6958551611947877,0
2024-04-13T17:00:00Z,764.3333333333334,11.87,41.3,0.8162740259552869,0
2024-04-13T17:30:00Z,764.3333333333334,11.87,41.3,0.8162740259552869,0
2024-04-13T18:00:00Z,797.6388888888889,12.95,40.05,0.8949810783314079,0
2024-04-13T18:30:00Z,797.6388888888889,12.95,40.05,0.8949810783314079,0
2024-04-13T19:00:00Z,782.1944444444445,13.45,38.74,0.9448946576403314,0
2024-04-13T19:30:00Z,782.1944444444445,13.45,38.74,0.9448946576403314,0
2024-04-13T20:00:00Z,714.0555555555555,14.14,32.43,1.090030100083626,0
2024-04-13T20:30:00Z,714.0555555555555,14.14,32.43,1.090030100083626,0
2024-04-13T21:00:00Z,598.4444444444445,14.43,33.19,1.0981980055404599,0
2024-04-13T21:30:00Z,598.4444444444445,14.43,33.19,1.0981980055404599,0
2024-04-13T22:00:00Z,449.58333333333337,14.62,32.79,1.1184216571051424,0
2024-04-13T22:30:00Z,449.58333333333337,14.62,32.79,1.1184216571051424,0
2024-04-13T23:00:00Z,274.6666666666667,14.5,35.31,1.0681736717218513,0
2024-04-13T23:30:00Z,274.6666666666667,14.5,35.31,1.0681736717218513,0
2024-04-14T00:00:00Z,100.66666666666667,13.32,39.48,0.9256003559602075,0
2024-04-14T00:30:00Z,100.66666666666667,13.32,39.48,0.9256003559602075,0
2024-04-14T01:00:00Z,4.888888888888889,10.3,52.61,0.5937340331203598,0
2024-04-14T01:30:00Z,4.888888888888889,10.3,52.61,0.5937340331203598,0
2024-04-14T02:00:00Z,0.05555555555555556,8.58,59.55,0.4513774479920134,0
2024-04-14T02:30:00Z,0.05555555555555556,8.58,59.55,0.4513774479920134,0
2024-04-14T03:00:00Z,0.02777777777777778,8.75,59.37,0.45863731057384505,0
2024-04-14T03:30:00Z,0.02777777777777778,8.75,59.37,0.45863731057384505,0
2024-04-14T04:00:00Z,0.02777777777777778,8.32,61.48,0.4223235310501646,0
2024-04-14T04:30:00Z,0.02777777777777778,8.32,61.48,0.4223235310501646,0
2024-04-14T05:00:00Z,0,10.06,59.02,0.505245914493038,0
2024-04-14T05:30:00Z,0,10.06,59.02,0.505245914493038,0
2024-04-14T06:00:00Z,0,12.63,53.27,0.6831473030779444,0
2024-04-14T06:30:00Z,0,12.63,53.27,0.6831473030779444,0
2024-04-14T07:00:00Z,0,13.43,54.56,0.6999685709623734,0
2024-04-14T07:30:00Z,0,13.43,54.56,0.6999685709623734,0
2024-04-14T08:00:00Z,0,15.63,50.25,0.8834392409120904,0
2024-04-14T08:30:00Z,0,15.63,50.25,0.8834392409120904,0
2024-04-14T09:00:00Z,0,15.76,52.15,0.8568019043150613,0
2024-04-14T09:30:00Z,0,15.76,52.15,0.8568019043150613,0
2024-04-14T10:00:00Z,0,14.94,57.78,0.7172206504273303,0
2024-04-14T10:30:00Z,0,14.94,57.78,0.7172206504273303,0
2024-04-14T11:00:00Z,0.3055555555555556,13.76,63.09,0.5809178935645999,0
2024-04-14T11:30:00Z,0.3055555555555556,13.76,63.09,0.5809178935645999,0
2024-04-14T12:00:00Z,16.972222222222225,12.17,70.17,0.42309792946986247,0
2024-04-14T12:30:00Z,16.972222222222225,12.17,70.17,0.42309792946986247,0
2024-04-14T13:00:00Z,104.83333333333333,13.01,68.96,0.4652122888910717,0
2024-04-14T13:30:00Z,104.83333333333333,13.01,68.96,0.4652122888910717,0
2024-04-14T14:00:00Z,353.05555555555554,14.97,63.19,0.6265265483154183,0
2024-04-14T14:30:00Z,353.05555555555554,14.97,63.19,0.6265265483154183,0
2024-04-14T15:00:00Z,515.9722222222223,17.86,54.7,0.9267883294930013,0
2024-04-14T15:30:00Z,515.9722222222223,17.86,54.7,0.9267883294930013,0
2024-04-14T16:00:00Z,652.1666666666667,20.14,47.79,1.2314369069530533,0
2024-04-14T16:30:00Z,652.1666666666667,20.14,47.79,1.2314369069530533,0
2024-04-14T17:00:00Z,747.7777777777778,21.52,41.97,1.489954835269555,0
2024-04-14T17:30:00Z,747.7777777777778,21.52,41.97,1.489954835269555,0
2024-04-14T18:00:00Z,794.2500000000001,22.03,37.67,1.650978097320058,0
2024-04-14T18:30:00Z,794.2500000000001,22.03,37.67,1.650978097320058,0
2024-04-14T19:00:00Z,781.4722222222223,22.92,31.24,1.9224417101572877,0
2024-04-14T19:30:00Z,781.4722222222223,22.92,31.24,1.9224417101572877,0
2024-04-14T20:00:00Z,715.6111111111111,23.24,28.83,2.028686123560662,0
2024-04-14T20:30:00Z,715.6111111111111,23.24,28.83,2.028686123560662,0
2024-04-14T21:00:00Z,602.8611111111112,23.37,27.99,2.0687954288267245,0
2024-04-14T21:30:00Z,602.8611111111112,23.37,27.99,2.0687954288267245,0
2024-04-14T22:00:00Z,446.50000000000006,22.6,28.67,1.9559973857810524,0
2024-04-14T22:30:00Z,446.50000000000006,22.6,28.67,1.9559973857810524,0
2024-04-14T23:00:00Z,270.80555555555554,22.07,26.57,1.9497374896800332,0
2024-04-14T23:30:00Z,270.80555555555554,22.07,26.57,1.9497374896800332,0
2024-04-15T00:00:00Z,103.80555555555556,21.38,27.3,1.850688136477991,0
2024-04-15T00:30:00Z,103.80555555555556,21.38,27.3,1.850688136477991,0
2024-04-15T01:00:00Z,6.222222222222222,18.37,32.47,1.4265700775991146,0
2024-04-15T01:30:00Z,6.222222222222222,18.37,32.47,1.4265700775991146,0
2024-04-15T02:00:00Z,0,16.62,34.79,1.233483278136816,0
2024-04-15T02:30:00Z,0,16.62,34.79,1.233483278136816,0
2024-04-15T03:00:00Z,0.02777777777777778,14.29,46.07,0.8784867982901312,0
2024-04-15T03:30:00Z,0.02777777777777778,14.29,46.07,0.8784867982901312,0
2024-04-15T04:00:00Z,0.02777777777777778,12.75,49.06,0.7505766202478817,0
2024-04-15T04:30:00Z,0.02777777777777778,12.75,49.06,0.7505766202478817,0
2024-04-15T05:00:00Z,0.02777777777777778,12.41,56.04,0.6334353356699542,0
2024-04-15T05:30:00Z,0.02777777777777778,12.41,56.04,0.6334353356699542,0
2024-04-15T06:00:00Z,0.02777777777777778,11.64,55.43,0.6104372100288066,0
2024-04-15T06:30:00Z,0.02777777777777778,11.64,55.43,0.6104372100288066,0
2024-04-15T07:00:00Z,0.02777777777777778,10.44,57.39,0.53886368443759,0
2024-04-15T07:30:00Z,0.02777777777777778,10.44,57.39,0.53886368443759,0
2024-04-15T08:00:00Z,0.02777777777777778,9.23,59.53,0.47188877795422346,0
2024-04-15T08:30:00Z,0.02777777777777778,9.23,59.53,0.47188877795422346,0
2024-04-15T09:00:00Z,0.02777777777777778,6.76,69.69,0.29869511972659724,0
2024-04-15T09:30:00Z,0.02777777777777778,6.76,69.69,0.29869511972659724,0
2024-04-15T10:00:00Z,0.02777777777777778,6.03,70.66,0.27493145641630157,0
2024-04-15T10:30:00Z,0.02777777777777778,6.03,70.66,0.27493145641630157,0
2024-04-15T11:00:00Z,0.6111111111111112,5.59,71.74,0.25685398076184485,0
2024-04-15T11:30:00Z,0.6111111111111112,5.59,71.74,0.25685398076184485,0
2024-04-15T12:00:00Z,14.083333333333334,5.59,73.64,0.23958495870071572,0
2024-04-15T12:30:00Z,14.083333333333334,5.59,73.64,0.23958495870071572,0
2024-04-15T13:00:00Z,105.6388888888889,9.15,61.85,0.4424431574267653,0
2024-04-15T13:30:00Z,105.6388888888889,9.15,61.85,0.4424431574267653,0
2024-04-15T14:00:00Z,387.4166666666667,12.54,53,0.6830478751915738,0
2024-04-15T14:30:00Z,387.4166666666667,12.54,53,0.6830478751915738,0
2024-04-15T15:00:00Z,551.3888888888889,15.33,40.97,1.0282534002451467,0
2024-04-15T15:30:00Z,551.3888888888889,15.33,40.97,1.0282534002451467,0
2024-04-15T16:00:00Z,681.0555555555557,16.84,36.49,1.2182289649762235,0
2024-04-15T16:30:00Z,681.0555555555557,16.84,36.49,1.2182289649762235,0
2024-04-15T17:00:00Z,768.4166666666667,18.43,32.06,1.4406390963303632,0
2024-04-15T17:30:00Z,768.4166666666667,18.43,32.06,1.4406390963303632,0
2024-04-15T18:00:00Z,805.6666666666667,19.9,29.74,1.6327340336607699,0
2024-04-15T18:30:00Z,805.6666666666667,19.9,29.74,1.6327340336607699,0
2024-04-15T19:00:00Z,793.0277777777778,20.39,28.25,1.718650507864378,0
2024-04-15T19:30:00Z,793.0277777777778,20.39,28.25,1.718650507864378,0
2024-04-15T20:00:00Z,719.75,20.31,27.73,1.722577755488948,0
2024-04-15T20:30:00Z,719.75,20.31,27.73,1.722577755488948,0
2024-04-15T21:00:00Z,614.7777777777777,20.04,27.86,1.6910174305422934,0
2024-04-15T21:30:00Z,614.7777777777777,20.04,27.86,1.6910174305422934,0
2024-04-15T22:00:00Z,463.47222222222223,19.64,27.13,1.6663019389022575,0
2024-04-15T22:30:00Z,463.47222222222223,19.64,27.13,1.6663019389022575,0
2024-04-15T23:00:00Z,289.08333333333337,19,26.72,1.6102498277433135,0
2024-04-15T23:30:00Z,289.08333333333337,19,26.72,1.6102498277433135,0
2024-04-16T00:00:00Z,114.55555555555556,17.57,29.2,1.4222596586347054,0
2024-04-16T00:30:00Z,114.55555555555556,17.57,29.2,1.4222596586347054,0
2024-04-16T01:00:00Z,6.6944444444444455,15.28,34.81,1.1319147448866316,0
2024-04-16T01:30:00Z,6.6944444444444455,15.28,34.81,1.1319147448866316,0
2024-04-16T02:00:00Z,0.02777777777777778,13.12,39.92,0.9069487239355581,0
2024-04-16T02:30:00Z,0.02777777777777778,13.12,39.92,0.9069487239355581,0
2024-04-16T03:00:00Z,0.02777777777777778,11.13,44.19,0.7389807040559355,0
2024-04-16T03:30:00Z,0.02777777777777778,11.13,44.19,0.7389807040559355,0
2024-04-16T04:00:00Z,0.02777777777777778,10.02,45.36,0.6718585287919085,0
2024-04-16T04:30:00Z,0.02777777777777778,10.02,45.36,0.6718585287919085,0
2024-04-16T05:00:00Z,0.02777777777777778,8.45,51.38,0.5377830964942029,0
2024-04-16T05:30:00Z,0.02777777777777778,8.45,51.38,0.5377830964942029,0
2024-04-16T06:00:00Z,0.02777777777777778,7.96,55.33,0.47790189828127805,0
2024-04-16T06:30:00Z,0.02777777777777778,7.96,55.33,0.47790189828127805,0
2024-04-16T07:00:00Z,0.02777777777777778,7.22,61.19,0.39473423526700613,0
2024-04-16T07:30:00Z,0.02777777777777778,7.22,61.19,0.39473423526700613,0
2024-04-16T08:00:00Z,0.02777777777777778,6.96,64.09,0.3587804006145088,0
2024-04-16T08:30:00Z,0.02777777777777778,6.96,64.09,0.3587804006145088,0
2024-04-16T09:00:00Z,0.02777777777777778,5.96,69.32,0.2860980525294047,0
2024-04-16T09:30:00Z,0.02777777777777778,5.96,69.32,0.2860980525294047,0
2024-04-16T10:00:00Z,0.02777777777777778,5.81,70.95,0.2680966364319566,0
2024-04-16T10:30:00Z,0.02777777777777778,5.81,70.95,0.2680966364319566,0
2024-04-16T11:00:00Z,1.1111111111111112,6,71.06,0.2706206613421466,0
2024-04-16T11:30:00Z,1.1111111111111112,6,71.06,0.2706206613421466,0
2024-04-16T12:00:00Z,30.27777777777778,7.07,66.59,0.33633319122073524,0
2024-04-16T12:30:00Z,30.27777777777778,7.07,66.59,0.33633319122073524,0
2024-04-16T13:00:00Z,121.80555555555556,7.94,64,0.38462143898847834,0
2024-04-16T13:30:00Z,121.80555555555556,7.94,64,0.38462143898847834,0
2024-04-16T14:00:00Z,312.5833333333333,9.81,56.31,0.5297043232695157,0
2024-04-16T14:30:00Z,312.5833333333333,9.81,56.31,0.5297043232695157,0
2024-04-16T15:00:00Z,471.72222222222223,12.35,47.53,0.7530826876669382,0
2024-04-16T15:30:00Z,471.72222222222223,12.35,47.53,0.7530826876669382,0
2024-04-16T16:00:00Z,651.1944444444446,14.48,40.76,0.9769184166047242,0
2024-04-16T16:30:00Z,651.1944444444446,14.48,40.76,0.9769184166047242,0
2024-04-16T17:00:00Z,766.7500000000001,16.73,34.53,1.2470865402413276,0
2024-04-16T17:30:00Z,766.7500000000001,16.73,34.53,1.2470865402413276,0
2024-04-16T18:00:00Z,800.6944444444445,18.19,32.56,1.4086705639579324,0
2024-04-16T18:30:00Z,800.6944444444445,18.19,32.56,1.4086705639579324,0
2024-04-16T19:00:00Z,776.3611111111112,19.65,30.97,1.5794736587959424,0
2024-04-16T19:30:00Z,776.3611111111112,19.65,30.97,1.5794736587959424,0
2024-04-16T20:00:00Z,670.8888888888889,20.4,30.54,1.6648245110953606,0
2024-04-16T20:30:00Z,670.8888888888889,20.4,30.54,1.6648245110953606,0
2024-04-16T21:00:00Z,467.86111111111114,20.44,29.94,1.6833548535996656,0
2024-04-16T21:30:00Z,467.86111111111114,20.44,29.94,1.6833548535996656,0
2024-04-16T22:00:00Z,246.94444444444446,19.92,29.8,1.6333620832929947,0
2024-04-16T22:30:00Z,246.94444444444446,19.92,29.8,1.6333620832929947,0
2024-04-16T23:00:00Z,117.58333333333334,19.36,31.15,1.547219730614866,0
2024-04-16T23:30:00Z,117.58333333333334,19.36,31.15,1.547219730614866,0
2024-04-17T00:00:00Z,29.333333333333332,17.41,41.17,1.1699245814536228,0
2024-04-17T00:30:00Z,29.333333333333332,17.41,41.17,1.1699245814536228,0
2024-04-17T01:00:00Z,0.6944444444444444,15.55,48.04,0.917965489047412,0
2024-04-17T01:30:00Z,0.6944444444444444,15.55,48.04,0.917965489047412,0
2024-04-17T02:00:00Z,0,14.07,51.87,0.772910595763648,0
2024-04-17T02:30:00Z,0,14.07,51.87,0.772910595763648,0
2024-04-17T03:00:00Z,0,13.71,50.88,0.7705785807803871,0
2024-04-17T03:30:00Z,0,13.71,50.88,0.7705785807803871,0
2024-04-17T04:00:00Z,0,13.7,49.89,0.7855982067095734,0
2024-04-17T04:30:00Z,0,13.7,49.89,0.7855982067095734,0
2024-04-17T05:00:00Z,0,13.17,49.32,0.7675527134685869,0
2024-04-17T05:30:00Z,0,13.17,49.32,0.7675527134685869,0
2024-04-17T06:00:00Z,0.05555555555555556,11.88,54.12,0.6384221468307099,0.125
2024-04-17T06:30:00Z,0.05555555555555556,11.88,54.12,0.6384221468307099,0.125
2024-04-17T07:00:00Z,0.4722222222222222,9.72,74.03,0.31296749758381415,0.38
2024-04-17T07:30:00Z,0.4722222222222222,9.72,74.03,0.31296749758381415,0.38
2024-04-17T08:00:00Z,0.5,9.42,75.49,0.2894739506621278,0
2024-04-17T08:30:00Z,0.5,9.42,75.49,0.2894739506621278,0
2024-04-17T09:00:00Z,0.3055555555555556,10.18,70,0.37285587559478195,0.255
2024-04-17T09:30:00Z,0.3055555555555556,10.18,70,0.37285587559478195,0.255
2024-04-17T10:00:00Z,0.02777777777777778,11.2,67.19,0.4364609595416227,0
2024-04-17T10:30:00Z,0.02777777777777778,11.2,67.19,0.4364609595416227,0
2024-04-17T11:00:00Z,0.11111111111111112,12.09,67.61,0.4569934861907581,0
2024-04-17T11:30:00Z,0.11111111111111112,12.09,67.61,0.4569934861907581,0
2024-04-17T12:00:00Z,5.972222222222222,11.08,84.6,0.20323551512539173,0.255
2024-04-17T12:30:00Z,5.972222222222222,11.08,84.6,0.20323551512539173,0.255
2024-04-17T13:00:00Z,41.77777777777778,11.27,87.5,0.16705756460654597,0.76
2024-04-17T13:30:00Z,41.77777777777778,11.27,87.5,0.16705756460654597,0.76
2024-04-17T14:00:00Z,169.16666666666669,13.13,86.4,0.20543551390306436,0
2024-04-17T14:30:00Z,169.16666666666669,13.13,86.4,0.20543551390306436,0
2024-04-17T15:00:00Z,203.22222222222223,15.62,83.6,0.2910376850787939,0
2024-04-17T15:30:00Z,203.22222222222223,15.62,83.6,0.2910376850787939,0
2024-04-17T16:00:00Z,326.6111111111111,19.55,78.52,0.4884408821433621,2.795
2024-04-17T16:30:00Z,326.6111111111111,19.55,78.52,0.4884408821433621,2.795
2024-04-17T17:00:00Z,231.25,16.01,87.7,0.22379215396495766,1.65
2024-04-17T17:30:00Z,231.25,16.01,87.7,0.22379215396495766,1.65
2024-04-17T18:00:00Z,169.30555555555557,15.44,81.5,0.3245378493048936,0
2024-04-17T18:30:00Z,169.30555555555557,15.44,81.5,0.3245378493048936,0
2024-04-17T19:00:00Z,371.05555555555554,17.12,71.13,0.5636908648367163,0
2024-04-17T19:30:00Z,371.05555555555554,17.12,71.13,0.5636908648367163,0
2024-04-17T20:00:00Z,108.19444444444444,14.91,77.79,0.3765683460015168,0
2024-04-17T20:30:00Z,108.19444444444444,14.91,77.79,0.3765683460015168,0
2024-04-17T21:00:00Z,146.52777777777777,14.13,85.4,0.23537259674200484,0
2024-04-17T21:30:00Z,146.52777777777777,14.13,85.4,0.23537259674200484,0
2024-04-17T22:00:00Z,124.27777777777777,14.74,79.75,0.33959434431379454,0
2024-04-17T22:30:00Z,124.27777777777777,14.74,79.75,0.33959434431379454,0
2024-04-17T23:00:00Z,38.666666666666664,14.41,79.33,0.3393265738308935,0
2024-04-17T23:30:00Z,38.666666666666664,14.41,79.33,0.3393265738308935,0
2024-04-18T00:00:00Z,10,11.96,89.7,0.14408348455190345,0.125
2024-04-18T00:30:00Z,10,11.96,89.7,0.14408348455190345,0.125
2024-04-18T01:00:00Z,1.6666666666666667,11.18,85,0.19927551891746909,0
2024-04-18T01:30:00Z,1.6666666666666667,11.18,85,0.19927551891746909,0
2024-04-18T02:00:00Z,0.02777777777777778,11.12,78.74,0.28131697818559487,0
2024-04-18T02:30:00Z,0.02777777777777778,11.12,78.74,0.28131697818559487,0
2024-04-18T03:00:00Z,0,10.78,76.05,0.3098268320595511,0
2024-04-18T03:30:00Z,0,10.78,76.05,0.3098268320595511,0
2024-04-18T04:00:00Z,0,10.24,74.51,0.31807734934949705,0
2024-04-18T04:30:00Z,0,10.24,74.51,0.31807734934949705,0
2024-04-18T05:00:00Z,0,10.14,73.32,0.33070668785990065,0
2024-04-18T05:30:00Z,0,10.14,73.32,0.33070668785990065,0
2024-04-18T06:00:00Z,0,9.35,74.82,0.2959883222900399,0
2024-04-18T06:30:00Z,0,9.35,74.82,0.2959883222900399,0
2024-04-18T07:00:00Z,0.02777777777777778,9.01,75.23,0.28456674840406104,0
2024-04-18T07:30:00Z,0.02777777777777778,9.01,75.23,0.28456674840406104,0
2024-04-18T08:00:00Z,0.02777777777777778,8.4,76.28,0.26147673496374513,0
2024-04-18T08:30:00Z,0.02777777777777778,8.4,76.28,0.26147673496374513,0
2024-04-18T09:00:00Z,0.02777777777777778,6.81,83.5,0.16316230452206137,0
2024-04-18T09:30:00Z,0.02777777777777778,6.81,83.5,0.16316230452206137,0
2024-04-18T10:00:00Z,0.02777777777777778,6.65,87,0.1271444057613167,0
2024-04-18T10:30:00Z,0.02777777777777778,6.65,87,0.1271444057613167,0
2024-04-18T11:00:00Z,0.8333333333333334,6.44,87.6,0.11953352027342512,0
2024-04-18T11:30:00Z,0.8333333333333334,6.44,87.6,0.11953352027342512,0
2024-04-18T12:00:00Z,18.02777777777778,6.11,88.6,0.10741703277092962,0
2024-04-18T12:30:00Z,18.02777777777778,6.11,88.6,0.10741703277092962,0
2024-04-18T13:00:00Z,133.63888888888891,7.8,81.5,0.1957750317224043,0
2024-04-18T13:30:00Z,133.63888888888891,7.8,81.5,0.1957750317224043,0
2024-04-18T14:00:00Z,303.63888888888886,9.66,70.74,0.35119723679447135,0
2024-04-18T14:30:00Z,303.63888888888886,9.66,70.74,0.35119723679447135,0
2024-04-18T15:00:00Z,482.38888888888886,10.89,64.58,0.46157449303751585,0
2024-04-18T15:30:00Z,482.38888888888886,10.89,64.58,0.46157449303751585,0
2024-04-18T16:00:00Z,355.6666666666667,11.39,61.79,0.5147403042703644,0
2024-04-18T16:30:00Z,355.6666666666667,11.39,61.79,0.5147403042703644,0
2024-04-18T17:00:00Z,269.33333333333337,11.67,60.71,0.5391900767170507,0
2024-04-18T17:30:00Z,269.33333333333337,11.67,60.71,0.5391900767170507,0
2024-04-18T18:00:00Z,146.83333333333334,11.08,67.41,0.43009385960626745,0
2024-04-18T18:30:00Z,146.83333333333334,11.08,67.41,0.43009385960626745,0
2024-04-18T19:00:00Z,165.55555555555557,10.34,74.7,0.3178241090530426,0
2024-04-18T19:30:00Z,165.55555555555557,10.34,74.7,0.3178241090530426,0
2024-04-18T20:00:00Z,181.86111111111114,10.37,71.38,0.36025209240340794,0
2024-04-18T20:30:00Z,181.86111111111114,10.37,71.38,0.36025209240340794,0
2024-04-18T21:00:00Z,161.52777777777777,10.52,70.44,0.37582959678774375,0
2024-04-18T21:30:00Z,161.52777777777777,10.52,70.44,0.37582959678774375,0
2024-04-18T22:00:00Z,90.91666666666667,10.56,68.71,0.39888814865386346,0
2024-04-18T22:30:00Z,90.91666666666667,10.56,68.71,0.39888814865386346,0
2024-04-18T23:00:00Z,66.19444444444446,10.59,67.35,0.41705926786169045,0
2024-04-18T23:30:00Z,66.19444444444446,10.59,67.35,0.41705926786169045,0
2024-04-19T00:00:00Z,18.555555555555557,10.4,69.14,0.3892271792103593,0
2024-04-19T00:30:00Z,18.555555555555557,10.4,69.14,0.3892271792103593,0
2024-04-19T01:00:00Z,1.2777777777777777,9.36,71.54,0.33476981575744746,0
2024-04-19T01:30:00Z,1.2777777777777777,9.36,71.54,0.33476981575744746,0
2024-04-19T02:00:00Z,0.02777777777777778,8.41,77.03,0.25338107635243245,0.125
2024-04-19T02:30:00Z,0.02777777777777778,8.41,77.03,0.25338107635243245,0.125
2024-04-19T03:00:00Z,0,7.34,90.1,0.10152353254233759,0.125
2024-04-19T03:30:00Z,0,7.34,90.1,0.10152353254233759,0.125
2024-04-19T04:00:00Z,0.05555555555555556,7.15,93.2,0.06883126116740634,0
2024-04-19T04:30:00Z,0.05555555555555556,7.15,93.2,0.06883126116740634,0
2024-04-19T05:00:00Z,0.05555555555555556,6.91,94.6,0.05376692549947404,0
2024-04-19T05:30:00Z,0.05555555555555556,6.91,94.6,0.05376692549947404,0
2024-04-19T06:00:00Z,0.02777777777777778,6.61,93.1,0.06729867579778981,0.125
2024-04-19T06:30:00Z,0.02777777777777778,6.61,93.1,0.06729867579778981,0.125
2024-04-19T07:00:00Z,0.02777777777777778,6.59,92.9,0.06915401372294239,0
2024-04-19T07:30:00Z,0.02777777777777778,6.59,92.9,0.06915401372294239,0
2024-04-19T08:00:00Z,0.05555555555555556,6.59,93.5,0.06331001256325708,0
2024-04-19T08:30:00Z,0.05555555555555556,6.59,93.5,0.06331001256325708,0
2024-04-19T09:00:00Z,0.11111111111111112,6.69,96.7,0.03236412929547794,0
2024-04-19T09:30:00Z,0.11111111111111112,6.69,96.7,0.03236412929547794,0
2024-04-19T10:00:00Z,0.02777777777777778,6.77,81.4,0.18342305513960788,0
2024-04-19T10:30:00Z,0.02777777777777778,6.77,81.4,0.18342305513960788,0
2024-04-19T11:00:00Z,0.8055555555555556,5.42,69.69,0.27224996093059584,0
2024-04-19T11:30:00Z,0.8055555555555556,5.42,69.69,0.27224996093059584,0
2024-04-19T12:00:00Z,17.166666666666668,4.26,71.62,0.23506143385007083,0
2024-04-19T12:30:00Z,17.166666666666668,4.26,71.62,0.23506143385007083,0
2024-04-19T13:00:00Z,112.13888888888889,4.86,59.47,0.350107393133968,0
2024-04-19T13:30:00Z,112.13888888888889,4.86,59.47,0.350107393133968,0
2024-04-19T14:00:00Z,416.61111111111114,6.17,48.71,0.4852917911868905,0
2024-04-19T14:30:00Z,416.61111111111114,6.17,48.71,0.4852917911868905,0
2024-04-19T15:00:00Z,578.1388888888889,7.01,46.54,0.535961397581455,0
2024-04-19T15:30:00Z,578.1388888888889,7.01,46.54,0.535961397581455,0
2024-04-19T16:00:00Z,705.4166666666667,7.72,46.84,0.5594993837716346,0
2024-04-19T16:30:00Z,705.4166666666667,7.72,46.84,0.5594993837716346,0
2024-04-19T17:00:00Z,789.6111111111111,8.09,46.78,0.5744366261486127,0
2024-04-19T17:30:00Z,789.6111111111111,8.09,46.78,0.5744366261486127,0
2024-04-19T18:00:00Z,824.2500000000001,8.21,44.28,0.6063501219730183,0
2024-04-19T18:30:00Z,824.2500000000001,8.21,44.28,0.6063501219730183,0
2024-04-19T19:00:00Z,775.1388888888889,8.7,43.7,0.6333747158609978,0
2024-04-19T19:30:00Z,775.1388888888889,8.7,43.7,0.6333747158609978,0
2024-04-19T20:00:00Z,702.5,9.29,40.91,0.6917944371851635,0
2024-04-19T20:30:00Z,702.5,9.29,40.91,0.6917944371851635,0
2024-04-19T21:00:00Z,609.2222222222222,9.65,38.83,0.7337082679239968,0
2024-04-19T21:30:00Z,609.2222222222222,9.65,38.83,0.7337082679239968,0
2024-04-19T22:00:00Z,462.9166666666667,9.97,36.7,0.7757391035812846,0
2024-04-19T22:30:00Z,462.9166666666667,9.97,36.7,0.7757391035812846,0
2024-04-19T23:00:00Z,302.8611111111111,10.05,38.16,0.7619201240732082,0
2024-04-19T23:30:00Z,302.8611111111111,10.05,38.16,0.7619201240732082,0
2024-04-20T00:00:00Z,89.66666666666667,8.75,40.92,0.6669035763894355,0
2024-04-20T00:30:00Z,89.66666666666667,8.75,40.92,0.6669035763894355,0
2024-04-20T01:00:00Z,6.027777777777778,7.55,46.76,0.5538718682034531,0
2024-04-20T01:30:00Z,6.027777777777778,7.55,46.76,0.5538718682034531,0
2024-04-20T02:00:00Z,0.02777777777777778,7.16,50.53,0.5010909512026699,0
2024-04-20T02:30:00Z,0.02777777777777778,7.16,50.53,0.5010909512026699,0
2024-04-20T03:00:00Z,0.02777777777777778,6.69,54.36,0.4476057154683688,0
2024-04-20T03:30:00Z,0.02777777777777778,6.69,54.36,0.4476057154683688,0
2024-04-20T04:00:00Z,0.02777777777777778,5.43,54.74,0.4068164780297853,0
2024-04-20T04:30:00Z,0.02777777777777778,5.43,54.74,0.4068164780297853,0
2024-04-20T05:00:00Z,0.02777777777777778,4.13,57.95,0.3451180160232823,0
2024-04-20T05:30:00Z,0.02777777777777778,4.13,57.95,0.3451180160232823,0
2024-04-20T06:00:00Z,0.05555555555555556,3.39,53.02,0.36597345491148664,0
2024-04-20T06:30:00Z,0.05555555555555556,3.39,53.02,0.36597345491148664,0
2024-04-20T07:00:00Z,0.02777777777777778,2.34,51.16,0.3531117184691775,0
2024-04-20T07:30:00Z,0.02777777777777778,2.34,51.16,0.3531117184691775,0
2024-04-20T08:00:00Z,0.02777777777777778,2.5,51.08,0.35774898087846496,0
2024-04-20T08:30:00Z,0.02777777777777778,2.5,51.08,0.35774898087846496,0
2024-04-20T09:00:00Z,0.05555555555555556,2.5,54.22,0.33478635209763136,0
2024-04-20T09:30:00Z,0.05555555555555556,2.5,54.22,0.33478635209763136,0
2024-04-20T10:00:00Z,0.02777777777777778,2.31,58.1,0.30228779208526224,0
2024-04-20T10:30:00Z,0.02777777777777778,2.31,58.1,0.30228779208526224,0
2024-04-20T11:00:00Z,0.36111111111111116,2.21,60.95,0.2797217968482242,0
2024-04-20T11:30:00Z,0.36111111111111116,2.21,60.95,0.2797217968482242,0
2024-04-20T12:00:00Z,15.5,2.15,63.26,0.2620489302174533,0
2024-04-20T12:30:00Z,15.5,2.15,63.26,0.2620489302174533,0
2024-04-20T13:00:00Z,98.19444444444444,2.67,60.41,0.2930457433765473,0
2024-04-20T13:30:00Z,98.19444444444444,2.67,60.41,0.2930457433765473,0
2024-04-20T14:00:00Z,226.38888888888889,3.08,60.85,0.29835412335263667,0
2024-04-20T14:30:00Z,226.38888888888889,3.08,60.85,0.29835412335263667,0
2024-04-20T15:00:00Z,320.25000000000006,4.14,54.9,0.37041068500837404,0
2024-04-20T15:30:00Z,320.25000000000006,4.14,54.9,0.37041068500837404,0
2024-04-20T16:00:00Z,380.9166666666667,4.67,52.82,0.4021716399373777,0
2024-04-20T16:30:00Z,380.9166666666667,4.67,52.82,0.4021716399373777,0
2024-04-20T17:00:00Z,362.33333333333337,4.85,51.43,0.41926562952107127,0
2024-04-20T17:30:00Z,362.33333333333337,4.85,51.43,0.41926562952107127,0
2024-04-20T18:00:00Z,291.02777777777783,5.21,48.05,0.4598515606391124,0
2024-04-20T18:30:00Z,291.02777777777783,5.21,48.05,0.4598515606391124,0
2024-04-20T19:00:00Z,313.8888888888889,5.12,49.79,0.4416697277605083,0
2024-04-20T19:30:00Z,313.8888888888889,5.12,49.79,0.4416697277605083,0
2024-04-20T20:00:00Z,310.8611111111111,4.77,48.99,0.43787224471373737,0
2024-04-20T20:30:00Z,310.8611111111111,4.77,48.99,0.43787224471373737,0
2024-04-20T21:00:00Z,264.1111111111111,4.88,47.71,0.4523246803079895,0
2024-04-20T21:30:00Z,264.1111111111111,4.88,47.71,0.4523246803079895,0
2024-04-20T22:00:00Z,189.08333333333334,4.48,49.08,0.4283133959020003,0
2024-04-20T22:30:00Z,189.08333333333334,4.48,49.08,0.4283133959020003,0
2024-04-20T23:00:00Z,117.55555555555556,4.14,49.74,0.41279026670777996,0
2024-04-20T23:30:00Z,117.55555555555556,4.14,49.74,0.41279026670777996,0
2024-04-21T00:00:00Z,55.583333333333336,3.76,51.31,0.3893375314456353,0
2024-04-21T00:30:00Z,55.583333333333336,3.76,51.31,0.3893375314456353,0
2024-04-21T01:00:00Z,6.111111111111112,3.29,54.07,0.35527077193417794,0
2024-04-21T01:30:00Z,6.111111111111112,3.29,54.07,0.35527077193417794,0
2024-04-21T02:00:00Z,0.05555555555555556,3.01,57.01,0.3259950163876071,0
2024-04-21T02:30:00Z,0.05555555555555556,3.01,57.01,0.3259950163876071,0
2024-04-21T03:00:00Z,0.02777777777777778,2.85,59.61,0.3028188497797985,0
2024-04-21T03:30:00Z,0.02777777777777778,2.85,59.61,0.3028188497797985,0
2024-04-21T04:00:00Z,0.02777777777777778,2.74,62.43,0.27948209361908377,0
2024-04-21T04:30:00Z,0.02777777777777778,2.74,62.43,0.27948209361908377,0
2024-04-21T05:00:00Z,0.02777777777777778,2.71,61.19,0.2880909679252396,0
2024-04-21T05:30:00Z,0.02777777777777778,2.71,61.19,0.2880909679252396,0
2024-04-21T06:00:00Z,0.02777777777777778,2.54,60.13,0.29239909890420657,0
2024-04-21T06:30:00Z,0.02777777777777778,2.54,60.13,0.29239909890420657,0
2024-04-21T07:00:00Z,0.02777777777777778,2.49,59.62,0.2950860966358161,0
2024-04-21T07:30:00Z,0.02777777777777778,2.49,59.62,0.2950860966358161,0
2024-04-21T08:00:00Z,0.02777777777777778,2.55,57.85,0.30934048922471474,0
2024-04-21T08:30:00Z,0.02777777777777778,2.55,57.85,0.30934048922471474,0
2024-04-21T09:00:00Z,0.05555555555555556,2,60.7,0.2773170836186031,0
2024-04-21T09:30:00Z,0.05555555555555556,2,60.7,0.2773170836186031,0
2024-04-21T10:00:00Z,0.08333333333333333,0.47,66.02,0.21475742075299215,0
2024-04-21T10:30:00Z,0.08333333333333333,0.47,66.02,0.21475742075299215,0
2024-04-21T11:00:00Z,1.4166666666666667,0.06,68.26,0.19471610445963394,0
2024-04-21T11:30:00Z,1.4166666666666667,0.06,68.26,0.19471610445963394,0
2024-04-21T12:00:00Z,20.194444444444446,0.1,71.33,0.17639491369107663,0
2024-04-21T12:30:00Z,20.194444444444446,0.1,71.33,0.17639491369107663,0
2024-04-21T13:00:00Z,114.55555555555556,2.57,71.19,0.21173914721675458,0
2024-04-21T13:30:00Z,114.55555555555556,2.57,71.19,0.21173914721675458,0
2024-04-21T14:00:00Z,410.27777777777777,5.36,57.94,0.3762166895171799,0
2024-04-21T14:30:00Z,410.27777777777777,5.36,57.94,0.3762166895171799,0
2024-04-21T15:00:00Z,564.6666666666666,7.23,50.91,0.49963384400080646,0
2024-04-21T15:30:00Z,564.6666666666666,7.23,50.91,0.49963384400080646,0
2024-04-21T16:00:00Z,616.6388888888889,8.02,52.38,0.5115487900410417,0
2024-04-21T16:30:00Z,616.6388888888889,8.02,52.38,0.5115487900410417,0
2024-04-21T17:00:00Z,625.8055555555557,8.78,47.18,0.5974517109080265,0
2024-04-21T17:30:00Z,625.8055555555557,8.78,47.18,0.5974517109080265,0
2024-04-21T18:00:00Z,831.3888888888889,9.74,38.89,0.7374335444370976,0
2024-04-21T18:30:00Z,831.3888888888889,9.74,38.89,0.7374335444370976,0
2024-04-21T19:00:00Z,809.9722222222223,10.12,37.51,0.7735461770553556,0
2024-04-21T19:30:00Z,809.9722222222223,10.12,37.51,0.7735461770553556,0
2024-04-21T20:00:00Z,714.0000000000001,10.28,37.37,0.7836226218599548,0
2024-04-21T20:30:00Z,714.0000000000001,10.28,37.37,0.7836226218599548,0
2024-04-21T21:00:00Z,603.3888888888889,10.65,35.55,0.8265610256234756,0
2024-04-21T21:30:00Z,603.3888888888889,10.65,35.55,0.8265610256234756,0
2024-04-21T22:00:00Z,474.52777777777777,10.75,35.64,0.8309250539898246,0
2024-04-21T22:30:00Z,474.52777777777777,10.75,35.64,0.8309250539898246,0
2024-04-21T23:00:00Z,301.47222222222223,10.91,36.85,0.8240326701899747,0
2024-04-21T23:30:00Z,301.47222222222223,10.91,36.85,0.8240326701899747,0
2024-04-22T00:00:00Z,127.02777777777779,10.06,39.81,0.7420876425899454,0
2024-04-22T00:30:00Z,127.02777777777779,10.06,39.81,0.7420876425899454,0
2024-04-22T01:00:00Z,11.416666666666668,7.26,47.26,0.5378879203920135,0
2024-04-22T01:30:00Z,11.416666666666668,7.26,47.26,0.5378879203920135,0
2024-04-22T02:00:00Z,0.05555555555555556,5.75,52.17,0.43958040234949014,0
2024-04-22T02:30:00Z,0.05555555555555556,5.75,52.17,0.43958040234949014,0
2024-04-22T03:00:00Z,0.02777777777777778,4.67,58.87,0.3506002448203549,0
2024-04-22T03:30:00Z,0.02777777777777778,4.67,58.87,0.3506002448203549,0
2024-04-22T04:00:00Z,0.02777777777777778,3.8,64.96,0.2809800762379586,0
2024-04-22T04:30:00Z,0.02777777777777778,3.8,64.96,0.2809800762379586,0
2024-04-22T05:00:00Z,0.02777777777777778,3.25,70.01,0.23131796806567984,0
2024-04-22T05:30:00Z,0.02777777777777778,3.25,70.01,0.23131796806567984,0
2024-04-22T06:00:00Z,0.05555555555555556,3.05,72.13,0.21194007019058825,0
2024-04-22T06:30:00Z,0.05555555555555556,3.05,72.13,0.21194007019058825,0
2024-04-22T07:00:00Z,0.05555555555555556,2.83,72.41,0.20655869566218388,0
2024-04-22T07:30:00Z,0.05555555555555556,2.83,72.41,0.20655869566218388,0
2024-04-22T08:00:00Z,0.05555555555555556,2.68,72.24,0.20562619403544924,0
2024-04-22T08:30:00Z,0.05555555555555556,2.68,72.24,0.20562619403544924,0
2024-04-22T09:00:00Z,0.05555555555555556,2.65,72,0.20696158909917528,0
2024-04-22T09:30:00Z,0.05555555555555556,2.65,72,0.20696158909917528,0
2024-04-22T10:00:00Z,0.05555555555555556,2.49,74.38,0.1872240167362459,0
2024-04-22T10:30:00Z,0.05555555555555556,2.49,74.38,0.1872240167362459,0
2024-04-22T11:00:00Z,1.638888888888889,2.4,78.96,0.15277113020118405,0
2024-04-22T11:30:00Z,1.638888888888889,2.4,78.96,0.15277113020118405,0
2024-04-22T12:00:00Z,20.250000000000004,2.75,80.7,0.14367426409833384,0
2024-04-22T12:30:00Z,20.250000000000004,2.75,80.7,0.14367426409833384,0
2024-04-22T13:00:00Z,116.05555555555556,5.07,77.79,0.19468898177135296,0
2024-04-22T13:30:00Z,116.05555555555556,5.07,77.79,0.19468898177135296,0
2024-04-22T14:00:00Z,412.36111111111114,9.15,62.84,0.4309616705105792,0
2024-04-22T14:30:00Z,412.36111111111114,9.15,62.84,0.4309616705105792,0
2024-04-22T15:00:00Z,573.8055555555555,12.3,50.99,0.7011132433024232,0
2024-04-22T15:30:00Z,573.8055555555555,12.3,50.99,0.7011132433024232,0
2024-04-22T16:00:00Z,693.75,14.81,37.05,1.0604540706277503,0
2024-04-22T16:30:00Z,693.75,14.81,37.05,1.0604540706277503,0
2024-04-22T17:00:00Z,778.5277777777777,15.72,29.68,1.2559300967901539,0
2024-04-22T17:30:00Z,778.5277777777777,15.72,29.68,1.2559300967901539,0
2024-04-22T18:00:00Z,814.9722222222223,16.3,28.39,1.32723595909623,0
2024-04-22T18:30:00Z,814.9722222222223,16.3,28.39,1.32723595909623,0
2024-04-22T19:00:00Z,792.3888888888889,16.52,25.8,1.394637791658772,0
2024-04-22T19:30:00Z,792.3888888888889,16.52,25.8,1.394637791658772,0
2024-04-22T20:00:00Z,663.1944444444445,16.45,24.88,1.4056549588770586,0
2024-04-22T20:30:00Z,663.1944444444445,16.45,24.88,1.4056549588770586,0
2024-04-22T21:00:00Z,492.6388888888889,16.14,26.3,1.3521076752448793,0
2024-04-22T21:30:00Z,492.6388888888889,16.14,26.3,1.3521076752448793,0
2024-04-22T22:00:00Z,354.22222222222223,16,27.16,1.324440018065675,0
2024-04-22T22:30:00Z,354.22222222222223,16,27.16,1.324440018065675,0
2024-04-22T23:00:00Z,197.86111111111111,15.48,26.64,1.290230452219213,0
2024-04-22T23:30:00Z,197.86111111111111,15.48,26.64,1.290230452219213,0
2024-04-23T00:00:00Z,71.05555555555556,14.74,27.67,1.2129806876156426,0
2024-04-23T00:30:00Z,71.05555555555556,14.74,27.67,1.2129806876156426,0
2024-04-23T01:00:00Z,7.472222222222222,13.84,29.62,1.1134692187843314,0
2024-04-23T01:30:00Z,7.472222222222222,13.84,29.62,1.1134692187843314,0
2024-04-23T02:00:00Z,0,13.56,31.24,1.0682051417705125,0
2024-04-23T02:30:00Z,0,13.56,31.24,1.0682051417705125,0
2024-04-23T03:00:00Z,0.02777777777777778,13.51,33.53,1.0292718335382016,0
2024-04-23T03:30:00Z,0.02777777777777778,13.51,33.53,1.0292718335382016,0
2024-04-23T04:00:00Z,0,13.79,35.26,1.020916949440814,0
2024-04-23T04:30:00Z,0,13.79,35.26,1.020916949440814,0
2024-04-23T05:00:00Z,0,13.68,37.39,0.9802903520969324,0
2024-04-23T05:30:00Z,0,13.68,37.39,0.9802903520969324,0
2024-04-23T06:00:00Z,0,13.52,40.41,0.9233380170800466,0
2024-04-23T06:30:00Z,0,13.52,40.41,0.9233380170800466,0
2024-04-23T07:00:00Z,0.02777777777777778,11.01,61.37,0.5074386492617393,0
2024-04-23T07:30:00Z,0.02777777777777778,11.01,61.37,0.5074386492617393,0
2024-04-23T08:00:00Z,0.02777777777777778,11.56,55.78,0.6024468823336877,0
2024-04-23T08:30:00Z,0.02777777777777778,11.56,55.78,0.6024468823336877,0
2024-04-23T09:00:00Z,0,11.93,52.8,0.6589606527623848,0
2024-04-23T09:30:00Z,0,11.93,52.8,0.6589606527623848,0
2024-04-23T10:00:00Z,0.08333333333333333,10.27,68.24,0.39711351787453664,0.38
2024-04-23T10:30:00Z,0.08333333333333333,10.27,68.24,0.39711351787453664,0.38
2024-04-23T11:00:00Z,0.6111111111111112,10.6,63.73,0.4636089093127356,0
2024-04-23T11:30:00Z,0.6111111111111112,10.6,63.73,0.4636089093127356,0
2024-04-23T12:00:00Z,34,11.8,55.52,0.6156804987603732,0
2024-04-23T12:30:00Z,34,11.8,55.52,0.6156804987603732,0
2024-04-23T13:00:00Z,105.47222222222223,12.2,54.94,0.6403784003751992,0
2024-04-23T13:30:00Z,105.47222222222223,12.2,54.94,0.6403784003751992,0
2024-04-23T14:00:00Z,124.11111111111111,12.14,57.04,0.6081264205010993,0
2024-04-23T14:30:00Z,124.11111111111111,12.14,57.04,0.6081264205010993,0
2024-04-23T15:00:00Z,255.97222222222223,12.77,57.08,0.6332352346378348,0
2024-04-23T15:30:00Z,255.97222222222223,12.77,57.08,0.6332352346378348,0
2024-04-23T16:00:00Z,341.3055555555556,13.64,55.14,0.700551248654284,0
2024-04-23T16:30:00Z,341.3055555555556,13.64,55.14,0.700551248654284,0
2024-04-23T17:00:00Z,432.9166666666667,14.65,52.51,0.7917992387035222,0
2024-04-23T17:30:00Z,432.9166666666667,14.65,52.51,0.7917992387035222,0
2024-04-23T18:00:00Z,413.0555555555556,15.09,51.1,0.8387585177347624,0
2024-04-23T18:30:00Z,413.0555555555556,15.09,51.1,0.8387585177347624,0
2024-04-23T19:00:00Z,323.5,14.72,52.78,0.7908625335383299,0
2024-04-23T19:30:00Z,323.5,14.72,52.78,0.7908625335383299,0
2024-04-23T20:00:00Z,261,13.81,58.48,0.6556010266518629,0
2024-04-23T20:30:00Z,261,13.81,58.48,0.6556010266518629,0
2024-04-23T21:00:00Z,460.83333333333337,14.43,61.48,0.6331774760278179,0
2024-04-23T21:30:00Z,460.83333333333337,14.43,61.48,0.6331774760278179,0
2024-04-23T22:00:00Z,140.72222222222223,14.19,62.31,0.6099834019166073,0
2024-04-23T22:30:00Z,140.72222222222223,14.19,62.31,0.6099834019166073,0
2024-04-23T23:00:00Z,73.08333333333334,12.91,73.33,0.3971098819576979,0
2024-04-23T23:30:00Z,73.08333333333334,12.91,73.33,0.3971098819576979,0
2024-04-24T00:00:00Z,49.44444444444445,12.48,74.51,0.36898771033065936,0
2024-04-24T00:30:00Z,49.44444444444445,12.48,74.51,0.36898771033065936,0
2024-04-24T01:00:00Z,1.4722222222222223,11.01,82.9,0.22462337308764524,0.125
2024-04-24T01:30:00Z,1.4722222222222223,11.01,82.9,0.22462337308764524,0.125
2024-04-24T02:00:00Z,0.05555555555555556,9.73,88.5,0.13868094700553146,0
2024-04-24T02:30:00Z,0.05555555555555556,9.73,88.5,0.13868094700553146,0
2024-04-24T03:00:00Z,0.1388888888888889,8.37,94,0.066006246432051,0
2024-04-24T03:30:00Z,0.1388888888888889,8.37,94,0.066006246432051,0
2024-04-24T04:00:00Z,0.02777777777777778,6.42,81.5,0.17809040961212175,0
2024-04-24T04:30:00Z,0.02777777777777778,6.42,81.5,0.17809040961212175,0
2024-04-24T05:00:00Z,0.05555555555555556,3.77,80,0.1600378702343731,0
2024-04-24T05:30:00Z,0.05555555555555556,3.77,80,0.1600378702343731,0
2024-04-24T06:00:00Z,0.02777777777777778,3.21,78.38,0.16628690579125205,0
2024-04-24T06:30:00Z,0.02777777777777778,3.21,78.38,0.16628690579125205,0
2024-04-24T07:00:00Z,0.02777777777777778,2.63,75.15,0.18341709567316633,0
2024-04-24T07:30:00Z,0.02777777777777778,2.63,75.15,0.18341709567316633,0
2024-04-24T08:00:00Z,0.02777777777777778,2.14,77.13,0.16300426743130647,0
2024-04-24T08:30:00Z,0.02777777777777778,2.14,77.13,0.16300426743130647,0
2024-04-24T09:00:00Z,0.02777777777777778,1.85,81.8,0.1270546172188053,0
2024-04-24T09:30:00Z,0.02777777777777778,1.85,81.8,0.1270546172188053,0
2024-04-24T10:00:00Z,0.02777777777777778,1.74,80,0.13852377925692283,0
2024-04-24T10:30:00Z,0.02777777777777778,1.74,80,0.13852377925692283,0
2024-04-24T11:00:00Z,1.1388888888888888,1.67,76.88,0.15933131909588016,0
2024-04-24T11:30:00Z,1.1388888888888888,1.67,76.88,0.15933131909588016,0
2024-04-24T12:00:00Z,18.13888888888889,1.57,74.8,0.1724232833797268,0
2024-04-24T12:30:00Z,18.13888888888889,1.57,74.8,0.1724232833797268,0
2024-04-24T13:00:00Z,57.19444444444445,1.64,75.09,0.1712978602058849,0
2024-04-24T13:30:00Z,57.19444444444445,1.64,75.09,0.1712978602058849,0
2024-04-24T14:00:00Z,107.27777777777779,1.95,74.07,0.1823191289973033,0
2024-04-24T14:30:00Z,107.27777777777779,1.95,74.07,0.1823191289973033,0
2024-04-24T15:00:00Z,313.11111111111114,3.23,68.7,0.2410804655594444,0
2024-04-24T15:30:00Z,313.11111111111114,3.23,68.7,0.2410804655594444,0
2024-04-24T16:00:00Z,613.7777777777778,4.9,61.89,0.3301242721440657,0
2024-04-24T16:30:00Z,613.7777777777778,4.9,61.89,0.3301242721440657,0
2024-04-24T17:00:00Z,805.4444444444445,6.54,55.08,0.4360159719078963,0
2024-04-24T17:30:00Z,805.4444444444445,6.54,55.08,0.4360159719078963,0
2024-04-24T18:00:00Z,834.0000000000001,8.02,49.42,0.5433460268852559,0
2024-04-24T18:30:00Z,834.0000000000001,8.02,49.42,0.5433460268852559,0
2024-04-24T19:00:00Z,814.2222222222222,9.24,42.59,0.6698642847151928,0
2024-04-24T19:30:00Z,814.2222222222222,9.24,42.59,0.6698642847151928,0
2024-04-24T20:00:00Z,745.3055555555555,10.32,37.63,0.7824589579495682,0
2024-04-24T20:30:00Z,745.3055555555555,10.32,37.63,0.7824589579495682,0
2024-04-24T21:00:00Z,630.3055555555555,11.01,35.94,0.841483817543542,0
2024-04-24T21:30:00Z,630.3055555555555,11.01,35.94,0.841483817543542,0
2024-04-24T22:00:00Z,481.9166666666667,11.8,32.94,0.9282269390033866,0
2024-04-24T22:30:00Z,481.9166666666667,11.8,32.94,0.9282269390033866,0
2024-04-24T23:00:00Z,310.02777777777777,11.81,33.22,0.9249619210791723,0
2024-04-24T23:30:00Z,310.02777777777777,11.81,33.22,0.9249619210791723,0
2024-04-25T00:00:00Z,136.58333333333334,10.36,39.77,0.757634217304971,0
2024-04-25T00:30:00Z,136.58333333333334,10.36,39.77,0.757634217304971,0
2024-04-25T01:00:00Z,14.083333333333334,7.96,44.67,0.5919478852004278,0
2024-04-25T01:30:00Z,14.083333333333334,7.96,44.67,0.5919478852004278,0
2024-04-25T02:00:00Z,0.08333333333333333,5.66,52.49,0.4339206986971634,0
2024-04-25T02:30:00Z,0.08333333333333333,5.66,52.49,0.4339206986971634,0
2024-04-25T03:00:00Z,0.05555555555555556,4.36,55.86,0.3681715523008045,0
2024-04-25T03:30:00Z,0.05555555555555556,4.36,55.86,0.3681715523008045,0
2024-04-25T04:00:00Z,0.05555555555555556,3.03,59.46,0.30785315309921474,0
2024-04-25T04:30:00Z,0.05555555555555556,3.03,59.46,0.30785315309921474,0
2024-04-25T05:00:00Z,0.02777777777777778,2.02,70.72,0.20690772511965289,0
2024-04-25T05:30:00Z,0.02777777777777778,2.02,70.72,0.20690772511965289,0
2024-04-25T06:00:00Z,0.05555555555555556,1.04,69.61,0.20015076075827382,0
2024-04-25T06:30:00Z,0.05555555555555556,1.04,69.61,0.20015076075827382,0
2024-04-25T07:00:00Z,0.08333333333333333,-0.35,71.29,0.17094387398357908,0
2024-04-25T07:30:00Z,0.08333333333333333,-0.35,71.29,0.17094387398357908,0
2024-04-25T08:00:00Z,0.08333333333333333,-0.86,73.38,0.15269557965994268,0
2024-04-25T08:30:00Z,0.08333333333333333,-0.86,73.38,0.15269557965994268,0
2024-04-25T09:00:00Z,0.08333333333333333,-1.32,75.04,0.13841699458645396,0
2024-04-25T09:30:00Z,0.08333333333333333,-1.32,75.04,0.13841699458645396,0
2024-04-25T10:00:00Z,0.08333333333333333,-1.69,78.19,0.1176945248557732,0
2024-04-25T10:30:00Z,0.08333333333333333,-1.69,78.19,0.1176945248557732,0
2024-04-25T11:00:00Z,5.583333333333334,-1.96,79.55,0.10817510068820885,0
2024-04-25T11:30:00Z,5.583333333333334,-1.96,79.55,0.10817510068820885,0
2024-04-25T12:00:00Z,40.22222222222223,-1.4,77.05,0.1265230800179905,0
2024-04-25T12:30:00Z,40.22222222222223,-1.4,77.05,0.1265230800179905,0
2024-04-25T13:00:00Z,152.05555555555554,0.49,68.6,0.19873942869567252,0
2024-04-25T13:30:00Z,152.05555555555554,0.49,68.6,0.19873942869567252,0
2024-04-25T14:00:00Z,418.8333333333333,3.84,60.05,0.3212571023877177,0
2024-04-25T14:30:00Z,418.8333333333333,3.84,60.05,0.3212571023877177,0
2024-04-25T15:00:00Z,571.3333333333334,6.12,56.41,0.4110129968998799,0
2024-04-25T15:30:00Z,571.3333333333334,6.12,56.41,0.4110129968998799,0
2024-04-25T16:00:00Z,701.3888888888889,8.25,48.11,0.5662092567336222,0
2024-04-25T16:30:00Z,701.3888888888889,8.25,48.11,0.5662092567336222,0
2024-04-25T17:00:00Z,801.8611111111111,9.66,40.96,0.7086358462182358,0
2024-04-25T17:30:00Z,801.8611111111111,9.66,40.96,0.7086358462182358,0
2024-04-25T18:00:00Z,836.0833333333334,11.16,33.63,0.8805579277570514,0
2024-04-25T18:30:00Z,836.0833333333334,11.16,33.63,0.8805579277570514,0
2024-04-25T19:00:00Z,818.7222222222223,12.01,29.62,0.9877755471067916,0
2024-04-25T19:30:00Z,818.7222222222223,12.01,29.62,0.9877755471067916,0
2024-04-25T20:00:00Z,753.1111111111111,12.96,27.05,1.0897682541846707,0
2024-04-25T20:30:00Z,753.1111111111111,12.96,27.05,1.0897682541846707,0
2024-04-25T21:00:00Z,640.6388888888889,13.33,25.13,1.14581836374267,0
2024-04-25T21:30:00Z,640.6388888888889,13.33,25.13,1.14581836374267,0
2024-04-25T22:00:00Z,490.0555555555556,13.61,24.26,1.1804780597690923,0
2024-04-25T22:30:00Z,490.0555555555556,13.61,24.26,1.1804780597690923,0
2024-04-25T23:00:00Z,316.3333333333333,13.61,25.38,1.1630218222863702,0
2024-04-25T23:30:00Z,316.3333333333333,13.61,25.38,1.1630218222863702,0
2024-04-26T00:00:00Z,143.36111111111111,13.04,29.34,1.0610972580347542,0
2024-04-26T00:30:00Z,143.36111111111111,13.04,29.34,1.0610972580347542,0
2024-04-26T01:00:00Z,14.861111111111112,10.22,39.93,0.748582339024869,0
2024-04-26T01:30:00Z,14.861111111111112,10.22,39.93,0.748582339024869,0
2024-04-26T02:00:00Z,0.05555555555555556,6.21,56.13,0.4162350848602018,0
2024-04-26T02:30:00Z,0.05555555555555556,6.21,56.13,0.4162350848602018,0
2024-04-26T03:00:00Z,0.05555555555555556,4.75,58.73,0.35376840705764645,0
2024-04-26T03:30:00Z,0.05555555555555556,4.75,58.73,0.35376840705764645,0
2024-04-26T04:00:00Z,0.02777777777777778,4.76,56.8,0.3705715678565694,0
2024-04-26T04:30:00Z,0.02777777777777778,4.76,56.8,0.3705715678565694,0
2024-04-26T05:00:00Z,0.02777777777777778,4.27,58.35,0.345214477059156,0
2024-04-26T05:30:00Z,0.02777777777777778,4.27,58.35,0.345214477059156,0
2024-04-26T06:00:00Z,0.02777777777777778,4.55,59.22,0.3447077945857461,0
2024-04-26T06:30:00Z,0.02777777777777778,4.55,59.22,0.3447077945857461,0
2024-04-26T07:00:00Z,0.02777777777777778,4.21,63.68,0.29977086970585065,0
2024-04-26T07:30:00Z,0.02777777777777778,4.21,63.68,0.29977086970585065,0
2024-04-26T08:00:00Z,0.02777777777777778,3.28,69.56,0.2352882219641692,0
2024-04-26T08:30:00Z,0.02777777777777778,3.28,69.56,0.2352882219641692,0
2024-04-26T09:00:00Z,0.05555555555555556,2.31,75.64,0.17574536074455815,0
2024-04-26T09:30:00Z,0.05555555555555556,2.31,75.64,0.17574536074455815,0
2024-04-26T10:00:00Z,0.02777777777777778,1.93,78.82,0.14870780153276197,0
2024-04-26T10:30:00Z,0.02777777777777778,1.93,78.82,0.14870780153276197,0
2024-04-26T11:00:00Z,3.361111111111111,2.02,76.82,0.16380194905305856,0
2024-04-26T11:30:00Z,3.361111111111111,2.02,76.82,0.16380194905305856,0
2024-04-26T12:00:00Z,46.083333333333336,2.84,71.09,0.2165950472834911,0
2024-04-26T12:30:00Z,46.083333333333336,2.84,71.09,0.2165950472834911,0
2024-04-26T13:00:00Z,147.30555555555554,4.97,59.73,0.350544675883142,0
2024-04-26T13:30:00Z,147.30555555555554,4.97,59.73,0.350544675883142,0
2024-04-26T14:00:00Z,435.19444444444446,8.56,49.48,0.5629837222854578,0
2024-04-26T14:30:00Z,435.19444444444446,8.56,49.48,0.5629837222854578,0
2024-04-26T15:00:00Z,596.3888888888889,11.04,45.37,0.7190447320240321,0
2024-04-26T15:30:00Z,596.3888888888889,11.04,45.37,0.7190447320240321,0
2024-04-26T16:00:00Z,683.3333333333334,13.19,41.48,0.8874487499982301,0
2024-04-26T16:30:00Z,683.3333333333334,13.19,41.48,0.8874487499982301,0
2024-04-26T17:00:00Z,727.0277777777778,14.26,38.14,1.0057061084307544,0
2024-04-26T17:30:00Z,727.0277777777778,14.26,38.14,1.0057061084307544,0
2024-04-26T18:00:00Z,760.9444444444445,15.75,34.6,1.1703029330083468,0
2024-04-26T18:30:00Z,760.9444444444445,15.75,34.6,1.1703029330083468,0
2024-04-26T19:00:00Z,640.5000000000001,16.69,31.68,1.2980717823254226,0
2024-04-26T19:30:00Z,640.5000000000001,16.69,31.68,1.2980717823254226,0
2024-04-26T20:00:00Z,482.61111111111114,16.77,29.39,1.3484148119955108,0
2024-04-26T20:30:00Z,482.61111111111114,16.77,29.39,1.3484148119955108,0
2024-04-26T21:00:00Z,354.47222222222223,17.18,30.02,1.371568590436133,0
2024-04-26T21:30:00Z,354.47222222222223,17.18,30.02,1.371568590436133,0
2024-04-26T22:00:00Z,206.16666666666669,17.14,30.85,1.3518741915023291,0
2024-04-26T22:30:00Z,206.16666666666669,17.14,30.85,1.3518741915023291,0
2024-04-26T23:00:00Z,69.27777777777779,16.68,32.62,1.2793988442708053,0
2024-04-26T23:30:00Z,69.27777777777779,16.68,32.62,1.2793988442708053,0
2024-04-27T00:00:00Z,40.19444444444444,16.07,34.59,1.1946694528141677,0
2024-04-27T00:30:00Z,40.19444444444444,16.07,34.59,1.1946694528141677,0
2024-04-27T01:00:00Z,9.777777777777779,15.48,34.56,1.1509362158291343,0
2024-04-27T01:30:00Z,9.777777777777779,15.48,34.56,1.1509362158291343,0
2024-04-27T02:00:00Z,0.02777777777777778,13.47,55.29,0.690521434424921,0.125
2024-04-27T02:30:00Z,0.02777777777777778,13.47,55.29,0.690521434424921,0.125
2024-04-27T03:00:00Z,0.22222222222222224,10.25,86.3,0.17107002613856293,0.38
2024-04-27T03:30:00Z,0.22222222222222224,10.25,86.3,0.17107002613856293,0.38
2024-04-27T04:00:00Z,0.08333333333333333,10.21,84.5,0.19302925128064574,0
2024-04-27T04:30:00Z,0.08333333333333333,10.21,84.5,0.19302925128064574,0
2024-04-27T05:00:00Z,0.02777777777777778,10.63,80.1,0.2548742932996779,0
2024-04-27T05:30:00Z,0.02777777777777778,10.63,80.1,0.2548742932996779,0
2024-04-27T06:00:00Z,0.08333333333333333,11.23,79.6,0.27191545391146366,0
2024-04-27T06:30:00Z,0.08333333333333333,11.23,79.6,0.27191545391146366,0
2024-04-27T07:00:00Z,0.1388888888888889,11.46,82.5,0.23684437008335002,0
2024-04-27T07:30:00Z,0.1388888888888889,11.46,82.5,0.23684437008335002,0
2024-04-27T08:00:00Z,0.11111111111111112,12.09,83.3,0.23562183449785934,0.125
2024-04-27T08:30:00Z,0.11111111111111112,12.09,83.3,0.23562183449785934,0.125
2024-04-27T09:00:00Z,0.19444444444444445,12.23,92,0.11391819871359954,0.125
2024-04-27T09:30:00Z,0.19444444444444445,12.23,92,0.11391819871359954,0.125
2024-04-27T10:00:00Z,0.16666666666666666,12.72,94,0.08823345208089584,0.125
2024-04-27T10:30:00Z,0.16666666666666666,12.72,94,0.08823345208089584,0.125
2024-04-27T11:00:00Z,0.6388888888888888,13.22,95.5,0.06837578850590686,0.255
2024-04-27T11:30:00Z,0.6388888888888888,13.22,95.5,0.06837578850590686,0.255
2024-04-27T12:00:00Z,24.972222222222225,14.19,94.4,0.09063165430440434,0.125
2024-04-27T12:30:00Z,24.972222222222225,14.19,94.4,0.09063165430440434,0.125
2024-04-27T13:00:00Z,129.44444444444446,16.02,89.9,0.1838816890209578,0
2024-04-27T13:30:00Z,129.44444444444446,16.02,89.9,0.1838816890209578,0
2024-04-27T14:00:00Z,112.66666666666667,18.09,82.4,0.3653228573561307,0
2024-04-27T14:30:00Z,112.66666666666667,18.09,82.4,0.3653228573561307,0
2024-04-27T15:00:00Z,128.08333333333334,19.21,77.47,0.5015960725390276,0
2024-04-27T15:30:00Z,128.08333333333334,19.21,77.47,0.5015960725390276,0
2024-04-27T16:00:00Z,215.86111111111111,20.31,73.25,0.6375945061481854,0
2024-04-27T16:30:00Z,215.86111111111111,20.31,73.25,0.6375945061481854,0
2024-04-27T17:00:00Z,132.33333333333334,20.09,74.52,0.5991214847832302,0
2024-04-27T17:30:00Z,132.33333333333334,20.09,74.52,0.5991214847832302,0
2024-04-27T18:00:00Z,110.52777777777777,20.09,75.68,0.5718459383802259,0
2024-04-27T18:30:00Z,110.52777777777777,20.09,75.68,0.5718459383802259,0
2024-04-27T19:00:00Z,247.72222222222223,20.69,74.12,0.6314826318521145,0
2024-04-27T19:30:00Z,247.72222222222223,20.69,74.12,0.6314826318521145,0
2024-04-27T20:00:00Z,173.88888888888889,21.63,70.79,0.7550460890481365,0
2024-04-27T20:30:00Z,173.88888888888889,21.63,70.79,0.7550460890481365,0
2024-04-27T21:00:00Z,254.80555555555554,22.13,69.33,0.8173412586067594,0
2024-04-27T21:30:00Z,254.80555555555554,22.13,69.33,0.8173412586067594,0
2024-04-27T22:00:00Z,194.25,22.22,68.82,0.8354970662699188,0
2024-04-27T22:30:00Z,194.25,22.22,68.82,0.8354970662699188,0
2024-04-27T23:00:00Z,254.22222222222226,22.61,67.98,0.8785790679515069,0
2024-04-27T23:30:00Z,254.22222222222226,22.61,67.98,0.8785790679515069,0
2024-04-28T00:00:00Z,60.30555555555556,21.7,72.76,0.7071422264256086,0
2024-04-28T00:30:00Z,60.30555555555556,21.7,72.76,0.7071422264256086,0
2024-04-28T01:00:00Z,6.861111111111112,21.25,74.9,0.6338887956590749,0
2024-04-28T01:30:00Z,6.861111111111112,21.25,74.9,0.6338887956590749,0
2024-04-28T02:00:00Z,0,21.02,75.24,0.6165394246280935,0
2024-04-28T02:30:00Z,0,21.02,75.24,0.6165394246280935,0
2024-04-28T03:00:00Z,0,21,75.54,0.608321520172747,0
2024-04-28T03:30:00Z,0,21,75.54,0.608321520172747,0
2024-04-28T04:00:00Z,0,21.21,73.05,0.6789424594524549,0
2024-04-28T04:30:00Z,0,21.21,73.05,0.6789424594524549,0
2024-04-28T05:00:00Z,0,20.85,73.38,0.6559655157311106,0
2024-04-28T05:30:00Z,0,20.85,73.38,0.6559655157311106,0
2024-04-28T06:00:00Z,0,19.52,79.37,0.46823892397003486,0
2024-04-28T06:30:00Z,0,19.52,79.37,0.46823892397003486,0
2024-04-28T07:00:00Z,0,18.77,82.7,0.37472841704880255,0
2024-04-28T07:30:00Z,0,18.77,82.7,0.37472841704880255,0
2024-04-28T08:00:00Z,0.08333333333333333,16.93,92.7,0.14082796382499607,0.635
2024-04-28T08:30:00Z,0.08333333333333333,16.93,92.7,0.14082796382499607,0.635
2024-04-28T09:00:00Z,0.11111111111111112,16.5,93.9,0.11450772587988878,0
2024-04-28T09:30:00Z,0.11111111111111112,16.5,93.9,0.11450772587988878,0
2024-04-28T10:00:00Z,0.22222222222222224,15.68,96.4,0.06413230950595916,0
2024-04-28T10:30:00Z,0.22222222222222224,15.68,96.4,0.06413230950595916,0
2024-04-28T11:00:00Z,0.6944444444444444,15.18,96.9,0.05348149062009444,0.125
2024-04-28T11:30:00Z,0.6944444444444444,15.18,96.9,0.05348149062009444,0.125
2024-04-28T12:00:00Z,4.25,15.21,96.2,0.06568450270246262,0.76
2024-04-28T12:30:00Z,4.25,15.21,96.2,0.06568450270246262,0.76
2024-04-28T13:00:00Z,24.75,15.79,97.3,0.048439083883692335,0.76
2024-04-28T13:30:00Z,24.75,15.79,97.3,0.048439083883692335,0.76
2024-04-28T14:00:00Z,49.38888888888889,16.02,97.3,0.04915649112441445,0.38
2024-04-28T14:30:00Z,49.38888888888889,16.02,97.3,0.04915649112441445,0.38
2024-04-28T15:00:00Z,69.02777777777779,16.07,97.2,0.05114010805503244,0.125
2024-04-28T15:30:00Z,69.02777777777779,16.07,97.2,0.05114010805503244,0.125
2024-04-28T16:00:00Z,199.63888888888891,16.76,95.4,0.08778885894871724,0
2024-04-28T16:30:00Z,199.63888888888891,16.76,95.4,0.08778885894871724,0
2024-04-28T17:00:00Z,104.30555555555556,17.27,92.8,0.14192166629653036,0
2024-04-28T17:30:00Z,104.30555555555556,17.27,92.8,0.14192166629653036,0
2024-04-28T18:00:00Z,132.44444444444446,17.53,93.7,0.1262379827048501,0
2024-04-28T18:30:00Z,132.44444444444446,17.53,93.7,0.1262379827048501,0
2024-04-28T19:00:00Z,89.91666666666667,17.51,94.2,0.11607248759368538,0.125
2024-04-28T19:30:00Z,89.91666666666667,17.51,94.2,0.11607248759368538,0.125
2024-04-28T20:00:00Z,112.83333333333333,17.5,97,0.05999960924699854,0.125
2024-04-28T20:30:00Z,112.83333333333333,17.5,97,0.05999960924699854,0.125
2024-04-28T21:00:00Z,293.0833333333333,18.89,94.1,0.12875916893120953,0
2024-04-28T21:30:00Z,293.0833333333333,18.89,94.1,0.12875916893120953,0
2024-04-28T22:00:00Z,292.75000000000006,17.33,92.3,0.1523541776662396,0
2024-04-28T22:30:00Z,292.75000000000006,17.33,92.3,0.1523541776662396,0
2024-04-28T23:00:00Z,104.05555555555557,15.43,92.1,0.13849754544442994,0
2024-04-28T23:30:00Z,104.05555555555557,15.43,92.1,0.13849754544442994,0
2024-04-29T00:00:00Z,4.305555555555555,13.6,95.6,0.06853344700669739,0.255
2024-04-29T00:30:00Z,4.305555555555555,13.6,95.6,0.06853344700669739,0.255
2024-04-29T01:00:00Z,2.611111111111111,12.2,96.9,0.04405621485049083,0.38
2024-04-29T01:30:00Z,2.611111111111111,12.2,96.9,0.04405621485049083,0.38
2024-04-29T02:00:00Z,0.1388888888888889,11.19,97,0.03988156548707433,0.51
2024-04-29T02:30:00Z,0.1388888888888889,11.19,97,0.03988156548707433,0.51
2024-04-29T03:00:00Z,0.11111111111111112,10.79,96.7,0.042718562689016526,0
2024-04-29T03:30:00Z,0.11111111111111112,10.79,96.7,0.042718562689016526,0
2024-04-29T04:00:00Z,0.11111111111111112,10.66,97.2,0.035933499939967195,0.125
2024-04-29T04:30:00Z,0.11111111111111112,10.66,97.2,0.035933499939967195,0.125
2024-04-29T05:00:00Z,0.11111111111111112,10.69,97.6,0.030861785625455385,0
2024-04-29T05:30:00Z,0.11111111111111112,10.69,97.6,0.030861785625455385,0
2024-04-29T06:00:00Z,0.16666666666666666,10.67,97.7,0.029536483443999506,0
2024-04-29T06:30:00Z,0.16666666666666666,10.67,97.7,0.029536483443999506,0
2024-04-29T07:00:00Z,0.1388888888888889,10.62,97.6,0.030718120742094346,0
2024-04-29T07:30:00Z,0.1388888888888889,10.62,97.6,0.030718120742094346,0
2024-04-29T08:00:00Z,0.1388888888888889,10.45,97.4,0.03290263712006203,0
2024-04-29T08:30:00Z,0.1388888888888889,10.45,97.4,0.03290263712006203,0
2024-04-29T09:00:00Z,0.1388888888888889,10.36,97.7,0.02893173999338261,0
2024-04-29T09:30:00Z,0.1388888888888889,10.36,97.7,0.02893173999338261,0
2024-04-29T10:00:00Z,0.11111111111111112,10.42,97.8,0.027784976719667842,0.635
2024-04-29T10:30:00Z,0.11111111111111112,10.42,97.8,0.027784976719667842,0.635
2024-04-29T11:00:00Z,1.3055555555555556,10.67,97.8,0.028252288511651624,0.125
2024-04-29T11:30:00Z,1.3055555555555556,10.67,97.8,0.028252288511651624,0.125
2024-04-29T12:00:00Z,39.77777777777778,11.11,97.7,0.03041389931938343,0
2024-04-29T12:30:00Z,39.77777777777778,11.11,97.7,0.03041389931938343,0
2024-04-29T13:00:00Z,33.416666666666664,11.56,97.2,0.038146794901273706,1.65
2024-04-29T13:30:00Z,33.416666666666664,11.56,97.2,0.038146794901273706,1.65
2024-04-29T14:00:00Z,75.11111111111111,12.54,98,0.029065867029428594,0.51
2024-04-29T14:30:00Z,75.11111111111111,12.54,98,0.029065867029428594,0.51
2024-04-29T15:00:00Z,109.52777777777779,13.89,97.6,0.03809349913710225,0.635
2024-04-29T15:30:00Z,109.52777777777779,13.89,97.6,0.03809349913710225,0.635
2024-04-29T16:00:00Z,115.33333333333333,14.58,97.2,0.0464737526685266,0.255
2024-04-29T16:30:00Z,115.33333333333333,14.58,97.2,0.0464737526685266,0.255
2024-04-29T17:00:00Z,475.6388888888889,16.91,95,0.0963352559632642,0
2024-04-29T17:30:00Z,475.6388888888889,16.91,95,0.0963352559632642,0
2024-04-29T18:00:00Z,546.5555555555555,19.6,77.54,0.5123138966118588,0
2024-04-29T18:30:00Z,546.5555555555555,19.6,77.54,0.5123138966118588,0
2024-04-29T19:00:00Z,539.0833333333334,19.66,73.51,0.606493338877877,0
2024-04-29T19:30:00Z,539.0833333333334,19.66,73.51,0.606493338877877,0
2024-04-29T20:00:00Z,327.52777777777777,19.41,71.98,0.6316359398395328,0
2024-04-29T20:30:00Z,327.52777777777777,19.41,71.98,0.6316359398395328,0
2024-04-29T21:00:00Z,90.61111111111111,17.88,75.49,0.5020793511320778,0
2024-04-29T21:30:00Z,90.61111111111111,17.88,75.49,0.5020793511320778,0
2024-04-29T22:00:00Z,220.13888888888889,18.13,75.38,0.5123226573222164,0
2024-04-29T22:30:00Z,220.13888888888889,18.13,75.38,0.5123226573222164,0
2024-04-29T23:00:00Z,136.63888888888889,18.39,74.98,0.5292101709389818,0
2024-04-29T23:30:00Z,136.63888888888889,18.39,74.98,0.5292101709389818,0
2024-04-30T00:00:00Z,66.22222222222223,17.88,77.56,0.4596760766790624,0
2024-04-30T00:30:00Z,66.22222222222223,17.88,77.56,0.4596760766790624,0
2024-04-30T01:00:00Z,19.944444444444443,17.19,81,0.372625022165636,0
2024-04-30T01:30:00Z,19.944444444444443,17.19,81,0.372625022165636,0
2024-04-30T02:00:00Z,0.02777777777777778,16.23,85.7,0.2638595217029971,0
2024-04-30T02:30:00Z,0.02777777777777778,16.23,85.7,0.2638595217029971,0
2024-04-30T03:00:00Z,0,15.89,86.9,0.2365271204375765,0
2024-04-30T03:30:00Z,0,15.89,86.9,0.2365271204375765,0
2024-04-30T04:00:00Z,0,15.74,87.6,0.22175032882218093,0
2024-04-30T04:30:00Z,0,15.74,87.6,0.22175032882218093,0
2024-04-30T05:00:00Z,0,14.2,77.17,0.36972531386811247,0
2024-04-30T05:30:00Z,0,14.2,77.17,0.36972531386811247,0
2024-04-30T06:00:00Z,0,12.69,72.56,0.40272802437167843,0
2024-04-30T06:30:00Z,0,12.69,72.56,0.40272802437167843,0
2024-04-30T07:00:00Z,0.02777777777777778,11.35,72.6,0.36813779139057656,0
2024-04-30T07:30:00Z,0.02777777777777778,11.35,72.6,0.36813779139057656,0
2024-04-30T08:00:00Z,0.02777777777777778,9.48,78.59,0.2538848409083023,0
2024-04-30T08:30:00Z,0.02777777777777778,9.48,78.59,0.2538848409083023,0
2024-04-30T09:00:00Z,0.02777777777777778,8.27,83.7,0.1781029943692486,0
2024-04-30T09:30:00Z,0.02777777777777778,8.27,83.7,0.1781029943692486,0
2024-04-30T10:00:00Z,0.02777777777777778,7.71,86.5,0.14198809520887423,0
2024-04-30T10:30:00Z,0.02777777777777778,7.71,86.5,0.14198809520887423,0
2024-04-30T11:00:00Z,2.4166666666666665,7.35,89,0.11288119137871166,0
2024-04-30T11:30:00Z,2.4166666666666665,7.35,89,0.11288119137871166,0
2024-04-30T12:00:00Z,45.80555555555556,8.23,87.1,0.14056998108879015,0
2024-04-30T12:30:00Z,45.80555555555556,8.23,87.1,0.14056998108879015,0
2024-04-30T13:00:00Z,151.11111111111111,9.81,80.7,0.23399618766540742,0
2024-04-30T13:30:00Z,151.11111111111111,9.81,80.7,0.23399618766540742,0
2024-04-30T14:00:00Z,241.13888888888891,11.16,73.38,0.3531784245426052,0
2024-04-30T14:30:00Z,241.13888888888891,11.16,73.38,0.3531784245426052,0
2024-04-30T15:00:00Z,268.08333333333337,11.65,67.58,0.4443227640060501,0
2024-04-30T15:30:00Z,268.08333333333337,11.65,67.58,0.4443227640060501,0
2024-04-30T16:00:00Z,351.6388888888889,12.29,64.25,0.5110858053009472,0
2024-04-30T16:30:00Z,351.6388888888889,12.29,64.25,0.5110858053009472,0
2024-04-30T17:00:00Z,442.5,13.07,62.23,0.5683036340774503,0
2024-04-30T17:30:00Z,442.5,13.07,62.23,0.5683036340774503,0
2024-04-30T18:00:00Z,377.5555555555556,13.13,61.01,0.5889654916970944,0
2024-04-30T18:30:00Z,377.5555555555556,13.13,61.01,0.5889654916970944,0
2024-04-30T19:00:00Z,509.25,13.32,60.91,0.5978472887390038,0
2024-04-30T19:30:00Z,509.25,13.32,60.91,0.5978472887390038,0
2024-04-30T20:00:00Z,617.5277777777778,14.53,56.98,0.7117331000061614,0
2024-04-30T20:30:00Z,617.5277777777778,14.53,56.98,0.7117331000061614,0
2024-04-30T21:00:00Z,615.9722222222223,15.85,53.11,0.8444601266896367,0
2024-04-30T21:30:00Z,615.9722222222223,15.85,53.11,0.8444601266896367,0
2024-04-30T22:00:00Z,490.8055555555556,16.66,51.07,0.9278938359189253,0
2024-04-30T22:30:00Z,490.8055555555556,16.66,51.07,0.9278938359189253,0
2024-04-30T23:00:00Z,318.63888888888886,17.02,49.88,0.9724215594516994,0
2024-04-30T23:30:00Z,318.63888888888886,17.02,49.88,0.9724215594516994,0
2024-05-01T00:00:00Z,150.94444444444446,16.58,51.23,0.920168720220856,0
2024-05-01T00:30:00Z,150.94444444444446,16.58,51.23,0.920168720220856,0
2024-05-01T01:00:00Z,14.88888888888889,13.69,63.79,0.5673121550343485,0
2024-05-01T01:30:00Z,14.88888888888889,13.69,63.79,0.5673121550343485,0
2024-05-01T02:00:00Z,0.08333333333333333,10.34,80.1,0.24998813320772917,0
2024-05-01T02:30:00Z,0.08333333333333333,10.34,80.1,0.24998813320772917,0
2024-05-01T03:00:00Z,0.02777777777777778,9.79,81.3,0.2264175529230631,0
2024-05-01T03:30:00Z,0.02777777777777778,9.79,81.3,0.2264175529230631,0
2024-05-01T04:00:00Z,0,9.33,82.9,0.2007380948199764,0
2024-05-01T04:30:00Z,0,9.33,82.9,0.2007380948199764,0
2024-05-13T05:00:00Z,0.02777777777777778,17.01,69.61,0.5892492360384902,0.51
2024-05-13T05:30:00Z,0.02777777777777778,17.01,69.61,0.5892492360384902,0.51
2024-05-13T06:00:00Z,0.11111111111111112,15.18,88.3,0.20184949685648568,0.635
2024-05-13T06:30:00Z,0.11111111111111112,15.18,88.3,0.20184949685648568,0.635
2024-05-13T07:00:00Z,0.1388888888888889,14.41,95.6,0.07223207183628122,0.125
2024-05-13T07:30:00Z,0.1388888888888889,14.41,95.6,0.07223207183628122,0.125
2024-05-13T08:00:00Z,0.08333333333333333,15.01,87.4,0.21501200140691967,0
2024-05-13T08:30:00Z,0.08333333333333333,15.01,87.4,0.21501200140691967,0
2024-05-13T09:00:00Z,0.02777777777777778,14.84,86,0.23630022482421742,0
2024-05-13T09:30:00Z,0.02777777777777778,14.84,86,0.23630022482421742,0
2024-05-13T10:00:00Z,0,15.19,82.1,0.3090110662585035,0
2024-05-13T10:30:00Z,0,15.19,82.1,0.3090110662585035,0
2024-05-13T11:00:00Z,14.472222222222223,14.76,79.86,0.3381856696887522,0
2024-05-13T11:30:00Z,14.472222222222223,14.76,79.86,0.3381856696887522,0
2024-05-13T12:00:00Z,62.58333333333334,15.51,75.35,0.43437058971409015,0
2024-05-13T12:30:00Z,62.58333333333334,15.51,75.35,0.43437058971409015,0
2024-05-13T13:00:00Z,246.13888888888891,17.31,69.63,0.6001493978852372,0
2024-05-13T13:30:00Z,246.13888888888891,17.31,69.63,0.6001493978852372,0
2024-05-13T14:00:00Z,410.0555555555556,19.64,62.41,0.8595620952838734,0
2024-05-13T14:30:00Z,410.0555555555556,19.64,62.41,0.8595620952838734,0
2024-05-13T15:00:00Z,539.25,21,59.14,1.0161904053253659,0
2024-05-13T15:30:00Z,539.25,21,59.14,1.0161904053253659,0
2024-05-13T16:00:00Z,697.6111111111112,22.06,56.99,1.1413201374490436,0
2024-05-13T16:30:00Z,697.6111111111112,22.06,56.99,1.1413201374490436,0
2024-05-13T17:00:00Z,799.75,23.23,56.12,1.2500353822871375,0
2024-05-13T17:30:00Z,799.75,23.23,56.12,1.2500353822871375,0
2024-05-13T18:00:00Z,856.25,23.82,54.77,1.3351130861764837,0
2024-05-13T18:30:00Z,856.25,23.82,54.77,1.3351130861764837,0
2024-05-13T19:00:00Z,623.7222222222223,23.83,53.21,1.3819920105840187,0
2024-05-13T19:30:00Z,623.7222222222223,23.83,53.21,1.3819920105840187,0
2024-05-13T20:00:00Z,239.80555555555554,21.1,60.7,0.9834128429071831,0
2024-05-13T20:30:00Z,239.80555555555554,21.1,60.7,0.9834128429071831,0
2024-05-13T21:00:00Z,164.13888888888889,19.34,66.54,0.7509890054995154,0
2024-05-13T21:30:00Z,164.13888888888889,19.34,66.54,0.7509890054995154,0
2024-05-13T22:00:00Z,100.25,18.95,71.83,0.6170774422559313,0
2024-05-13T22:30:00Z,100.25,18.95,71.83,0.6170774422559313,0
2024-05-13T23:00:00Z,91.72222222222223,16.98,87.7,0.2380387953957559,0
2024-05-13T23:30:00Z,91.72222222222223,16.98,87.7,0.2380387953957559,0
2024-05-14T00:00:00Z,50.27777777777778,16.51,86.5,0.25358001243840134,0
2024-05-14T00:30:00Z,50.27777777777778,16.51,86.5,0.25358001243840134,0
2024-05-14T01:00:00Z,8.444444444444445,15.89,88.7,0.204027210759131,0
2024-05-14T01:30:00Z,8.444444444444445,15.89,88.7,0.204027210759131,0
2024-05-14T02:00:00Z,0.1388888888888889,15.49,91.8,0.1443113028580545,0
2024-05-14T02:30:00Z,0.1388888888888889,15.49,91.8,0.1443113028580545,0
2024-05-14T03:00:00Z,0,15.33,92.6,0.12890183231939845,0
2024-05-14T03:30:00Z,0,15.33,92.6,0.12890183231939845,0
2024-05-14T04:00:00Z,0,15.25,92.7,0.1265081632703231,0
2024-05-14T04:30:00Z,0,15.25,92.7,0.1265081632703231,0
2024-05-14T05:00:00Z,0,15.24,92.4,0.1316225265613522,0
2024-05-14T05:30:00Z,0,15.24,92.4,0.1316225265613522,0
2024-05-14T06:00:00Z,0,15.16,80.9,0.3290915460976933,0
2024-05-14T06:30:00Z,0,15.16,80.9,0.3290915460976933,0
2024-05-14T07:00:00Z,0,13.82,79.17,0.32911963819871715,0
2024-05-14T07:30:00Z,0,13.82,79.17,0.32911963819871715,0
2024-05-14T08:00:00Z,0,12.83,86.2,0.20440508688269943,0
2024-05-14T08:30:00Z,0,12.83,86.2,0.20440508688269943,0
2024-05-14T09:00:00Z,0,12.46,88.1,0.17203564415780304,0
2024-05-14T09:30:00Z,0,12.46,88.1,0.17203564415780304,0
2024-05-14T10:00:00Z,0,12.51,87.8,0.17695286959458834,0
2024-05-14T10:30:00Z,0,12.51,87.8,0.17695286959458834,0
2024-05-14T11:00:00Z,1.638888888888889,12.75,84.5,0.22838511216808333,0
2024-05-14T11:30:00Z,1.638888888888889,12.75,84.5,0.22838511216808333,0
2024-05-14T12:00:00Z,19.72222222222222,12.58,87.6,0.18068218302017125,0
2024-05-14T12:30:00Z,19.72222222222222,12.58,87.6,0.18068218302017125,0
2024-05-14T13:00:00Z,24.444444444444446,12.27,89.8,0.14562853686255628,0
2024-05-14T13:30:00Z,24.444444444444446,12.27,89.8,0.14562853686255628,0
2024-05-14T14:00:00Z,46.55555555555556,11.99,92,0.11213114379979716,0
2024-05-14T14:30:00Z,46.55555555555556,11.99,92,0.11213114379979716,0
2024-05-14T15:00:00Z,52.5,12.07,90.2,0.1380869896376964,0
2024-05-14T15:30:00Z,52.5,12.07,90.2,0.1380869896376964,0
2024-05-14T16:00:00Z,74.41666666666666,12.26,88,0.17121499471077106,0
2024-05-14T16:30:00Z,74.41666666666666,12.26,88,0.17121499471077106,0
2024-05-14T17:00:00Z,100.58333333333334,12.73,86.1,0.20454154595369656,0
2024-05-14T17:30:00Z,100.58333333333334,12.73,86.1,0.20454154595369656,0
2024-05-14T18:00:00Z,149.11111111111111,13.12,87,0.19624389832160882,0
2024-05-14T18:30:00Z,149.11111111111111,13.12,87,0.19624389832160882,0
2024-05-14T19:00:00Z,234.91666666666669,13.8,86.8,0.20829264843050965,0
2024-05-14T19:30:00Z,234.91666666666669,13.8,86.8,0.20829264843050965,0
2024-05-14T20:00:00Z,279.30555555555554,14.09,85.9,0.22672312353189383,0
2024-05-14T20:30:00Z,279.30555555555554,14.09,85.9,0.22672312353189383,0
2024-05-14T21:00:00Z,305.47222222222223,14.95,81.7,0.31107518627538666,0
2024-05-14T21:30:00Z,305.47222222222223,14.95,81.7,0.31107518627538666,0
2024-05-14T22:00:00Z,259.8888888888889,15.49,73.29,0.4700676706510527,0
2024-05-14T22:30:00Z,259.8888888888889,15.49,73.29,0.4700676706510527,0
2024-05-14T23:00:00Z,193.97222222222223,15.78,64.53,0.6359390228328774,0
2024-05-14T23:30:00Z,193.97222222222223,15.78,64.53,0.6359390228328774,0
2024-05-15T00:00:00Z,60.583333333333336,15.53,64.26,0.6306014173329224,0
2024-05-15T00:30:00Z,60.583333333333336,15.53,64.26,0.6306014173329224,0
2024-05-15T01:00:00Z,18.5,15.08,64.58,0.6071517174090661,0
2024-05-15T01:30:00Z,18.5,15.08,64.58,0.6071517174090661,0
2024-05-15T02:00:00Z,0.5,14.04,70.66,0.47024954561540966,0
2024-05-15T02:30:00Z,0.5,14.04,70.66,0.47024954561540966,0
2024-05-15T03:00:00Z,0,13.23,66.92,0.5029663293383917,0
2024-05-15T03:30:00Z,0,13.23,66.92,0.5029663293383917,0
2024-05-15T04:00:00Z,0,12.56,67.04,0.4796348310532328,0
2024-05-15T04:30:00Z,0,12.56,67.04,0.4796348310532328,0
2024-05-15T05:00:00Z,0,12.1,67.2,0.46308323545469865,0
2024-05-15T05:30:00Z,0,12.1,67.2,0.46308323545469865,0
2024-05-15T06:00:00Z,0,11.61,69.22,0.42073173878797376,0
2024-05-15T06:30:00Z,0,11.61,69.22,0.42073173878797376,0
2024-05-15T07:00:00Z,0.02777777777777778,11.23,70.25,0.39654337028755116,0
2024-05-15T07:30:00Z,0.02777777777777778,11.23,70.25,0.39654337028755116,0
2024-05-15T08:00:00Z,0,10.94,71.45,0.37328776878226966,0
2024-05-15T08:30:00Z,0,10.94,71.45,0.37328776878226966,0
2024-05-15T09:00:00Z,0,11.14,69.7,0.4014690530114787,0
2024-05-15T09:30:00Z,0,11.14,69.7,0.4014690530114787,0
2024-05-15T10:00:00Z,0.02777777777777778,10.99,68.05,0.41913345855921735,0
2024-05-15T10:30:00Z,0.02777777777777778,10.99,68.05,0.41913345855921735,0
2024-05-15T11:00:00Z,6.333333333333334,10.73,67.57,0.4181327555733708,0
2024-05-15T11:30:00Z,6.333333333333334,10.73,67.57,0.4181327555733708,0
2024-05-15T12:00:00Z,38.94444444444444,10.31,69.95,0.3767385109873691,0
2024-05-15T12:30:00Z,38.94444444444444,10.31,69.95,0.3767385109873691,0
2024-05-15T13:00:00Z,246.83333333333334,11.99,64.44,0.49842293419009887,0
2024-05-15T13:30:00Z,246.83333333333334,11.99,64.44,0.49842293419009887,0
2024-05-15T14:00:00Z,458.3888888888889,14.49,57.17,0.7067601726221866,0
2024-05-15T14:30:00Z,458.3888888888889,14.49,57.17,0.7067601726221866,0
2024-05-15T15:00:00Z,612.4444444444446,16.6,50.22,0.9404199291399526,0
2024-05-15T15:30:00Z,612.4444444444446,16.6,50.22,0.9404199291399526,0
2024-05-15T16:00:00Z,734.0555555555555,18.52,47.56,1.1182549789541056,0
2024-05-15T16:30:00Z,734.0555555555555,18.52,47.56,1.1182549789541056,0
2024-05-15T17:00:00Z,819.4166666666667,19.9,43.72,1.307860395878567,0
2024-05-15T17:30:00Z,819.4166666666667,19.9,43.72,1.307860395878567,0
2024-05-15T18:00:00Z,798.7777777777778,20.66,40.85,1.4406204672859975,0
2024-05-15T18:30:00Z,798.7777777777778,20.66,40.85,1.4406204672859975,0
2024-05-15T19:00:00Z,894.1388888888889,21.61,40.1,1.546456662196957,0
2024-05-15T19:30:00Z,894.1388888888889,21.61,40.1,1.546456662196957,0
2024-05-15T20:00:00Z,765.4722222222222,22.25,37.63,1.674315328240895,0
2024-05-15T20:30:00Z,765.4722222222222,22.25,37.63,1.674315328240895,0
2024-05-15T21:00:00Z,643.6944444444446,22.65,36.5,1.7465738794912418,0
2024-05-15T21:30:00Z,643.6944444444446,22.65,36.5,1.7465738794912418,0
2024-05-15T22:00:00Z,517.1388888888889,23.12,34.75,1.8465055210234032,0
2024-05-15T22:30:00Z,517.1388888888889,23.12,34.75,1.8465055210234032,0
2024-05-15T23:00:00Z,348.05555555555554,23.23,33.52,1.893854881824268,0
2024-05-15T23:30:00Z,348.05555555555554,23.23,33.52,1.893854881824268,0
2024-05-16T00:00:00Z,177.44444444444443,22.82,35.74,1.785782709610085,0
2024-05-16T00:30:00Z,177.44444444444443,22.82,35.74,1.785782709610085,0
2024-05-16T01:00:00Z,39.80555555555556,18.6,50.48,1.0612893232451917,0
2024-05-16T01:30:00Z,39.80555555555556,18.6,50.48,1.0612893232451917,0
2024-05-16T02:00:00Z,0.5555555555555556,15.07,61.26,0.663634341666544,0
2024-05-16T02:30:00Z,0.5555555555555556,15.07,61.26,0.663634341666544,0
2024-05-16T03:00:00Z,0.02777777777777778,12.11,72.41,0.38978313668124387,0
2024-05-16T03:30:00Z,0.02777777777777778,12.11,72.41,0.38978313668124387,0
2024-05-16T04:00:00Z,0.02777777777777778,12.21,67.55,0.46147278066373787,0
2024-05-16T04:30:00Z,0.02777777777777778,12.21,67.55,0.46147278066373787,0
2024-05-16T05:00:00Z,0,11.96,63.76,0.5069500466175708,0
2024-05-16T05:30:00Z,0,11.96,63.76,0.5069500466175708,0
2024-05-16T06:00:00Z,0.02777777777777778,10.62,66.54,0.4282618000126983,0
2024-05-16T06:30:00Z,0.02777777777777778,10.62,66.54,0.4282618000126983,0
2024-05-16T07:00:00Z,0.02777777777777778,9.42,71.32,0.33872349673561086,0
2024-05-16T07:30:00Z,0.02777777777777778,9.42,71.32,0.33872349673561086,0
2024-05-16T08:00:00Z,0,9.01,72.97,0.3105304485006771,0
2024-05-16T08:30:00Z,0,9.01,72.97,0.3105304485006771,0
2024-05-16T09:00:00Z,0,9.54,70.4,0.35242352266482335,0
2024-05-16T09:30:00Z,0,9.54,70.4,0.35242352266482335,0
2024-05-16T10:00:00Z,0.05555555555555556,7.6,82.6,0.18163710973772884,0
2024-05-16T10:30:00Z,0.05555555555555556,7.6,82.6,0.18163710973772884,0
2024-05-16T11:00:00Z,15.666666666666668,6.06,92.4,0.07136406696213382,0
2024-05-16T11:30:00Z,15.666666666666668,6.06,92.4,0.07136406696213382,0
2024-05-16T12:00:00Z,76.86111111111111,9.27,81.8,0.2127889222818643,0
2024-05-16T12:30:00Z,76.86111111111111,9.27,81.8,0.2127889222818643,0
2024-05-16T13:00:00Z,189.63888888888891,12.23,68.2,0.4528248398865584,0
2024-05-16T13:30:00Z,189.63888888888891,12.23,68.2,0.4528248398865584,0
2024-05-16T14:00:00Z,414.9722222222223,15.32,60.4,0.6893561813867954,0
2024-05-16T14:30:00Z,414.9722222222223,15.32,60.4,0.6893561813867954,0
2024-05-16T15:00:00Z,586.8888888888889,18.01,54.78,0.9339229280528023,0
2024-05-16T15:30:00Z,586.8888888888889,18.01,54.78,0.9339229280528023,0
2024-05-16T16:00:00Z,673.0000000000001,19.75,48.19,1.1928416431892974,0
2024-05-16T16:30:00Z,673.0000000000001,19.75,48.19,1.1928416431892974,0
2024-05-16T17:00:00Z,605.2222222222223,20.91,49.53,1.2482694126483334,0
2024-05-16T17:30:00Z,605.2222222222223,20.91,49.53,1.2482694126483334,0
2024-05-16T18:00:00Z,490.61111111111114,21.53,50.54,1.2706920923387583,0
2024-05-16T18:30:00Z,490.61111111111114,21.53,50.54,1.2706920923387583,0
2024-05-16T19:00:00Z,584.9444444444446,22.55,51,1.3395978119997691,0
2024-05-16T19:30:00Z,584.9444444444446,22.55,51,1.3395978119997691,0
2024-05-16T20:00:00Z,496.8055555555556,22.67,54.16,1.262363935020098,0
2024-05-16T20:30:00Z,496.8055555555556,22.67,54.16,1.262363935020098,0
2024-05-16T21:00:00Z,360.6666666666667,22.63,56.86,1.1851315540012735,0
2024-05-16T21:30:00Z,360.6666666666667,22.63,56.86,1.1851315540012735,0
2024-05-16T22:00:00Z,286.11111111111114,22.37,59.12,1.105455659760856,0
2024-05-16T22:30:00Z,286.11111111111114,22.37,59.12,1.105455659760856,0
2024-05-16T23:00:00Z,267.1388888888889,22.18,60.16,1.0649542279657944,0
2024-05-16T23:30:00Z,267.1388888888889,22.18,60.16,1.0649542279657944,0
2024-05-17T00:00:00Z,166.63888888888889,21.63,60.34,1.0251669938941834,0
2024-05-17T00:30:00Z,166.63888888888889,21.63,60.34,1.0251669938941834,0
2024-05-17T01:00:00Z,23.5,19.84,68.27,0.7346199148856469,0
2024-05-17T01:30:00Z,23.5,19.84,68.27,0.7346199148856469,0
2024-05-17T02:00:00Z,0.7222222222222223,18.76,74.04,0.5619578903514109,0
2024-05-17T02:30:00Z,0.7222222222222223,18.76,74.04,0.5619578903514109,0
2024-05-17T03:00:00Z,0,17.6,80,0.40252930852546753,0
2024-05-17T03:30:00Z,0,17.6,80,0.40252930852546753,0
2024-05-17T04:00:00Z,0,15.02,90.5,0.16221661342536886,0
2024-05-17T04:30:00Z,0,15.02,90.5,0.16221661342536886,0
2024-05-17T05:00:00Z,0,13.82,96.1,0.06162105563970233,0
2024-05-17T05:30:00Z,0,13.82,96.1,0.06162105563970233,0
2024-05-17T06:00:00Z,0,14.55,94.7,0.08779784887468756,0
2024-05-17T06:30:00Z,0,14.55,94.7,0.08779784887468756,0
2024-05-17T07:00:00Z,0,14.9,94.7,0.08980309600390513,0
2024-05-17T07:30:00Z,0,14.9,94.7,0.08980309600390513,0
2024-05-17T08:00:00Z,0.05555555555555556,15.39,95.7,0.07519148463846137,0.76
2024-05-17T08:30:00Z,0.05555555555555556,15.39,95.7,0.07519148463846137,0.76
2024-05-17T09:00:00Z,0.3055555555555556,15.58,97.5,0.04425193659542637,0
2024-05-17T09:30:00Z,0.3055555555555556,15.58,97.5,0.04425193659542637,0
2024-05-17T10:00:00Z,0.5,15.47,97.8,0.03866803421568221,0.125
2024-05-17T10:30:00Z,0.5,15.47,97.8,0.03866803421568221,0.125
2024-05-17T11:00:00Z,6.444444444444445,15.68,98.2,0.03206615475297969,0
2024-05-17T11:30:00Z,6.444444444444445,15.68,98.2,0.03206615475297969,0
2024-05-17T12:00:00Z,34.888888888888886,16.16,98.2,0.03306514531525262,0
2024-05-17T12:30:00Z,34.888888888888886,16.16,98.2,0.03306514531525262,0
2024-05-17T13:00:00Z,108.58333333333333,16.84,97,0.05754506211507904,0
2024-05-17T13:30:00Z,108.58333333333333,16.84,97,0.05754506211507904,0
2024-05-17T14:00:00Z,148.63888888888891,17.75,92.2,0.1584778612612152,0
2024-05-17T14:30:00Z,148.63888888888891,17.75,92.2,0.1584778612612152,0
2024-05-17T15:00:00Z,183.63888888888891,18.27,88.9,0.23302122430800054,0
2024-05-17T15:30:00Z,183.63888888888891,18.27,88.9,0.23302122430800054,0
2024-05-17T16:00:00Z,233.58333333333334,19.01,85.1,0.32761592270960715,0
2024-05-17T16:30:00Z,233.58333333333334,19.01,85.1,0.32761592270960715,0
2024-05-17T17:00:00Z,320.3611111111111,19.76,82.6,0.40085545830501057,0
2024-05-17T17:30:00Z,320.3611111111111,19.76,82.6,0.40085545830501057,0
2024-05-17T18:00:00Z,731.8333333333334,21.25,75.61,0.6159580767380417,0
2024-05-17T18:30:00Z,731.8333333333334,21.25,75.61,0.6159580767380417,0
2024-05-17T19:00:00Z,902.3611111111112,22.76,68.61,0.8691617096718081,0
2024-05-17T19:30:00Z,902.3611111111112,22.76,68.61,0.8691617096718081,0
2024-05-17T20:00:00Z,793.4444444444445,23.76,61.89,1.1208922346127852,0
2024-05-17T20:30:00Z,793.4444444444445,23.76,61.89,1.1208922346127852,0
2024-05-17T21:00:00Z,526.0555555555555,24.58,57.34,1.3179325723057598,0
2024-05-17T21:30:00Z,526.0555555555555,24.58,57.34,1.3179325723057598,0
2024-05-17T22:00:00Z,543.6388888888889,24.93,55.51,1.403478615025095,0
2024-05-17T22:30:00Z,543.6388888888889,24.93,55.51,1.403478615025095,0
2024-05-17T23:00:00Z,364.77777777777783,24.53,47.98,1.6023037305917014,0
2024-05-17T23:30:00Z,364.77777777777783,24.53,47.98,1.6023037305917014,0
2024-05-18T00:00:00Z,196.77777777777777,23.73,48.26,1.5190350308505263,0
2024-05-18T00:30:00Z,196.77777777777777,23.73,48.26,1.5190350308505263,0
2024-05-18T01:00:00Z,46.02777777777778,20.93,60.85,0.9694840022578555,0
2024-05-18T01:30:00Z,46.02777777777778,20.93,60.85,0.9694840022578555,0
2024-05-18T02:00:00Z,1,14.8,89.4,0.17845222197150745,0
2024-05-18T02:30:00Z,1,14.8,89.4,0.17845222197150745,0
2024-05-18T03:00:00Z,0,13.74,94.6,0.0848788882550009,0
2024-05-18T03:30:00Z,0,13.74,94.6,0.0848788882550009,0
2024-05-18T04:00:00Z,0.02777777777777778,12.47,97.1,0.04195220388483456,0
2024-05-18T04:30:00Z,0.02777777777777778,12.47,97.1,0.04195220388483456,0
2024-05-18T05:00:00Z,0.02777777777777778,11.53,98.1,0.02583398272411319,0
2024-05-18T05:30:00Z,0.02777777777777778,11.53,98.1,0.02583398272411319,0
2024-05-18T06:00:00Z,0.05555555555555556,10.65,98.4,0.02051974617529173,0
2024-05-18T06:30:00Z,0.05555555555555556,10.65,98.4,0.02051974617529173,0
2024-05-18T07:00:00Z,0.05555555555555556,10.1,98.8,0.014834586269182104,0
2024-05-18T07:30:00Z,0.05555555555555556,10.1,98.8,0.014834586269182104,0
2024-05-18T08:00:00Z,0.05555555555555556,9.39,99,0.01178660946609833,0
2024-05-18T08:30:00Z,0.05555555555555556,9.39,99,0.01178660946609833,0
2024-05-18T09:00:00Z,0.05555555555555556,7.79,99,0.010575217115427415,0
2024-05-18T09:30:00Z,0.05555555555555556,7.79,99,0.010575217115427415,0
2024-05-18T10:00:00Z,0.22222222222222224,7.9,99.2,0.008523874639259743,0
2024-05-18T10:30:00Z,0.22222222222222224,7.9,99.2,0.008523874639259743,0
2024-05-18T11:00:00Z,12.972222222222223,8.11,99.2,0.008646658997176981,0
2024-05-18T11:30:00Z,12.972222222222223,8.11,99.2,0.008646658997176981,0
2024-05-18T12:00:00Z,38.88888888888889,10.44,99.4,0.007587848173258527,0
2024-05-18T12:30:00Z,38.88888888888889,10.44,99.4,0.007587848173258527,0
2024-05-18T13:00:00Z,254.61111111111114,13.84,99,0.015820818681220983,0
2024-05-18T13:30:00Z,254.61111111111114,13.84,99,0.015820818681220983,0
2024-05-18T14:00:00Z,453.4444444444445,18.61,83.3,0.35813058316293467,0
2024-05-18T14:30:00Z,453.4444444444445,18.61,83.3,0.35813058316293467,0
2024-05-18T15:00:00Z,613.0277777777778,21.78,63.95,0.9404308465910662,0
2024-05-18T15:30:00Z,613.0277777777778,21.78,63.95,0.9404308465910662,0
2024-05-18T16:00:00Z,732.9166666666667,24.05,54.96,1.347995071098274,0
2024-05-18T16:30:00Z,732.9166666666667,24.05,54.96,1.347995071098274,0
2024-05-18T17:00:00Z,802.0277777777778,25.64,55.59,1.461339976547704,0
2024-05-18T17:30:00Z,802.0277777777778,25.64,55.59,1.461339976547704,0
2024-05-18T18:00:00Z,752.0833333333334,26.61,50.83,1.7133644042529386,0
2024-05-18T18:30:00Z,752.0833333333334,26.61,50.83,1.7133644042529386,0
2024-05-18T19:00:00Z,749.6666666666667,27.15,45.92,1.945168901995098,0
2024-05-18T19:30:00Z,749.6666666666667,27.15,45.92,1.945168901995098,0
2024-05-18T20:00:00Z,763.7222222222223,27.68,42.38,2.1377425072755947,0
2024-05-18T20:30:00Z,763.7222222222223,27.68,42.38,2.1377425072755947,0
2024-05-18T21:00:00Z,665.7222222222222,27.74,41.19,2.1895449722241995,0
2024-05-18T21:30:00Z,665.7222222222222,27.74,41.19,2.1895449722241995,0
2024-05-18T22:00:00Z,523.7222222222223,27.73,41.48,2.177477271027903,0
2024-05-18T22:30:00Z,523.7222222222223,27.73,41.48,2.177477271027903,0
2024-05-18T23:00:00Z,361.3055555555556,27.05,39.24,2.172663360062248,0
2024-05-18T23:30:00Z,361.3055555555556,27.05,39.24,2.172663360062248,0
2024-05-19T00:00:00Z,192.13888888888891,26.14,39.78,2.0410722115519873,0
2024-05-19T00:30:00Z,192.13888888888891,26.14,39.78,2.0410722115519873,0
2024-05-19T01:00:00Z,43.55555555555556,23.74,48.45,1.51436734733856,0
2024-05-19T01:30:00Z,43.55555555555556,23.74,48.45,1.51436734733856,0
2024-05-19T02:00:00Z,0.6388888888888888,18.38,70.49,0.6237891823071335,0
2024-05-19T02:30:00Z,0.6388888888888888,18.38,70.49,0.6237891823071335,0
2024-05-19T03:00:00Z,0,17.81,73.08,0.5490226948618198,0
2024-05-19T03:30:00Z,0,17.81,73.08,0.5490226948618198,0
2024-05-19T04:00:00Z,0,16.83,78.68,0.4086941584168444,0
2024-05-19T04:30:00Z,0,16.83,78.68,0.4086941584168444,0
2024-05-19T05:00:00Z,0,18.75,71.02,0.626940036996096,0
2024-05-19T05:30:00Z,0,18.75,71.02,0.626940036996096,0
2024-05-19T06:00:00Z,0,20.09,67.22,0.7707693199055841,0
2024-05-19T06:30:00Z,0,20.09,67.22,0.7707693199055841,0
2024-05-19T07:00:00Z,0,19.96,69.42,0.7132777923964366,0
2024-05-19T07:30:00Z,0,19.96,69.42,0.7132777923964366,0
2024-05-19T08:00:00Z,0,19.63,72.89,0.6195335682552956,0
2024-05-19T08:30:00Z,0,19.63,72.89,0.6195335682552956,0
2024-05-19T09:00:00Z,0,19.74,74.57,0.5851216746524335,0
2024-05-19T09:30:00Z,0,19.74,74.57,0.5851216746524335,0
2024-05-19T10:00:00Z,0.05555555555555556,19.64,75.87,0.5517752955360431,0
2024-05-19T10:30:00Z,0.05555555555555556,19.64,75.87,0.5517752955360431,0
2024-05-19T11:00:00Z,13.86111111111111,18.44,80.8,0.4073831142024591,0
2024-05-19T11:30:00Z,13.86111111111111,18.44,80.8,0.4073831142024591,0
2024-05-19T12:00:00Z,56.22222222222223,18.66,79.49,0.4412138924353157,0
2024-05-19T12:30:00Z,56.22222222222223,18.66,79.49,0.4412138924353157,0
2024-05-19T13:00:00Z,249.36111111111114,19.7,74.61,0.5827534054136003,0
2024-05-19T13:30:00Z,249.36111111111114,19.7,74.61,0.5827534054136003,0
2024-05-19T14:00:00Z,341.86111111111114,20.81,69.54,0.7487457994461875,0
2024-05-19T14:30:00Z,341.86111111111114,20.81,69.54,0.7487457994461875,0
2024-05-19T15:00:00Z,588.9166666666666,21.75,64.51,0.9241277817475286,0
2024-05-19T15:30:00Z,588.9166666666666,21.75,64.51,0.9241277817475286,0
2024-05-19T16:00:00Z,740.6111111111111,23.31,60.94,1.118111228001828,0
2024-05-19T16:30:00Z,740.6111111111111,23.31,60.94,1.118111228001828,0
2024-05-19T17:00:00Z,826.0555555555557,24.69,57.09,1.3343948866859265,0
2024-05-19T17:30:00Z,826.0555555555557,24.69,57.09,1.3343948866859265,0
2024-05-19T18:00:00Z,865.7777777777778,25.88,50.11,1.665162833512959,0
2024-05-19T18:30:00Z,865.7777777777778,25.88,50.11,1.665162833512959,0
2024-05-19T19:00:00Z,845.3333333333334,26.95,41.67,2.073570306762665,0
2024-05-19T19:30:00Z,845.3333333333334,26.95,41.67,2.073570306762665,0
2024-05-19T20:00:00Z,785.0277777777778,27.72,34.94,2.419412807883748,0
2024-05-19T20:30:00Z,785.0277777777778,27.72,34.94,2.419412807883748,0
2024-05-19T21:00:00Z,654.9166666666666,28.34,29.8,2.7064969245177197,0
2024-05-19T21:30:00Z,654.9166666666666,28.34,29.8,2.7064969245177197,0
2024-05-19T22:00:00Z,545.5,28.07,27.34,2.7577114747650158,0
2024-05-19T22:30:00Z,545.5,28.07,27.34,2.7577114747650158,0
2024-05-19T23:00:00Z,362.36111111111114,26.66,28.59,2.4956635381458674,0
2024-05-19T23:30:00Z,362.36111111111114,26.66,28.59,2.4956635381458674,0
2024-05-20T00:00:00Z,186.25,23.67,27.93,2.1082798267578706,0
2024-05-20T00:30:00Z,186.25,23.67,27.93,2.1082798267578706,0
2024-05-20T01:00:00Z,47.333333333333336,19.28,39.14,1.3608738238642721,0
2024-05-20T01:30:00Z,47.333333333333336,19.28,39.14,1.3608738238642721,0
2024-05-20T02:00:00Z,0.7500000000000001,13.74,61.27,0.6087702485400339,0
2024-05-20T02:30:00Z,0.7500000000000001,13.74,61.27,0.6087702485400339,0
2024-05-20T03:00:00Z,0.02777777777777778,11.78,69.07,0.4275597653893525,0
2024-05-20T03:30:00Z,0.02777777777777778,11.78,69.07,0.4275597653893525,0
2024-05-20T04:00:00Z,0.02777777777777778,10.34,77.21,0.2862929425027211,0
2024-05-20T04:30:00Z,0.02777777777777778,10.34,77.21,0.2862929425027211,0
2024-05-20T05:00:00Z,0.02777777777777778,9.01,86.8,0.1516463899448368,0
2024-05-20T05:30:00Z,0.02777777777777778,9.01,86.8,0.1516463899448368,0
2024-05-20T06:00:00Z,0.02777777777777778,9.05,88.8,0.12901774365303598,0
2024-05-20T06:30:00Z,0.02777777777777778,9.05,88.8,0.12901774365303598,0
2024-05-20T07:00:00Z,0,13.33,76.98,0.3523005039849907,0
2024-05-20T07:30:00Z,0,13.33,76.98,0.3523005039849907,0
2024-05-20T08:00:00Z,0,13.65,80.8,0.3000298744887242,0
2024-05-20T08:30:00Z,0,13.65,80.8,0.3000298744887242,0
2024-05-20T09:00:00Z,0,13.77,81.7,0.2882067564007733,0
2024-05-20T09:30:00Z,0,13.77,81.7,0.2882067564007733,0
2024-05-20T10:00:00Z,0.05555555555555556,13.14,82.6,0.26300841520712526,0
2024-05-20T10:30:00Z,0.05555555555555556,13.14,82.6,0.26300841520712526,0
2024-05-20T11:00:00Z,12.75,13.77,78.89,0.33246145506121993,0
2024-05-20T11:30:00Z,12.75,13.77,78.89,0.33246145506121993,0
2024-05-20T12:00:00Z,56.88888888888889,14.67,76.05,0.39983346605271675,0
2024-05-20T12:30:00Z,56.88888888888889,14.67,76.05,0.39983346605271675,0
2024-05-20T13:00:00Z,296.05555555555554,17.48,70.81,0.5830595797781282,0
2024-05-20T13:30:00Z,296.05555555555554,17.48,70.81,0.5830595797781282,0
2024-05-20T14:00:00Z,325.9166666666667,20.02,65.53,0.8070039748987206,0
2024-05-20T14:30:00Z,325.9166666666667,20.02,65.53,0.8070039748987206,0
2024-05-20T15:00:00Z,256.6388888888889,19.51,68.72,0.7095208669451409,0
2024-05-20T15:30:00Z,256.6388888888889,19.51,68.72,0.7095208669451409,0
2024-05-20T16:00:00Z,37.388888888888886,14.87,84,0.27058009943569683,6.605
2024-05-20T16:30:00Z,37.388888888888886,14.87,84,0.27058009943569683,6.605
2024-05-20T17:00:00Z,542.3611111111111,15.32,82.1,0.31160292037433446,0
2024-05-20T17:30:00Z,542.3611111111111,15.32,82.1,0.31160292037433446,0
2024-05-20T18:00:00Z,712.4444444444446,19.65,74.12,0.5921596159588436,0
2024-05-20T18:30:00Z,712.4444444444446,19.65,74.12,0.5921596159588436,0
2024-05-20T19:00:00Z,774.0277777777778,23.13,65.63,0.9732223052807074,0
2024-05-20T19:30:00Z,774.0277777777778,23.13,65.63,0.9732223052807074,0
2024-05-20T20:00:00Z,608.0277777777778,24.99,63.19,1.1653645913825188,0
2024-05-20T20:30:00Z,608.0277777777778,24.99,63.19,1.1653645913825188,0
2024-05-20T21:00:00Z,376.6666666666667,25.35,66.31,1.0896769317885582,0
2024-05-20T21:30:00Z,376.6666666666667,25.35,66.31,1.0896769317885582,0
2024-05-20T22:00:00Z,214.25,25.37,64.75,1.141489255561214,0
2024-05-20T22:30:00Z,214.25,25.37,64.75,1.141489255561214,0
2024-05-20T23:00:00Z,28.77777777777778,21.28,84,0.4048162952325427,3.43
2024-05-20T23:30:00Z,28.77777777777778,21.28,84,0.4048162952325427,3.43
2024-05-21T00:00:00Z,51.88888888888889,18.39,96.4,0.07614534833654396,0.635
2024-05-21T00:30:00Z,51.88888888888889,18.39,96.4,0.07614534833654396,0.635
2024-05-21T01:00:00Z,19.88888888888889,18.16,96.1,0.08130895869609622,0.125
2024-05-21T01:30:00Z,19.88888888888889,18.16,96.1,0.08130895869609622,0.125
2024-05-21T02:00:00Z,0.5555555555555556,18.01,96.2,0.07848091832376469,0
2024-05-21T02:30:00Z,0.5555555555555556,18.01,96.2,0.07848091832376469,0
2024-05-21T03:00:00Z,0.22222222222222224,18.01,96.2,0.07848091832376469,0
2024-05-21T03:30:00Z,0.22222222222222224,18.01,96.2,0.07848091832376469,0
2024-05-21T04:00:00Z,0.16666666666666666,16.78,95.5,0.08598952016042016,0
2024-05-21T04:30:00Z,0.16666666666666666,16.78,95.5,0.08598952016042016,0
2024-05-21T05:00:00Z,0.19444444444444445,15.35,96.5,0.06104542403972779,0
2024-05-21T05:30:00Z,0.19444444444444445,15.35,96.5,0.06104542403972779,0
2024-05-21T06:00:00Z,0.22222222222222224,14.94,97.8,0.03737293772951511,0
2024-05-21T06:30:00Z,0.22222222222222224,14.94,97.8,0.03737293772951511,0
2024-05-21T07:00:00Z,0.3055555555555556,14.61,98.5,0.02494494063825048,0
2024-05-21T07:30:00Z,0.3055555555555556,14.61,98.5,0.02494494063825048,0
2024-05-21T08:00:00Z,0.3333333333333333,14.56,98.8,0.019891605731340523,0
2024-05-21T08:30:00Z,0.3333333333333333,14.56,98.8,0.019891605731340523,0
2024-05-21T09:00:00Z,0.2777777777777778,14.18,98.9,0.017791114244894324,0
2024-05-21T09:30:00Z,0.2777777777777778,14.18,98.9,0.017791114244894324,0
2024-05-21T10:00:00Z,0.3888888888888889,14.14,99.1,0.014518678260696527,0
2024-05-21T10:30:00Z,0.3888888888888889,14.14,99.1,0.014518678260696527,0
2024-05-21T11:00:00Z,6.611111111111112,14.2,99.2,0.012955770963402946,0
2024-05-21T11:30:00Z,6.611111111111112,14.2,99.2,0.012955770963402946,0
2024-05-21T12:00:00Z,45.30555555555556,14.38,99.2,0.01310764105144635,0
2024-05-21T12:30:00Z,45.30555555555556,14.38,99.2,0.01310764105144635,0
2024-05-21T13:00:00Z,92.19444444444444,14.84,99.1,0.015190728738699644,0
2024-05-21T13:30:00Z,92.19444444444444,14.84,99.1,0.015190728738699644,0
2024-05-21T14:00:00Z,149.55555555555554,15.3,99.1,0.015647075059151527,0
2024-05-21T14:30:00Z,149.55555555555554,15.3,99.1,0.015647075059151527,0
2024-05-21T15:00:00Z,248.41666666666666,16.07,98.7,0.023743621596979292,0
2024-05-21T15:30:00Z,248.41666666666666,16.07,98.7,0.023743621596979292,0
2024-05-21T16:00:00Z,287.5555555555556,17.49,94.5,0.10992986738349875,0
2024-05-21T16:30:00Z,287.5555555555556,17.49,94.5,0.10992986738349875,0
2024-05-21T17:00:00Z,631.1666666666666,20.13,86.2,0.32528871736063847,0
2024-05-21T17:30:00Z,631.1666666666666,20.13,86.2,0.32528871736063847,0
2024-05-21T18:00:00Z,780.4722222222222,22.91,77.44,0.6303671265980388,0
2024-05-21T18:30:00Z,780.4722222222222,22.91,77.44,0.6303671265980388,0
2024-05-21T19:00:00Z,777.9444444444445,25.1,71.67,0.9027909094326829,0
2024-05-21T19:30:00Z,777.9444444444445,25.1,71.67,0.9027909094326829,0
2024-05-21T20:00:00Z,688.0555555555555,26.51,68.05,1.106786882266512,0
2024-05-21T20:30:00Z,688.0555555555555,26.51,68.05,1.106786882266512,0
2024-05-21T21:00:00Z,599.6944444444445,27.86,63.2,1.3797155136896602,0
2024-05-21T21:30:00Z,599.6944444444445,27.86,63.2,1.3797155136896602,0
2024-05-21T22:00:00Z,433.47222222222223,28.19,61.34,1.477565591106973,0
2024-05-21T22:30:00Z,433.47222222222223,28.19,61.34,1.477565591106973,0
2024-05-21T23:00:00Z,291.97222222222223,27.94,57.27,1.6095301622736113,0
2024-05-21T23:30:00Z,291.97222222222223,27.94,57.27,1.6095301622736113,0
2024-05-22T00:00:00Z,227.05555555555557,27.85,54.29,1.7127729759168866,0
2024-05-22T00:30:00Z,227.05555555555557,27.85,54.29,1.7127729759168866,0
2024-05-22T01:00:00Z,47.361111111111114,26.17,60.45,1.3428681817106716,0
2024-05-22T01:30:00Z,47.361111111111114,26.17,60.45,1.3428681817106716,0
2024-05-22T02:00:00Z,0.7222222222222223,24.04,66.63,0.9981264079134924,0
2024-05-22T02:30:00Z,0.7222222222222223,24.04,66.63,0.9981264079134924,0
2024-05-22T03:00:00Z,0,23.39,68.98,0.8922578114984943,0
2024-05-22T03:30:00Z,0,23.39,68.98,0.8922578114984943,0
2024-05-22T04:00:00Z,0,24.51,63.32,1.12845578268496,0
2024-05-22T04:30:00Z,0,24.51,63.32,1.12845578268496,0
2024-05-22T05:00:00Z,0,24.75,62.79,1.1612907776462689,0
2024-05-22T05:30:00Z,0,24.75,62.79,1.1612907776462689,0
2024-05-22T06:00:00Z,0,24.9,62.91,1.1679484032302783,0
2024-05-22T06:30:00Z,0,24.9,62.91,1.1679484032302783,0
2024-05-22T07:00:00Z,0,25.05,63.17,1.1701717694422866,0
2024-05-22T07:30:00Z,0,25.05,63.17,1.1701717694422866,0
2024-05-22T08:00:00Z,0,25.16,61.89,1.218793551278635,0
2024-05-22T08:30:00Z,0,25.16,61.89,1.218793551278635,0
2024-05-22T09:00:00Z,0,24.76,59.54,1.2634741425904357,0
2024-05-22T09:30:00Z,0,24.76,59.54,1.2634741425904357,0
2024-05-22T10:00:00Z,0.02777777777777778,23.29,59.91,1.1462112744613162,0
2024-05-22T10:30:00Z,0.02777777777777778,23.29,59.91,1.1462112744613162,0
2024-05-22T11:00:00Z,10.11111111111111,20.14,74.28,0.6066377561163097,0
2024-05-22T11:30:00Z,10.11111111111111,20.14,74.28,0.6066377561163097,0
2024-05-22T12:00:00Z,55.30555555555556,18.94,77.28,0.49738203162728456,0
2024-05-22T12:30:00Z,55.30555555555556,18.94,77.28,0.49738203162728456,0
2024-05-22T13:00:00Z,208.08333333333334,18.91,74.09,0.5661556873314848,0
2024-05-22T13:30:00Z,208.08333333333334,18.91,74.09,0.5661556873314848,0
2024-05-22T14:00:00Z,205.36111111111111,18.22,74.81,0.527154525355473,0
2024-05-22T14:30:00Z,205.36111111111111,18.22,74.81,0.527154525355473,0
2024-05-22T15:00:00Z,208.44444444444446,16.81,77.03,0.4397653454227093,0
2024-05-22T15:30:00Z,208.44444444444446,16.81,77.03,0.4397653454227093,0
2024-05-22T16:00:00Z,221.0277777777778,15.96,78.75,0.385399833586596,0
2024-05-22T16:30:00Z,221.0277777777778,15.96,78.75,0.385399833586596,0
2024-05-22T17:00:00Z,262.19444444444446,16.34,76.69,0.43313525538112674,0
2024-05-22T17:30:00Z,262.19444444444446,16.34,76.69,0.43313525538112674,0
2024-05-22T18:00:00Z,194.58333333333334,16,76.56,0.42620639790581305,0
2024-05-22T18:30:00Z,194.58333333333334,16,76.56,0.42620639790581305,0
2024-05-22T19:00:00Z,280.44444444444446,16.56,74.32,0.48390200483868195,0
2024-05-22T19:30:00Z,280.44444444444446,16.56,74.32,0.48390200483868195,0
2024-05-22T20:00:00Z,424.75,17.91,69.31,0.6298625973876253,0
2024-05-22T20:30:00Z,424.75,17.91,69.31,0.6298625973876253,0
2024-05-22T21:00:00Z,483.5,18.36,67.19,0.6926762562166096,0
2024-05-22T21:30:00Z,483.5,18.36,67.19,0.6926762562166096,0
2024-05-22T22:00:00Z,460.27777777777777,19,64.32,0.7840299379623559,0
2024-05-22T22:30:00Z,460.27777777777777,19,64.32,0.7840299379623559,0
2024-05-22T23:00:00Z,354.25,19.37,60.74,0.8828125901126671,0
2024-05-22T23:30:00Z,354.25,19.37,60.74,0.8828125901126671,0
2024-05-23T00:00:00Z,191.88888888888889,19.18,60.29,0.8824319630500814,0
2024-05-23T00:30:00Z,191.88888888888889,19.18,60.29,0.8824319630500814,0
2024-05-23T01:00:00Z,48.63888888888889,17.81,63,0.7546002863999752,0
2024-05-23T01:30:00Z,48.63888888888889,17.81,63,0.7546002863999752,0
2024-05-23T02:00:00Z,1.2777777777777777,15.7,69,0.552958107685539,0
2024-05-23T02:30:00Z,1.2777777777777777,15.7,69,0.552958107685539,0
2024-05-23T03:00:00Z,0.02777777777777778,14.62,71.5,0.47426003909383363,0
2024-05-23T03:30:00Z,0.02777777777777778,14.62,71.5,0.47426003909383363,0
2024-05-23T04:00:00Z,0,13.71,74.53,0.3995650743582342,0
2024-05-23T04:30:00Z,0,13.71,74.53,0.3995650743582342,0
2024-05-23T05:00:00Z,0.02777777777777778,13,76.94,0.34538597017575867,0
2024-05-23T05:30:00Z,0.02777777777777778,13,76.94,0.34538597017575867,0
2024-05-23T06:00:00Z,0.02777777777777778,11.81,83.6,0.22715446998649935,0
2024-05-23T06:30:00Z,0.02777777777777778,11.81,83.6,0.22715446998649935,0
2024-05-23T07:00:00Z,0,11.63,86.4,0.18614443675976244,0
2024-05-23T07:30:00Z,0,11.63,86.4,0.18614443675976244,0
2024-05-23T08:00:00Z,0.02777777777777778,12.14,78.91,0.2985425095057772,0
2024-05-23T08:30:00Z,0.02777777777777778,12.14,78.91,0.2985425095057772,0
2024-05-23T09:00:00Z,0,10.96,84.2,0.2068580053352842,0
2024-05-23T09:30:00Z,0,10.96,84.2,0.2068580053352842,0
2024-05-23T10:00:00Z,0.19444444444444445,9.9,91.1,0.10855847996247037,0
2024-05-23T10:30:00Z,0.19444444444444445,9.9,91.1,0.10855847996247037,0
2024-05-23T11:00:00Z,19.694444444444446,9.62,92.2,0.09336925329907309,0
2024-05-23T11:30:00Z,19.694444444444446,9.62,92.2,0.09336925329907309,0
2024-05-23T12:00:00Z,27.72222222222222,10.57,90.7,0.11863646992041921,0
2024-05-23T12:30:00Z,27.72222222222222,10.57,90.7,0.11863646992041921,0
2024-05-23T13:00:00Z,272.11111111111114,14.46,79.34,0.3402608666954776,0
2024-05-23T13:30:00Z,272.11111111111114,14.46,79.34,0.3402608666954776,0
2024-05-23T14:00:00Z,473.8888888888889,17.93,66.91,0.6799738001606783,0
2024-05-23T14:30:00Z,473.8888888888889,17.93,66.91,0.6799738001606783,0
2024-05-23T15:00:00Z,539.75,19.78,57.72,0.9752415042268017,0
2024-05-23T15:30:00Z,539.75,19.78,57.72,0.9752415042268017,0
2024-05-23T16:00:00Z,683.9444444444445,21.05,53.67,1.1557731066589507,0
2024-05-23T16:30:00Z,683.9444444444445,21.05,53.67,1.1557731066589507,0
2024-05-23T17:00:00Z,825.2500000000001,22.27,45.9,1.4540760890736293,0
2024-05-23T17:30:00Z,825.2500000000001,22.27,45.9,1.4540760890736293,0
2024-05-23T18:00:00Z,857.3888888888889,22.82,40.43,1.6554478059675188,0
2024-05-23T18:30:00Z,857.3888888888889,22.82,40.43,1.6554478059675188,0
2024-05-23T19:00:00Z,843.1666666666667,23.34,37.99,1.7782817651496052,0
2024-05-23T19:30:00Z,843.1666666666667,23.34,37.99,1.7782817651496052,0
2024-05-23T20:00:00Z,774.3055555555555,23.65,37.63,1.822328932523004,0
2024-05-23T20:30:00Z,774.3055555555555,23.65,37.63,1.822328932523004,0
2024-05-23T21:00:00Z,670.75,23.6,35.69,1.873365091518665,0
2024-05-23T21:30:00Z,670.75,23.6,35.69,1.873365091518665,0
2024-05-23T22:00:00Z,530.3888888888889,23.49,36.27,1.8442102017986455,0
2024-05-23T22:30:00Z,530.3888888888889,23.49,36.27,1.8442102017986455,0
2024-05-23T23:00:00Z,369.3333333333333,23.37,35.36,1.857060637680315,0
2024-05-23T23:30:00Z,369.3333333333333,23.37,35.36,1.857060637680315,0
2024-05-24T00:00:00Z,202.36111111111111,22.87,34.13,1.8360754283673042,0
2024-05-24T00:30:00Z,202.36111111111111,22.87,34.13,1.8360754283673042,0
2024-05-24T01:00:00Z,50.52777777777778,19.88,48.02,1.2064391835387112,0
2024-05-24T01:30:00Z,50.52777777777778,19.88,48.02,1.2064391835387112,0
2024-05-24T02:00:00Z,1.4166666666666667,14.5,68.62,0.5181525710099195,0
2024-05-24T02:30:00Z,1.4166666666666667,14.5,68.62,0.5181525710099195,0
2024-05-24T03:00:00Z,0,13.1,73.96,0.3925781402560511,0
2024-05-24T03:30:00Z,0,13.1,73.96,0.3925781402560511,0
2024-05-24T04:00:00Z,0,12.29,78.59,0.3060796389228888,0
2024-05-24T04:30:00Z,0,12.29,78.59,0.3060796389228888,0
2024-05-24T05:00:00Z,0.02777777777777778,11.04,82.3,0.23296891372552397,0
2024-05-24T05:30:00Z,0.02777777777777778,11.04,82.3,0.23296891372552397,0
2024-05-24T06:00:00Z,0,9.87,89.8,0.1241652420758319,0
2024-05-24T06:30:00Z,0,9.87,89.8,0.1241652420758319,0
2024-05-24T07:00:00Z,0.02777777777777778,9.87,89.6,0.12659985466555423,0
2024-05-24T07:30:00Z,0.02777777777777778,9.87,89.6,0.12659985466555423,0
2024-05-24T08:00:00Z,0,9.16,92.8,0.08355808118154107,0
2024-05-24T08:30:00Z,0,9.16,92.8,0.08355808118154107,0
2024-05-24T09:00:00Z,0.02777777777777778,9.43,91.6,0.09927453085527338,0
2024-05-24T09:30:00Z,0.02777777777777778,9.43,91.6,0.09927453085527338,0
2024-05-24T10:00:00Z,0.19444444444444445,9.87,87.6,0.1509459805627762,0
2024-05-24T10:30:00Z,0.19444444444444445,9.87,87.6,0.1509459805627762,0
2024-05-24T11:00:00Z,18.666666666666668,10.48,82.2,0.22570810507888095,0
2024-05-24T11:30:00Z,18.666666666666668,10.48,82.2,0.22570810507888095,0
2024-05-24T12:00:00Z,95.41666666666667,13.3,73.34,0.40720956225985083,0
2024-05-24T12:30:00Z,95.41666666666667,13.3,73.34,0.40720956225985083,0
2024-05-24T13:00:00Z,210.47222222222226,16.13,69.62,0.556999052949481,0
2024-05-24T13:30:00Z,210.47222222222226,16.13,69.62,0.556999052949481,0
2024-05-24T14:00:00Z,399.25,19.66,53.34,1.0682891352224144,0
2024-05-24T14:30:00Z,399.25,19.66,53.34,1.0682891352224144,0
2024-05-24T15:00:00Z,596.5833333333333,22.01,44.88,1.458223378415457,0
2024-05-24T15:30:00Z,596.5833333333333,22.01,44.88,1.458223378415457,0
2024-05-24T16:00:00Z,689.4722222222222,23.56,43.08,1.6541037804608896,0
2024-05-24T16:30:00Z,689.4722222222222,23.56,43.08,1.6541037804608896,0
2024-05-24T17:00:00Z,730.7222222222223,24.51,41.25,1.8074366748293729,0
2024-05-24T17:30:00Z,730.7222222222223,24.51,41.25,1.8074366748293729,0
2024-05-24T18:00:00Z,538.8611111111112,24.81,41.6,1.8291482024870753,0
2024-05-24T18:30:00Z,538.8611111111112,24.81,41.6,1.8291482024870753,0
2024-05-24T19:00:00Z,531.6388888888889,25.37,40.8,1.9170542958645067,0
2024-05-24T19:30:00Z,531.6388888888889,25.37,40.8,1.9170542958645067,0
2024-05-24T20:00:00Z,476.02777777777783,25.92,41.1,1.9705442460638152,0
2024-05-24T20:30:00Z,476.02777777777783,25.92,41.1,1.9705442460638152,0
2024-05-24T21:00:00Z,218.69444444444443,25.07,46.17,1.7123377005426548,0
2024-05-24T21:30:00Z,218.69444444444443,25.07,46.17,1.7123377005426548,0
2024-05-24T22:00:00Z,258.75,25.51,47.77,1.7054628261539677,0
2024-05-24T22:30:00Z,258.75,25.51,47.77,1.7054628261539677,0
2024-05-24T23:00:00Z,228.19444444444446,25.57,45,1.8023149434891355,0
2024-05-24T23:30:00Z,228.19444444444446,25.57,45,1.8023149434891355,0
2024-05-25T00:00:00Z,70.55555555555556,24.44,48.41,1.5805296748753315,0
2024-05-25T00:30:00Z,70.55555555555556,24.44,48.41,1.5805296748753315,0
2024-05-25T01:00:00Z,10.944444444444445,22.51,57.91,1.1478965559851317,0
2024-05-25T01:30:00Z,10.944444444444445,22.51,57.91,1.1478965559851317,0
2024-05-25T02:00:00Z,0.3333333333333333,20.33,68.07,0.7620018832957602,0
2024-05-25T02:30:00Z,0.3333333333333333,20.33,68.07,0.7620018832957602,0
2024-05-25T03:00:00Z,0,21.73,61.76,0.9945197878708891,0
2024-05-25T03:30:00Z,0,21.73,61.76,0.9945197878708891,0
2024-05-25T04:00:00Z,0,21.75,62.75,0.9699566038347549,0
2024-05-25T04:30:00Z,0,21.75,62.75,0.9699566038347549,0
2024-05-25T05:00:00Z,0,20.84,65.38,0.8525756758351497,0
2024-05-25T05:30:00Z,0,20.84,65.38,0.8525756758351497,0
2024-05-25T06:00:00Z,0,19.63,70.98,0.6631820048236325,0
2024-05-25T06:30:00Z,0,19.63,70.98,0.6631820048236325,0
2024-05-25T07:00:00Z,0,18.67,74.37,0.5517010068701127,0
2024-05-25T07:30:00Z,0,18.67,74.37,0.5517010068701127,0
2024-05-25T08:00:00Z,0,17.79,79,0.4277475603454579,0
2024-05-25T08:30:00Z,0,17.79,79,0.4277475603454579,0
2024-05-25T09:00:00Z,0.11111111111111112,17.15,85.9,0.275827849045831,0.51
2024-05-25T09:30:00Z,0.11111111111111112,17.15,85.9,0.275827849045831,0.51
2024-05-25T10:00:00Z,0.11111111111111112,16.35,94.5,0.10226348650821815,0.38
2024-05-25T10:30:00Z,0.11111111111111112,16.35,94.5,0.10226348650821815,0.38
2024-05-25T11:00:00Z,2.9444444444444446,16.34,96.5,0.06503532363079989,0.125
2024-05-25T11:30:00Z,2.9444444444444446,16.34,96.5,0.06503532363079989,0.125
2024-05-25T12:00:00Z,38.22222222222222,15.89,94.8,0.09388862795995423,0
2024-05-25T12:30:00Z,38.22222222222222,15.89,94.8,0.09388862795995423,0
2024-05-25T13:00:00Z,256,15.1,87.3,0.2179772637781463,0
2024-05-25T13:30:00Z,256,15.1,87.3,0.2179772637781463,0
2024-05-25T14:00:00Z,472.0555555555556,15.52,77.06,0.4044970570103059,0
2024-05-25T14:30:00Z,472.0555555555556,15.52,77.06,0.4044970570103059,0
2024-05-25T15:00:00Z,636.4166666666666,16.59,71.96,0.52938159879324,0
2024-05-25T15:30:00Z,636.4166666666666,16.59,71.96,0.52938159879324,0
2024-05-25T16:00:00Z,768.6944444444446,18.04,63.56,0.7540113705762352,0
2024-05-25T16:30:00Z,768.6944444444446,18.04,63.56,0.7540113705762352,0
2024-05-25T17:00:00Z,846.1388888888889,19.22,53.79,1.0294360970587637,0
2024-05-25T17:30:00Z,846.1388888888889,19.22,53.79,1.0294360970587637,0
2024-05-25T18:00:00Z,875.1944444444445,19.85,49.93,1.1599503000429638,0
2024-05-25T18:30:00Z,875.1944444444445,19.85,49.93,1.1599503000429638,0
2024-05-25T19:00:00Z,861.8611111111111,20.38,43.15,1.3609058987812437,0
2024-05-25T19:30:00Z,861.8611111111111,20.38,43.15,1.3609058987812437,0
2024-05-25T20:00:00Z,801.3055555555555,21.23,35.95,1.6155706402317034,0
2024-05-25T20:30:00Z,801.3055555555555,21.23,35.95,1.6155706402317034,0
2024-05-25T21:00:00Z,691.6666666666667,22.15,34.35,1.7516737597919252,0
2024-05-25T21:30:00Z,691.6666666666667,22.15,34.35,1.7516737597919252,0
2024-05-25T22:00:00Z,549.0277777777778,22.54,33.33,1.8215672289487208,0
2024-05-25T22:30:00Z,549.0277777777778,22.54,33.33,1.8215672289487208,0
2024-05-25T23:00:00Z,383.0833333333333,22.56,40.07,1.6394048178831797,0
2024-05-25T23:30:00Z,383.0833333333333,22.56,40.07,1.6394048178831797,0
2024-05-26T00:00:00Z,210.25,20.16,51.41,1.14747286994567,0
2024-05-26T00:30:00Z,210.25,20.16,51.41,1.14747286994567,0
2024-05-26T01:00:00Z,52.75000000000001,17.46,54.34,0.9108908391035431,0
2024-05-26T01:30:00Z,52.75000000000001,17.46,54.34,0.9108908391035431,0
2024-05-26T02:00:00Z,1.5000000000000002,14.27,58.72,0.671555791576806,0
2024-05-26T02:30:00Z,1.5000000000000002,14.27,58.72,0.671555791576806,0
2024-05-26T03:00:00Z,0,10.92,82.1,0.2337292077873896,0
2024-05-26T03:30:00Z,0,10.92,82.1,0.2337292077873896,0
2024-05-26T04:00:00Z,0.02777777777777778,9.17,92.2,0.09058234552949207,0
2024-05-26T04:30:00Z,0.02777777777777778,9.17,92.2,0.09058234552949207,0
2024-05-26T05:00:00Z,0,8.67,96.2,0.042663206971606193,0
2024-05-26T05:30:00Z,0,8.67,96.2,0.042663206971606193,0
2024-05-26T06:00:00Z,0.02777777777777778,8.76,96.7,0.03727610053517161,0
2024-05-26T06:30:00Z,0.02777777777777778,8.76,96.7,0.03727610053517161,0
2024-05-26T07:00:00Z,0.05555555555555556,8.21,96.6,0.036999110098856036,0
2024-05-26T07:30:00Z,0.05555555555555556,8.21,96.6,0.036999110098856036,0
2024-05-26T08:00:00Z,0.05555555555555556,8.67,94.2,0.0651175264303463,0
2024-05-26T08:30:00Z,0.05555555555555556,8.67,94.2,0.0651175264303463,0
2024-05-26T09:00:00Z,0,9,90.9,0.10447350349600804,0
2024-05-26T09:30:00Z,0,9,90.9,0.10447350349600804,0
2024-05-26T10:00:00Z,0.16666666666666666,10.96,81.1,0.24744406967322008,0
2024-05-26T10:30:00Z,0.16666666666666666,10.96,81.1,0.24744406967322008,0
2024-05-26T11:00:00Z,26.055555555555557,11.42,81.2,0.2537652886110904,0
2024-05-26T11:30:00Z,26.055555555555557,11.42,81.2,0.2537652886110904,0
2024-05-26T12:00:00Z,86.91666666666666,12.91,76.46,0.35050493518126014,0
2024-05-26T12:30:00Z,86.91666666666666,12.91,76.46,0.35050493518126014,0
2024-05-26T13:00:00Z,171.97222222222223,15.1,69.35,0.5260632389606448,0
2024-05-26T13:30:00Z,171.97222222222223,15.1,69.35,0.5260632389606448,0
2024-05-26T14:00:00Z,368.0833333333333,17.88,59.17,0.8363892250804867,0
2024-05-26T14:30:00Z,368.0833333333333,17.88,59.17,0.8363892250804867,0
2024-05-26T15:00:00Z,471.25,20.63,51.35,1.182701596252707,0
2024-05-26T15:30:00Z,471.25,20.63,51.35,1.182701596252707,0
2024-05-26T16:00:00Z,486.9166666666667,21.66,54.17,1.186828781470052,0
2024-05-26T16:30:00Z,486.9166666666667,21.66,54.17,1.186828781470052,0
2024-05-26T17:00:00Z,432.77777777777777,22.57,54.23,1.2528134330221028,0
2024-05-26T17:30:00Z,432.77777777777777,22.57,54.23,1.2528134330221028,0
2024-05-26T18:00:00Z,326.44444444444446,22.68,57.36,1.1749530207822827,0
2024-05-26T18:30:00Z,326.44444444444446,22.68,57.36,1.1749530207822827,0
2024-05-26T19:00:00Z,313.69444444444446,23.09,59.2,1.1525050968926205,0
2024-05-26T19:30:00Z,313.69444444444446,23.09,59.2,1.1525050968926205,0
2024-05-26T20:00:00Z,205,23.39,59.82,1.1557356178597522,0
2024-05-26T20:30:00Z,205,23.39,59.82,1.1557356178597522,0
2024-05-26T21:00:00Z,196.66666666666669,23.56,61.88,1.107772946436562,0
2024-05-26T21:30:00Z,196.66666666666669,23.56,61.88,1.107772946436562,0
2024-05-26T22:00:00Z,34.97222222222223,20.09,78.07,0.5156489074292088,2.285
2024-05-26T22:30:00Z,34.97222222222223,20.09,78.07,0.5156489074292088,2.285
2024-05-26T23:00:00Z,46.30555555555556,16.88,96.2,0.07307561894395431,0.38
2024-05-26T23:30:00Z,46.30555555555556,16.88,96.2,0.07307561894395431,0.38
2024-05-27T00:00:00Z,68.02777777777779,16.9,96.4,0.06931740968877675,0
2024-05-27T00:30:00Z,68.02777777777779,16.9,96.4,0.06931740968877675,0
2024-05-27T01:00:00Z,15.555555555555557,17.1,94.6,0.10530233620514773,0
2024-05-27T01:30:00Z,15.555555555555557,17.1,94.6,0.10530233620514773,0
2024-05-27T02:00:00Z,1,16.89,96.1,0.07504624779912983,0
2024-05-27T02:30:00Z,1,16.89,96.1,0.07504624779912983,0
2024-05-27T03:00:00Z,0.02777777777777778,17,94.9,0.09882419694539246,0
2024-05-27T03:30:00Z,0.02777777777777778,17,94.9,0.09882419694539246,0
2024-05-27T04:00:00Z,0.02777777777777778,16.94,94.7,0.10230980839714832,0
2024-05-27T04:30:00Z,0.02777777777777778,16.94,94.7,0.10230980839714832,0
2024-05-27T05:00:00Z,0.02777777777777778,16.76,94.1,0.1125987538690072,0
2024-05-27T05:30:00Z,0.02777777777777778,16.76,94.1,0.1125987538690072,0
2024-05-27T06:00:00Z,0,16.78,93.4,0.12611796290194932,0
2024-05-27T06:30:00Z,0,16.78,93.4,0.12611796290194932,0
2024-05-27T07:00:00Z,0,16.64,95.1,0.09280410643924042,0
2024-05-27T07:30:00Z,0,16.64,95.1,0.09280410643924042,0
2024-05-27T08:00:00Z,0,16.13,94.5,0.10083919655109108,0
2024-05-27T08:30:00Z,0,16.13,94.5,0.10083919655109108,0
2024-05-27T09:00:00Z,0,14.41,90.9,0.14938905766139965,0
2024-05-27T09:30:00Z,0,14.41,90.9,0.14938905766139965,0
2024-05-27T10:00:00Z,0.02777777777777778,13.59,91.9,0.12608173495178798,0
2024-05-27T10:30:00Z,0.02777777777777778,13.59,91.9,0.12608173495178798,0
2024-05-27T11:00:00Z,1.8333333333333333,13.52,91.6,0.1301567266902568,0
2024-05-27T11:30:00Z,1.8333333333333333,13.52,91.6,0.1301567266902568,0
2024-05-27T12:00:00Z,34.30555555555556,13.28,96.2,0.05796616354824691,0
2024-05-27T12:30:00Z,34.30555555555556,13.28,96.2,0.05796616354824691,0
2024-05-27T13:00:00Z,74.08333333333333,13.37,97.4,0.03989463291289885,0
2024-05-27T13:30:00Z,74.08333333333333,13.37,97.4,0.03989463291289885,0
2024-05-27T14:00:00Z,102.97222222222223,13.15,96.6,0.05142603868100104,0
2024-05-27T14:30:00Z,102.97222222222223,13.15,96.6,0.05142603868100104,0
2024-05-27T15:00:00Z,105.41666666666667,12.54,97.5,0.0363323337867858,0.125
2024-05-27T15:30:00Z,105.41666666666667,12.54,97.5,0.0363323337867858,0.125
2024-05-27T16:00:00Z,136.66666666666669,12.51,97.7,0.033359967218651976,0
2024-05-27T16:30:00Z,136.66666666666669,12.51,97.7,0.033359967218651976,0
2024-05-27T17:00:00Z,117.16666666666667,12.48,97.5,0.036189457662873625,0
2024-05-27T17:30:00Z,117.16666666666667,12.48,97.5,0.036189457662873625,0
2024-05-27T18:00:00Z,237.05555555555557,13.85,94.6,0.0854879479557682,0
2024-05-27T18:30:00Z,237.05555555555557,13.85,94.6,0.0854879479557682,0
2024-05-27T19:00:00Z,189.61111111111111,14.61,90.5,0.15798462404225333,0
2024-05-27T19:30:00Z,189.61111111111111,14.61,90.5,0.15798462404225333,0
2024-05-27T20:00:00Z,186.91666666666666,14.59,87.3,0.21092786453499723,0
2024-05-27T20:30:00Z,186.91666666666666,14.59,87.3,0.21092786453499723,0
2024-05-27T21:00:00Z,96.11111111111111,14.02,89.6,0.16647080746671072,0
2024-05-27T21:30:00Z,96.11111111111111,14.02,89.6,0.16647080746671072,0
2024-05-27T22:00:00Z,144.72222222222223,14.02,90.3,0.15526604157952817,0
2024-05-27T22:30:00Z,144.72222222222223,14.02,90.3,0.15526604157952817,0
2024-05-27T23:00:00Z,95.77777777777779,14.43,89.2,0.1775263951479864,0
2024-05-27T23:30:00Z,95.77777777777779,14.43,89.2,0.1775263951479864,0
2024-05-28T00:00:00Z,57.138888888888886,14.07,89.3,0.17182928266509512,0
2024-05-28T00:30:00Z,57.138888888888886,14.07,89.3,0.17182928266509512,0
2024-05-28T01:00:00Z,35.66666666666667,14.02,86.7,0.21289055185646633,0
2024-05-28T01:30:00Z,35.66666666666667,14.02,86.7,0.21289055185646633,0
2024-05-28T02:00:00Z,1.2777777777777777,13.38,88.5,0.1765721496192314,0
2024-05-28T02:30:00Z,1.2777777777777777,13.38,88.5,0.1765721496192314,0
2024-05-28T03:00:00Z,0.02777777777777778,12.43,91.9,0.11686929916434896,0
2024-05-28T03:30:00Z,0.02777777777777778,12.43,91.9,0.11686929916434896,0
2024-05-28T04:00:00Z,0.05555555555555556,11.22,96.7,0.04395714757789304,0
2024-05-28T04:30:00Z,0.05555555555555556,11.22,96.7,0.04395714757789304,0
2024-05-28T05:00:00Z,0.05555555555555556,11.22,97.2,0.03729697370245488,0
2024-05-28T05:30:00Z,0.05555555555555556,11.22,97.2,0.03729697370245488,0
2024-05-28T06:00:00Z,0.02777777777777778,11.03,97.6,0.03156802040098872,0
2024-05-28T06:30:00Z,0.02777777777777778,11.03,97.6,0.03156802040098872,0
2024-05-28T07:00:00Z,0.02777777777777778,11.2,97.8,0.029265897927204243,0
2024-05-28T07:30:00Z,0.02777777777777778,11.2,97.8,0.029265897927204243,0
2024-05-28T08:00:00Z,0.08333333333333333,11.26,97.9,0.028047061061646117,0
2024-05-28T08:30:00Z,0.08333333333333333,11.26,97.9,0.028047061061646117,0
2024-05-28T09:00:00Z,0.19444444444444445,11.47,98,0.027085859250396194,0.125
2024-05-28T09:30:00Z,0.19444444444444445,11.47,98,0.027085859250396194,0.125
2024-05-28T10:00:00Z,0.16666666666666666,11.54,98.1,0.0258510869033024,0.125
2024-05-28T10:30:00Z,0.16666666666666666,11.54,98.1,0.0258510869033024,0.125
2024-05-28T11:00:00Z,5.222222222222222,11.62,97.9,0.028723887195151176,0.125
2024-05-28T11:30:00Z,5.222222222222222,11.62,97.9,0.028723887195151176,0.125
2024-05-28T12:00:00Z,50.02777777777778,11.89,98,0.0278484588843404,0
2024-05-28T12:30:00Z,50.02777777777778,11.89,98,0.0278484588843404,0
2024-05-28T13:00:00Z,218.47222222222223,13.35,96,0.061296343978474166,0
2024-05-28T13:30:00Z,218.47222222222223,13.35,96,0.061296343978474166,0
2024-05-28T14:00:00Z,233.36111111111111,14.57,91.2,0.14596604373257027,0
2024-05-28T14:30:00Z,233.36111111111111,14.57,91.2,0.14596604373257027,0
2024-05-28T15:00:00Z,290.94444444444446,15.46,88.1,0.2090247924253157,0
2024-05-28T15:30:00Z,290.94444444444446,15.46,88.1,0.2090247924253157,0
2024-05-28T16:00:00Z,557.0277777777778,17.36,79.7,0.40242329026556156,0
2024-05-28T16:30:00Z,557.0277777777778,17.36,79.7,0.40242329026556156,0
2024-05-28T17:00:00Z,419.08333333333337,17.13,78.51,0.4198610417628792,0
2024-05-28T17:30:00Z,419.08333333333337,17.13,78.51,0.4198610417628792,0
2024-05-28T18:00:00Z,480.30555555555554,18.24,75.35,0.516501813750901,0
2024-05-28T18:30:00Z,480.30555555555554,18.24,75.35,0.516501813750901,0
2024-05-28T19:00:00Z,585.1388888888889,19.3,68.58,0.7034492227729989,0
2024-05-28T19:30:00Z,585.1388888888889,19.3,68.58,0.7034492227729989,0
2024-05-28T20:00:00Z,678.3055555555557,20.28,64.56,0.843159655322121,0
2024-05-28T20:30:00Z,678.3055555555557,20.28,64.56,0.843159655322121,0
2024-05-28T21:00:00Z,343.5,19.13,67.49,0.7201869331364252,0
2024-05-28T21:30:00Z,343.5,19.13,67.49,0.7201869331364252,0
2024-05-28T22:00:00Z,367.33333333333337,19.17,66.98,0.7333103918472816,0
2024-05-28T22:30:00Z,367.33333333333337,19.17,66.98,0.7333103918472816,0
2024-05-28T23:00:00Z,114.33333333333334,17.78,73.47,0.5400475084139076,0
2024-05-28T23:30:00Z,114.33333333333334,17.78,73.47,0.5400475084139076,0
2024-05-29T00:00:00Z,60.63888888888889,16.78,66.95,0.6315452536226405,0
2024-05-29T00:30:00Z,60.63888888888889,16.78,66.95,0.6315452536226405,0
2024-05-29T01:00:00Z,13.527777777777779,15.6,78.01,0.38973920902116,0
2024-05-29T01:30:00Z,13.527777777777779,15.6,78.01,0.38973920902116,0
2024-05-29T02:00:00Z,0.25,14.36,90.3,0.158724614310239,0
2024-05-29T02:30:00Z,0.25,14.36,90.3,0.158724614310239,0
2024-05-29T03:00:00Z,0,14.04,90.1,0.15867315956348205,0
2024-05-29T03:30:00Z,0,14.04,90.1,0.15867315956348205,0
2024-05-29T04:00:00Z,0,13.5,92.8,0.11141764148012112,0
2024-05-29T04:30:00Z,0,13.5,92.8,0.11141764148012112,0
2024-05-29T05:00:00Z,0,13,91.8,0.12281721402607215,0
2024-05-29T05:30:00Z,0,13,91.8,0.12281721402607215,0
2024-05-29T06:00:00Z,0,13.2,84.1,0.24127911689430315,0
2024-05-29T06:30:00Z,0,13.2,84.1,0.24127911689430315,0
2024-05-29T07:00:00Z,0,13.22,79.93,0.30495601673634387,0
2024-05-29T07:30:00Z,0,13.22,79.93,0.30495601673634387,0
2024-05-29T08:00:00Z,0,13.12,76.22,0.3589753770836812,0
2024-05-29T08:30:00Z,0,13.12,76.22,0.3589753770836812,0
2024-05-29T09:00:00Z,0.02777777777777778,12.45,79.81,0.29169062191243467,0
2024-05-29T09:30:00Z,0.02777777777777778,12.45,79.81,0.29169062191243467,0
2024-05-29T10:00:00Z,0.19444444444444445,11.75,83.9,0.22211712811490392,0
2024-05-29T10:30:00Z,0.19444444444444445,11.75,83.9,0.22211712811490392,0
2024-05-29T11:00:00Z,17.61111111111111,11.04,88.5,0.1513639834939844,0
2024-05-29T11:30:00Z,17.61111111111111,11.04,88.5,0.1513639834939844,0
2024-05-29T12:00:00Z,43.72222222222223,10.94,91.2,0.11505892698017406,0
2024-05-29T12:30:00Z,43.72222222222223,10.94,91.2,0.11505892698017406,0
2024-05-29T13:00:00Z,289.6388888888889,13.05,82.3,0.26597377130253075,0
2024-05-29T13:30:00Z,289.6388888888889,13.05,82.3,0.26597377130253075,0
2024-05-29T14:00:00Z,516,15.1,74.27,0.4416185037017093,0
2024-05-29T14:30:00Z,516,15.1,74.27,0.4416185037017093,0
2024-05-29T15:00:00Z,454.6388888888889,16.16,72.65,0.5024065135400866,0
2024-05-29T15:30:00Z,454.6388888888889,16.16,72.65,0.5024065135400866,0
2024-05-29T16:00:00Z,667.3888888888889,17.59,67.95,0.6446464683495192,0
2024-05-29T16:30:00Z,667.3888888888889,17.59,67.95,0.6446464683495192,0
2024-05-29T17:00:00Z,591.6111111111112,18.93,59.19,0.8928474850832882,0
2024-05-29T17:30:00Z,591.6111111111112,18.93,59.19,0.8928474850832882,0
2024-05-29T18:00:00Z,505.5555555555556,19.1,55.89,0.9753336925600431,0
2024-05-29T18:30:00Z,505.5555555555556,19.1,55.89,0.9753336925600431,0
2024-05-29T19:00:00Z,564.4444444444445,19.85,52.38,1.103192196685559,0
2024-05-29T19:30:00Z,564.4444444444445,19.85,52.38,1.103192196685559,0
2024-05-29T20:00:00Z,448,19.88,49.56,1.1706962758309463,0
2024-05-29T20:30:00Z,448,19.88,49.56,1.1706962758309463,0
2024-05-29T21:00:00Z,702.8055555555555,21.34,43.72,1.4291862691958641,0
2024-05-29T21:30:00Z,702.8055555555555,21.34,43.72,1.4291862691958641,0
2024-05-29T22:00:00Z,544.1666666666667,20.99,42.6,1.4266644741125194,0
2024-05-29T22:30:00Z,544.1666666666667,20.99,42.6,1.4266644741125194,0
2024-05-29T23:00:00Z,383.3888888888889,20.29,38.73,1.458586638150733,0
2024-05-29T23:30:00Z,383.3888888888889,20.29,38.73,1.458586638150733,0
2024-05-30T00:00:00Z,223.13888888888889,19.41,34.08,1.48599004833055,0
2024-05-30T00:30:00Z,223.13888888888889,19.41,34.08,1.48599004833055,0
2024-05-30T01:00:00Z,64.77777777777777,17.17,35.77,1.258075405324087,0
2024-05-30T01:30:00Z,64.77777777777777,17.17,35.77,1.258075405324087,0
2024-05-30T02:00:00Z,2.6666666666666665,13.42,38.05,0.9536706186248657,0
2024-05-30T02:30:00Z,2.6666666666666665,13.42,38.05,0.9536706186248657,0
2024-05-30T03:00:00Z,0.02777777777777778,11.02,42.46,0.7563404710772833,0
2024-05-30T03:30:00Z,0.02777777777777778,11.02,42.46,0.7563404710772833,0
2024-05-30T04:00:00Z,0.02777777777777778,10.72,43.07,0.7335320639053593,0
2024-05-30T04:30:00Z,0.02777777777777778,10.72,43.07,0.7335320639053593,0
2024-05-30T05:00:00Z,0,9.31,52.34,0.5587306128768239,0
2024-05-30T05:30:00Z,0,9.31,52.34,0.5587306128768239,0
2024-05-30T06:00:00Z,0,7.32,63.9,0.3696952825955734,0
2024-05-30T06:30:00Z,0,7.32,63.9,0.3696952825955734,0
2024-05-30T07:00:00Z,0.02777777777777778,7.68,62.84,0.3900356442067433,0
2024-05-30T07:30:00Z,0.02777777777777778,7.68,62.84,0.3900356442067433,0
2024-05-30T08:00:00Z,0.02777777777777778,5.06,82.3,0.15504689992255538,0
2024-05-30T08:30:00Z,0.02777777777777778,5.06,82.3,0.15504689992255538,0
2024-05-30T09:00:00Z,0.02777777777777778,3.03,92.9,0.053916067760345965,0
2024-05-30T09:30:00Z,0.02777777777777778,3.03,92.9,0.053916067760345965,0
2024-05-30T10:00:00Z,0.3888888888888889,2.51,94.1,0.04317709971152328,0
2024-05-30T10:30:00Z,0.3888888888888889,2.51,94.1,0.04317709971152328,0
2024-05-30T11:00:00Z,30.583333333333332,3.23,93,0.05391575907080226,0
2024-05-30T11:30:00Z,30.583333333333332,3.23,93,0.05391575907080226,0
2024-05-30T12:00:00Z,34.97222222222223,5.98,83.1,0.15781480365531375,0
2024-05-30T12:30:00Z,34.97222222222223,5.98,83.1,0.15781480365531375,0
2024-05-30T13:00:00Z,329.4166666666667,10.76,67.09,0.4251703339356745,0
2024-05-30T13:30:00Z,329.4166666666667,10.76,67.09,0.4251703339356745,0
2024-05-30T14:00:00Z,508.4166666666667,14.25,57.63,0.6883960599173728,0
2024-05-30T14:30:00Z,508.4166666666667,14.25,57.63,0.6883960599173728,0
2024-05-30T15:00:00Z,662.4444444444446,16.31,48.61,0.9530810073618812,0
2024-05-30T15:30:00Z,662.4444444444446,16.31,48.61,0.9530810073618812,0
2024-05-30T16:00:00Z,776.3611111111112,17.72,44.42,1.1271238259366074,0
2024-05-30T16:30:00Z,776.3611111111112,17.72,44.42,1.1271238259366074,0
2024-05-30T17:00:00Z,852.3055555555557,18.89,37.77,1.3580818784049422,0
2024-05-30T17:30:00Z,852.3055555555557,18.89,37.77,1.3580818784049422,0
2024-05-30T18:00:00Z,882.2222222222223,19.69,33.98,1.5143566189962936,0
2024-05-30T18:30:00Z,882.2222222222223,19.69,33.98,1.5143566189962936,0
2024-05-30T19:00:00Z,864.6111111111111,20.29,32.62,1.6040406019029931,0
2024-05-30T19:30:00Z,864.6111111111111,20.29,32.62,1.6040406019029931,0
2024-05-30T20:00:00Z,802.9444444444445,21.12,31.84,1.7076779821584838,0
2024-05-30T20:30:00Z,802.9444444444445,21.12,31.84,1.7076779821584838,0
2024-05-30T21:00:00Z,701.4444444444445,21.5,28.89,1.8235588633581,0
2024-05-30T21:30:00Z,701.4444444444445,21.5,28.89,1.8235588633581,0
2024-05-30T22:00:00Z,560.1944444444445,21.83,28.35,1.874836203904327,0
2024-05-30T22:30:00Z,560.1944444444445,21.83,28.35,1.874836203904327,0
2024-05-30T23:00:00Z,395.4166666666667,22.02,29.13,1.8760394181112625,0
2024-05-30T23:30:00Z,395.4166666666667,22.02,29.13,1.8760394181112625,0
2024-05-31T00:00:00Z,222.91666666666669,21.69,32.26,1.757436036407178,0
2024-05-31T00:30:00Z,222.91666666666669,21.69,32.26,1.757436036407178,0
2024-05-31T01:00:00Z,64.94444444444446,18.29,42.84,1.2014609600914663,0
2024-05-31T01:30:00Z,64.94444444444446,18.29,42.84,1.2014609600914663,0
2024-05-31T02:00:00Z,2.5277777777777777,14.31,54.14,0.7479992957271123,0
2024-05-31T02:30:00Z,2.5277777777777777,14.31,54.14,0.7479992957271123,0
2024-05-31T03:00:00Z,0,11.2,68.75,0.4157087773750596,0
2024-05-31T03:30:00Z,0,11.2,68.75,0.4157087773750596,0
2024-05-31T04:00:00Z,0.02777777777777778,9.93,72.24,0.3392867314834993,0
2024-05-31T04:30:00Z,0.02777777777777778,9.93,72.24,0.3392867314834993,0
2024-05-31T05:00:00Z,0.02777777777777778,7.45,85.3,0.1518863090798085,0
2024-05-31T05:30:00Z,0.02777777777777778,7.45,85.3,0.1518863090798085,0
2024-05-31T06:00:00Z,0.02777777777777778,6.57,89.5,0.10212918327216591,0
2024-05-31T06:30:00Z,0.02777777777777778,6.57,89.5,0.10212918327216591,0
2024-05-31T07:00:00Z,0.02777777777777778,6.09,91.5,0.07998091712370303,0
2024-05-31T07:30:00Z,0.02777777777777778,6.09,91.5,0.07998091712370303,0
2024-05-31T08:00:00Z,0.02777777777777778,5.65,93.9,0.05567415666202935,0
2024-05-31T08:30:00Z,0.02777777777777778,5.65,93.9,0.05567415666202935,0
2024-05-31T09:00:00Z,0.02777777777777778,6.5,87.6,0.12002916372528138,0
2024-05-31T09:30:00Z,0.02777777777777778,6.5,87.6,0.12002916372528138,0
2024-05-31T10:00:00Z,0.3333333333333333,7.35,81.3,0.19189802534380984,0
2024-05-31T10:30:00Z,0.3333333333333333,7.35,81.3,0.19189802534380984,0
2024-05-31T11:00:00Z,29.02777777777778,7.52,81.3,0.1941431768367936,0
2024-05-31T11:30:00Z,29.02777777777778,7.52,81.3,0.1941431768367936,0
2024-05-31T12:00:00Z,43.52777777777778,9.82,74.5,0.30937350054594015,0
2024-05-31T12:30:00Z,43.52777777777778,9.82,74.5,0.30937350054594015,0
2024-05-31T13:00:00Z,328.02777777777783,14.49,61.28,0.6389389186068424,0
2024-05-31T13:30:00Z,328.02777777777783,14.49,61.28,0.6389389186068424,0
2024-05-31T14:00:00Z,507.9722222222223,18.41,51.9,1.0186626540565877,0
2024-05-31T14:30:00Z,507.9722222222223,18.41,51.9,1.0186626540565877,0
2024-05-31T15:00:00Z,658.25,20.51,47.3,1.2717188619594044,0
2024-05-31T15:30:00Z,658.25,20.51,47.3,1.2717188619594044,0
2024-05-31T16:00:00Z,732.0277777777778,21.37,44.94,1.4007771446491826,0
2024-05-31T16:30:00Z,732.0277777777778,21.37,44.94,1.4007771446491826,0
2024-05-31T17:00:00Z,848.138888888889,22.58,42.32,1.5797715193305712,0
2024-05-31T17:30:00Z,848.138888888889,22.58,42.32,1.5797715193305712,0
2024-05-31T18:00:00Z,865.638888888889,23.53,39.01,1.7691788850174812,0
2024-05-31T18:30:00Z,865.638888888889,23.53,39.01,1.7691788850174812,0
2024-05-31T19:00:00Z,852.6388888888889,24.13,38.86,1.83865100171854,0
2024-05-31T19:30:00Z,852.6388888888889,24.13,38.86,1.83865100171854,0
2024-05-31T20:00:00Z,781.7222222222222,24.22,38.82,1.849806308164831,0
2024-05-31T20:30:00Z,781.7222222222222,24.22,38.82,1.849806308164831,0
2024-05-31T21:00:00Z,679.8333333333334,24.78,38.48,1.9234242759636055,0
2024-05-31T21:30:00Z,679.8333333333334,24.78,38.48,1.9234242759636055,0
2024-05-31T22:00:00Z,522.0277777777778,24.81,36.46,1.9901383011306295,0
2024-05-31T22:30:00Z,522.0277777777778,24.81,36.46,1.9901383011306295,0
2024-05-31T23:00:00Z,361.72222222222223,24.05,39.89,1.7990227292121945,0
2024-05-31T23:30:00Z,361.72222222222223,24.05,39.89,1.7990227292121945,0
2024-06-01T00:00:00Z,150.13888888888889,21.97,42.32,1.522233166616787,0
2024-06-01T00:30:00Z,150.13888888888889,21.97,42.32,1.522233166616787,0
2024-06-01T01:00:00Z,57.305555555555564,20,46.97,1.2399905579728245,0
2024-06-01T01:30:00Z,57.305555555555564,20,46.97,1.2399905579728245,0
2024-06-01T02:00:00Z,2.0833333333333335,14.54,71.23,0.4762853845005741,0
2024-06-01T02:30:00Z,2.0833333333333335,14.54,71.23,0.4762853845005741,0
2024-06-01T03:00:00Z,0,12.35,81.8,0.2612179324478421,0
2024-06-01T03:30:00Z,0,12.35,81.8,0.2612179324478421,0
2024-06-01T04:00:00Z,0,12.18,80.5,0.27676312642139633,0
2024-06-01T04:30:00Z,0,12.18,80.5,0.27676312642139633,0
2024-06-13T05:00:00Z,0,21.92,55.8,1.1629313791960394,0
2024-06-13T05:30:00Z,0,21.92,55.8,1.1629313791960394,0
2024-06-13T06:00:00Z,0,22.13,54.14,1.2221477052398433,0
2024-06-13T06:30:00Z,0,22.13,54.14,1.2221477052398433,0
2024-06-13T07:00:00Z,0,21.08,64.05,0.89848134763604,1.65
2024-06-13T07:30:00Z,0,21.08,64.05,0.89848134763604,1.65
2024-06-13T08:00:00Z,0,18.67,83.3,0.35947744107416635,0.125
2024-06-13T08:30:00Z,0,18.67,83.3,0.35947744107416635,0.125
2024-06-13T09:00:00Z,0,18.51,84.6,0.32819118157303606,0
2024-06-13T09:30:00Z,0,18.51,84.6,0.32819118157303606,0
2024-06-13T10:00:00Z,0.25,19.08,81.2,0.41517626140053876,0
2024-06-13T10:30:00Z,0.25,19.08,81.2,0.41517626140053876,0
2024-06-13T11:00:00Z,9.13888888888889,19.74,80,0.4601822057824876,0
2024-06-13T11:30:00Z,9.13888888888889,19.74,80,0.4601822057824876,0
2024-06-13T12:00:00Z,37.19444444444445,20.35,80.6,0.4635484348685186,0
2024-06-13T12:30:00Z,37.19444444444445,20.35,80.6,0.4635484348685186,0
2024-06-13T13:00:00Z,34.69444444444445,19.38,88.2,0.26550358013515774,0.89
2024-06-13T13:30:00Z,34.69444444444445,19.38,88.2,0.26550358013515774,0.89
2024-06-13T14:00:00Z,290.6666666666667,19.46,91.5,0.19220635985193324,0.125
2024-06-13T14:30:00Z,290.6666666666667,19.46,91.5,0.19220635985193324,0.125
2024-06-13T15:00:00Z,561.9722222222222,23.26,76.93,0.6584000246123982,0
2024-06-13T15:30:00Z,561.9722222222222,23.26,76.93,0.6584000246123982,0
2024-06-13T16:00:00Z,650.3055555555555,25.67,68.16,1.0495805068361022,0
2024-06-13T16:30:00Z,650.3055555555555,25.67,68.16,1.0495805068361022,0
2024-06-13T17:00:00Z,468.3888888888889,25.83,67.32,1.0875273793634195,0
2024-06-13T17:30:00Z,468.3888888888889,25.83,67.32,1.0875273793634195,0
2024-06-13T18:00:00Z,642.1111111111111,26.46,65.96,1.175719631047663,0
2024-06-13T18:30:00Z,642.1111111111111,26.46,65.96,1.175719631047663,0
2024-06-13T19:00:00Z,728.0277777777778,26.88,66.93,1.1707827511082436,0
2024-06-13T19:30:00Z,728.0277777777778,26.88,66.93,1.1707827511082436,0
2024-06-13T20:00:00Z,540.6944444444445,26.95,67.31,1.1620952053501035,0
2024-06-13T20:30:00Z,540.6944444444445,26.95,67.31,1.1620952053501035,0
2024-06-13T21:00:00Z,568.6388888888889,27.46,67.2,1.2013643245777232,0
2024-06-13T21:30:00Z,568.6388888888889,27.46,67.2,1.2013643245777232,0
2024-06-13T22:00:00Z,500.9444444444445,28.13,62.7,1.420621392989208,0
2024-06-13T22:30:00Z,500.9444444444445,28.13,62.7,1.420621392989208,0
2024-06-13T23:00:00Z,395,28.17,51.07,1.8679062597968288,0
2024-06-13T23:30:00Z,395,28.17,51.07,1.8679062597968288,0
2024-06-14T00:00:00Z,229.30555555555557,27.33,52.31,1.733507941458596,0
2024-06-14T00:30:00Z,229.30555555555557,27.33,52.31,1.733507941458596,0
2024-06-14T01:00:00Z,81.22222222222221,25.83,57.83,1.4033362786950851,0
2024-06-14T01:30:00Z,81.22222222222221,25.83,57.83,1.4033362786950851,0
2024-06-14T02:00:00Z,5.111111111111111,22.34,71.89,0.7587510897308538,0
2024-06-14T02:30:00Z,5.111111111111111,22.34,71.89,0.7587510897308538,0
2024-06-14T03:00:00Z,0,20.6,76.65,0.5665999648767557,0
2024-06-14T03:30:00Z,0,20.6,76.65,0.5665999648767557,0
2024-06-14T04:00:00Z,0,19.25,79.69,0.45329892238805813,0
2024-06-14T04:30:00Z,0,19.25,79.69,0.45329892238805813,0
2024-06-14T05:00:00Z,0,17.01,89.9,0.19583472471170604,0
2024-06-14T05:30:00Z,0,17.01,89.9,0.19583472471170604,0
2024-06-14T06:00:00Z,0,14.51,96.2,0.06278689651347036,0
2024-06-14T06:30:00Z,0,14.51,96.2,0.06278689651347036,0
2024-06-14T07:00:00Z,0,14.39,97.5,0.04098788710989543,0
2024-06-14T07:30:00Z,0,14.39,97.5,0.04098788710989543,0
2024-06-14T08:00:00Z,0,16.53,90.5,0.17867236318617197,0
2024-06-14T08:30:00Z,0,16.53,90.5,0.17867236318617197,0
2024-06-14T09:00:00Z,0,14.66,92.7,0.12179126416720121,0
2024-06-14T09:30:00Z,0,14.66,92.7,0.12179126416720121,0
2024-06-14T10:00:00Z,0.5555555555555556,13.43,96.1,0.0600765278774924,0
2024-06-14T10:30:00Z,0.5555555555555556,13.43,96.1,0.0600765278774924,0
2024-06-14T11:00:00Z,37.416666666666664,12.61,97.1,0.042339592146890315,0
2024-06-14T11:30:00Z,37.416666666666664,12.61,97.1,0.042339592146890315,0
2024-06-14T12:00:00Z,93.6388888888889,15.62,90.6,0.16681428291101597,0
2024-06-14T12:30:00Z,93.6388888888889,15.62,90.6,0.16681428291101597,0
2024-06-14T13:00:00Z,327.44444444444446,19.13,72.29,0.6138535809661745,0
2024-06-14T13:30:00Z,327.44444444444446,19.13,72.29,0.6138535809661745,0
2024-06-14T14:00:00Z,483.4166666666667,20.49,63.85,0.8712708850857689,0
2024-06-14T14:30:00Z,483.4166666666667,20.49,63.85,0.8712708850857689,0
2024-06-14T15:00:00Z,625.6944444444445,21.47,59.9,1.0264461935939484,0
2024-06-14T15:30:00Z,625.6944444444445,21.47,59.9,1.0264461935939484,0
2024-06-14T16:00:00Z,740.8055555555557,22.8,54.77,1.255418006912946,0
2024-06-14T16:30:00Z,740.8055555555557,22.8,54.77,1.255418006912946,0
2024-06-14T17:00:00Z,813.25,24.03,49.86,1.4988323777844643,0
2024-06-14T17:30:00Z,813.25,24.03,49.86,1.4988323777844643,0
2024-06-14T18:00:00Z,852.7222222222223,24.84,47.53,1.646357759883849,0
2024-06-14T18:30:00Z,852.7222222222223,24.84,47.53,1.646357759883849,0
2024-06-14T19:00:00Z,774.1111111111112,25.37,46.91,1.7191961582338964,0
2024-06-14T19:30:00Z,774.1111111111112,25.37,46.91,1.7191961582338964,0
2024-06-14T20:00:00Z,736.4166666666666,25.76,45.54,1.8048283047374765,0
2024-06-14T20:30:00Z,736.4166666666666,25.76,45.54,1.8048283047374765,0
2024-06-14T21:00:00Z,705.6388888888889,26.02,45.5,1.834151731696288,0
2024-06-14T21:30:00Z,705.6388888888889,26.02,45.5,1.834151731696288,0
2024-06-14T22:00:00Z,396.2222222222223,24.95,45.58,1.718777049146876,0
2024-06-14T22:30:00Z,396.2222222222223,24.95,45.58,1.718777049146876,0
2024-06-14T23:00:00Z,393.0555555555556,25.37,42.04,1.8768997802078853,0
2024-06-14T23:30:00Z,393.0555555555556,25.37,42.04,1.8768997802078853,0
2024-06-15T00:00:00Z,237.16666666666666,24.93,40.5,1.8769830881994414,0
2024-06-15T00:30:00Z,237.16666666666666,24.93,40.5,1.8769830881994414,0
2024-06-15T01:00:00Z,87.91666666666667,22.76,55.38,1.2354888654207097,0
2024-06-15T01:30:00Z,87.91666666666667,22.76,55.38,1.2354888654207097,0
2024-06-15T02:00:00Z,5.222222222222222,19.59,53.74,1.0545382183234553,0
2024-06-15T02:30:00Z,5.222222222222222,19.59,53.74,1.0545382183234553,0
2024-06-15T03:00:00Z,0,18.01,57.14,0.8851821471990957,0
2024-06-15T03:30:00Z,0,18.01,57.14,0.8851821471990957,0
2024-06-15T04:00:00Z,0,16.99,58,0.8133307202768121,0
2024-06-15T04:30:00Z,0,16.99,58,0.8133307202768121,0
2024-06-15T05:00:00Z,0,15.84,63.77,0.6520629300294782,0
2024-06-15T05:30:00Z,0,15.84,63.77,0.6520629300294782,0
2024-06-15T06:00:00Z,0,15.69,66.31,0.6005559577601596,0
2024-06-15T06:30:00Z,0,15.69,66.31,0.6005559577601596,0
2024-06-15T07:00:00Z,0,15.41,68.43,0.5527544159487725,0
2024-06-15T07:30:00Z,0,15.41,68.43,0.5527544159487725,0
2024-06-15T08:00:00Z,0,14.45,73.24,0.4404402314338385,0
2024-06-15T08:30:00Z,0,14.45,73.24,0.4404402314338385,0
2024-06-15T09:00:00Z,0,12.92,81,0.2830906728556346,0
2024-06-15T09:30:00Z,0,12.92,81,0.2830906728556346,0
2024-06-15T10:00:00Z,0.6111111111111112,12.52,82.4,0.2554439604806755,0
2024-06-15T10:30:00Z,0.6111111111111112,12.52,82.4,0.2554439604806755,0
2024-06-15T11:00:00Z,34.888888888888886,12.59,83,0.24787207226453511,0
2024-06-15T11:30:00Z,34.888888888888886,12.59,83,0.24787207226453511,0
2024-06-15T12:00:00Z,90.41666666666667,14.38,76.86,0.3791385174130877,0
2024-06-15T12:30:00Z,90.41666666666667,14.38,76.86,0.3791385174130877,0
2024-06-15T13:00:00Z,328.8888888888889,17.6,67.92,0.6456570108748501,0
2024-06-15T13:30:00Z,328.8888888888889,17.6,67.92,0.6456570108748501,0
2024-06-15T14:00:00Z,485.75000000000006,19.8,60.63,0.9092455238245212,0
2024-06-15T14:30:00Z,485.75000000000006,19.8,60.63,0.9092455238245212,0
2024-06-15T15:00:00Z,613.5277777777777,21.52,53.99,1.1813341714759988,0
2024-06-15T15:30:00Z,613.5277777777777,21.52,53.99,1.1813341714759988,0
2024-06-15T16:00:00Z,728.7222222222223,22.75,51.45,1.3434927571447761,0
2024-06-15T16:30:00Z,728.7222222222223,22.75,51.45,1.3434927571447761,0
2024-06-15T17:00:00Z,742.8333333333334,23.94,50.88,1.4604300848301648,0
2024-06-15T17:30:00Z,742.8333333333334,23.94,50.88,1.4604300848301648,0
2024-06-15T18:00:00Z,845.3055555555555,24.69,48,1.6170714077760007,0
2024-06-15T18:30:00Z,845.3055555555555,24.69,48,1.6170714077760007,0
2024-06-15T19:00:00Z,849.5555555555557,25.92,45.31,1.8296954977458415,0
2024-06-15T19:30:00Z,849.5555555555557,25.92,45.31,1.8296954977458415,0
2024-06-15T20:00:00Z,654.7777777777777,26.04,44.46,1.8713627120506153,0
2024-06-15T20:30:00Z,654.7777777777777,26.04,44.46,1.8713627120506153,0
2024-06-15T21:00:00Z,456.1666666666667,25.69,45.2,1.808580988581938,0
2024-06-15T21:30:00Z,456.1666666666667,25.69,45.2,1.808580988581938,0
2024-06-15T22:00:00Z,309.6388888888889,25.35,45.55,1.7611430375745625,0
2024-06-15T22:30:00Z,309.6388888888889,25.35,45.55,1.7611430375745625,0
2024-06-15T23:00:00Z,154.44444444444446,24.4,47,1.6198457060988836,0
2024-06-15T23:30:00Z,154.44444444444446,24.4,47,1.6198457060988836,0
2024-06-16T00:00:00Z,86.22222222222221,23.6,48.77,1.4923416830741907,0
2024-06-16T00:30:00Z,86.22222222222221,23.6,48.77,1.4923416830741907,0
2024-06-16T01:00:00Z,24.916666666666668,22.73,48.99,1.4098568178028983,0
2024-06-16T01:30:00Z,24.916666666666668,22.73,48.99,1.4098568178028983,0
2024-06-16T02:00:00Z,1.25,22.08,49.6,1.339052815493952,0
2024-06-16T02:30:00Z,1.25,22.08,49.6,1.339052815493952,0
2024-06-16T03:00:00Z,0,21.6,50.52,1.2766595688425852,0
2024-06-16T03:30:00Z,0,21.6,50.52,1.2766595688425852,0
2024-06-16T04:00:00Z,0,20.42,55.2,1.0750970446929287,0
2024-06-16T04:30:00Z,0,20.42,55.2,1.0750970446929287,0
2024-06-16T05:00:00Z,0,20.04,56.26,1.0252994512326021,0
2024-06-16T05:30:00Z,0,20.04,56.26,1.0252994512326021,0
2024-06-16T06:00:00Z,0,19.55,59.47,0.9216251840442489,0
2024-06-16T06:30:00Z,0,19.55,59.47,0.9216251840442489,0
2024-06-16T07:00:00Z,0,19.21,61.2,0.8638227969158574,0
2024-06-16T07:30:00Z,0,19.21,61.2,0.8638227969158574,0
2024-06-16T08:00:00Z,0,18.75,61.76,0.8272666326684166,0
2024-06-16T08:30:00Z,0,18.75,61.76,0.8272666326684166,0
2024-06-16T09:00:00Z,0,18.16,59.98,0.8343550069276324,0
2024-06-16T09:30:00Z,0,18.16,59.98,0.8343550069276324,0
2024-06-16T10:00:00Z,0.25,17.5,58.87,0.8225946427763497,0
2024-06-16T10:30:00Z,0.25,17.5,58.87,0.8225946427763497,0
2024-06-16T11:00:00Z,18.555555555555557,16.74,61.47,0.7343938910311834,0
2024-06-16T11:30:00Z,18.555555555555557,16.74,61.47,0.7343938910311834,0
2024-06-16T12:00:00Z,96.75000000000001,17.61,60.55,0.7944900000748647,0
2024-06-16T12:30:00Z,96.75000000000001,17.61,60.55,0.7944900000748647,0
2024-06-16T13:00:00Z,274.86111111111114,19.37,57.48,0.9561179656543712,0
2024-06-16T13:30:00Z,274.86111111111114,19.37,57.48,0.9561179656543712,0
2024-06-16T14:00:00Z,472.38888888888886,21.61,52.9,1.2159951383885923,0
2024-06-16T14:30:00Z,472.38888888888886,21.61,52.9,1.2159951383885923,0
2024-06-16T15:00:00Z,605.5833333333334,24.17,47.18,1.5922591744697516,0
2024-06-16T15:30:00Z,605.5833333333334,24.17,47.18,1.5922591744697516,0
2024-06-16T16:00:00Z,692.3611111111111,25.81,44,1.861367044838953,0
2024-06-16T16:30:00Z,692.3611111111111,25.81,44,1.861367044838953,0
2024-06-16T17:00:00Z,442.4166666666667,26.33,44.35,1.9074445348117863,0
2024-06-16T17:30:00Z,442.4166666666667,26.33,44.35,1.9074445348117863,0
2024-06-16T18:00:00Z,133.22222222222223,24.89,50.54,1.5565462869704765,0.125
2024-06-16T18:30:00Z,133.22222222222223,24.89,50.54,1.5565462869704765,0.125
2024-06-16T19:00:00Z,464.72222222222223,25.38,57.86,1.3654166323124775,0.125
2024-06-16T19:30:00Z,464.72222222222223,25.38,57.86,1.3654166323124775,0.125
2024-06-16T20:00:00Z,654.0833333333333,26.71,54.74,1.586421312971623,0
2024-06-16T20:30:00Z,654.0833333333333,26.71,54.74,1.586421312971623,0
2024-06-16T21:00:00Z,594.4722222222222,28.57,49.95,1.955557791497541,0
2024-06-16T21:30:00Z,594.4722222222222,28.57,49.95,1.955557791497541,0
2024-06-16T22:00:00Z,480.4166666666667,29.96,47.25,2.2330867741808733,0
2024-06-16T22:30:00Z,480.4166666666667,29.96,47.25,2.2330867741808733,0
2024-06-16T23:00:00Z,302.61111111111114,29.92,49.87,2.117307745579872,0
2024-06-16T23:30:00Z,302.61111111111114,29.92,49.87,2.117307745579872,0
2024-06-17T00:00:00Z,233.11111111111114,29.92,51.14,2.0636675932382316,0
2024-06-17T00:30:00Z,233.11111111111114,29.92,51.14,2.0636675932382316,0
2024-06-17T01:00:00Z,38.916666666666664,27.89,59.58,1.5180894703680634,0
2024-06-17T01:30:00Z,38.916666666666664,27.89,59.58,1.5180894703680634,0
2024-06-17T02:00:00Z,4.916666666666667,26.25,64.91,1.1970734900430222,0
2024-06-17T02:30:00Z,4.916666666666667,26.25,64.91,1.1970734900430222,0
2024-06-17T03:00:00Z,0,25.47,61.91,1.2408014833042391,0
2024-06-17T03:30:00Z,0,25.47,61.91,1.2408014833042391,0
2024-06-17T04:00:00Z,0,24.32,69.14,0.9386724114965168,0
2024-06-17T04:30:00Z,0,24.32,69.14,0.9386724114965168,0
2024-06-17T05:00:00Z,0,23.87,71.55,0.8423229756268813,0
2024-06-17T05:30:00Z,0,23.87,71.55,0.8423229756268813,0
2024-06-17T06:00:00Z,0,22.79,77.9,0.613043011371635,0
2024-06-17T06:30:00Z,0,22.79,77.9,0.613043011371635,0
2024-06-17T07:00:00Z,0,21.97,82.2,0.4697598884497016,0
2024-06-17T07:30:00Z,0,21.97,82.2,0.4697598884497016,0
2024-06-17T08:00:00Z,0,21.64,82.9,0.4422862845802502,0
2024-06-17T08:30:00Z,0,21.64,82.9,0.4422862845802502,0
2024-06-17T09:00:00Z,0,21.62,86.3,0.3539133914273527,0
2024-06-17T09:30:00Z,0,21.62,86.3,0.3539133914273527,0
2024-06-17T10:00:00Z,0.4166666666666667,21.35,88.2,0.2998353302884018,0
2024-06-17T10:30:00Z,0.4166666666666667,21.35,88.2,0.2998353302884018,0
2024-06-17T11:00:00Z,19.833333333333336,21.09,89.9,0.2525795191990099,0
2024-06-17T11:30:00Z,19.833333333333336,21.09,89.9,0.2525795191990099,0
2024-06-17T12:00:00Z,87,22.2,86.1,0.37201037865887576,0
2024-06-17T12:30:00Z,87,22.2,86.1,0.37201037865887576,0
2024-06-17T13:00:00Z,144.22222222222223,23.67,82.2,0.5207073805507156,0
2024-06-17T13:30:00Z,144.22222222222223,23.67,82.2,0.5207073805507156,0
2024-06-17T14:00:00Z,428.52777777777783,26.01,76.23,0.7994866960609532,0
2024-06-17T14:30:00Z,428.52777777777783,26.01,76.23,0.7994866960609532,0
2024-06-17T15:00:00Z,575.1388888888889,28.18,70.81,1.1149785050557877,0
2024-06-17T15:30:00Z,575.1388888888889,28.18,70.81,1.1149785050557877,0
2024-06-17T16:00:00Z,673.6666666666666,30.02,65.79,1.453218543309168,0
2024-06-17T16:30:00Z,673.6666666666666,30.02,65.79,1.453218543309168,0
2024-06-17T17:00:00Z,777.1944444444445,30.92,63.23,1.644417380822139,0
2024-06-17T17:30:00Z,777.1944444444445,30.92,63.23,1.644417380822139,0
2024-06-17T18:00:00Z,792.8888888888889,31.33,61.31,1.7711074056362373,0
2024-06-17T18:30:00Z,792.8888888888889,31.33,61.31,1.7711074056362373,0
2024-06-17T19:00:00Z,804.2500000000001,31.92,57.56,2.008822092467922,0
2024-06-17T19:30:00Z,804.2500000000001,31.92,57.56,2.008822092467922,0
2024-06-17T20:00:00Z,725.1666666666666,32.14,55.24,2.1451324565830614,0
2024-06-17T20:30:00Z,725.1666666666666,32.14,55.24,2.1451324565830614,0
2024-06-17T21:00:00Z,595.8333333333334,31.9,54.02,2.1739217556719703,0
2024-06-17T21:30:00Z,595.8333333333334,31.9,54.02,2.1739217556719703,0
2024-06-17T22:00:00Z,527.75,32.23,48.3,2.490349411865677,0
2024-06-17T22:30:00Z,527.75,32.23,48.3,2.490349411865677,0
2024-06-17T23:00:00Z,389.00000000000006,32.14,47.69,2.5069678016948154,0
2024-06-17T23:30:00Z,389.00000000000006,32.14,47.69,2.5069678016948154,0
2024-06-18T00:00:00Z,230.5,31.66,49.78,2.342351386316691,0
2024-06-18T00:30:00Z,230.5,31.66,49.78,2.342351386316691,0
2024-06-18T01:00:00Z,111.19444444444446,30.61,56.45,1.913499920082887,0
2024-06-18T01:30:00Z,111.19444444444446,30.61,56.45,1.913499920082887,0
2024-06-18T02:00:00Z,7.583333333333334,28.23,62.21,1.4476770771289154,0
2024-06-18T02:30:00Z,7.583333333333334,28.23,62.21,1.4476770771289154,0
2024-06-18T03:00:00Z,0,26.33,71.04,0.9926252242255047,0
2024-06-18T03:30:00Z,0,26.33,71.04,0.9926252242255047,0
2024-06-18T04:00:00Z,0,25.52,76.03,0.7831553910071976,0
2024-06-18T04:30:00Z,0,25.52,76.03,0.7831553910071976,0
2024-06-18T05:00:00Z,0,25.63,78.88,0.6945555161374797,0.255
2024-06-18T05:30:00Z,0,25.63,78.88,0.6945555161374797,0.255
2024-06-18T06:00:00Z,0.02777777777777778,24.8,81.6,0.5759632803535979,0.125
2024-06-18T06:30:00Z,0.02777777777777778,24.8,81.6,0.5759632803535979,0.125
2024-06-18T07:00:00Z,0,24.06,84.5,0.4641754675689511,0
2024-06-18T07:30:00Z,0,24.06,84.5,0.4641754675689511,0
2024-06-18T08:00:00Z,0,24.62,84.3,0.4861943545069112,0
2024-06-18T08:30:00Z,0,24.62,84.3,0.4861943545069112,0
2024-06-18T09:00:00Z,0,23.78,88,0.35336897937503275,0
2024-06-18T09:30:00Z,0,23.78,88,0.35336897937503275,0
2024-06-18T10:00:00Z,0.22222222222222224,23.81,86.5,0.3982577090976922,0
2024-06-18T10:30:00Z,0.22222222222222224,23.81,86.5,0.3982577090976922,0
2024-06-18T11:00:00Z,31.38888888888889,23.86,84.9,0.4467991941826517,0
2024-06-18T11:30:00Z,31.38888888888889,23.86,84.9,0.4467991941826517,0
2024-06-18T12:00:00Z,117.05555555555556,24.81,80.9,0.5982316895120401,0
2024-06-18T12:30:00Z,117.05555555555556,24.81,80.9,0.5982316895120401,0
2024-06-18T13:00:00Z,261.5555555555556,25.96,76.12,0.8008157340185162,0
2024-06-18T13:30:00Z,261.5555555555556,25.96,76.12,0.8008157340185162,0
2024-06-18T14:00:00Z,292.33333333333337,26.82,72.96,0.9539340243823506,0
2024-06-18T14:30:00Z,292.33333333333337,26.82,72.96,0.9539340243823506,0
2024-06-18T15:00:00Z,287.52777777777777,26.93,70.37,1.0520796772437433,0
2024-06-18T15:30:00Z,287.52777777777777,26.93,70.37,1.0520796772437433,0
2024-06-18T16:00:00Z,332.1388888888889,26.26,75.35,0.8414156775723058,0
2024-06-18T16:30:00Z,332.1388888888889,26.26,75.35,0.8414156775723058,0
2024-06-18T17:00:00Z,387.83333333333337,25.5,81.9,0.5906675480977315,0
2024-06-18T17:30:00Z,387.83333333333337,25.5,81.9,0.5906675480977315,0
2024-06-18T18:00:00Z,497.1111111111111,27.1,73.84,0.9381788441574361,0
2024-06-18T18:30:00Z,497.1111111111111,27.1,73.84,0.9381788441574361,0
2024-06-18T19:00:00Z,580.7777777777778,27.96,70.06,1.1290780293185172,0
2024-06-18T19:30:00Z,580.7777777777778,27.96,70.06,1.1290780293185172,0
2024-06-18T20:00:00Z,457.1666666666667,28.69,67.03,1.2971960511082172,0
2024-06-18T20:30:00Z,457.1666666666667,28.69,67.03,1.2971960511082172,0
2024-06-18T21:00:00Z,464.02777777777777,29.41,64.01,1.4761552412840317,0
2024-06-18T21:30:00Z,464.02777777777777,29.41,64.01,1.4761552412840317,0
2024-06-18T22:00:00Z,427.6666666666667,30.22,60.3,1.705869975696797,0
2024-06-18T22:30:00Z,427.6666666666667,30.22,60.3,1.705869975696797,0
2024-06-18T23:00:00Z,389.44444444444446,30.82,54.22,2.0357260666815042,0
2024-06-18T23:30:00Z,389.44444444444446,30.82,54.22,2.0357260666815042,0
2024-06-19T00:00:00Z,239.7777777777778,30.27,56.89,1.8577046549474425,0
2024-06-19T00:30:00Z,239.7777777777778,30.27,56.89,1.8577046549474425,0
2024-06-19T01:00:00Z,110.25,29.32,58.48,1.6941619635465361,0
2024-06-19T01:30:00Z,110.25,29.32,58.48,1.6941619635465361,0
2024-06-19T02:00:00Z,9.611111111111112,27.55,65.59,1.2669804686880126,0
2024-06-19T02:30:00Z,9.611111111111112,27.55,65.59,1.2669804686880126,0
2024-06-19T03:00:00Z,0,26.84,70.53,1.0408832533003518,0
2024-06-19T03:30:00Z,0,26.84,70.53,1.0408832533003518,0
2024-06-19T04:00:00Z,0,26.49,72.75,0.9428620081058501,0
2024-06-19T04:30:00Z,0,26.49,72.75,0.9428620081058501,0
2024-06-19T05:00:00Z,0,26.47,72.67,0.9445167699477417,0
2024-06-19T05:30:00Z,0,26.47,72.67,0.9445167699477417,0
2024-06-19T06:00:00Z,0,25.64,76.33,0.7788767675047099,0
2024-06-19T06:30:00Z,0,25.64,76.33,0.7788767675047099,0
2024-06-19T07:00:00Z,0,25.65,74.99,0.8234582878676089,0
2024-06-19T07:30:00Z,0,25.65,74.99,0.8234582878676089,0
2024-06-19T08:00:00Z,0,25.47,74.39,0.8342590177847615,0
2024-06-19T08:30:00Z,0,25.47,74.39,0.8342590177847615,0
2024-06-19T09:00:00Z,0,25.55,75.46,0.8032068003349209,0
2024-06-19T09:30:00Z,0,25.55,75.46,0.8032068003349209,0
2024-06-19T10:00:00Z,0.2777777777777778,25.41,74.95,0.8131152798612522,0
2024-06-19T10:30:00Z,0.2777777777777778,25.41,74.95,0.8131152798612522,0
2024-06-19T11:00:00Z,15.36111111111111,25.47,72.84,0.8847510707939912,0
2024-06-19T11:30:00Z,15.36111111111111,25.47,72.84,0.8847510707939912,0
2024-06-19T12:00:00Z,47.138888888888886,25.38,73.92,0.8450419024847986,0
2024-06-19T12:30:00Z,47.138888888888886,25.38,73.92,0.8450419024847986,0
2024-06-19T13:00:00Z,118.86111111111111,25.45,74.47,0.830666274464404,0
2024-06-19T13:30:00Z,118.86111111111111,25.45,74.47,0.830666274464404,0
2024-06-19T14:00:00Z,278.94444444444446,25.89,74.04,0.866971547890595,0
2024-06-19T14:30:00Z,278.94444444444446,25.89,74.04,0.866971547890595,0
2024-06-19T15:00:00Z,603.9444444444445,27.57,69.3,1.1316993008875866,0
2024-06-19T15:30:00Z,603.9444444444445,27.57,69.3,1.1316993008875866,0
2024-06-19T16:00:00Z,727,28.55,67.04,1.2863233743482159,0
2024-06-19T16:30:00Z,727,28.55,67.04,1.2863233743482159,0
2024-06-19T17:00:00Z,788.1666666666667,29.22,65.23,1.4105795880513123,0
2024-06-19T17:30:00Z,788.1666666666667,29.22,65.23,1.4105795880513123,0
2024-06-19T18:00:00Z,821.3333333333334,30.09,62.32,1.6070587157894747,0
2024-06-19T18:30:00Z,821.3333333333334,30.09,62.32,1.6070587157894747,0
2024-06-19T19:00:00Z,810.1388888888889,30.75,58.66,1.8309669596354108,0
2024-06-19T19:30:00Z,810.1388888888889,30.75,58.66,1.8309669596354108,0
2024-06-19T20:00:00Z,752.7777777777778,31.39,54.07,2.109706935290922,0
2024-06-19T20:30:00Z,752.7777777777778,31.39,54.07,2.109706935290922,0
2024-06-19T21:00:00Z,619.3888888888889,31.3,51.92,2.197205221787427,0
2024-06-19T21:30:00Z,619.3888888888889,31.3,51.92,2.197205221787427,0
2024-06-19T22:00:00Z,501.7222222222223,31.04,50.76,2.2171950131169154,0
2024-06-19T22:30:00Z,501.7222222222223,31.04,50.76,2.2171950131169154,0
2024-06-19T23:00:00Z,317.1111111111111,30.48,53.58,2.0245116001669503,0
2024-06-19T23:30:00Z,317.1111111111111,30.48,53.58,2.0245116001669503,0
2024-06-20T00:00:00Z,172.22222222222223,29.7,60.25,1.6578123856682168,0
2024-06-20T00:30:00Z,172.22222222222223,29.7,60.25,1.6578123856682168,0
2024-06-20T01:00:00Z,66.72222222222223,27.54,71.19,1.0601681786218071,0
2024-06-20T01:30:00Z,66.72222222222223,27.54,71.19,1.0601681786218071,0
2024-06-20T02:00:00Z,2.138888888888889,25.64,79.21,0.6841084916106008,0
2024-06-20T02:30:00Z,2.138888888888889,25.64,79.21,0.6841084916106008,0
2024-06-20T03:00:00Z,0,24.51,82.3,0.5445383684166791,0
2024-06-20T03:30:00Z,0,24.51,82.3,0.5445383684166791,0
2024-06-20T04:00:00Z,0.22222222222222224,22.28,91.7,0.22321948869864316,2.16
2024-06-20T04:30:00Z,0.22222222222222224,22.28,91.7,0.22321948869864316,2.16
2024-06-20T05:00:00Z,0.19444444444444445,21.68,95.8,0.10889759081426575,0
2024-06-20T05:30:00Z,0.19444444444444445,21.68,95.8,0.10889759081426575,0
2024-06-20T06:00:00Z,0.05555555555555556,21.51,97.4,0.06671572024511763,0
2024-06-20T06:30:00Z,0.05555555555555556,21.51,97.4,0.06671572024511763,0
2024-06-20T07:00:00Z,0.11111111111111112,21.55,97.9,0.054017789999305954,0
2024-06-20T07:30:00Z,0.11111111111111112,21.55,97.9,0.054017789999305954,0
2024-06-20T08:00:00Z,0.11111111111111112,20.89,97.8,0.05434552211771537,0.125
2024-06-20T08:30:00Z,0.11111111111111112,20.89,97.8,0.05434552211771537,0.125
2024-06-20T09:00:00Z,0.19444444444444445,21,97,0.07461016191816183,0
2024-06-20T09:30:00Z,0.19444444444444445,21,97,0.07461016191816183,0
2024-06-20T10:00:00Z,0.888888888888889,21.18,96.1,0.09807080152579006,0
2024-06-20T10:30:00Z,0.888888888888889,21.18,96.1,0.09807080152579006,0
2024-06-20T11:00:00Z,29.500000000000004,21.28,96,0.10120407380813567,0
2024-06-20T11:30:00Z,29.500000000000004,21.28,96,0.10120407380813567,0
2024-06-20T12:00:00Z,128.88888888888889,22.36,93.4,0.17836531708688952,0
2024-06-20T12:30:00Z,128.88888888888889,22.36,93.4,0.17836531708688952,0
2024-06-20T13:00:00Z,281.25,24.13,87.2,0.3849318420346304,0
2024-06-20T13:30:00Z,281.25,24.13,87.2,0.3849318420346304,0
2024-06-20T14:00:00Z,424.77777777777783,25.25,83.2,0.5401632652798076,0
2024-06-20T14:30:00Z,424.77777777777783,25.25,83.2,0.5401632652798076,0
2024-06-20T15:00:00Z,584.2222222222222,25.98,81,0.6379188688008379,0
2024-06-20T15:30:00Z,584.2222222222222,25.98,81,0.6379188688008379,0
2024-06-20T16:00:00Z,746.7222222222222,27.18,77,0.8287277534656363,0
2024-06-20T16:30:00Z,746.7222222222222,27.18,77,0.8287277534656363,0
2024-06-20T17:00:00Z,754.0277777777778,27.97,74.8,0.9508798394306375,0
2024-06-20T17:30:00Z,754.0277777777778,27.97,74.8,0.9508798394306375,0
2024-06-20T18:00:00Z,443.69444444444446,27.68,75.48,0.909709237736855,0
2024-06-20T18:30:00Z,443.69444444444446,27.68,75.48,0.909709237736855,0
2024-06-20T19:00:00Z,717.5277777777778,28.62,73,1.0580082216508835,0
2024-06-20T19:30:00Z,717.5277777777778,28.62,73,1.0580082216508835,0
2024-06-20T20:00:00Z,621.3333333333334,29.01,71.14,1.1567067904214179,0
2024-06-20T20:30:00Z,621.3333333333334,29.01,71.14,1.1567067904214179,0
2024-06-20T21:00:00Z,388.19444444444446,27.27,74.01,0.9414115565869516,0
2024-06-20T21:30:00Z,388.19444444444446,27.27,74.01,0.9414115565869516,0
2024-06-20T22:00:00Z,296.72222222222223,25.52,82.8,0.5619638183280684,0
2024-06-20T22:30:00Z,296.72222222222223,25.52,82.8,0.5619638183280684,0
2024-06-20T23:00:00Z,372.0555555555556,27.11,80.6,0.6961522193511098,0
2024-06-20T23:30:00Z,372.0555555555556,27.11,80.6,0.6961522193511098,0
2024-06-21T00:00:00Z,206.5277777777778,27.19,80.9,0.6886076558750145,0
2024-06-21T00:30:00Z,206.5277777777778,27.19,80.9,0.6886076558750145,0
2024-06-21T01:00:00Z,60.52777777777778,26.12,85.7,0.4841062700720662,0
2024-06-21T01:30:00Z,60.52777777777778,26.12,85.7,0.4841062700720662,0
2024-06-21T02:00:00Z,4.138888888888889,24.42,90.3,0.29681731138724077,0
2024-06-21T02:30:00Z,4.138888888888889,24.42,90.3,0.29681731138724077,0
2024-06-21T03:00:00Z,0,23.11,92.3,0.21777016100515834,0
2024-06-21T03:30:00Z,0,23.11,92.3,0.21777016100515834,0
2024-06-21T04:00:00Z,0,22.2,93.7,0.16860902054323113,0
2024-06-21T04:30:00Z,0,22.2,93.7,0.16860902054323113,0
2024-06-21T05:00:00Z,0,21.55,93.6,0.1646256457121713,0
2024-06-21T05:30:00Z,0,21.55,93.6,0.1646256457121713,0
2024-06-21T06:00:00Z,0,20.83,93.4,0.16243615687892854,0
2024-06-21T06:30:00Z,0,20.83,93.4,0.16243615687892854,0
2024-06-21T07:00:00Z,0,20.19,94.4,0.1324917937508987,0
2024-06-21T07:30:00Z,0,20.19,94.4,0.1324917937508987,0
2024-06-21T08:00:00Z,0,19.65,95.1,0.11211677427350608,0
2024-06-21T08:30:00Z,0,19.65,95.1,0.11211677427350608,0
2024-06-21T09:00:00Z,0,19.27,96.5,0.07821383752763378,0
2024-06-21T09:30:00Z,0,19.27,96.5,0.07821383752763378,0
2024-06-21T10:00:00Z,0.2777777777777778,19.14,96.5,0.07758307155849797,0
2024-06-21T10:30:00Z,0.2777777777777778,19.14,96.5,0.07758307155849797,0
2024-06-21T11:00:00Z,17.38888888888889,19.12,96.4,0.07970032460968302,0
2024-06-21T11:30:00Z,17.38888888888889,19.12,96.4,0.07970032460968302,0
2024-06-21T12:00:00Z,77.58333333333334,19.81,95.1,0.11323510457006858,0
2024-06-21T12:30:00Z,77.58333333333334,19.81,95.1,0.11323510457006858,0
2024-06-21T13:00:00Z,175.38888888888889,21.6,89.6,0.2683358835077385,0
2024-06-21T13:30:00Z,175.38888888888889,21.6,89.6,0.2683358835077385,0
2024-06-21T14:00:00Z,435,24.13,83.4,0.49920848263866135,0
2024-06-21T14:30:00Z,435,24.13,83.4,0.49920848263866135,0
2024-06-21T15:00:00Z,588.25,26.7,74.51,0.8929321567842754,0
2024-06-21T15:30:00Z,588.25,26.7,74.51,0.8929321567842754,0
2024-06-21T16:00:00Z,698.3055555555557,28.35,67.34,1.2599079644111968,0
2024-06-21T16:30:00Z,698.3055555555557,28.35,67.34,1.2599079644111968,0
2024-06-21T17:00:00Z,681.3333333333334,29.19,65.52,1.3963953425920361,0
2024-06-21T17:30:00Z,681.3333333333334,29.19,65.52,1.3963953425920361,0
2024-06-21T18:00:00Z,787.9722222222222,30.04,61.82,1.623722736816966,0
2024-06-21T18:30:00Z,787.9722222222222,30.04,61.82,1.623722736816966,0
2024-06-21T19:00:00Z,714.5833333333334,30,62.16,1.6055758182344109,0
2024-06-21T19:30:00Z,714.5833333333334,30,62.16,1.6055758182344109,0
2024-06-21T20:00:00Z,749.4444444444445,30.1,64.09,1.5324460008405851,0
2024-06-21T20:30:00Z,749.4444444444445,30.1,64.09,1.5324460008405851,0
2024-06-21T21:00:00Z,649.0833333333333,30.02,63.73,1.5407260030933507,0
2024-06-21T21:30:00Z,649.0833333333333,30.02,63.73,1.5407260030933507,0
2024-06-21T22:00:00Z,514.8055555555555,30.01,63.1,1.5665892759056992,0
2024-06-21T22:30:00Z,514.8055555555555,30.01,63.1,1.5665892759056992,0
2024-06-21T23:00:00Z,336.80555555555554,29.49,62.36,1.5509608662873458,0
2024-06-21T23:30:00Z,336.80555555555554,29.49,62.36,1.5509608662873458,0
2024-06-22T00:00:00Z,144,28.74,64.28,1.4094695274994615,0
2024-06-22T00:30:00Z,144,28.74,64.28,1.4094695274994615,0
2024-06-22T01:00:00Z,52.138888888888886,26.57,73.69,0.9146355045671766,0
2024-06-22T01:30:00Z,52.138888888888886,26.57,73.69,0.9146355045671766,0
2024-06-22T02:00:00Z,3.1388888888888893,23.29,89,0.31450047440944084,0
2024-06-22T02:30:00Z,3.1388888888888893,23.29,89,0.31450047440944084,0
2024-06-22T03:00:00Z,0,21.84,94.5,0.14400410512546813,0
2024-06-22T03:30:00Z,0,21.84,94.5,0.14400410512546813,0
2024-06-22T04:00:00Z,0,21.93,92.5,0.1974503672343615,0
2024-06-22T04:30:00Z,0,21.93,92.5,0.1974503672343615,0
2024-06-22T05:00:00Z,0,21.28,94.3,0.14421580517659338,0
2024-06-22T05:30:00Z,0,21.28,94.3,0.14421580517659338,0
2024-06-22T06:00:00Z,0,21.32,94.9,0.12935188356254734,0
2024-06-22T06:30:00Z,0,21.32,94.9,0.12935188356254734,0
2024-06-22T07:00:00Z,0,21.36,96.1,0.09915883973275452,0
2024-06-22T07:30:00Z,0,21.36,96.1,0.09915883973275452,0
2024-06-22T08:00:00Z,0,21.2,96.8,0.08056711974688957,0
2024-06-22T08:30:00Z,0,21.2,96.8,0.08056711974688957,0
2024-06-22T09:00:00Z,0,20.92,96.7,0.08166874889438169,0
2024-06-22T09:30:00Z,0,20.92,96.7,0.08166874889438169,0
2024-06-22T10:00:00Z,0.11111111111111112,21.35,92.5,0.1905733031494079,0
2024-06-22T10:30:00Z,0.11111111111111112,21.35,92.5,0.1905733031494079,0
2024-06-22T11:00:00Z,5.5,21.82,88.9,0.2902719352191916,0
2024-06-22T11:30:00Z,5.5,21.82,88.9,0.2902719352191916,0
2024-06-22T12:00:00Z,22.833333333333336,21.4,94.4,0.14273115351443488,0.635
2024-06-22T12:30:00Z,22.833333333333336,21.4,94.4,0.14273115351443488,0.635
2024-06-22T13:00:00Z,76.36111111111111,21.38,95.9,0.10437168307509959,0
2024-06-22T13:30:00Z,76.36111111111111,21.38,95.9,0.10437168307509959,0
2024-06-22T14:00:00Z,83.97222222222223,21.89,95.4,0.12080779041470358,0.255
2024-06-22T14:30:00Z,83.97222222222223,21.89,95.4,0.12080779041470358,0.255
2024-06-22T15:00:00Z,189.61111111111111,22.72,94.9,0.1408726311007884,0
2024-06-22T15:30:00Z,189.61111111111111,22.72,94.9,0.1408726311007884,0
2024-06-22T16:00:00Z,305.83333333333337,24.9,87,0.40936449830125676,0
2024-06-22T16:30:00Z,305.83333333333337,24.9,87,0.40936449830125676,0
2024-06-22T17:00:00Z,233.7777777777778,25.75,82.2,0.5895505549497608,0
2024-06-22T17:30:00Z,233.7777777777778,25.75,82.2,0.5895505549497608,0
2024-06-22T18:00:00Z,212.91666666666669,25.69,76.26,0.7834984063674306,0
2024-06-22T18:30:00Z,212.91666666666669,25.69,76.26,0.7834984063674306,0
2024-06-22T19:00:00Z,121.83333333333334,24.91,84.5,0.4883794691734402,0.255
2024-06-22T19:30:00Z,121.83333333333334,24.91,84.5,0.4883794691734402,0.255
2024-06-22T20:00:00Z,192.13888888888891,24.97,85.9,0.4458591223150554,0.125
2024-06-22T20:30:00Z,192.13888888888891,24.97,85.9,0.4458591223150554,0.125
2024-06-22T21:00:00Z,67.52777777777779,23.35,93.3,0.19225410916661367,0.51
2024-06-22T21:30:00Z,67.52777777777779,23.35,93.3,0.19225410916661367,0.51
2024-06-22T22:00:00Z,40.19444444444444,22.71,96.3,0.10213978008654134,1.78
2024-06-22T22:30:00Z,40.19444444444444,22.71,96.3,0.10213978008654134,1.78
2024-06-22T23:00:00Z,108.27777777777779,22.87,95.3,0.13100887374110126,0.125
2024-06-22T23:30:00Z,108.27777777777779,22.87,95.3,0.13100887374110126,0.125
2024-06-23T00:00:00Z,64.66666666666667,23.28,91.8,0.2343043582858595,0
2024-06-23T00:30:00Z,64.66666666666667,23.28,91.8,0.2343043582858595,0
2024-06-23T01:00:00Z,1.8333333333333333,22.31,95.4,0.12393791125949205,2.54
2024-06-23T01:30:00Z,1.8333333333333333,22.31,95.4,0.12393791125949205,2.54
2024-06-23T02:00:00Z,0.3333333333333333,21.71,97.4,0.06753646562386395,0.51
2024-06-23T02:30:00Z,0.3333333333333333,21.71,97.4,0.06753646562386395,0.51
2024-06-23T03:00:00Z,0.08333333333333333,21.76,97.5,0.06513752399263506,1.015
2024-06-23T03:30:00Z,0.08333333333333333,21.76,97.5,0.06513752399263506,1.015
2024-06-23T04:00:00Z,0.05555555555555556,21.49,96.6,0.08713693535812794,3.175
2024-06-23T04:30:00Z,0.05555555555555556,21.49,96.6,0.08713693535812794,3.175
2024-06-23T05:00:00Z,0.08333333333333333,21.13,97.6,0.06016641623377339,0.51
2024-06-23T05:30:00Z,0.08333333333333333,21.13,97.6,0.06016641623377339,0.51
2024-06-23T06:00:00Z,0.05555555555555556,21.03,95.6,0.10963004699748158,0
2024-06-23T06:30:00Z,0.05555555555555556,21.03,95.6,0.10963004699748158,0
2024-06-23T07:00:00Z,0.08333333333333333,20.55,97,0.0725726025968636,0
2024-06-23T07:30:00Z,0.08333333333333333,20.55,97,0.0725726025968636,0
2024-06-23T08:00:00Z,0.08333333333333333,20.57,96.8,0.07750625804426647,0.125
2024-06-23T08:30:00Z,0.08333333333333333,20.57,96.8,0.07750625804426647,0.125
2024-06-23T09:00:00Z,0.11111111111111112,20.4,97.3,0.06471388108202536,0.89
2024-06-23T09:30:00Z,0.11111111111111112,20.4,97.3,0.06471388108202536,0.89
2024-06-23T10:00:00Z,0.4166666666666667,19.15,97.2,0.06210514681527668,0
2024-06-23T10:30:00Z,0.4166666666666667,19.15,97.2,0.06210514681527668,0
2024-06-23T11:00:00Z,10.333333333333334,17.75,96.7,0.06704832591820642,0
2024-06-23T11:30:00Z,10.333333333333334,17.75,96.7,0.06704832591820642,0
2024-06-23T12:00:00Z,94.25000000000001,17.83,96.6,0.06942902525575967,0
2024-06-23T12:30:00Z,94.25000000000001,17.83,96.6,0.06942902525575967,0
2024-06-23T13:00:00Z,99.3888888888889,18.11,95.1,0.10183708719625884,0
2024-06-23T13:30:00Z,99.3888888888889,18.11,95.1,0.10183708719625884,0
2024-06-23T14:00:00Z,180.63888888888889,18.39,93.5,0.1374846567187602,0
2024-06-23T14:30:00Z,180.63888888888889,18.39,93.5,0.1374846567187602,0
2024-06-23T15:00:00Z,207.11111111111111,18.73,90.3,0.20958315421459672,0
2024-06-23T15:30:00Z,207.11111111111111,18.73,90.3,0.20958315421459672,0
2024-06-23T16:00:00Z,295.83333333333337,19.18,88.5,0.255551940948777,0
2024-06-23T16:30:00Z,295.83333333333337,19.18,88.5,0.255551940948777,0
2024-06-23T17:00:00Z,381.19444444444446,19.83,84.5,0.3586370370501677,0
2024-06-23T17:30:00Z,381.19444444444446,19.83,84.5,0.3586370370501677,0
2024-06-23T18:00:00Z,329.30555555555554,20.07,82.7,0.4062788611406616,0
2024-06-23T18:30:00Z,329.30555555555554,20.07,82.7,0.4062788611406616,0
2024-06-23T19:00:00Z,527.4722222222223,21.28,77.18,0.5773692410754139,0
2024-06-23T19:30:00Z,527.4722222222223,21.28,77.18,0.5773692410754139,0
2024-06-23T20:00:00Z,584.9722222222223,21.99,71.78,0.7456627330691665,0
2024-06-23T20:30:00Z,584.9722222222223,21.99,71.78,0.7456627330691665,0
2024-06-23T21:00:00Z,543.5277777777778,22.69,69.91,0.8296383330559205,0
2024-06-23T21:30:00Z,543.5277777777778,22.69,69.91,0.8296383330559205,0
2024-06-23T22:00:00Z,504.72222222222223,22.95,67.47,0.9111498495384911,0
2024-06-23T22:30:00Z,504.72222222222223,22.95,67.47,0.9111498495384911,0
2024-06-23T23:00:00Z,393.8888888888889,23.01,64.25,1.0049815976768377,0
2024-06-23T23:30:00Z,393.8888888888889,23.01,64.25,1.0049815976768377,0
2024-06-24T00:00:00Z,232.22222222222223,22.6,65.41,0.9485202519860734,0
2024-06-24T00:30:00Z,232.22222222222223,22.6,65.41,0.9485202519860734,0
2024-06-24T01:00:00Z,73.58333333333333,21.54,71.69,0.727765972757408,0
2024-06-24T01:30:00Z,73.58333333333333,21.54,71.69,0.727765972757408,0
2024-06-24T02:00:00Z,5.611111111111112,19.5,84.2,0.35816705595491105,0
2024-06-24T02:30:00Z,5.611111111111112,19.5,84.2,0.35816705595491105,0
2024-06-24T03:00:00Z,0,17.69,93,0.14168700614256213,0
2024-06-24T03:30:00Z,0,17.69,93,0.14168700614256213,0
2024-06-24T04:00:00Z,0,17.36,95.4,0.09118951405032405,2.665
2024-06-24T04:30:00Z,0,17.36,95.4,0.09118951405032405,2.665
2024-06-24T05:00:00Z,0.02777777777777778,15.42,95.7,0.07533638532681741,7.495
2024-06-24T05:30:00Z,0.02777777777777778,15.42,95.7,0.07533638532681741,7.495
2024-06-24T06:00:00Z,0.05555555555555556,15.04,98.1,0.032485114110861524,0.125
2024-06-24T06:30:00Z,0.05555555555555556,15.04,98.1,0.032485114110861524,0.125
2024-06-24T07:00:00Z,0.1388888888888889,14.21,98.3,0.02754885596212686,0
2024-06-24T07:30:00Z,0.1388888888888889,14.21,98.3,0.02754885596212686,0
2024-06-24T08:00:00Z,0.1388888888888889,13.51,98.7,0.020130184799152406,0
2024-06-24T08:30:00Z,0.1388888888888889,13.51,98.7,0.020130184799152406,0
2024-06-24T09:00:00Z,0.1388888888888889,13.37,98.8,0.018412907498261077,0
2024-06-24T09:30:00Z,0.1388888888888889,13.37,98.8,0.018412907498261077,0
2024-06-24T10:00:00Z,0.5555555555555556,13.43,98.9,0.01694466170903608,0
2024-06-24T10:30:00Z,0.5555555555555556,13.43,98.9,0.01694466170903608,0
2024-06-24T11:00:00Z,22.611111111111114,13.47,99,0.015444451675797888,0
2024-06-24T11:30:00Z,22.611111111111114,13.47,99,0.015444451675797888,0
2024-06-24T12:00:00Z,87.13888888888889,14.17,99,0.016163262420479274,0
2024-06-24T12:30:00Z,87.13888888888889,14.17,99,0.016163262420479274,0
2024-06-24T13:00:00Z,321.3888888888889,16.15,96.8,0.05874499208870376,0
2024-06-24T13:30:00Z,321.3888888888889,16.15,96.8,0.05874499208870376,0
2024-06-24T14:00:00Z,478.8333333333333,19.04,84,0.35246125587740273,0
2024-06-24T14:30:00Z,478.8333333333333,19.04,84,0.35246125587740273,0
2024-06-24T15:00:00Z,622.4444444444446,20.9,77.81,0.5484857729017645,0
2024-06-24T15:30:00Z,622.4444444444446,20.9,77.81,0.5484857729017645,0
2024-06-24T16:00:00Z,734.8055555555557,22.24,72.97,0.725175870512915,0
2024-06-24T16:30:00Z,734.8055555555557,22.24,72.97,0.725175870512915,0
2024-06-24T17:00:00Z,816.8611111111111,23.57,64.51,1.0319660381496876,0
2024-06-24T17:30:00Z,816.8611111111111,23.57,64.51,1.0319660381496876,0
2024-06-24T18:00:00Z,859.6666666666667,24.65,58.64,1.2831251587643875,0
2024-06-24T18:30:00Z,859.6666666666667,24.65,58.64,1.2831251587643875,0
2024-06-24T19:00:00Z,600.4444444444445,25.14,57.77,1.3489488857772416,0
2024-06-24T19:30:00Z,600.4444444444445,25.14,57.77,1.3489488857772416,0
2024-06-24T20:00:00Z,740.3888888888889,25.88,56,1.4685741566360027,0
2024-06-24T20:30:00Z,740.3888888888889,25.88,56,1.4685741566360027,0
2024-06-24T21:00:00Z,671.8888888888889,26.37,53.19,1.6082352491934686,0
2024-06-24T21:30:00Z,671.8888888888889,26.37,53.19,1.6082352491934686,0
2024-06-24T22:00:00Z,436.86111111111114,26.12,54.16,1.5518483510561898,0
2024-06-24T22:30:00Z,436.86111111111114,26.12,54.16,1.5518483510561898,0
2024-06-24T23:00:00Z,374.9166666666667,25.97,53.74,1.5522465356893858,0
2024-06-24T23:30:00Z,374.9166666666667,25.97,53.74,1.5522465356893858,0
2024-06-25T00:00:00Z,209.61111111111111,25.1,51.86,1.5340753399254983,0
2024-06-25T00:30:00Z,209.61111111111111,25.1,51.86,1.5340753399254983,0
2024-06-25T01:00:00Z,65.41666666666667,21.96,70.08,0.7891376001880792,0
2024-06-25T01:30:00Z,65.41666666666667,21.96,70.08,0.7891376001880792,0
2024-06-25T02:00:00Z,5.194444444444445,18.56,86.4,0.2907399669375259,0
2024-06-25T02:30:00Z,5.194444444444445,18.56,86.4,0.2907399669375259,0
2024-06-25T03:00:00Z,0,17.04,91,0.17483820470568223,0
2024-06-25T03:30:00Z,0,17.04,91,0.17483820470568223,0
2024-06-25T04:00:00Z,0,17.05,90.1,0.19244389895013558,0
2024-06-25T04:30:00Z,0,17.05,90.1,0.19244389895013558,0
2024-06-25T05:00:00Z,0,19.78,71.61,0.6548511425023391,0
2024-06-25T05:30:00Z,0,19.78,71.61,0.6548511425023391,0
2024-06-25T06:00:00Z,0,19.7,71.31,0.6584952816587706,0
2024-06-25T06:30:00Z,0,19.7,71.31,0.6584952816587706,0
2024-06-25T07:00:00Z,0,19.54,73.31,0.6065358979429736,0
2024-06-25T07:30:00Z,0,19.54,73.31,0.6065358979429736,0
2024-06-25T08:00:00Z,0,20.51,73.69,0.6348941794715737,0
2024-06-25T08:30:00Z,0,20.51,73.69,0.6348941794715737,0
2024-06-25T09:00:00Z,0,21.42,74.29,0.6560918780930927,0
2024-06-25T09:30:00Z,0,21.42,74.29,0.6560918780930927,0
2024-06-25T10:00:00Z,0,21.72,77.6,0.5822081648085526,3.175
2024-06-25T10:30:00Z,0,21.72,77.6,0.5822081648085526,3.175
2024-06-25T11:00:00Z,0.08333333333333333,19.16,95.4,0.10209348014760478,4.32
2024-06-25T11:30:00Z,0.08333333333333333,19.16,95.4,0.10209348014760478,4.32
2024-06-25T12:00:00Z,0.8055555555555556,19.28,95,0.11180363324550369,1.525
2024-06-25T12:30:00Z,0.8055555555555556,19.28,95,0.11180363324550369,1.525
2024-06-25T13:00:00Z,2.805555555555556,19.02,95.8,0.09240573672219554,0.38
2024-06-25T13:30:00Z,2.805555555555556,19.02,95.8,0.09240573672219554,0.38
2024-06-25T14:00:00Z,70.08333333333334,18.77,96.7,0.07147998706711256,0
2024-06-25T14:30:00Z,70.08333333333334,18.77,96.7,0.07147998706711256,0
2024-06-25T15:00:00Z,164.63888888888891,19.32,95.6,0.09863245124831943,0
2024-06-25T15:30:00Z,164.63888888888891,19.32,95.6,0.09863245124831943,0
2024-06-25T16:00:00Z,298.3888888888889,21.01,90.6,0.23392214305001824,0
2024-06-25T16:30:00Z,298.3888888888889,21.01,90.6,0.23392214305001824,0
2024-06-25T17:00:00Z,271.6388888888889,22.22,84.5,0.41533689952481545,0
2024-06-25T17:30:00Z,271.6388888888889,22.22,84.5,0.41533689952481545,0
2024-06-25T18:00:00Z,355.61111111111114,23.41,79.79,0.5820209624342261,0
2024-06-25T18:30:00Z,355.61111111111114,23.41,79.79,0.5820209624342261,0
2024-06-25T19:00:00Z,241.44444444444446,24.25,79.73,0.6139756472205806,0
2024-06-25T19:30:00Z,241.44444444444446,24.25,79.73,0.6139756472205806,0
2024-06-25T20:00:00Z,259.75,24.42,82.3,0.5416150939746562,0
2024-06-25T20:30:00Z,259.75,24.42,82.3,0.5416150939746562,0
2024-06-25T21:00:00Z,178.66666666666669,24.72,84.2,0.4922217009250427,0
2024-06-25T21:30:00Z,178.66666666666669,24.72,84.2,0.4922217009250427,0
2024-06-25T22:00:00Z,339.00000000000006,26.33,81.8,0.6238183384290119,0
2024-06-25T22:30:00Z,339.00000000000006,26.33,81.8,0.6238183384290119,0
2024-06-25T23:00:00Z,239.86111111111111,26.43,83,0.5861321633126257,0
2024-06-25T23:30:00Z,239.86111111111111,26.43,83,0.5861321633126257,0
2024-06-26T00:00:00Z,149.86111111111111,25.9,84.6,0.5146095131327795,0
2024-06-26T00:30:00Z,149.86111111111111,25.9,84.6,0.5146095131327795,0
2024-06-26T01:00:00Z,60.47222222222222,25.39,86.3,0.44416993208215194,0
2024-06-26T01:30:00Z,60.47222222222222,25.39,86.3,0.44416993208215194,0
2024-06-26T02:00:00Z,6.583333333333333,23.13,94.4,0.15856982570765066,0
2024-06-26T02:30:00Z,6.583333333333333,23.13,94.4,0.15856982570765066,0
2024-06-26T03:00:00Z,0,21.97,97,0.07917301490725315,0
2024-06-26T03:30:00Z,0,21.97,97,0.07917301490725315,0
2024-06-26T04:00:00Z,0,21,97.7,0.05720112413725742,0
2024-06-26T04:30:00Z,0,21,97.7,0.05720112413725742,0
2024-06-26T05:00:00Z,0,20.48,98.4,0.03853869928351017,0
2024-06-26T05:30:00Z,0,20.48,98.4,0.03853869928351017,0
2024-06-26T06:00:00Z,0.02777777777777778,19.91,98.3,0.039529858582272315,0
2024-06-26T06:30:00Z,0.02777777777777778,19.91,98.3,0.039529858582272315,0
2024-06-26T07:00:00Z,0.02777777777777778,19.2,98.3,0.0378243390117432,0
2024-06-26T07:30:00Z,0.02777777777777778,19.2,98.3,0.0378243390117432,0
2024-06-26T08:00:00Z,0.02777777777777778,18.45,97.9,0.04458545567176708,0
2024-06-26T08:30:00Z,0.02777777777777778,18.45,97.9,0.04458545567176708,0
2024-06-26T09:00:00Z,0.02777777777777778,18.32,98.4,0.03369416357347488,0
2024-06-26T09:30:00Z,0.02777777777777778,18.32,98.4,0.03369416357347488,0
2024-06-26T10:00:00Z,1.0555555555555556,18.47,98.6,0.029760904497140306,0
2024-06-26T10:30:00Z,1.0555555555555556,18.47,98.6,0.029760904497140306,0
2024-06-26T11:00:00Z,9.277777777777779,17.99,98.7,0.026814993339349336,0
2024-06-26T11:30:00Z,9.277777777777779,17.99,98.7,0.026814993339349336,0
2024-06-26T12:00:00Z,40.361111111111114,18.55,98.8,0.02563747138034511,0
2024-06-26T12:30:00Z,40.361111111111114,18.55,98.8,0.02563747138034511,0
2024-06-26T13:00:00Z,51.55555555555556,19.08,98.6,0.030917381168125146,0
2024-06-26T13:30:00Z,51.55555555555556,19.08,98.6,0.030917381168125146,0
2024-06-26T14:00:00Z,86.63888888888889,19.62,97.1,0.06623136368865579,0
2024-06-26T14:30:00Z,86.63888888888889,19.62,97.1,0.06623136368865579,0
2024-06-26T15:00:00Z,67.44444444444446,19.65,94,0.13728584604919103,0
2024-06-26T15:30:00Z,67.44444444444446,19.65,94,0.13728584604919103,0
2024-06-26T16:00:00Z,118.08333333333334,20.15,91.3,0.205327095017092,0.125
2024-06-26T16:30:00Z,118.08333333333334,20.15,91.3,0.205327095017092,0.125
2024-06-26T17:00:00Z,414.22222222222223,21.38,85.2,0.37675631939304344,0
2024-06-26T17:30:00Z,414.22222222222223,21.38,85.2,0.37675631939304344,0
2024-06-26T18:00:00Z,598.3611111111111,24.2,69.69,0.9153395155133919,0
2024-06-26T18:30:00Z,598.3611111111111,24.2,69.69,0.9153395155133919,0
2024-06-26T19:00:00Z,844.3333333333334,26.01,55.15,1.5084971947132422,0
2024-06-26T19:30:00Z,844.3333333333334,26.01,55.15,1.5084971947132422,0
2024-06-26T20:00:00Z,793.3888888888889,26.81,44.36,1.9617498477933,0
2024-06-26T20:30:00Z,793.3888888888889,26.81,44.36,1.9617498477933,0
2024-06-26T21:00:00Z,695.0555555555555,26.26,45.72,1.85282121617139,0
2024-06-26T21:30:00Z,695.0555555555555,26.26,45.72,1.85282121617139,0
2024-06-26T22:00:00Z,558.7777777777778,25.95,47.54,1.75820595112481,0
2024-06-26T22:30:00Z,558.7777777777778,25.95,47.54,1.75820595112481,0
2024-06-26T23:00:00Z,383.33333333333337,25.32,48.46,1.6640526846403136,0
2024-06-26T23:30:00Z,383.33333333333337,25.32,48.46,1.6640526846403136,0
2024-06-27T00:00:00Z,233.63888888888891,24,53.21,1.3961749875657652,0
2024-06-27T00:30:00Z,233.63888888888891,24,53.21,1.3961749875657652,0
2024-06-27T01:00:00Z,82.83333333333333,21.99,56.93,1.138047268366017,0
2024-06-27T01:30:00Z,82.83333333333333,21.99,56.93,1.138047268366017,0
2024-06-27T02:00:00Z,6.361111111111111,19.32,67.99,0.7175510828315219,0
2024-06-27T02:30:00Z,6.361111111111111,19.32,67.99,0.7175510828315219,0
2024-06-27T03:00:00Z,0,17.4,78.03,0.4366311624017991,0
2024-06-27T03:30:00Z,0,17.4,78.03,0.4366311624017991,0
2024-06-27T04:00:00Z,0,16.08,81.3,0.3417609598540947,0
2024-06-27T04:30:00Z,0,16.08,81.3,0.3417609598540947,0
2024-06-27T05:00:00Z,0,14.47,86.7,0.2191866600639263,0
2024-06-27T05:30:00Z,0,14.47,86.7,0.2191866600639263,0
2024-06-27T06:00:00Z,0,13.31,90,0.15284147472995424,0
2024-06-27T06:30:00Z,0,13.31,90,0.15284147472995424,0
2024-06-27T07:00:00Z,0,12.59,90.3,0.14143288829211698,0
2024-06-27T07:30:00Z,0,12.59,90.3,0.14143288829211698,0
2024-06-27T08:00:00Z,0,11.73,92.1,0.10884521091902033,0
2024-06-27T08:30:00Z,0,11.73,92.1,0.10884521091902033,0
2024-06-27T09:00:00Z,0,10.74,94.5,0.07096091900742585,0
2024-06-27T09:30:00Z,0,10.74,94.5,0.07096091900742585,0
2024-06-27T10:00:00Z,0.5,10.31,95.6,0.05516304320613741,0
2024-06-27T10:30:00Z,0.5,10.31,95.6,0.05516304320613741,0
2024-06-27T11:00:00Z,31.75,10.3,95,0.06264338817475834,0
2024-06-27T11:30:00Z,31.75,10.3,95,0.06264338817475834,0
2024-06-27T12:00:00Z,88,11.68,89.8,0.14007065303484256,0
2024-06-27T12:30:00Z,88,11.68,89.8,0.14007065303484256,0
2024-06-27T13:00:00Z,331,13.5,75.3,0.3822244089665261,0
2024-06-27T13:30:00Z,331,13.5,75.3,0.3822244089665261,0
2024-06-27T14:00:00Z,495.30555555555554,15.41,63.95,0.6311940669925005,0
2024-06-27T14:30:00Z,495.30555555555554,15.41,63.95,0.6311940669925005,0
2024-06-27T15:00:00Z,677.4444444444446,14.8,58.8,0.693606749549633,0
2024-06-27T15:30:00Z,677.4444444444446,14.8,58.8,0.693606749549633,0
2024-06-27T16:00:00Z,679.9166666666666,16.94,57.4,0.8223392146638726,0.38
2024-06-27T16:30:00Z,679.9166666666666,16.94,57.4,0.8223392146638726,0.38
2024-06-27T17:00:00Z,785.1388888888889,18.61,54.42,0.9774605976387158,0
2024-06-27T17:30:00Z,785.1388888888889,18.61,54.42,0.9774605976387158,0
2024-06-27T18:00:00Z,877.7222222222223,19.85,51.9,1.1143121516290506,0
2024-06-27T18:30:00Z,877.7222222222223,19.85,51.9,1.1143121516290506,0
2024-06-27T19:00:00Z,866.3333333333334,20.9,49.59,1.2460192794942742,0
2024-06-27T19:30:00Z,866.3333333333334,20.9,49.59,1.2460192794942742,0
2024-06-27T20:00:00Z,803.0000000000001,21.52,47.44,1.3495093252070964,0
2024-06-27T20:30:00Z,803.0000000000001,21.52,47.44,1.3495093252070964,0
2024-06-27T21:00:00Z,624.0277777777778,22.1,46.47,1.4239458210775853,0
2024-06-27T21:30:00Z,624.0277777777778,22.1,46.47,1.4239458210775853,0
2024-06-27T22:00:00Z,505.52777777777783,22.19,46.89,1.4205360048931641,0
2024-06-27T22:30:00Z,505.52777777777783,22.19,46.89,1.4205360048931641,0
2024-06-27T23:00:00Z,346.69444444444446,22.08,46.89,1.411053472834996,0
2024-06-27T23:30:00Z,346.69444444444446,22.08,46.89,1.411053472834996,0
2024-06-28T00:00:00Z,171.0277777777778,21.13,53.46,1.166727088133258,0
2024-06-28T00:30:00Z,171.0277777777778,21.13,53.46,1.166727088133258,0
2024-06-28T01:00:00Z,54.19444444444444,18.29,70.95,0.6106095327266812,0
2024-06-28T01:30:00Z,54.19444444444444,18.29,70.95,0.6106095327266812,0
2024-06-28T02:00:00Z,2.8611111111111116,16.72,74.51,0.48523069867068824,0
2024-06-28T02:30:00Z,2.8611111111111116,16.72,74.51,0.48523069867068824,0
2024-06-28T03:00:00Z,0,15.13,82.1,0.30782121483073266,0
2024-06-28T03:30:00Z,0,15.13,82.1,0.30782121483073266,0
2024-06-28T04:00:00Z,0,14,88.3,0.1870367685527592,0
2024-06-28T04:30:00Z,0,14,88.3,0.1870367685527592,0
2024-06-28T05:00:00Z,0,13.59,93,0.10895952403240927,0
2024-06-28T05:30:00Z,0,13.59,93,0.10895952403240927,0
2024-06-28T06:00:00Z,0,13.42,92,0.12315359078287202,0
2024-06-28T06:30:00Z,0,13.42,92,0.12315359078287202,0
2024-06-28T07:00:00Z,0,13.13,92.5,0.11329164369654277,0
2024-06-28T07:30:00Z,0,13.13,92.5,0.11329164369654277,0
2024-06-28T08:00:00Z,0,14.6,77.84,0.36828199958381713,0
2024-06-28T08:30:00Z,0,14.6,77.84,0.36828199958381713,0
2024-06-28T09:00:00Z,0,15.05,73.63,0.4511494450993898,0
2024-06-28T09:30:00Z,0,15.05,73.63,0.4511494450993898,0
2024-06-28T10:00:00Z,0.11111111111111112,15.37,76.38,0.412498691105625,0
2024-06-28T10:30:00Z,0.11111111111111112,15.37,76.38,0.412498691105625,0
2024-06-28T11:00:00Z,9.916666666666668,15.56,78.37,0.38237730407360737,0
2024-06-28T11:30:00Z,9.916666666666668,15.56,78.37,0.38237730407360737,0
2024-06-28T12:00:00Z,26.416666666666668,15.84,75.9,0.4337487334725483,0
2024-06-28T12:30:00Z,26.416666666666668,15.84,75.9,0.4337487334725483,0
2024-06-28T13:00:00Z,63.083333333333336,16.06,75.19,0.4528486924761357,0
2024-06-28T13:30:00Z,63.083333333333336,16.06,75.19,0.4528486924761357,0
2024-06-28T14:00:00Z,154.38888888888889,17.07,73.04,0.524733779908175,0
2024-06-28T14:30:00Z,154.38888888888889,17.07,73.04,0.524733779908175,0
2024-06-28T15:00:00Z,264.36111111111114,18.21,71.58,0.5943759593942304,0
2024-06-28T15:30:00Z,264.36111111111114,18.21,71.58,0.5943759593942304,0
2024-06-28T16:00:00Z,353.3888888888889,19.41,70.45,0.6661256967258455,0
2024-06-28T16:30:00Z,353.3888888888889,19.41,70.45,0.6661256967258455,0
2024-06-28T17:00:00Z,278.5,20,72.56,0.6416243807424911,0
2024-06-28T17:30:00Z,278.5,20,72.56,0.6416243807424911,0
2024-06-28T18:00:00Z,121.36111111111111,19.55,77.74,0.5061775622211937,0
2024-06-28T18:30:00Z,121.36111111111111,19.55,77.74,0.5061775622211937,0
2024-06-28T19:00:00Z,119.77777777777779,19.98,77.63,0.522426276118046,0
2024-06-28T19:30:00Z,119.77777777777779,19.98,77.63,0.522426276118046,0
2024-06-28T20:00:00Z,63.63888888888889,19.75,78.27,0.5002981838738358,0
2024-06-28T20:30:00Z,63.63888888888889,19.75,78.27,0.5002981838738358,0
2024-06-28T21:00:00Z,121.61111111111111,20.08,81.1,0.4441284676201511,0
2024-06-28T21:30:00Z,121.61111111111111,20.08,81.1,0.4441284676201511,0
2024-06-28T22:00:00Z,250.13888888888891,21.78,77.07,0.5981714094960653,0
2024-06-28T22:30:00Z,250.13888888888891,21.78,77.07,0.5981714094960653,0
2024-06-28T23:00:00Z,103.8888888888889,21.79,77.71,0.5818309428247348,0
2024-06-28T23:30:00Z,103.8888888888889,21.79,77.71,0.5818309428247348,0
2024-06-29T00:00:00Z,82.02777777777779,21.78,78.77,0.553823769018817,0
2024-06-29T00:30:00Z,82.02777777777779,21.78,78.77,0.553823769018817,0
2024-06-29T01:00:00Z,22.972222222222225,21.71,77.65,0.5805538487282158,0
2024-06-29T01:30:00Z,22.972222222222225,21.71,77.65,0.5805538487282158,0
2024-06-29T02:00:00Z,4.444444444444445,21.76,72.94,0.7050485596962821,0
2024-06-29T02:30:00Z,4.444444444444445,21.76,72.94,0.7050485596962821,0
2024-06-29T03:00:00Z,0,21.58,72.19,0.7166635320561434,0
2024-06-29T03:30:00Z,0,21.58,72.19,0.7166635320561434,0
2024-06-29T04:00:00Z,0,20.67,81,0.463037206021214,0
2024-06-29T04:30:00Z,0,20.67,81,0.463037206021214,0
2024-06-29T05:00:00Z,0,20.51,84.8,0.36679557308886057,0
2024-06-29T05:30:00Z,0,20.51,84.8,0.36679557308886057,0
2024-06-29T06:00:00Z,0,19.9,92,0.18590766110569534,0.125
2024-06-29T06:30:00Z,0,19.9,92,0.18590766110569534,0.125
2024-06-29T07:00:00Z,0.02777777777777778,19.5,96.5,0.07934080353431572,1.395
2024-06-29T07:30:00Z,0.02777777777777778,19.5,96.5,0.07934080353431572,1.395
2024-06-29T08:00:00Z,0,19.51,97.5,0.05670723041441361,1.015
2024-06-29T08:30:00Z,0,19.51,97.5,0.05670723041441361,1.015
2024-06-29T09:00:00Z,0,19.76,97.7,0.05298664104031747,0.76
2024-06-29T09:30:00Z,0,19.76,97.7,0.05298664104031747,0.76
2024-06-29T10:00:00Z,0.08333333333333333,19.65,97.2,0.064066728156289,0
2024-06-29T10:30:00Z,0.08333333333333333,19.65,97.2,0.064066728156289,0
2024-06-29T11:00:00Z,4.055555555555555,19.53,97.6,0.054506633912850155,0
2024-06-29T11:30:00Z,4.055555555555555,19.53,97.6,0.054506633912850155,0
2024-06-29T12:00:00Z,16.36111111111111,19.68,98,0.04584723360753706,0
2024-06-29T12:30:00Z,16.36111111111111,19.68,98,0.04584723360753706,0
2024-06-29T13:00:00Z,93.25,20.22,97.7,0.05451726082832664,0
2024-06-29T13:30:00Z,93.25,20.22,97.7,0.05451726082832664,0
2024-06-29T14:00:00Z,122.02777777777779,21.05,96.1,0.09729149829419192,0
2024-06-29T14:30:00Z,122.02777777777779,21.05,96.1,0.09729149829419192,0
2024-06-29T15:00:00Z,95.47222222222223,22,94.7,0.14012835318716022,0
2024-06-29T15:30:00Z,95.47222222222223,22,94.7,0.14012835318716022,0
2024-06-29T16:00:00Z,94.19444444444446,22.03,94.8,0.13773601967053262,0
2024-06-29T16:30:00Z,94.19444444444446,22.03,94.8,0.13773601967053262,0
2024-06-29T17:00:00Z,349.5555555555556,23.01,90.9,0.2558134975904678,0
2024-06-29T17:30:00Z,349.5555555555556,23.01,90.9,0.2558134975904678,0
2024-06-29T18:00:00Z,373.94444444444446,24.37,83.6,0.5003361802658399,0
2024-06-29T18:30:00Z,373.94444444444446,24.37,83.6,0.5003361802658399,0
2024-06-29T19:00:00Z,728.9166666666666,26.02,77.15,0.7689975609038564,0
2024-06-29T19:30:00Z,728.9166666666666,26.02,77.15,0.7689975609038564,0
2024-06-29T20:00:00Z,716.1111111111112,26.62,74.16,0.9009435358555549,0
2024-06-29T20:30:00Z,716.1111111111112,26.62,74.16,0.9009435358555549,0
2024-06-29T21:00:00Z,634.9166666666666,26.82,71.58,1.002618527106006,0
2024-06-29T21:30:00Z,634.9166666666666,26.82,71.58,1.002618527106006,0
2024-06-29T22:00:00Z,462.36111111111114,26.7,70.09,1.0477677838139536,0
2024-06-29T22:30:00Z,462.36111111111114,26.7,70.09,1.0477677838139536,0
2024-06-29T23:00:00Z,359.86111111111114,26.76,68.76,1.0982254737152153,0
2024-06-29T23:30:00Z,359.86111111111114,26.76,68.76,1.0982254737152153,0
2024-06-30T00:00:00Z,231.5277777777778,26.22,71.4,0.973945528568938,0
2024-06-30T00:30:00Z,231.5277777777778,26.22,71.4,0.973945528568938,0
2024-06-30T01:00:00Z,59.861111111111114,24.83,77.52,0.7049372224725472,0
2024-06-30T01:30:00Z,59.861111111111114,24.83,77.52,0.7049372224725472,0
2024-06-30T02:00:00Z,3.027777777777778,23.35,83.7,0.467722683494896,0
2024-06-30T02:30:00Z,3.027777777777778,23.35,83.7,0.467722683494896,0
2024-06-30T03:00:00Z,0,22.32,82,0.4852694077752697,0
2024-06-30T03:30:00Z,0,22.32,82,0.4852694077752697,0
2024-06-30T04:00:00Z,0,21.66,68.76,0.8090013339106352,0
2024-06-30T04:30:00Z,0,21.66,68.76,0.8090013339106352,0
2024-06-30T05:00:00Z,0,19.57,73.94,0.5933236586654485,0
2024-06-30T05:30:00Z,0,19.57,73.94,0.5933236586654485,0
2024-06-30T06:00:00Z,0,16.99,76.16,0.46166200884283803,0
2024-06-30T06:30:00Z,0,16.99,76.16,0.46166200884283803,0
2024-06-30T07:00:00Z,0,15.14,77.27,0.3911328165303143,0
2024-06-30T07:30:00Z,0,15.14,77.27,0.3911328165303143,0
2024-06-30T08:00:00Z,0,14.04,75.59,0.39123351767117076,0
2024-06-30T08:30:00Z,0,14.04,75.59,0.39123351767117076,0
2024-06-30T09:00:00Z,0,13.7,75.28,0.38754714966794346,0
2024-06-30T09:30:00Z,0,13.7,75.28,0.38754714966794346,0
2024-06-30T10:00:00Z,0.19444444444444445,12.96,76.84,0.3459771455369014,0
2024-06-30T10:30:00Z,0.19444444444444445,12.96,76.84,0.3459771455369014,0
2024-06-30T11:00:00Z,13.833333333333334,12.35,75.48,0.3519265771220377,0
2024-06-30T11:30:00Z,13.833333333333334,12.35,75.48,0.3519265771220377,0
2024-06-30T12:00:00Z,71.97222222222223,12.52,75.32,0.3582020991285839,0
2024-06-30T12:30:00Z,71.97222222222223,12.52,75.32,0.3582020991285839,0
2024-06-30T13:00:00Z,148.41666666666666,13.04,75.31,0.3707683456110682,0
2024-06-30T13:30:00Z,148.41666666666666,13.04,75.31,0.3707683456110682,0
2024-06-30T14:00:00Z,474.75,14.36,70.48,0.48304645509672706,0
2024-06-30T14:30:00Z,474.75,14.36,70.48,0.48304645509672706,0
2024-06-30T15:00:00Z,402.0555555555556,14.53,70.57,0.4868969115104913,0
2024-06-30T15:30:00Z,402.0555555555556,14.53,70.57,0.4868969115104913,0
2024-06-30T16:00:00Z,607.6666666666666,15.45,67.31,0.5738351721774422,0
2024-06-30T16:30:00Z,607.6666666666666,15.45,67.31,0.5738351721774422,0
2024-06-30T17:00:00Z,689.1944444444445,16.82,63.41,0.700967752681559,0
2024-06-30T17:30:00Z,689.1944444444445,16.82,63.41,0.700967752681559,0
2024-06-30T18:00:00Z,856.9722222222223,17.87,60.83,0.8018798198131267,0
2024-06-30T18:30:00Z,856.9722222222223,17.87,60.83,0.8018798198131267,0
2024-06-30T19:00:00Z,866.25,18.96,56.59,0.951510636171556,0
2024-06-30T19:30:00Z,866.25,18.96,56.59,0.951510636171556,0
2024-06-30T20:00:00Z,812.5277777777778,19.53,52.29,1.0835464599925355,0
2024-06-30T20:30:00Z,812.5277777777778,19.53,52.29,1.0835464599925355,0
2024-06-30T21:00:00Z,711.7500000000001,19.78,52.48,1.0961087105217033,0
2024-06-30T21:30:00Z,711.7500000000001,19.78,52.48,1.0961087105217033,0
2024-06-30T22:00:00Z,573.3611111111111,19.4,53.56,1.0462147173749439,0
2024-06-30T22:30:00Z,573.3611111111111,19.4,53.56,1.0462147173749439,0
2024-06-30T23:00:00Z,423.1666666666667,18.62,54.01,0.9868703628678057,0
2024-06-30T23:30:00Z,423.1666666666667,18.62,54.01,0.9868703628678057,0
2024-07-01T00:00:00Z,257,17.92,55.8,0.9077044233719427,0
2024-07-01T00:30:00Z,257,17.92,55.8,0.9077044233719427,0
2024-07-01T01:00:00Z,98.30555555555556,16.59,59.29,0.768585053026847,0
2024-07-01T01:30:00Z,98.30555555555556,16.59,59.29,0.768585053026847,0
2024-07-01T02:00:00Z,6.638888888888888,13.63,69.78,0.4716202567153782,0
2024-07-01T02:30:00Z,6.638888888888888,13.63,69.78,0.4716202567153782,0
2024-07-01T03:00:00Z,0,11.64,76.08,0.3276118030937638,0
2024-07-01T03:30:00Z,0,11.64,76.08,0.3276118030937638,0
2024-07-01T04:00:00Z,0.02777777777777778,10.63,78.15,0.27984941249235984,0
2024-07-01T04:30:00Z,0.02777777777777778,10.63,78.15,0.27984941249235984,0
2024-07-13T05:00:00Z,0,16.98,97.6,0.04644659422356212,0
2024-07-13T05:30:00Z,0,16.98,97.6,0.04644659422356212,0
2024-07-13T06:00:00Z,0,16.78,98.2,0.034395808064167976,0
2024-07-13T06:30:00Z,0,16.78,98.2,0.034395808064167976,0
2024-07-13T07:00:00Z,0.02777777777777778,16.3,98.4,0.02965476238729159,0
2024-07-13T07:30:00Z,0.02777777777777778,16.3,98.4,0.02965476238729159,0
2024-07-13T08:00:00Z,0.02777777777777778,15.43,98.5,0.026297002299575212,0
2024-07-13T08:30:00Z,0.02777777777777778,15.43,98.5,0.026297002299575212,0
2024-07-13T09:00:00Z,0.02777777777777778,15.34,98.7,0.022659461471016717,0
2024-07-13T09:30:00Z,0.02777777777777778,15.34,98.7,0.022659461471016717,0
2024-07-13T10:00:00Z,0.1388888888888889,15.01,98.8,0.02047733346732561,0
2024-07-13T10:30:00Z,0.1388888888888889,15.01,98.8,0.02047733346732561,0
2024-07-13T11:00:00Z,10.861111111111112,14.83,99,0.016867710217009835,0
2024-07-13T11:30:00Z,10.861111111111112,14.83,99,0.016867710217009835,0
2024-07-13T12:00:00Z,39.36111111111111,15.98,99.1,0.016343686611730135,0
2024-07-13T12:30:00Z,39.36111111111111,15.98,99.1,0.016343686611730135,0
2024-07-13T13:00:00Z,241.55555555555557,18.93,98.6,0.030629416297883072,0
2024-07-13T13:30:00Z,241.55555555555557,18.93,98.6,0.030629416297883072,0
2024-07-13T14:00:00Z,443.97222222222223,23.99,78.58,0.6387715896555299,0
2024-07-13T14:30:00Z,443.97222222222223,23.99,78.58,0.6387715896555299,0
2024-07-13T15:00:00Z,605.0277777777778,26.41,60.86,1.3478936651159992,0
2024-07-13T15:30:00Z,605.0277777777778,26.41,60.86,1.3478936651159992,0
2024-07-13T16:00:00Z,718.3333333333334,27.41,60.09,1.4575144029440268,0
2024-07-13T16:30:00Z,718.3333333333334,27.41,60.09,1.4575144029440268,0
2024-07-13T17:00:00Z,834.6666666666667,28.09,55.84,1.677984464145799,0
2024-07-13T17:30:00Z,834.6666666666667,28.09,55.84,1.677984464145799,0
2024-07-13T18:00:00Z,857.8333333333334,29,44.7,2.215139712847514,0
2024-07-13T18:30:00Z,857.8333333333334,29,44.7,2.215139712847514,0
2024-07-13T19:00:00Z,837.2777777777777,29.38,41.69,2.3874953178297145,0
2024-07-13T19:30:00Z,837.2777777777777,29.38,41.69,2.3874953178297145,0
2024-07-13T20:00:00Z,765.3333333333334,29.61,48.39,2.1413339045048394,0
2024-07-13T20:30:00Z,765.3333333333334,29.61,48.39,2.1413339045048394,0
2024-07-13T21:00:00Z,653.3611111111111,29.57,51.15,2.02216054436203,0
2024-07-13T21:30:00Z,653.3611111111111,29.57,51.15,2.02216054436203,0
2024-07-13T22:00:00Z,527.2222222222223,29.47,52.86,1.9401738915696791,0
2024-07-13T22:30:00Z,527.2222222222223,29.47,52.86,1.9401738915696791,0
2024-07-13T23:00:00Z,343.02777777777783,28.59,55.09,1.756762964060664,0
2024-07-13T23:30:00Z,343.02777777777783,28.59,55.09,1.756762964060664,0
2024-07-14T00:00:00Z,167.47222222222223,27.43,58.61,1.513333044661752,0
2024-07-14T00:30:00Z,167.47222222222223,27.43,58.61,1.513333044661752,0
2024-07-14T01:00:00Z,54.69444444444445,25.37,71.67,0.9174011520581331,0
2024-07-14T01:30:00Z,54.69444444444445,25.37,71.67,0.9174011520581331,0
2024-07-14T02:00:00Z,1.5833333333333335,22.53,83.1,0.46146400771904794,0
2024-07-14T02:30:00Z,1.5833333333333335,22.53,83.1,0.46146400771904794,0
2024-07-14T03:00:00Z,0,21.75,87.2,0.3333005242707343,0
2024-07-14T03:30:00Z,0,21.75,87.2,0.3333005242707343,0
2024-07-14T04:00:00Z,0,23.03,83,0.4784717076824392,0
2024-07-14T04:30:00Z,0,23.03,83,0.4784717076824392,0
2024-07-14T05:00:00Z,0,24.39,76.84,0.707418557039242,0
2024-07-14T05:30:00Z,0,24.39,76.84,0.707418557039242,0
2024-07-14T06:00:00Z,0,23.77,85,0.4414457224717303,0.635
2024-07-14T06:30:00Z,0,23.77,85,0.4414457224717303,0.635
2024-07-14T07:00:00Z,0,21.51,92.1,0.20271314997555034,0.125
2024-07-14T07:30:00Z,0,21.51,92.1,0.20271314997555034,0.125
2024-07-14T08:00:00Z,0,20.17,96.2,0.08979406235455212,0.125
2024-07-14T08:30:00Z,0,20.17,96.2,0.08979406235455212,0.125
2024-07-14T09:00:00Z,0,19.68,96.7,0.07564793545243598,0
2024-07-14T09:30:00Z,0,19.68,96.7,0.07564793545243598,0
2024-07-14T10:00:00Z,0.08333333333333333,19.6,96.8,0.07299218473543867,0
2024-07-14T10:30:00Z,0.08333333333333333,19.6,96.8,0.07299218473543867,0
2024-07-14T11:00:00Z,10.11111111111111,19.54,97.5,0.05681302903175123,0
2024-07-14T11:30:00Z,10.11111111111111,19.54,97.5,0.05681302903175123,0
2024-07-14T12:00:00Z,57.63888888888889,20.14,95.5,0.10613802109344483,0
2024-07-14T12:30:00Z,57.63888888888889,20.14,95.5,0.10613802109344483,0
2024-07-14T13:00:00Z,176.33333333333331,21.23,92.2,0.19674396555514884,0
2024-07-14T13:30:00Z,176.33333333333331,21.23,92.2,0.19674396555514884,0
2024-07-14T14:00:00Z,97.83333333333333,21.71,90,0.2597556370148615,0
2024-07-14T14:30:00Z,97.83333333333333,21.71,90,0.2597556370148615,0
2024-07-14T15:00:00Z,184.83333333333334,22.54,86,0.3825099925796023,0
2024-07-14T15:30:00Z,184.83333333333334,22.54,86,0.3825099925796023,0
2024-07-14T16:00:00Z,282.9166666666667,23.76,83.1,0.4970632055879318,0
2024-07-14T16:30:00Z,282.9166666666667,23.76,83.1,0.4970632055879318,0
2024-07-14T17:00:00Z,358.69444444444446,25.12,80.5,0.6221457780902022,0
2024-07-14T17:30:00Z,358.69444444444446,25.12,80.5,0.6221457780902022,0
2024-07-14T18:00:00Z,405.25000000000006,25.39,79.02,0.6801959981812811,0
2024-07-14T18:30:00Z,405.25000000000006,25.39,79.02,0.6801959981812811,0
2024-07-14T19:00:00Z,799.6944444444445,26.64,73.91,0.9107310646425257,0
2024-07-14T19:30:00Z,799.6944444444445,26.64,73.91,0.9107310646425257,0
2024-07-14T20:00:00Z,762.7777777777778,27.93,67.84,1.2106797307368842,0
2024-07-14T20:30:00Z,762.7777777777778,27.93,67.84,1.2106797307368842,0
2024-07-14T21:00:00Z,670.1666666666666,28.78,62.89,1.4677122219664547,0
2024-07-14T21:30:00Z,670.1666666666666,28.78,62.89,1.4677122219664547,0
2024-07-14T22:00:00Z,536.8611111111112,29.08,60.88,1.5742802328009886,0
2024-07-14T22:30:00Z,536.8611111111112,29.08,60.88,1.5742802328009886,0
2024-07-14T23:00:00Z,376.75,28.71,63.29,1.4460194680646783,0
2024-07-14T23:30:00Z,376.75,28.71,63.29,1.4460194680646783,0
2024-07-15T00:00:00Z,209.44444444444446,27.21,69.2,1.1117266153572571,0
2024-07-15T00:30:00Z,209.44444444444446,27.21,69.2,1.1117266153572571,0
2024-07-15T01:00:00Z,65.72222222222223,25.02,75.43,0.7792506881212122,0
2024-07-15T01:30:00Z,65.72222222222223,25.02,75.43,0.7792506881212122,0
2024-07-15T02:00:00Z,3.2222222222222223,22.68,85,0.4133277512132798,0
2024-07-15T02:30:00Z,3.2222222222222223,22.68,85,0.4133277512132798,0
2024-07-15T03:00:00Z,0,21.06,92.9,0.1772292022869899,0
2024-07-15T03:30:00Z,0,21.06,92.9,0.1772292022869899,0
2024-07-15T04:00:00Z,0,20.51,95.9,0.09893827958317924,0
2024-07-15T04:30:00Z,0,20.51,95.9,0.09893827958317924,0
2024-07-15T05:00:00Z,0,21.11,95.4,0.11517751473409898,0
2024-07-15T05:30:00Z,0,21.11,95.4,0.11517751473409898,0
2024-07-15T06:00:00Z,0,21.75,93.4,0.17185808282709747,0
2024-07-15T06:30:00Z,0,21.75,93.4,0.17185808282709747,0
2024-07-15T07:00:00Z,0,21.82,89.1,0.2850418102602874,0
2024-07-15T07:30:00Z,0,21.82,89.1,0.2850418102602874,0
2024-07-15T08:00:00Z,0.02777777777777778,20.33,95.6,0.1050049572972549,0.51
2024-07-15T08:30:00Z,0.02777777777777778,20.33,95.6,0.1050049572972549,0.51
2024-07-15T09:00:00Z,0.02777777777777778,19.85,96.5,0.08108300479629271,0
2024-07-15T09:30:00Z,0.02777777777777778,19.85,96.5,0.08108300479629271,0
2024-07-15T10:00:00Z,0.11111111111111112,19.71,96.5,0.08038215064027154,0
2024-07-15T10:30:00Z,0.11111111111111112,19.71,96.5,0.08038215064027154,0
2024-07-15T11:00:00Z,6.444444444444445,19.73,96.4,0.08278143134416105,0
2024-07-15T11:30:00Z,6.444444444444445,19.73,96.4,0.08278143134416105,0
2024-07-15T12:00:00Z,53.02777777777778,20.13,97.2,0.06600060931954976,0
2024-07-15T12:30:00Z,53.02777777777778,20.13,97.2,0.06600060931954976,0
2024-07-15T13:00:00Z,183.19444444444446,21.36,94.6,0.13729685501458322,0
2024-07-15T13:30:00Z,183.19444444444446,21.36,94.6,0.13729685501458322,0
2024-07-15T14:00:00Z,336.25,22.76,87.8,0.3378073545076794,0
2024-07-15T14:30:00Z,336.25,22.76,87.8,0.3378073545076794,0
2024-07-15T15:00:00Z,584.1111111111112,24.63,80.1,0.6166273248156684,0
2024-07-15T15:30:00Z,584.1111111111112,24.63,80.1,0.6166273248156684,0
2024-07-15T16:00:00Z,690.6388888888889,26.14,75.18,0.8412389951962855,0
2024-07-15T16:30:00Z,690.6388888888889,26.14,75.18,0.8412389951962855,0
2024-07-15T17:00:00Z,771.7222222222222,27.78,69.99,1.1199071164999168,0
2024-07-15T17:30:00Z,771.7222222222222,27.78,69.99,1.1199071164999168,0
2024-07-15T18:00:00Z,811.6666666666667,28.3,70.26,1.143937612148354,0
2024-07-15T18:30:00Z,811.6666666666667,28.3,70.26,1.143937612148354,0
2024-07-15T19:00:00Z,737.8333333333334,28.04,70.84,1.104797422255214,0
2024-07-15T19:30:00Z,737.8333333333334,28.04,70.84,1.104797422255214,0
2024-07-15T20:00:00Z,704.0833333333333,28.48,68.06,1.24146540523452,0
2024-07-15T20:30:00Z,704.0833333333333,28.48,68.06,1.24146540523452,0
2024-07-15T21:00:00Z,566.1111111111111,28.5,63.38,1.4250231843200258,0
2024-07-15T21:30:00Z,566.1111111111111,28.5,63.38,1.4250231843200258,0
2024-07-15T22:00:00Z,376.86111111111114,27.77,65.2,1.29790215030838,0
2024-07-15T22:30:00Z,376.86111111111114,27.77,65.2,1.29790215030838,0
2024-07-15T23:00:00Z,372.72222222222223,28.16,61.06,1.4856730716925743,0
2024-07-15T23:30:00Z,372.72222222222223,28.16,61.06,1.4856730716925743,0
2024-07-16T00:00:00Z,199.27777777777777,27.36,65.2,1.2671853150501575,0
2024-07-16T00:30:00Z,199.27777777777777,27.36,65.2,1.2671853150501575,0
2024-07-16T01:00:00Z,44.41666666666667,25.39,73.59,0.8562429128678564,0
2024-07-16T01:30:00Z,44.41666666666667,25.39,73.59,0.8562429128678564,0
2024-07-16T02:00:00Z,1.75,22.22,90,0.2679592900160097,0
2024-07-16T02:30:00Z,1.75,22.22,90,0.2679592900160097,0
2024-07-16T03:00:00Z,0,22.29,88.9,0.29870405882401485,0
2024-07-16T03:30:00Z,0,22.29,88.9,0.29870405882401485,0
2024-07-16T04:00:00Z,0,23.22,85.6,0.40997365824898413,0
2024-07-16T04:30:00Z,0,23.22,85.6,0.40997365824898413,0
2024-07-16T05:00:00Z,0,23.4,89,0.31659433132341963,0
2024-07-16T05:30:00Z,0,23.4,89,0.31659433132341963,0
2024-07-16T06:00:00Z,0.02777777777777778,22.05,95,0.13259997575812665,0.76
2024-07-16T06:30:00Z,0.02777777777777778,22.05,95,0.13259997575812665,0.76
2024-07-16T07:00:00Z,0.05555555555555556,20.96,97.1,0.07194614165492208,0.125
2024-07-16T07:30:00Z,0.05555555555555556,20.96,97.1,0.07194614165492208,0.125
2024-07-16T08:00:00Z,0.05555555555555556,20.64,97.4,0.06324602055161055,0.125
2024-07-16T08:30:00Z,0.05555555555555556,20.64,97.4,0.06324602055161055,0.125
2024-07-16T09:00:00Z,0.11111111111111112,19.99,97.8,0.05141035240756908,0
2024-07-16T09:30:00Z,0.11111111111111112,19.99,97.8,0.05141035240756908,0
2024-07-16T10:00:00Z,0.11111111111111112,19.56,98.1,0.043231579564088296,0
2024-07-16T10:30:00Z,0.11111111111111112,19.56,98.1,0.043231579564088296,0
2024-07-16T11:00:00Z,8.805555555555555,19.11,97.5,0.05531295984677831,0
2024-07-16T11:30:00Z,8.805555555555555,19.11,97.5,0.05531295984677831,0
2024-07-16T12:00:00Z,43.30555555555556,19.59,95.8,0.09574276949759009,0
2024-07-16T12:30:00Z,43.30555555555556,19.59,95.8,0.09574276949759009,0
2024-07-16T13:00:00Z,103.83333333333334,20.91,95.8,0.10387817580984748,0
2024-07-16T13:30:00Z,103.83333333333334,20.91,95.8,0.10387817580984748,0
2024-07-16T14:00:00Z,92.47222222222221,21.73,94.2,0.15084243644485218,0
2024-07-16T14:30:00Z,92.47222222222221,21.73,94.2,0.15084243644485218,0
2024-07-16T15:00:00Z,123.22222222222223,22.07,92.9,0.18852153311627706,0
2024-07-16T15:30:00Z,123.22222222222223,22.07,92.9,0.18852153311627706,0
2024-07-16T16:00:00Z,130.94444444444446,22.55,92.3,0.21050822759996413,0
2024-07-16T16:30:00Z,130.94444444444446,22.55,92.3,0.21050822759996413,0
2024-07-16T17:00:00Z,195.52777777777777,23.51,87.7,0.3563649308623793,0
2024-07-16T17:30:00Z,195.52777777777777,23.51,87.7,0.3563649308623793,0
2024-07-16T18:00:00Z,537.0833333333334,25.01,79.13,0.6615091073322796,0
2024-07-16T18:30:00Z,537.0833333333334,25.01,79.13,0.6615091073322796,0
2024-07-16T19:00:00Z,686.1111111111111,26.5,72.02,0.9686906439916316,0
2024-07-16T19:30:00Z,686.1111111111111,26.5,72.02,0.9686906439916316,0
2024-07-16T20:00:00Z,597.1666666666667,26.52,62.97,1.2835198190408752,0
2024-07-16T20:30:00Z,597.1666666666667,26.52,62.97,1.2835198190408752,0
2024-07-16T21:00:00Z,642.1388888888889,26.78,62.02,1.3367368289377435,0
2024-07-16T21:30:00Z,642.1388888888889,26.78,62.02,1.3367368289377435,0
2024-07-16T22:00:00Z,509.3055555555556,26.17,59.06,1.3900638017505664,0
2024-07-16T22:30:00Z,509.3055555555556,26.17,59.06,1.3900638017505664,0
2024-07-16T23:00:00Z,387.30555555555554,25.33,55.98,1.4221019933625534,0
2024-07-16T23:30:00Z,387.30555555555554,25.33,55.98,1.4221019933625534,0
2024-07-17T00:00:00Z,246.05555555555554,25.42,54.8,1.4680494990435866,0
2024-07-17T00:30:00Z,246.05555555555554,25.42,54.8,1.4680494990435866,0
2024-07-17T01:00:00Z,66.61111111111111,23.73,64.88,1.031088331725367,0
2024-07-17T01:30:00Z,66.61111111111111,23.73,64.88,1.031088331725367,0
2024-07-17T02:00:00Z,3.25,19.39,87.2,0.2881830771433771,0
2024-07-17T02:30:00Z,3.25,19.39,87.2,0.2881830771433771,0
2024-07-17T03:00:00Z,0,17.06,95.1,0.09531036543224292,0
2024-07-17T03:30:00Z,0,17.06,95.1,0.09531036543224292,0
2024-07-17T04:00:00Z,0,16.01,96.8,0.05822234899901346,0
2024-07-17T04:30:00Z,0,16.01,96.8,0.05822234899901346,0
2024-07-17T05:00:00Z,0.02777777777777778,15.33,97.8,0.03832216636522667,0
2024-07-17T05:30:00Z,0.02777777777777778,15.33,97.8,0.03832216636522667,0
2024-07-17T06:00:00Z,0.02777777777777778,15.18,98.4,0.02760334999746794,0
2024-07-17T06:30:00Z,0.02777777777777778,15.18,98.4,0.02760334999746794,0
2024-07-17T07:00:00Z,0,16.32,98.6,0.02598100478859422,0
2024-07-17T07:30:00Z,0,16.32,98.6,0.02598100478859422,0
2024-07-17T08:00:00Z,0.02777777777777778,16.5,98.4,0.030034813345544364,0
2024-07-17T08:30:00Z,0.02777777777777778,16.5,98.4,0.030034813345544364,0
2024-07-17T09:00:00Z,0.02777777777777778,15.62,98.2,0.03194316055742852,0
2024-07-17T09:30:00Z,0.02777777777777778,15.62,98.2,0.03194316055742852,0
2024-07-17T10:00:00Z,0.08333333333333333,15.5,98.6,0.024654320573681332,0
2024-07-17T10:30:00Z,0.08333333333333333,15.5,98.6,0.024654320573681332,0
2024-07-17T11:00:00Z,10.63888888888889,15.42,98.7,0.02277611649415423,0
2024-07-17T11:30:00Z,10.63888888888889,15.42,98.7,0.02277611649415423,0
2024-07-17T12:00:00Z,51.86111111111111,16.62,98.9,0.0208071094303095,0
2024-07-17T12:30:00Z,51.86111111111111,16.62,98.9,0.0208071094303095,0
2024-07-17T13:00:00Z,200.16666666666669,18.98,98.4,0.035114448836019996,0
2024-07-17T13:30:00Z,200.16666666666669,18.98,98.4,0.035114448836019996,0
2024-07-17T14:00:00Z,426.3333333333333,22.21,80.4,0.5248807179626054,0
2024-07-17T14:30:00Z,426.3333333333333,22.21,80.4,0.5248807179626054,0
2024-07-17T15:00:00Z,584.0277777777778,24.23,64.99,1.0591784074938786,0
2024-07-17T15:30:00Z,584.0277777777778,24.23,64.99,1.0591784074938786,0
2024-07-17T16:00:00Z,634.5,24.86,58.46,1.3049612418676277,0
2024-07-17T16:30:00Z,634.5,24.86,58.46,1.3049612418676277,0
2024-07-17T17:00:00Z,584.4444444444445,24.41,59.32,1.2440521616011395,0
2024-07-17T17:30:00Z,584.4444444444445,24.41,59.32,1.2440521616011395,0
2024-07-17T18:00:00Z,736.2777777777778,24.31,57.79,1.2831382128112965,0
2024-07-17T18:30:00Z,736.2777777777778,24.31,57.79,1.2831382128112965,0
2024-07-17T19:00:00Z,830.5000000000001,24.11,51.4,1.4597862568287414,0
2024-07-17T19:30:00Z,830.5000000000001,24.11,51.4,1.4597862568287414,0
2024-07-17T20:00:00Z,720.8055555555557,23.66,50.65,1.442778114067227,0
2024-07-17T20:30:00Z,720.8055555555557,23.66,50.65,1.442778114067227,0
2024-07-17T21:00:00Z,660.2222222222223,23.31,48.37,1.477933504908714,0
2024-07-17T21:30:00Z,660.2222222222223,23.31,48.37,1.477933504908714,0
2024-07-17T22:00:00Z,546.8055555555555,22.67,50.23,1.3705901624334702,0
2024-07-17T22:30:00Z,546.8055555555555,22.67,50.23,1.3705901624334702,0
2024-07-17T23:00:00Z,391.3333333333333,21.94,51.32,1.2823662931977065,0
2024-07-17T23:30:00Z,391.3333333333333,21.94,51.32,1.2823662931977065,0
2024-07-18T00:00:00Z,216.2777777777778,20.77,54.79,1.108588113958975,0
2024-07-18T00:30:00Z,216.2777777777778,20.77,54.79,1.108588113958975,0
2024-07-18T01:00:00Z,67.08333333333334,19.15,59.93,0.888769011745765,0
2024-07-18T01:30:00Z,67.08333333333334,19.15,59.93,0.888769011745765,0
2024-07-18T02:00:00Z,3.166666666666667,17.47,67.02,0.658347659330162,0
2024-07-18T02:30:00Z,3.166666666666667,17.47,67.02,0.658347659330162,0
2024-07-18T03:00:00Z,0,16.44,73.14,0.5022879179981048,0
2024-07-18T03:30:00Z,0,16.44,73.14,0.5022879179981048,0
2024-07-18T04:00:00Z,0,15.41,81,0.33266816290866874,0
2024-07-18T04:30:00Z,0,15.41,81,0.33266816290866874,0
2024-07-18T05:00:00Z,0,14.57,85.8,0.23553611602301117,0
2024-07-18T05:30:00Z,0,14.57,85.8,0.23553611602301117,0
2024-07-18T06:00:00Z,0,13.96,84.7,0.2439523772030605,0
2024-07-18T06:30:00Z,0,13.96,84.7,0.2439523772030605,0
2024-07-18T07:00:00Z,0.02777777777777778,12.72,89.8,0.1499968685375228,0
2024-07-18T07:30:00Z,0.02777777777777778,12.72,89.8,0.1499968685375228,0
2024-07-18T08:00:00Z,0.02777777777777778,11.49,94.4,0.07594090852389201,0
2024-07-18T08:30:00Z,0.02777777777777778,11.49,94.4,0.07594090852389201,0
2024-07-18T09:00:00Z,0.02777777777777778,10.24,96.6,0.04242695126670415,0
2024-07-18T09:30:00Z,0.02777777777777778,10.24,96.6,0.04242695126670415,0
2024-07-18T10:00:00Z,0.11111111111111112,9.47,97.9,0.0248855438450879,0
2024-07-18T10:30:00Z,0.11111111111111112,9.47,97.9,0.0248855438450879,0
2024-07-18T11:00:00Z,13.361111111111112,9.48,98.4,0.018973178208934183,0
2024-07-18T11:30:00Z,13.361111111111112,9.48,98.4,0.018973178208934183,0
2024-07-18T12:00:00Z,29.083333333333336,11.61,96.9,0.04237389182075102,0
2024-07-18T12:30:00Z,29.083333333333336,11.61,96.9,0.04237389182075102,0
2024-07-18T13:00:00Z,221.25,15.07,84,0.274087492686234,0
2024-07-18T13:30:00Z,221.25,15.07,84,0.274087492686234,0
2024-07-18T14:00:00Z,448.3055555555556,17.6,71.31,0.5774282930797832,0
2024-07-18T14:30:00Z,448.3055555555556,17.6,71.31,0.5774282930797832,0
2024-07-18T15:00:00Z,631,19.09,64.33,0.7882219719520787,0
2024-07-18T15:30:00Z,631,19.09,64.33,0.7882219719520787,0
2024-07-18T16:00:00Z,714.1111111111112,20.21,59.13,0.9681495252102532,0
2024-07-18T16:30:00Z,714.1111111111112,20.21,59.13,0.9681495252102532,0
2024-07-18T17:00:00Z,647.5833333333334,20.65,56.43,1.0605103578627044,0
2024-07-18T17:30:00Z,647.5833333333334,20.65,56.43,1.0605103578627044,0
2024-07-18T18:00:00Z,872.1111111111111,21.86,52.25,1.2517442092564606,0
2024-07-18T18:30:00Z,872.1111111111111,21.86,52.25,1.2517442092564606,0
2024-07-18T19:00:00Z,836.5555555555555,22.58,49.66,1.3787395680149266,0
2024-07-18T19:30:00Z,836.5555555555555,22.58,49.66,1.3787395680149266,0
2024-07-18T20:00:00Z,772.8611111111112,23,48.41,1.449388869394648,0
2024-07-18T20:30:00Z,772.8611111111112,23,48.41,1.449388869394648,0
2024-07-18T21:00:00Z,636.8888888888889,23.39,48.03,1.494862619715563,0
2024-07-18T21:30:00Z,636.8888888888889,23.39,48.03,1.494862619715563,0
2024-07-18T22:00:00Z,397.02777777777777,22.94,47.85,1.4598131343785554,0
2024-07-18T22:30:00Z,397.02777777777777,22.94,47.85,1.4598131343785554,0
2024-07-18T23:00:00Z,403.69444444444446,23.57,48.44,1.4992439821639305,0
2024-07-18T23:30:00Z,403.69444444444446,23.57,48.44,1.4992439821639305,0
2024-07-19T00:00:00Z,231.2777777777778,22.04,52.98,1.246210619035346,0
2024-07-19T00:30:00Z,231.2777777777778,22.04,52.98,1.246210619035346,0
2024-07-19T01:00:00Z,73.16666666666666,20.19,57.33,1.0095401498840795,0
2024-07-19T01:30:00Z,73.16666666666666,20.19,57.33,1.0095401498840795,0
2024-07-19T02:00:00Z,3.416666666666667,16.14,75.36,0.45204793918634767,0
2024-07-19T02:30:00Z,3.416666666666667,16.14,75.36,0.45204793918634767,0
2024-07-19T03:00:00Z,0.02777777777777778,13.23,88.1,0.18093407857094523,0
2024-07-19T03:30:00Z,0.02777777777777778,13.23,88.1,0.18093407857094523,0
2024-07-19T04:00:00Z,0.02777777777777778,12.04,90.6,0.1321891482247215,0
2024-07-19T04:30:00Z,0.02777777777777778,12.04,90.6,0.1321891482247215,0
2024-07-19T05:00:00Z,0.02777777777777778,10.44,97,0.03793924086629352,0
2024-07-19T05:30:00Z,0.02777777777777778,10.44,97,0.03793924086629352,0
2024-07-19T06:00:00Z,0.02777777777777778,10.05,97.8,0.027105825888762203,0
2024-07-19T06:30:00Z,0.02777777777777778,10.05,97.8,0.027105825888762203,0
2024-07-19T07:00:00Z,0.02777777777777778,9.25,98.1,0.022184297695336364,0
2024-07-19T07:30:00Z,0.02777777777777778,9.25,98.1,0.022184297695336364,0
2024-07-19T08:00:00Z,0.02777777777777778,8.68,98.5,0.016852150401827082,0
2024-07-19T08:30:00Z,0.02777777777777778,8.68,98.5,0.016852150401827082,0
2024-07-19T09:00:00Z,0.02777777777777778,8.03,98.6,0.015049477889484075,0
2024-07-19T09:30:00Z,0.02777777777777778,8.03,98.6,0.015049477889484075,0
2024-07-19T10:00:00Z,0.11111111111111112,7.62,98.8,0.012543826553429227,0
2024-07-19T10:30:00Z,0.11111111111111112,7.62,98.8,0.012543826553429227,0
2024-07-19T11:00:00Z,10.055555555555557,7.44,99,0.010325335302591165,0
2024-07-19T11:30:00Z,10.055555555555557,7.44,99,0.010325335302591165,0
2024-07-19T12:00:00Z,33.66666666666667,9.21,99.2,0.00931559713302832,0
2024-07-19T12:30:00Z,33.66666666666667,9.21,99.2,0.00931559713302832,0
2024-07-19T13:00:00Z,203.33333333333334,13.08,97.5,0.03764067255816239,0
2024-07-19T13:30:00Z,203.33333333333334,13.08,97.5,0.03764067255816239,0
2024-07-19T14:00:00Z,429.6388888888889,18.55,75.46,0.5242862897280556,0
2024-07-19T14:30:00Z,429.6388888888889,18.55,75.46,0.5242862897280556,0
2024-07-19T15:00:00Z,585.8055555555557,21.14,60.11,1.0006297775019426,0
2024-07-19T15:30:00Z,585.8055555555557,21.14,60.11,1.0006297775019426,0
2024-07-19T16:00:00Z,706.1666666666666,22.44,63.24,0.9982817557623798,0
2024-07-19T16:30:00Z,706.1666666666666,22.44,63.24,0.9982817557623798,0
2024-07-19T17:00:00Z,779.1388888888889,23.76,56.43,1.281481885648886,0
2024-07-19T17:30:00Z,779.1388888888889,23.76,56.43,1.281481885648886,0
2024-07-19T18:00:00Z,847.1111111111111,25.16,49.66,1.6099204243339411,0
2024-07-19T18:30:00Z,847.1111111111111,25.16,49.66,1.6099204243339411,0
2024-07-19T19:00:00Z,803.4444444444445,25.56,48.94,1.6722115796655181,0
2024-07-19T19:30:00Z,803.4444444444445,25.56,48.94,1.6722115796655181,0
2024-07-19T20:00:00Z,478.1666666666667,25.2,52.55,1.5211104592634943,0
2024-07-19T20:30:00Z,478.1666666666667,25.2,52.55,1.5211104592634943,0
2024-07-19T21:00:00Z,393.33333333333337,24.99,54.62,1.4366814766894513,0
2024-07-19T21:30:00Z,393.33333333333337,24.99,54.62,1.4366814766894513,0
2024-07-19T22:00:00Z,501,26.14,50.96,1.6621418341831524,0
2024-07-19T22:30:00Z,501,26.14,50.96,1.6621418341831524,0
2024-07-19T23:00:00Z,386.8888888888889,25.07,54.27,1.454675887902946,0
2024-07-19T23:30:00Z,386.8888888888889,25.07,54.27,1.454675887902946,0
2024-07-20T00:00:00Z,216.55555555555557,24.01,52.05,1.431647444601081,0
2024-07-20T00:30:00Z,216.55555555555557,24.01,52.05,1.431647444601081,0
2024-07-20T01:00:00Z,63.94444444444444,22.07,57.46,1.1295360589811878,0
2024-07-20T01:30:00Z,63.94444444444444,22.07,57.46,1.1295360589811878,0
2024-07-20T02:00:00Z,1.9722222222222223,17.83,71.7,0.57789453374647,0
2024-07-20T02:30:00Z,1.9722222222222223,17.83,71.7,0.57789453374647,0
2024-07-20T03:00:00Z,0.02777777777777778,14.42,90.1,0.16262731542206055,0
2024-07-20T03:30:00Z,0.02777777777777778,14.42,90.1,0.16262731542206055,0
2024-07-20T04:00:00Z,0,13.25,96,0.0608976439546578,0
2024-07-20T04:30:00Z,0,13.25,96,0.0608976439546578,0
2024-07-20T05:00:00Z,0.02777777777777778,12.39,97.1,0.04173223949640725,0
2024-07-20T05:30:00Z,0.02777777777777778,12.39,97.1,0.04173223949640725,0
2024-07-20T06:00:00Z,0.02777777777777778,11.58,98,0.027283792792210493,0
2024-07-20T06:30:00Z,0.02777777777777778,11.58,98,0.027283792792210493,0
2024-07-20T07:00:00Z,0.02777777777777778,11.44,98.5,0.02027407261052039,0
2024-07-20T07:30:00Z,0.02777777777777778,11.44,98.5,0.02027407261052039,0
2024-07-20T08:00:00Z,0.02777777777777778,12.08,98.9,0.015509777610365427,0
2024-07-20T08:30:00Z,0.02777777777777778,12.08,98.9,0.015509777610365427,0
2024-07-20T09:00:00Z,0.05555555555555556,12.36,99.1,0.012925866519294171,0
2024-07-20T09:30:00Z,0.05555555555555556,12.36,99.1,0.012925866519294171,0
2024-07-20T10:00:00Z,0.08333333333333333,12.57,99.2,0.011649266369739175,0
2024-07-20T10:30:00Z,0.08333333333333333,12.57,99.2,0.011649266369739175,0
2024-07-20T11:00:00Z,10.694444444444445,12.48,99.2,0.011580626452119658,0
2024-07-20T11:30:00Z,10.694444444444445,12.48,99.2,0.011580626452119658,0
2024-07-20T12:00:00Z,55.38888888888889,14.12,99.3,0.011277673876811667,0
2024-07-20T12:30:00Z,55.38888888888889,14.12,99.3,0.011277673876811667,0
2024-07-20T13:00:00Z,187.47222222222223,16.58,98.9,0.020754266808343802,0
2024-07-20T13:30:00Z,187.47222222222223,16.58,98.9,0.020754266808343802,0
2024-07-20T14:00:00Z,408.6666666666667,20.51,87.7,0.2968148387495386,0
2024-07-20T14:30:00Z,408.6666666666667,20.51,87.7,0.2968148387495386,0
2024-07-20T15:00:00Z,555.3055555555555,22.95,74.96,0.7013585069918173,0
2024-07-20T15:30:00Z,555.3055555555555,22.95,74.96,0.7013585069918173,0
2024-07-20T16:00:00Z,713.4166666666667,25.22,63.38,1.175328929957042,0
2024-07-20T16:30:00Z,713.4166666666667,25.22,63.38,1.175328929957042,0
2024-07-20T17:00:00Z,430.69444444444446,25.2,57.53,1.3614659895662928,0
2024-07-20T17:30:00Z,430.69444444444446,25.2,57.53,1.3614659895662928,0
2024-07-20T18:00:00Z,558.3055555555557,25.97,54.86,1.5146651236709656,0
2024-07-20T18:30:00Z,558.3055555555557,25.97,54.86,1.5146651236709656,0
2024-07-20T19:00:00Z,673.0555555555555,26.83,53.99,1.62412335511042,0
2024-07-20T19:30:00Z,673.0555555555555,26.83,53.99,1.62412335511042,0
2024-07-20T20:00:00Z,387.02777777777777,25.77,57.67,1.403665776622431,0
2024-07-20T20:30:00Z,387.02777777777777,25.77,57.67,1.403665776622431,0
2024-07-20T21:00:00Z,497.36111111111114,26,58.05,1.4101240080987754,0
2024-07-20T21:30:00Z,497.36111111111114,26,58.05,1.4101240080987754,0
2024-07-20T22:00:00Z,476.3888888888889,25.8,55.22,1.487547952194385,0
2024-07-20T22:30:00Z,476.3888888888889,25.8,55.22,1.487547952194385,0
2024-07-20T23:00:00Z,294.22222222222223,24.82,58.33,1.3059261013683263,0
2024-07-20T23:30:00Z,294.22222222222223,24.82,58.33,1.3059261013683263,0
2024-07-21T00:00:00Z,214.47222222222223,24.51,63.04,1.1370699489649978,0
2024-07-21T00:30:00Z,214.47222222222223,24.51,63.04,1.1370699489649978,0
2024-07-21T01:00:00Z,64.16666666666667,22.86,67.12,0.9159498838940334,0
2024-07-21T01:30:00Z,64.16666666666667,22.86,67.12,0.9159498838940334,0
2024-07-21T02:00:00Z,2.7777777777777777,19.69,77.86,0.5078439191847612,0
2024-07-21T02:30:00Z,2.7777777777777777,19.69,77.86,0.5078439191847612,0
2024-07-21T03:00:00Z,0,17.05,89.5,0.20410716555317387,0
2024-07-21T03:30:00Z,0,17.05,89.5,0.20410716555317387,0
2024-07-21T04:00:00Z,0,15.42,96.2,0.06657634052137351,0
2024-07-21T04:30:00Z,0,15.42,96.2,0.06657634052137351,0
2024-07-21T05:00:00Z,0,14.68,97.6,0.04009268936999577,0
2024-07-21T05:30:00Z,0,14.68,97.6,0.04009268936999577,0
2024-07-21T06:00:00Z,0,14.42,98.2,0.02956860280401097,0
2024-07-21T06:30:00Z,0,14.42,98.2,0.02956860280401097,0
2024-07-21T07:00:00Z,0,14.64,98.6,0.02332708950335949,0
2024-07-21T07:30:00Z,0,14.64,98.6,0.02332708950335949,0
2024-07-21T08:00:00Z,0.02777777777777778,14.71,98.9,0.018411427816830583,0
2024-07-21T08:30:00Z,0.02777777777777778,14.71,98.9,0.018411427816830583,0
2024-07-21T09:00:00Z,0.02777777777777778,15.06,99.1,0.015407503926067045,0
2024-07-21T09:30:00Z,0.02777777777777778,15.06,99.1,0.015407503926067045,0
2024-07-21T10:00:00Z,0.05555555555555556,14.88,99.1,0.015229942295109211,0
2024-07-21T10:30:00Z,0.05555555555555556,14.88,99.1,0.015229942295109211,0
2024-07-21T11:00:00Z,11.222222222222223,14.48,99.2,0.013192686247194052,0
2024-07-21T11:30:00Z,11.222222222222223,14.48,99.2,0.013192686247194052,0
2024-07-21T12:00:00Z,60.41666666666667,16.09,99.3,0.012801359575600246,0
2024-07-21T12:30:00Z,60.41666666666667,16.09,99.3,0.012801359575600246,0
2024-07-21T13:00:00Z,183.02777777777777,18.23,99.2,0.01675221920230019,0
2024-07-21T13:30:00Z,183.02777777777777,18.23,99.2,0.01675221920230019,0
2024-07-21T14:00:00Z,366.11111111111114,21.19,92.2,0.19626194645847583,0
2024-07-21T14:30:00Z,366.11111111111114,21.19,92.2,0.19626194645847583,0
2024-07-21T15:00:00Z,484.19444444444446,23.98,75.94,0.71706916208037,0
2024-07-21T15:30:00Z,484.19444444444446,23.98,75.94,0.71706916208037,0
2024-07-21T16:00:00Z,636.4722222222223,26.04,62.92,1.2493721527338284,0
2024-07-21T16:30:00Z,636.4722222222223,26.04,62.92,1.2493721527338284,0
2024-07-21T17:00:00Z,627.9166666666667,26.96,55.01,1.6002861897689633,0
2024-07-21T17:30:00Z,627.9166666666667,26.96,55.01,1.6002861897689633,0
2024-07-21T18:00:00Z,526.8333333333334,27.61,52.86,1.741794319782579,0
2024-07-21T18:30:00Z,526.8333333333334,27.61,52.86,1.741794319782579,0
2024-07-21T19:00:00Z,378,26.68,59.54,1.4156755501367728,0
2024-07-21T19:30:00Z,378,26.68,59.54,1.4156755501367728,0
2024-07-21T20:00:00Z,435.5,27.25,59.15,1.4779397521133966,0
2024-07-21T20:30:00Z,435.5,27.25,59.15,1.4779397521133966,0
2024-07-21T21:00:00Z,495.3888888888889,27,58.73,1.4714158905571364,0
2024-07-21T21:30:00Z,495.3888888888889,27,58.73,1.4714158905571364,0
2024-07-21T22:00:00Z,401.52777777777777,26.7,60.19,1.3945715638125544,0
2024-07-21T22:30:00Z,401.52777777777777,26.7,60.19,1.3945715638125544,0
2024-07-21T23:00:00Z,237.55555555555557,25.73,62.62,1.23659041635739,0
2024-07-21T23:30:00Z,237.55555555555557,25.73,62.62,1.23659041635739,0
2024-07-22T00:00:00Z,87.88888888888889,24.92,68.34,0.9981492102760621,0
2024-07-22T00:30:00Z,87.88888888888889,24.92,68.34,0.9981492102760621,0
2024-07-22T01:00:00Z,37.72222222222223,23.47,74.2,0.7456976611860915,0
2024-07-22T01:30:00Z,37.72222222222223,23.47,74.2,0.7456976611860915,0
2024-07-22T02:00:00Z,1.4444444444444446,21.31,83.7,0.41316552074725177,0
2024-07-22T02:30:00Z,1.4444444444444446,21.31,83.7,0.41316552074725177,0
2024-07-22T03:00:00Z,0,19.53,92.7,0.16579101148491926,0
2024-07-22T03:30:00Z,0,19.53,92.7,0.16579101148491926,0
2024-07-22T04:00:00Z,0,18.7,95.5,0.09704708910340498,0
2024-07-22T04:30:00Z,0,18.7,95.5,0.09704708910340498,0
2024-07-22T05:00:00Z,0,17.29,97.4,0.05131434444858196,0
2024-07-22T05:30:00Z,0,17.29,97.4,0.05131434444858196,0
2024-07-22T06:00:00Z,0.02777777777777778,16.64,98.1,0.03598526576215444,0
2024-07-22T06:30:00Z,0.02777777777777778,16.64,98.1,0.03598526576215444,0
2024-07-22T07:00:00Z,0,16.08,98.4,0.029241579452756516,0
2024-07-22T07:30:00Z,0,16.08,98.4,0.029241579452756516,0
2024-07-22T08:00:00Z,0.02777777777777778,15.58,98.7,0.023011007029621666,0
2024-07-22T08:30:00Z,0.02777777777777778,15.58,98.7,0.023011007029621666,0
2024-07-22T09:00:00Z,0.1388888888888889,15.21,98.8,0.020742474537619904,0
2024-07-22T09:30:00Z,0.1388888888888889,15.21,98.8,0.020742474537619904,0
2024-07-22T10:00:00Z,0.2777777777777778,15.69,99.1,0.01604334704613075,0
2024-07-22T10:30:00Z,0.2777777777777778,15.69,99.1,0.01604334704613075,0
2024-07-22T11:00:00Z,8.416666666666668,16.45,99.1,0.01684091404405419,0
2024-07-22T11:30:00Z,8.416666666666668,16.45,99.1,0.01684091404405419,0
2024-07-22T12:00:00Z,45.05555555555556,16.97,99.1,0.017406436361945277,0
2024-07-22T12:30:00Z,45.05555555555556,16.97,99.1,0.017406436361945277,0
2024-07-22T13:00:00Z,138.75,18.64,99.1,0.01933671336381737,0
2024-07-22T13:30:00Z,138.75,18.64,99.1,0.01933671336381737,0
2024-07-22T14:00:00Z,352.19444444444446,21,92.7,0.18155139400086062,0
2024-07-22T14:30:00Z,352.19444444444446,21,92.7,0.18155139400086062,0
2024-07-22T15:00:00Z,532.9722222222223,24.2,74.15,0.7806508240191743,0
2024-07-22T15:30:00Z,532.9722222222223,24.2,74.15,0.7806508240191743,0
2024-07-22T16:00:00Z,679.0833333333333,25.97,64.11,1.2042829261974073,0
2024-07-22T16:30:00Z,679.0833333333333,25.97,64.11,1.2042829261974073,0
2024-07-22T17:00:00Z,650.5277777777778,26.68,57.08,1.5017497432493894,0
2024-07-22T17:30:00Z,650.5277777777778,26.68,57.08,1.5017497432493894,0
2024-07-22T18:00:00Z,701.3333333333334,27.49,55.12,1.646703321538907,0
2024-07-22T18:30:00Z,701.3333333333334,27.49,55.12,1.646703321538907,0
2024-07-22T19:00:00Z,668.8055555555555,27.76,54.78,1.6855434254592372,0
2024-07-22T19:30:00Z,668.8055555555555,27.76,54.78,1.6855434254592372,0
2024-07-22T20:00:00Z,722.4722222222223,28.26,48.43,1.979015303322174,0
2024-07-22T20:30:00Z,722.4722222222223,28.26,48.43,1.979015303322174,0
2024-07-22T21:00:00Z,622.0833333333334,27.93,46.04,2.031351936273703,0
2024-07-22T21:30:00Z,622.0833333333334,27.93,46.04,2.031351936273703,0
2024-07-22T22:00:00Z,490.9166666666667,27.6,47.17,1.9508967096224243,0
2024-07-22T22:30:00Z,490.9166666666667,27.6,47.17,1.9508967096224243,0
2024-07-22T23:00:00Z,336.86111111111114,26.75,52.21,1.679044694389207,0
2024-07-22T23:30:00Z,336.86111111111114,26.75,52.21,1.679044694389207,0
2024-07-23T00:00:00Z,169.66666666666666,25.3,54.64,1.4627817951465596,0
2024-07-23T00:30:00Z,169.66666666666666,25.3,54.64,1.4627817951465596,0
2024-07-23T01:00:00Z,46.111111111111114,22.5,60.13,1.0866917787535963,0
2024-07-23T01:30:00Z,46.111111111111114,22.5,60.13,1.0866917787535963,0
2024-07-23T02:00:00Z,2.5,18.29,79.8,0.42458907267053236,0
2024-07-23T02:30:00Z,2.5,18.29,79.8,0.42458907267053236,0
2024-07-23T03:00:00Z,0,16.5,86.9,0.24591003426664648,0
2024-07-23T03:30:00Z,0,16.5,86.9,0.24591003426664648,0
2024-07-23T04:00:00Z,0,14.9,93.1,0.11691346460885788,0
2024-07-23T04:30:00Z,0,14.9,93.1,0.11691346460885788,0
2024-07-23T05:00:00Z,0,13.75,96.8,0.050331318242989864,0
2024-07-23T05:30:00Z,0,13.75,96.8,0.050331318242989864,0
2024-07-23T06:00:00Z,0.02777777777777778,12.92,97.5,0.037248772744162606,0
2024-07-23T06:30:00Z,0.02777777777777778,12.92,97.5,0.037248772744162606,0
2024-07-23T07:00:00Z,0.02777777777777778,12.35,98.3,0.024399477206666687,0
2024-07-23T07:30:00Z,0.02777777777777778,12.35,98.3,0.024399477206666687,0
2024-07-23T08:00:00Z,0.1388888888888889,11.4,98.5,0.02022041956745224,0
2024-07-23T08:30:00Z,0.1388888888888889,11.4,98.5,0.02022041956745224,0
2024-07-23T09:00:00Z,0.22222222222222224,11.25,98.9,0.014681575392628154,0
2024-07-23T09:30:00Z,0.22222222222222224,11.25,98.9,0.014681575392628154,0
2024-07-23T10:00:00Z,0.25,11.06,99,0.013179588221273075,0
2024-07-23T10:30:00Z,0.25,11.06,99,0.013179588221273075,0
2024-07-23T11:00:00Z,9.63888888888889,11.17,99.1,0.011948597252877224,0
2024-07-23T11:30:00Z,9.63888888888889,11.17,99.1,0.011948597252877224,0
2024-07-23T12:00:00Z,42.97222222222222,12.66,99.3,0.010253480349638355,0
2024-07-23T12:30:00Z,42.97222222222222,12.66,99.3,0.010253480349638355,0
2024-07-23T13:00:00Z,193.36111111111111,16.35,99.1,0.01673402506498123,0
2024-07-23T13:30:00Z,193.36111111111111,16.35,99.1,0.01673402506498123,0
2024-07-23T14:00:00Z,374.22222222222223,20.6,88.4,0.2814800682042984,0
2024-07-23T14:30:00Z,374.22222222222223,20.6,88.4,0.2814800682042984,0
2024-07-23T15:00:00Z,480.8055555555556,23.94,73.82,0.778380692606957,0
2024-07-23T15:30:00Z,480.8055555555556,23.94,73.82,0.778380692606957,0
2024-07-23T16:00:00Z,673.2777777777778,25.76,65.07,1.1575955322159395,0
2024-07-23T16:30:00Z,673.2777777777778,25.76,65.07,1.1575955322159395,0
2024-07-23T17:00:00Z,718.1944444444445,26.75,61.6,1.3491382352907628,0
2024-07-23T17:30:00Z,718.1944444444445,26.75,61.6,1.3491382352907628,0
2024-07-23T18:00:00Z,706.0555555555557,27.38,56.26,1.5945855332781713,0
2024-07-23T18:30:00Z,706.0555555555557,27.38,56.26,1.5945855332781713,0
2024-07-23T19:00:00Z,243.86111111111111,25.93,60.89,1.309228907847852,0
2024-07-23T19:30:00Z,243.86111111111111,25.93,60.89,1.309228907847852,0
2024-07-23T20:00:00Z,205.44444444444446,24.28,73.94,0.7907737469150833,0
2024-07-23T20:30:00Z,205.44444444444446,24.28,73.94,0.7907737469150833,0
2024-07-23T21:00:00Z,323.3055555555556,24.44,70.94,0.8902925441340788,0
2024-07-23T21:30:00Z,323.3055555555556,24.44,70.94,0.8902925441340788,0
2024-07-23T22:00:00Z,378.55555555555554,25.78,65.2,1.1546539717878157,0
2024-07-23T22:30:00Z,378.55555555555554,25.78,65.2,1.1546539717878157,0
2024-07-23T23:00:00Z,105.08333333333334,24.91,68.79,0.9833756924453594,0
2024-07-23T23:30:00Z,105.08333333333334,24.91,68.79,0.9833756924453594,0
2024-07-24T00:00:00Z,78.16666666666666,23.4,78.4,0.6216761415078058,0
2024-07-24T00:30:00Z,78.16666666666666,23.4,78.4,0.6216761415078058,0
2024-07-24T01:00:00Z,22.833333333333336,22.08,87.4,0.33476320387348757,0
2024-07-24T01:30:00Z,22.833333333333336,22.08,87.4,0.33476320387348757,0
2024-07-24T02:00:00Z,1.027777777777778,21.16,90.6,0.23608595268395893,0
2024-07-24T02:30:00Z,1.027777777777778,21.16,90.6,0.23608595268395893,0
2024-07-24T03:00:00Z,0,20.29,92.6,0.176163556753965,0
2024-07-24T03:30:00Z,0,20.29,92.6,0.176163556753965,0
2024-07-24T04:00:00Z,0.05555555555555556,20.16,95.8,0.09918473047482657,0
2024-07-24T04:30:00Z,0.05555555555555556,20.16,95.8,0.09918473047482657,0
2024-07-24T05:00:00Z,0.22222222222222224,19.68,97.5,0.05730904200942133,0
2024-07-24T05:30:00Z,0.22222222222222224,19.68,97.5,0.05730904200942133,0
2024-07-24T06:00:00Z,0.1388888888888889,19.3,97.2,0.06268802749091007,0
2024-07-24T06:30:00Z,0.1388888888888889,19.3,97.2,0.06268802749091007,0
2024-07-24T07:00:00Z,0,18.58,95.6,0.09418076477837323,0
2024-07-24T07:30:00Z,0,18.58,95.6,0.09418076477837323,0
2024-07-24T08:00:00Z,0.19444444444444445,17.52,96.1,0.07809801852214027,0
2024-07-24T08:30:00Z,0.19444444444444445,17.52,96.1,0.07809801852214027,0
2024-07-24T09:00:00Z,0.25,17.26,97.3,0.05318697871379352,0
2024-07-24T09:30:00Z,0.25,17.26,97.3,0.05318697871379352,0
2024-07-24T10:00:00Z,0.08333333333333333,17.4,97,0.059621915667064096,0
2024-07-24T10:30:00Z,0.08333333333333333,17.4,97,0.059621915667064096,0
2024-07-24T11:00:00Z,5.472222222222222,17.22,94.8,0.10217533990897332,0
2024-07-24T11:30:00Z,5.472222222222222,17.22,94.8,0.10217533990897332,0
2024-07-24T12:00:00Z,38.388888888888886,17.31,92.7,0.14425718157926326,0
2024-07-24T12:30:00Z,38.388888888888886,17.31,92.7,0.14425718157926326,0
2024-07-24T13:00:00Z,130.86111111111111,18.18,90.1,0.20665903571738342,0
2024-07-24T13:30:00Z,130.86111111111111,18.18,90.1,0.20665903571738342,0
2024-07-24T14:00:00Z,228.83333333333334,19.58,84.7,0.34856069785877386,0
2024-07-24T14:30:00Z,228.83333333333334,19.58,84.7,0.34856069785877386,0
2024-07-24T15:00:00Z,182.55555555555557,19.88,84,0.37135488527547866,0
2024-07-24T15:30:00Z,182.55555555555557,19.88,84,0.37135488527547866,0
2024-07-24T16:00:00Z,376.55555555555554,20.94,79.27,0.5136592106560711,0
2024-07-24T16:30:00Z,376.55555555555554,20.94,79.27,0.5136592106560711,0
2024-07-24T17:00:00Z,358.55555555555554,21.57,74.15,0.6657471024815533,0
2024-07-24T17:30:00Z,358.55555555555554,21.57,74.15,0.6657471024815533,0
2024-07-24T18:00:00Z,371.3333333333333,22.16,70.66,0.7833268202206798,0
2024-07-24T18:30:00Z,371.3333333333333,22.16,70.66,0.7833268202206798,0
2024-07-24T19:00:00Z,579.9722222222223,23.1,67.47,0.9194523829297385,0
2024-07-24T19:30:00Z,579.9722222222223,23.1,67.47,0.9194523829297385,0
2024-07-24T20:00:00Z,521.3333333333334,23.39,64.54,1.0199697613067895,0
2024-07-24T20:30:00Z,521.3333333333334,23.39,64.54,1.0199697613067895,0
2024-07-24T21:00:00Z,626.7500000000001,24.18,61.04,1.1751535995164324,0
2024-07-24T21:30:00Z,626.7500000000001,24.18,61.04,1.1751535995164324,0
2024-07-24T22:00:00Z,444.83333333333337,23.84,60.54,1.1661933760384202,0
2024-07-24T22:30:00Z,444.83333333333337,23.84,60.54,1.1661933760384202,0
2024-07-24T23:00:00Z,338.02777777777783,23.42,61.21,1.1177738280462755,0
2024-07-24T23:30:00Z,338.02777777777783,23.42,61.21,1.1177738280462755,0
2024-07-25T00:00:00Z,211.16666666666669,22.59,63.21,1.0082363129879823,0
2024-07-25T00:30:00Z,211.16666666666669,22.59,63.21,1.0082363129879823,0
2024-07-25T01:00:00Z,59.47222222222222,20.71,69.41,0.7473282212546697,0
2024-07-25T01:30:00Z,59.47222222222222,20.71,69.41,0.7473282212546697,0
2024-07-25T02:00:00Z,2.055555555555556,18.37,79.11,0.44130088732482586,0
2024-07-25T02:30:00Z,2.055555555555556,18.37,79.11,0.44130088732482586,0
2024-07-25T03:00:00Z,0,16.16,88.5,0.21124953951411318,0
2024-07-25T03:30:00Z,0,16.16,88.5,0.21124953951411318,0
2024-07-25T04:00:00Z,0,14.41,93.7,0.10342319376558429,0
2024-07-25T04:30:00Z,0,14.41,93.7,0.10342319376558429,0
2024-07-25T05:00:00Z,0.05555555555555556,12.98,97.3,0.04038693842856067,0
2024-07-25T05:30:00Z,0.05555555555555556,12.98,97.3,0.04038693842856067,0
2024-07-25T06:00:00Z,0.02777777777777778,12.33,98,0.02866753895659424,0
2024-07-25T06:30:00Z,0.02777777777777778,12.33,98,0.02866753895659424,0
2024-07-25T07:00:00Z,0.05555555555555556,11.81,98.4,0.022161411705999834,0
2024-07-25T07:30:00Z,0.05555555555555556,11.81,98.4,0.022161411705999834,0
2024-07-25T08:00:00Z,0.05555555555555556,11.24,98.7,0.017339445811487497,0
2024-07-25T08:30:00Z,0.05555555555555556,11.24,98.7,0.017339445811487497,0
2024-07-25T09:00:00Z,0.08333333333333333,10.65,98.9,0.014107325495513079,0
2024-07-25T09:30:00Z,0.08333333333333333,10.65,98.9,0.014107325495513079,0
2024-07-25T10:00:00Z,0.1388888888888889,10.26,99.1,0.011245694647456617,0
2024-07-25T10:30:00Z,0.1388888888888889,10.26,99.1,0.011245694647456617,0
2024-07-25T11:00:00Z,7.777777777777779,11.64,99.4,0.008217687368572424,0
2024-07-25T11:30:00Z,7.777777777777779,11.64,99.4,0.008217687368572424,0
2024-07-25T12:00:00Z,31.083333333333336,13.27,99.3,0.01067101023802497,0
2024-07-25T12:30:00Z,31.083333333333336,13.27,99.3,0.01067101023802497,0
2024-07-25T13:00:00Z,202.00000000000003,15.88,94,0.10826379558494792,0
2024-07-25T13:30:00Z,202.00000000000003,15.88,94,0.10826379558494792,0
2024-07-25T14:00:00Z,434.6388888888889,18.9,76.72,0.5083704446931048,0
2024-07-25T14:30:00Z,434.6388888888889,18.9,76.72,0.5083704446931048,0
2024-07-25T15:00:00Z,588.8888888888889,20.67,57.68,1.031354450464094,0
2024-07-25T15:30:00Z,588.8888888888889,20.67,57.68,1.031354450464094,0
2024-07-25T16:00:00Z,710.5555555555555,21.54,51.23,1.2537317729204798,0
2024-07-25T16:30:00Z,710.5555555555555,21.54,51.23,1.2537317729204798,0
2024-07-25T17:00:00Z,801.3611111111112,22.42,45.84,1.4690230826292365,0
2024-07-25T17:30:00Z,801.3611111111112,22.42,45.84,1.4690230826292365,0
2024-07-25T18:00:00Z,789.9444444444446,22.86,46.9,1.4792256336609846,0
2024-07-25T18:30:00Z,789.9444444444446,22.86,46.9,1.4792256336609846,0
2024-07-25T19:00:00Z,832.9444444444445,23.7,47.28,1.545016207934772,0
2024-07-25T19:30:00Z,832.9444444444445,23.7,47.28,1.545016207934772,0
2024-07-25T20:00:00Z,771.8055555555555,24.33,45.69,1.6529433144364862,0
2024-07-25T20:30:00Z,771.8055555555555,24.33,45.69,1.6529433144364862,0
2024-07-25T21:00:00Z,670.3888888888889,24.92,44.48,1.7503867389301004,0
2024-07-25T21:30:00Z,670.3888888888889,24.92,44.48,1.7503867389301004,0
2024-07-25T22:00:00Z,536.3055555555555,25.28,43.37,1.824050369507973,0
2024-07-25T22:30:00Z,536.3055555555555,25.28,43.37,1.824050369507973,0
2024-07-25T23:00:00Z,376.47222222222223,25.1,44.06,1.7826376093774896,0
2024-07-25T23:30:00Z,376.47222222222223,25.1,44.06,1.7826376093774896,0
2024-07-26T00:00:00Z,211.5277777777778,24.73,46.48,1.6683186579280762,0
2024-07-26T00:30:00Z,211.5277777777778,24.73,46.48,1.6683186579280762,0
2024-07-26T01:00:00Z,59.805555555555564,22.38,58.74,1.1164097211737247,0
2024-07-26T01:30:00Z,59.805555555555564,22.38,58.74,1.1164097211737247,0
2024-07-26T02:00:00Z,1.638888888888889,19.26,71.76,0.6306811629817086,0
2024-07-26T02:30:00Z,1.638888888888889,19.26,71.76,0.6306811629817086,0
2024-07-26T03:00:00Z,0,17.23,79.13,0.4103362935534478,0
2024-07-26T03:30:00Z,0,17.23,79.13,0.4103362935534478,0
2024-07-26T04:00:00Z,0,14.68,88.4,0.19378133195497993,0
2024-07-26T04:30:00Z,0,14.68,88.4,0.19378133195497993,0
2024-07-26T05:00:00Z,0,14.02,89.9,0.16166876494363236,0
2024-07-26T05:30:00Z,0,14.02,89.9,0.16166876494363236,0
2024-07-26T06:00:00Z,0.02777777777777778,13.1,92.6,0.11156214431239553,0
2024-07-26T06:30:00Z,0.02777777777777778,13.1,92.6,0.11156214431239553,0
2024-07-26T07:00:00Z,0.02777777777777778,12,95.9,0.05750511879492515,0
2024-07-26T07:30:00Z,0.02777777777777778,12,95.9,0.05750511879492515,0
2024-07-26T08:00:00Z,0.02777777777777778,11.82,96.2,0.052668122006792384,0
2024-07-26T08:30:00Z,0.02777777777777778,11.82,96.2,0.052668122006792384,0
2024-07-26T09:00:00Z,0,13.08,91.4,0.1294839136000785,0
2024-07-26T09:30:00Z,0,13.08,91.4,0.1294839136000785,0
2024-07-26T10:00:00Z,0,13.84,89.7,0.16295443241657592,0
2024-07-26T10:30:00Z,0,13.84,89.7,0.16295443241657592,0
2024-07-26T11:00:00Z,8.194444444444445,13.18,92.8,0.10911583806538139,0
2024-07-26T11:30:00Z,8.194444444444445,13.18,92.8,0.10911583806538139,0
2024-07-26T12:00:00Z,41.86111111111111,13.87,92.8,0.11413212949013296,0
2024-07-26T12:30:00Z,41.86111111111111,13.87,92.8,0.11413212949013296,0
2024-07-26T13:00:00Z,203.5277777777778,16.45,85.6,0.2694546247048675,0
2024-07-26T13:30:00Z,203.5277777777778,16.45,85.6,0.2694546247048675,0
2024-07-26T14:00:00Z,410.0555555555556,20.43,70.98,0.6968431203558669,0
2024-07-26T14:30:00Z,410.0555555555556,20.43,70.98,0.6968431203558669,0
2024-07-26T15:00:00Z,557,23.37,60.42,1.1371048892231876,0
2024-07-26T15:30:00Z,557,23.37,60.42,1.1371048892231876,0
2024-07-26T16:00:00Z,724.0833333333334,25.33,52.23,1.5432488010660874,0
2024-07-26T16:30:00Z,724.0833333333334,25.33,52.23,1.5432488010660874,0
2024-07-26T17:00:00Z,733.4444444444445,25.87,47.16,1.762580829510892,0
2024-07-26T17:30:00Z,733.4444444444445,25.87,47.16,1.762580829510892,0
2024-07-26T18:00:00Z,777.3888888888889,26.16,44.9,1.8697437426369519,0
2024-07-26T18:30:00Z,777.3888888888889,26.16,44.9,1.8697437426369519,0
2024-07-26T19:00:00Z,799.5277777777778,26.94,43.73,1.9991657795637519,0
2024-07-26T19:30:00Z,799.5277777777778,26.94,43.73,1.9991657795637519,0
2024-07-26T20:00:00Z,770.5000000000001,27.36,43.62,2.052985863865744,0
2024-07-26T20:30:00Z,770.5000000000001,27.36,43.62,2.052985863865744,0
2024-07-26T21:00:00Z,663.6944444444446,27.68,43.18,2.1080619448698243,0
2024-07-26T21:30:00Z,663.6944444444446,27.68,43.18,2.1080619448698243,0
2024-07-26T22:00:00Z,520,27.63,42.41,2.130402019822748,0
2024-07-26T22:30:00Z,520,27.63,42.41,2.130402019822748,0
2024-07-26T23:00:00Z,361.86111111111114,27.22,43.2,2.05139832640228,0
2024-07-26T23:30:00Z,361.86111111111114,27.22,43.2,2.05139832640228,0
2024-07-27T00:00:00Z,204,26.25,46.21,1.8350123405361687,0
2024-07-27T00:30:00Z,204,26.25,46.21,1.8350123405361687,0
2024-07-27T01:00:00Z,58.44444444444445,23.5,63.62,1.0533940951842904,0
2024-07-27T01:30:00Z,58.44444444444445,23.5,63.62,1.0533940951842904,0
2024-07-27T02:00:00Z,2.0833333333333335,19.11,76.84,0.5124192600205524,0
2024-07-27T02:30:00Z,2.0833333333333335,19.11,76.84,0.5124192600205524,0
2024-07-27T03:00:00Z,0,17.01,84.2,0.3063553119252431,0
2024-07-27T03:30:00Z,0,17.01,84.2,0.3063553119252431,0
2024-07-27T04:00:00Z,0,14.95,93.4,0.1121910507878443,0
2024-07-27T04:30:00Z,0,14.95,93.4,0.1121910507878443,0
2024-07-27T05:00:00Z,0,14.14,95.5,0.07259339130348264,0
2024-07-27T05:30:00Z,0,14.14,95.5,0.07259339130348264,0
2024-07-27T06:00:00Z,0,13.55,96.3,0.057443076026206574,0
2024-07-27T06:30:00Z,0,13.55,96.3,0.057443076026206574,0
2024-07-27T07:00:00Z,0.02777777777777778,13.19,97.2,0.04246166267934126,0
2024-07-27T07:30:00Z,0.02777777777777778,13.19,97.2,0.04246166267934126,0
2024-07-27T08:00:00Z,0.02777777777777778,13.78,95.8,0.06618882861205355,0
2024-07-27T08:30:00Z,0.02777777777777778,13.78,95.8,0.06618882861205355,0
2024-07-27T09:00:00Z,0,13.96,94,0.09566759890316101,0
2024-07-27T09:30:00Z,0,13.96,94,0.09566759890316101,0
2024-07-27T10:00:00Z,0.02777777777777778,13.42,95,0.0769709942392951,0
2024-07-27T10:30:00Z,0.02777777777777778,13.42,95,0.0769709942392951,0
2024-07-27T11:00:00Z,6.444444444444445,13.13,95.3,0.0709960967165002,0
2024-07-27T11:30:00Z,6.444444444444445,13.13,95.3,0.0709960967165002,0
2024-07-27T12:00:00Z,30.611111111111114,14.27,92.8,0.11713182411223366,0
2024-07-27T12:30:00Z,30.611111111111114,14.27,92.8,0.11713182411223366,0
2024-07-27T13:00:00Z,190.88888888888891,17.37,80.9,0.3788740580358074,0
2024-07-27T13:30:00Z,190.88888888888891,17.37,80.9,0.3788740580358074,0
2024-07-27T14:00:00Z,424.47222222222223,21.51,62.86,0.9530084038091062,0
2024-07-27T14:30:00Z,424.47222222222223,21.51,62.86,0.9530084038091062,0
2024-07-27T15:00:00Z,577.5277777777778,24.08,54.26,1.3714112629461244,0
2024-07-27T15:30:00Z,577.5277777777778,24.08,54.26,1.3714112629461244,0
2024-07-27T16:00:00Z,700.3888888888889,25.5,52.04,1.565105834628023,0
2024-07-27T16:30:00Z,700.3888888888889,25.5,52.04,1.565105834628023,0
2024-07-27T17:00:00Z,783.8055555555555,26.53,48.97,1.7698242532774966,0
2024-07-27T17:30:00Z,783.8055555555555,26.53,48.97,1.7698242532774966,0
2024-07-27T18:00:00Z,821.1111111111112,27.44,47.04,1.9374969046128117,0
2024-07-27T18:30:00Z,821.1111111111112,27.44,47.04,1.9374969046128117,0
2024-07-27T19:00:00Z,811.5000000000001,27.97,45.51,2.0560889861339455,0
2024-07-27T19:30:00Z,811.5000000000001,27.97,45.51,2.0560889861339455,0
2024-07-27T20:00:00Z,756.4722222222223,28.47,43.62,2.1901447212877136,0
2024-07-27T20:30:00Z,756.4722222222223,28.47,43.62,2.1901447212877136,0
2024-07-27T21:00:00Z,655,28.88,44.53,2.2065871713421026,0
2024-07-27T21:30:00Z,655,28.88,44.53,2.2065871713421026,0
2024-07-27T22:00:00Z,523.6111111111111,28.79,43.51,2.2354909331521933,0
2024-07-27T22:30:00Z,523.6111111111111,28.79,43.51,2.2354909331521933,0
2024-07-27T23:00:00Z,365.3888888888889,28.21,45.26,2.0945691061424965,0
2024-07-27T23:30:00Z,365.3888888888889,28.21,45.26,2.0945691061424965,0
2024-07-28T00:00:00Z,201.58333333333334,27.44,47.86,1.9074978966486407,0
2024-07-28T00:30:00Z,201.58333333333334,27.44,47.86,1.9074978966486407,0
2024-07-28T01:00:00Z,55.52777777777778,24.8,58.83,1.2887178397911747,0
2024-07-28T01:30:00Z,55.52777777777778,24.8,58.83,1.2887178397911747,0
2024-07-28T02:00:00Z,1.4722222222222223,20,77.04,0.5368693798049413,0
2024-07-28T02:30:00Z,1.4722222222222223,20,77.04,0.5368693798049413,0
2024-07-28T03:00:00Z,0,16.63,90.1,0.18738304639725967,0
2024-07-28T03:30:00Z,0,16.63,90.1,0.18738304639725967,0
2024-07-28T04:00:00Z,0,15.08,94.9,0.08742161938978632,0
2024-07-28T04:30:00Z,0,15.08,94.9,0.08742161938978632,0
2024-07-28T05:00:00Z,0,14.39,96.6,0.05574352646945768,0
2024-07-28T05:30:00Z,0,14.39,96.6,0.05574352646945768,0
2024-07-28T06:00:00Z,0,15.09,95.2,0.08233212444022198,0
2024-07-28T06:30:00Z,0,15.09,95.2,0.08233212444022198,0
2024-07-28T07:00:00Z,0,14.56,96.1,0.06464771862685659,0
2024-07-28T07:30:00Z,0,14.56,96.1,0.06464771862685659,0
2024-07-28T08:00:00Z,0,15.23,92.5,0.12980720910105714,0
2024-07-28T08:30:00Z,0,15.23,92.5,0.12980720910105714,0
2024-07-28T09:00:00Z,0,15.15,92.4,0.13086324719578002,0
2024-07-28T09:30:00Z,0,15.15,92.4,0.13086324719578002,0
2024-07-28T10:00:00Z,0,14.93,93.6,0.10865126436773287,0
2024-07-28T10:30:00Z,0,14.93,93.6,0.10865126436773287,0
2024-07-28T11:00:00Z,7.527777777777779,14.68,94.5,0.09187907980624055,0
2024-07-28T11:30:00Z,7.527777777777779,14.68,94.5,0.09187907980624055,0
2024-07-28T12:00:00Z,58.22222222222222,15.76,92.1,0.1414573676925599,0
2024-07-28T12:30:00Z,58.22222222222222,15.76,92.1,0.1414573676925599,0
2024-07-28T13:00:00Z,117.80555555555557,18.63,85.7,0.3070467265476231,0
2024-07-28T13:30:00Z,117.80555555555557,18.63,85.7,0.3070467265476231,0
2024-07-28T14:00:00Z,369.6666666666667,21.14,75.59,0.6123181967616549,0
2024-07-28T14:30:00Z,369.6666666666667,21.14,75.59,0.6123181967616549,0
2024-07-28T15:00:00Z,552.4444444444445,25.34,62.65,1.2073393137824842,0
2024-07-28T15:30:00Z,552.4444444444445,25.34,62.65,1.2073393137824842,0
2024-07-28T16:00:00Z,532.6388888888889,26.64,57.34,1.4891447764526689,0
2024-07-28T16:30:00Z,532.6388888888889,26.64,57.34,1.4891447764526689,0
2024-07-28T17:00:00Z,564.5555555555557,27.59,54.83,1.6670556999645898,0
2024-07-28T17:30:00Z,564.5555555555557,27.59,54.83,1.6670556999645898,0
2024-07-28T18:00:00Z,621.6944444444445,28.2,55.22,1.712464229684604,0
2024-07-28T18:30:00Z,621.6944444444445,28.2,55.22,1.712464229684604,0
2024-07-28T19:00:00Z,675.1944444444445,29.61,52.53,1.9695624965480474,0
2024-07-28T19:30:00Z,675.1944444444445,29.61,52.53,1.9695624965480474,0
2024-07-28T20:00:00Z,342.1111111111111,28.74,56.17,1.729480666021876,0
2024-07-28T20:30:00Z,342.1111111111111,28.74,56.17,1.729480666021876,0
2024-07-28T21:00:00Z,213.19444444444446,28.11,59.05,1.5578230979596612,0
2024-07-28T21:30:00Z,213.19444444444446,28.11,59.05,1.5578230979596612,0
2024-07-28T22:00:00Z,128.66666666666666,27.76,62.86,1.3843671566023015,0
2024-07-28T22:30:00Z,128.66666666666666,27.76,62.86,1.3843671566023015,0
2024-07-28T23:00:00Z,76.25,23.75,85.8,0.4173996627519956,0.51
2024-07-28T23:30:00Z,76.25,23.75,85.8,0.4173996627519956,0.51
2024-07-29T00:00:00Z,49.44444444444445,22.69,94.3,0.15715980386901807,0
2024-07-29T00:30:00Z,49.44444444444445,22.69,94.3,0.15715980386901807,0
2024-07-29T01:00:00Z,18.02777777777778,22.35,96,0.10803450339693965,0
2024-07-29T01:30:00Z,18.02777777777778,22.35,96,0.10803450339693965,0
2024-07-29T02:00:00Z,0.8611111111111112,21.79,96.8,0.08352889264419705,0
2024-07-29T02:30:00Z,0.8611111111111112,21.79,96.8,0.08352889264419705,0
2024-07-29T03:00:00Z,0.5277777777777778,21.17,97.9,0.05277497188199698,0
2024-07-29T03:30:00Z,0.5277777777777778,21.17,97.9,0.05277497188199698,0
2024-07-29T04:00:00Z,0.6388888888888888,21.4,97.9,0.05352418256791314,0
2024-07-29T04:30:00Z,0.6388888888888888,21.4,97.9,0.05352418256791314,0
2024-07-29T05:00:00Z,0.6666666666666666,21.3,98.1,0.048130894643632516,0
2024-07-29T05:30:00Z,0.6666666666666666,21.3,98.1,0.048130894643632516,0
2024-07-29T06:00:00Z,0.6666666666666666,21.24,98.1,0.04795420519248461,0
2024-07-29T06:30:00Z,0.6666666666666666,21.24,98.1,0.04795420519248461,0
2024-07-29T07:00:00Z,0.6944444444444444,21.29,98,0.05063305995543743,0
2024-07-29T07:30:00Z,0.6944444444444444,21.29,98,0.05063305995543743,0
2024-07-29T08:00:00Z,0.6944444444444444,21.01,97.9,0.05225920217074842,0
2024-07-29T08:30:00Z,0.6944444444444444,21.01,97.9,0.05225920217074842,0
2024-07-29T09:00:00Z,0.7222222222222223,21.37,97.7,0.058514119736526204,0
2024-07-29T09:30:00Z,0.7222222222222223,21.37,97.7,0.058514119736526204,0
2024-07-29T10:00:00Z,0.8055555555555556,21.42,97.3,0.0689011307215619,0
2024-07-29T10:30:00Z,0.8055555555555556,21.42,97.3,0.0689011307215619,0
2024-07-29T11:00:00Z,5.25,21.82,97.5,0.06537656198630426,0
2024-07-29T11:30:00Z,5.25,21.82,97.5,0.06537656198630426,0
2024-07-29T12:00:00Z,37.77777777777778,22.37,97.1,0.0784202889752077,0
2024-07-29T12:30:00Z,37.77777777777778,22.37,97.1,0.0784202889752077,0
2024-07-29T13:00:00Z,117.69444444444444,23.07,95.4,0.12978230621084164,0
2024-07-29T13:30:00Z,117.69444444444444,23.07,95.4,0.12978230621084164,0
2024-07-29T14:00:00Z,188.5277777777778,24.1,91.4,0.25816121081351184,0
2024-07-29T14:30:00Z,188.5277777777778,24.1,91.4,0.25816121081351184,0
2024-07-29T15:00:00Z,397.61111111111114,25.72,85,0.4959302203927556,0
2024-07-29T15:30:00Z,397.61111111111114,25.72,85,0.4959302203927556,0
2024-07-29T16:00:00Z,424.47222222222223,27.22,77.32,0.8191146838521783,0
2024-07-29T16:30:00Z,424.47222222222223,27.22,77.32,0.8191146838521783,0
2024-07-29T17:00:00Z,595.3611111111112,28.5,70.26,1.157296272574483,0
2024-07-29T17:30:00Z,595.3611111111112,28.5,70.26,1.157296272574483,0
2024-07-29T18:00:00Z,604.4722222222222,29.63,62.51,1.557276024823341,0
2024-07-29T18:30:00Z,604.4722222222222,29.63,62.51,1.557276024823341,0
2024-07-29T19:00:00Z,603.3333333333334,30.06,58.67,1.7597029826015476,0
2024-07-29T19:30:00Z,603.3333333333334,30.06,58.67,1.7597029826015476,0
2024-07-29T20:00:00Z,441.08333333333337,29.81,61.7,1.6074673787821232,0
2024-07-29T20:30:00Z,441.08333333333337,29.81,61.7,1.6074673787821232,0
2024-07-29T21:00:00Z,162.63888888888889,27.95,66.12,1.276916811846946,0
2024-07-29T21:30:00Z,162.63888888888889,27.95,66.12,1.276916811846946,0
2024-07-29T22:00:00Z,95.61111111111111,22.02,94,0.1588293566906671,2.795
2024-07-29T22:30:00Z,95.61111111111111,22.02,94,0.1588293566906671,2.795
2024-07-29T23:00:00Z,56,21.8,96.9,0.08096802909169343,1.015
2024-07-29T23:30:00Z,56,21.8,96.9,0.08096802909169343,1.015
2024-07-30T00:00:00Z,43.16666666666667,22.09,97,0.07975408947095985,0
2024-07-30T00:30:00Z,43.16666666666667,22.09,97,0.07975408947095985,0
2024-07-30T01:00:00Z,9.055555555555557,21.73,97.3,0.07021975489674182,0
2024-07-30T01:30:00Z,9.055555555555557,21.73,97.3,0.07021975489674182,0
2024-07-30T02:00:00Z,0.6944444444444444,21.32,97.4,0.06594409750247499,0
2024-07-30T02:30:00Z,0.6944444444444444,21.32,97.4,0.06594409750247499,0
2024-07-30T03:00:00Z,0.02777777777777778,21.24,96.8,0.08076497716628994,0
2024-07-30T03:30:00Z,0.02777777777777778,21.24,96.8,0.08076497716628994,0
2024-07-30T04:00:00Z,0.08333333333333333,20.85,96.3,0.09117477115721684,0
2024-07-30T04:30:00Z,0.08333333333333333,20.85,96.3,0.09117477115721684,0
2024-07-30T05:00:00Z,0.1388888888888889,20.81,97,0.07374384104854137,0
2024-07-30T05:30:00Z,0.1388888888888889,20.81,97,0.07374384104854137,0
2024-07-30T06:00:00Z,0.3888888888888889,20.63,97.5,0.06077603269541143,0
2024-07-30T06:30:00Z,0.3888888888888889,20.63,97.5,0.06077603269541143,0
2024-07-30T07:00:00Z,0.3888888888888889,20.52,98.1,0.04587772418109548,0
2024-07-30T07:30:00Z,0.3888888888888889,20.52,98.1,0.04587772418109548,0
2024-07-30T08:00:00Z,0.3333333333333333,20.36,98,0.047818008518796695,0
2024-07-30T08:30:00Z,0.3333333333333333,20.36,98,0.047818008518796695,0
2024-07-30T09:00:00Z,0.4166666666666667,20.2,98,0.0473477539500653,0
2024-07-30T09:30:00Z,0.4166666666666667,20.2,98,0.0473477539500653,0
2024-07-30T10:00:00Z,0.5277777777777778,19.86,98.2,0.041725681541459725,0
2024-07-30T10:30:00Z,0.5277777777777778,19.86,98.2,0.041725681541459725,0
2024-07-30T11:00:00Z,4.111111111111112,19.74,98.2,0.041416398520424114,0.125
2024-07-30T11:30:00Z,4.111111111111112,19.74,98.2,0.041416398520424114,0.125
2024-07-30T12:00:00Z,33.111111111111114,19.74,98.3,0.03911548749151139,0
2024-07-30T12:30:00Z,33.111111111111114,19.74,98.3,0.03911548749151139,0
2024-07-30T13:00:00Z,159.30555555555557,21.15,95.3,0.11797057824747803,0
2024-07-30T13:30:00Z,159.30555555555557,21.15,95.3,0.11797057824747803,0
2024-07-30T14:00:00Z,390.97222222222223,23.52,86.9,0.37977186447601463,0
2024-07-30T14:30:00Z,390.97222222222223,23.52,86.9,0.37977186447601463,0
2024-07-30T15:00:00Z,524.25,25.42,79.81,0.6557504288869471,0
2024-07-30T15:30:00Z,524.25,25.42,79.81,0.6557504288869471,0
2024-07-30T16:00:00Z,634.7222222222223,26.7,74.88,0.879970803390389,0
2024-07-30T16:30:00Z,634.7222222222223,26.7,74.88,0.879970803390389,0
2024-07-30T17:00:00Z,676.1111111111111,27.51,71.28,1.0550052080606744,0
2024-07-30T17:30:00Z,676.1111111111111,27.51,71.28,1.0550052080606744,0
2024-07-30T18:00:00Z,599.7777777777777,28.04,68.18,1.2055779827215671,0
2024-07-30T18:30:00Z,599.7777777777777,28.04,68.18,1.2055779827215671,0
2024-07-30T19:00:00Z,758.4166666666667,28.94,66.34,1.3436430454556252,0
2024-07-30T19:30:00Z,758.4166666666667,28.94,66.34,1.3436430454556252,0
2024-07-30T20:00:00Z,686.5,29.41,63.65,1.4909208952674229,0
2024-07-30T20:30:00Z,686.5,29.41,63.65,1.4909208952674229,0
2024-07-30T21:00:00Z,528.1111111111112,29.41,64.08,1.4732841418983722,0
2024-07-30T21:30:00Z,528.1111111111112,29.41,64.08,1.4732841418983722,0
2024-07-30T22:00:00Z,422.75000000000006,29.48,64.92,1.4446436919861916,0
2024-07-30T22:30:00Z,422.75000000000006,29.48,64.92,1.4446436919861916,0
2024-07-30T23:00:00Z,287.75000000000006,28.33,67.55,1.2503537266095077,0
2024-07-30T23:30:00Z,287.75000000000006,28.33,67.55,1.2503537266095077,0
2024-07-31T00:00:00Z,157.36111111111111,26.7,72.9,0.9493315593901084,0
2024-07-31T00:30:00Z,157.36111111111111,26.7,72.9,0.9493315593901084,0
2024-07-31T01:00:00Z,18.194444444444446,23.7,83.6,0.48061960944860127,0
2024-07-31T01:30:00Z,18.194444444444446,23.7,83.6,0.48061960944860127,0
2024-07-31T02:00:00Z,0.7222222222222223,21.34,92.9,0.18029890745008226,0
2024-07-31T02:30:00Z,0.7222222222222223,21.34,92.9,0.18029890745008226,0
2024-07-31T03:00:00Z,0,20.46,95.9,0.09863367267417766,0
2024-07-31T03:30:00Z,0,20.46,95.9,0.09863367267417766,0
2024-07-31T04:00:00Z,0.02777777777777778,19.95,98,0.04662107491843592,0
2024-07-31T04:30:00Z,0.02777777777777778,19.95,98,0.04662107491843592,0
2024-07-31T05:00:00Z,0.02777777777777778,19.87,98.2,0.04175154605778353,0
2024-07-31T05:30:00Z,0.02777777777777778,19.87,98.2,0.04175154605778353,0
2024-07-31T06:00:00Z,0.22222222222222224,19.23,98.3,0.03789507866769393,0
2024-07-31T06:30:00Z,0.22222222222222224,19.23,98.3,0.03789507866769393,0
2024-07-31T07:00:00Z,0.16666666666666666,19.01,98.5,0.03298146872915497,0
2024-07-31T07:30:00Z,0.16666666666666666,19.01,98.5,0.03298146872915497,0
2024-07-31T08:00:00Z,0.05555555555555556,18.82,98.7,0.02824689789265067,0
2024-07-31T08:30:00Z,0.05555555555555556,18.82,98.7,0.02824689789265067,0
2024-07-31T09:00:00Z,0.2777777777777778,18.83,98.6,0.030438745978618176,0
2024-07-31T09:30:00Z,0.2777777777777778,18.83,98.6,0.030438745978618176,0
2024-07-31T10:00:00Z,0.4444444444444445,19.41,98.6,0.03155925466721454,0
2024-07-31T10:30:00Z,0.4444444444444445,19.41,98.6,0.03155925466721454,0
2024-07-31T11:00:00Z,5.583333333333334,18.77,98,0.0433212042830986,0
2024-07-31T11:30:00Z,5.583333333333334,18.77,98,0.0433212042830986,0
2024-07-31T12:00:00Z,42.97222222222222,19.21,98.3,0.037847906050437086,0
2024-07-31T12:30:00Z,42.97222222222222,19.21,98.3,0.037847906050437086,0
2024-07-31T13:00:00Z,159.22222222222223,21.67,92.8,0.18656754793409247,0
2024-07-31T13:30:00Z,159.22222222222223,21.67,92.8,0.18656754793409247,0
2024-07-31T14:00:00Z,368.8333333333333,25.24,83.4,0.5334155179697109,0
2024-07-31T14:30:00Z,368.8333333333333,25.24,83.4,0.5334155179697109,0
2024-07-31T15:00:00Z,527.3611111111111,27.51,78.22,0.8000701055557622,0
2024-07-31T15:30:00Z,527.3611111111111,27.51,78.22,0.8000701055557622,0
2024-07-31T16:00:00Z,575.9166666666667,29.26,73.12,1.0930103272027156,0
2024-07-31T16:30:00Z,575.9166666666667,29.26,73.12,1.0930103272027156,0
2024-07-31T17:00:00Z,629.3611111111111,30,66.4,1.4256698597430284,0
2024-07-31T17:30:00Z,629.3611111111111,30,66.4,1.4256698597430284,0
2024-07-31T18:00:00Z,709.0277777777778,29.97,62.34,1.5951907326588897,0
2024-07-31T18:30:00Z,709.0277777777778,29.97,62.34,1.5951907326588897,0
2024-07-31T19:00:00Z,763.8055555555555,29.89,63.52,1.53813082273067,0
2024-07-31T19:30:00Z,763.8055555555555,29.89,63.52,1.53813082273067,0
2024-07-31T20:00:00Z,725,30.22,58.2,1.796104911438945,0
2024-07-31T20:30:00Z,725,30.22,58.2,1.796104911438945,0
2024-07-31T21:00:00Z,626.5555555555555,30.43,56.52,1.8908774838802445,0
2024-07-31T21:30:00Z,626.5555555555555,30.43,56.52,1.8908774838802445,0
2024-07-31T22:00:00Z,495.0555555555556,29.97,59.84,1.7010849661067717,0
2024-07-31T22:30:00Z,495.0555555555556,29.97,59.84,1.7010849661067717,0
2024-07-31T23:00:00Z,337.80555555555554,29.35,64.02,1.470651526686892,0
2024-07-31T23:30:00Z,337.80555555555554,29.35,64.02,1.470651526686892,0
2024-08-01T00:00:00Z,173.91666666666669,28.7,65.86,1.3440076459070358,0
2024-08-01T00:30:00Z,173.91666666666669,28.7,65.86,1.3440076459070358,0
2024-08-01T01:00:00Z,40.861111111111114,26.67,74.52,0.8910085271100203,0
2024-08-01T01:30:00Z,40.861111111111114,26.67,74.52,0.8910085271100203,0
2024-08-01T02:00:00Z,0.6944444444444444,23.41,88.9,0.3196651500752057,0
2024-08-01T02:30:00Z,0.6944444444444444,23.41,88.9,0.3196651500752057,0
2024-08-01T03:00:00Z,0,22.31,91.5,0.22901570558819184,0
2024-08-01T03:30:00Z,0,22.31,91.5,0.22901570558819184,0
2024-08-01T04:00:00Z,0.08333333333333333,20.44,96.3,0.08890112700997399,0
2024-08-01T04:30:00Z,0.08333333333333333,20.44,96.3,0.08890112700997399,0
2024-08-13T05:00:00Z,0,14.63,97.7,0.0382983393991192,0
2024-08-13T05:30:00Z,0,14.63,97.7,0.0382983393991192,0
2024-08-13T06:00:00Z,0.02777777777777778,14.03,98.5,0.02402579577771724,0
2024-08-13T06:30:00Z,0.02777777777777778,14.03,98.5,0.02402579577771724,0
2024-08-13T07:00:00Z,0.02777777777777778,13.5,98.8,0.01856960691335341,0
2024-08-13T07:30:00Z,0.02777777777777778,13.5,98.8,0.01856960691335341,0
2024-08-13T08:00:00Z,0.05555555555555556,12.9,99,0.014880015210641862,0
2024-08-13T08:30:00Z,0.05555555555555556,12.9,99,0.014880015210641862,0
2024-08-13T09:00:00Z,0.08333333333333333,12.07,99.1,0.012681458232033371,0
2024-08-13T09:30:00Z,0.08333333333333333,12.07,99.1,0.012681458232033371,0
2024-08-13T10:00:00Z,0.11111111111111112,11.61,99.2,0.010935197889226034,0
2024-08-13T10:30:00Z,0.11111111111111112,11.61,99.2,0.010935197889226034,0
2024-08-13T11:00:00Z,1.6111111111111112,11.26,99.3,0.009349020353882187,0
2024-08-13T11:30:00Z,1.6111111111111112,11.26,99.3,0.009349020353882187,0
2024-08-13T12:00:00Z,23.166666666666668,11.87,99.4,0.008343516449287325,0
2024-08-13T12:30:00Z,23.166666666666668,11.87,99.4,0.008343516449287325,0
2024-08-13T13:00:00Z,76.8888888888889,14.37,99.4,0.009824372280378357,0
2024-08-13T13:30:00Z,76.8888888888889,14.37,99.4,0.009824372280378357,0
2024-08-13T14:00:00Z,373.7222222222223,19.35,88.3,0.2627627017431382,0
2024-08-13T14:30:00Z,373.7222222222223,19.35,88.3,0.2627627017431382,0
2024-08-13T15:00:00Z,533.0277777777778,23.71,62.85,1.0893757878411356,0
2024-08-13T15:30:00Z,533.0277777777778,23.71,62.85,1.0893757878411356,0
2024-08-13T16:00:00Z,655.6944444444445,25.32,53.27,1.5087540153908003,0
2024-08-13T16:30:00Z,655.6944444444445,25.32,53.27,1.5087540153908003,0
2024-08-13T17:00:00Z,751.6388888888889,26.17,50.94,1.665767711623908,0
2024-08-13T17:30:00Z,751.6388888888889,26.17,50.94,1.665767711623908,0
2024-08-13T18:00:00Z,792.9166666666667,27.01,46.93,1.8932363733194433,0
2024-08-13T18:30:00Z,792.9166666666667,27.01,46.93,1.8932363733194433,0
2024-08-13T19:00:00Z,752.2222222222223,27.59,45.07,2.027260783685077,0
2024-08-13T19:30:00Z,752.2222222222223,27.59,45.07,2.027260783685077,0
2024-08-13T20:00:00Z,723.4166666666667,28.05,43.51,2.141506974204812,0
2024-08-13T20:30:00Z,723.4166666666667,28.05,43.51,2.141506974204812,0
2024-08-13T21:00:00Z,619.6388888888889,28.38,38.91,2.3607461899007784,0
2024-08-13T21:30:00Z,619.6388888888889,28.38,38.91,2.3607461899007784,0
2024-08-13T22:00:00Z,483.27777777777777,28.66,38.9,2.399789297309365,0
2024-08-13T22:30:00Z,483.27777777777777,28.66,38.9,2.399789297309365,0
2024-08-13T23:00:00Z,330.69444444444446,27.59,49.95,1.8471582418248331,0
2024-08-13T23:30:00Z,330.69444444444446,27.59,49.95,1.8471582418248331,0
2024-08-14T00:00:00Z,162.80555555555557,26.03,56.75,1.4564029455908705,0
2024-08-14T00:30:00Z,162.80555555555557,26.03,56.75,1.4564029455908705,0
2024-08-14T01:00:00Z,21.944444444444446,23.11,67.46,0.920291044039981,0
2024-08-14T01:30:00Z,21.944444444444446,23.11,67.46,0.920291044039981,0
2024-08-14T02:00:00Z,0.1388888888888889,19.75,81.8,0.41902563030390305,0
2024-08-14T02:30:00Z,0.1388888888888889,19.75,81.8,0.41902563030390305,0
2024-08-14T03:00:00Z,0,17.61,90.6,0.18930813689996784,0
2024-08-14T03:30:00Z,0,17.61,90.6,0.18930813689996784,0
2024-08-14T04:00:00Z,0,16.28,93.9,0.11291477467199229,0
2024-08-14T04:30:00Z,0,16.28,93.9,0.11291477467199229,0
2024-08-14T05:00:00Z,0,15.1,96.5,0.060072474269567966,0
2024-08-14T05:30:00Z,0,15.1,96.5,0.060072474269567966,0
2024-08-14T06:00:00Z,0,14.24,97.3,0.043839177095164494,0
2024-08-14T06:30:00Z,0,14.24,97.3,0.043839177095164494,0
2024-08-14T07:00:00Z,0,13.62,98,0.03119215006579723,0
2024-08-14T07:30:00Z,0,13.62,98,0.03119215006579723,0
2024-08-14T08:00:00Z,0,13.4,98.4,0.024598620693758955,0
2024-08-14T08:30:00Z,0,13.4,98.4,0.024598620693758955,0
2024-08-14T09:00:00Z,0,12.76,98.6,0.020641857343668413,0
2024-08-14T09:30:00Z,0,12.76,98.6,0.020641857343668413,0
2024-08-14T10:00:00Z,0.02777777777777778,12.7,98.9,0.016154934861301262,0
2024-08-14T10:30:00Z,0.02777777777777778,12.7,98.9,0.016154934861301262,0
2024-08-14T11:00:00Z,1.5555555555555556,12.36,99,0.014362073910326734,0
2024-08-14T11:30:00Z,1.5555555555555556,12.36,99,0.014362073910326734,0
2024-08-14T12:00:00Z,25.055555555555557,13.14,99.2,0.012092340929063194,0
2024-08-14T12:30:00Z,25.055555555555557,13.14,99.2,0.012092340929063194,0
2024-08-14T13:00:00Z,78.19444444444444,16.13,98.8,0.02200127924751083,0
2024-08-14T13:30:00Z,78.19444444444444,16.13,98.8,0.02200127924751083,0
2024-08-14T14:00:00Z,349.6666666666667,20.57,80.9,0.4626154777017153,0
2024-08-14T14:30:00Z,349.6666666666667,20.57,80.9,0.4626154777017153,0
2024-08-14T15:00:00Z,504.50000000000006,24.51,65.26,1.068771916316126,0
2024-08-14T15:30:00Z,504.50000000000006,24.51,65.26,1.068771916316126,0
2024-08-14T16:00:00Z,638.4166666666667,26.52,56.8,1.4973820195129848,0
2024-08-14T16:30:00Z,638.4166666666667,26.52,56.8,1.4973820195129848,0
2024-08-14T17:00:00Z,613.5277777777777,27.25,52.45,1.7203435792654098,0
2024-08-14T17:30:00Z,613.5277777777777,27.25,52.45,1.7203435792654098,0
2024-08-14T18:00:00Z,734.1111111111112,28.19,47.49,2.0069055661931494,0
2024-08-14T18:30:00Z,734.1111111111112,28.19,47.49,2.0069055661931494,0
2024-08-14T19:00:00Z,774.1111111111112,28.86,44.79,2.1937050142446326,0
2024-08-14T19:30:00Z,774.1111111111112,28.86,44.79,2.1937050142446326,0
2024-08-14T20:00:00Z,746.3611111111112,29.61,42.52,2.3848841858348804,0
2024-08-14T20:30:00Z,746.3611111111112,29.61,42.52,2.3848841858348804,0
2024-08-14T21:00:00Z,503.69444444444446,29.15,42.74,2.313608413819563,0
2024-08-14T21:30:00Z,503.69444444444446,29.15,42.74,2.313608413819563,0
2024-08-14T22:00:00Z,435.1666666666667,29.28,42.78,2.3293984919839605,0
2024-08-14T22:30:00Z,435.1666666666667,29.28,42.78,2.3293984919839605,0
2024-08-14T23:00:00Z,282.97222222222223,28.65,45.14,2.153456372357468,0
2024-08-14T23:30:00Z,282.97222222222223,28.65,45.14,2.153456372357468,0
2024-08-15T00:00:00Z,101.72222222222223,26.39,59.06,1.4082207859126594,0
2024-08-15T00:30:00Z,101.72222222222223,26.39,59.06,1.4082207859126594,0
2024-08-15T01:00:00Z,13.416666666666666,22.65,72.03,0.7693176599900791,0
2024-08-15T01:30:00Z,13.416666666666666,22.65,72.03,0.7693176599900791,0
2024-08-15T02:00:00Z,0.05555555555555556,18.95,87.7,0.2694374348508326,0
2024-08-15T02:30:00Z,0.05555555555555556,18.95,87.7,0.2694374348508326,0
2024-08-15T03:00:00Z,0,17.3,93.6,0.12639211892468305,0
2024-08-15T03:30:00Z,0,17.3,93.6,0.12639211892468305,0
2024-08-15T04:00:00Z,0,16.2,95.6,0.081032385738383,0
2024-08-15T04:30:00Z,0,16.2,95.6,0.081032385738383,0
2024-08-15T05:00:00Z,0,15.67,96.1,0.06943219170126635,0
2024-08-15T05:30:00Z,0,15.67,96.1,0.06943219170126635,0
2024-08-15T06:00:00Z,0,15.3,96.7,0.05737260855022197,0
2024-08-15T06:30:00Z,0,15.3,96.7,0.05737260855022197,0
2024-08-15T07:00:00Z,0,16.04,92.7,0.13307443656956752,0
2024-08-15T07:30:00Z,0,16.04,92.7,0.13307443656956752,0
2024-08-15T08:00:00Z,0.02777777777777778,15.27,94.4,0.09717214063250301,0
2024-08-15T08:30:00Z,0.02777777777777778,15.27,94.4,0.09717214063250301,0
2024-08-15T09:00:00Z,0,15.77,91,0.16125712189434083,0
2024-08-15T09:30:00Z,0,15.77,91,0.16125712189434083,0
2024-08-15T10:00:00Z,0,15.46,91.3,0.15281644488237367,0
2024-08-15T10:30:00Z,0,15.46,91.3,0.15281644488237367,0
2024-08-15T11:00:00Z,1.9722222222222223,15.5,93,0.12327160286840644,0
2024-08-15T11:30:00Z,1.9722222222222223,15.5,93,0.12327160286840644,0
2024-08-15T12:00:00Z,38.94444444444444,16.7,90,0.19011953088739353,0
2024-08-15T12:30:00Z,38.94444444444444,16.7,90,0.19011953088739353,0
2024-08-15T13:00:00Z,119.25000000000001,18.53,84.8,0.3243349087164875,0
2024-08-15T13:30:00Z,119.25000000000001,18.53,84.8,0.3243349087164875,0
2024-08-15T14:00:00Z,269.30555555555554,21.11,75.7,0.6084377408779589,0
2024-08-15T14:30:00Z,269.30555555555554,21.11,75.7,0.6084377408779589,0
2024-08-15T15:00:00Z,447.36111111111114,23.68,65.66,1.0051603394414732,0
2024-08-15T15:30:00Z,447.36111111111114,23.68,65.66,1.0051603394414732,0
2024-08-15T16:00:00Z,391.13888888888886,24.83,61.69,1.2013409694360888,0
2024-08-15T16:30:00Z,391.13888888888886,24.83,61.69,1.2013409694360888,0
2024-08-15T17:00:00Z,550,26.05,57.39,1.4365484252001532,0
2024-08-15T17:30:00Z,550,26.05,57.39,1.4365484252001532,0
2024-08-15T18:00:00Z,357.27777777777783,25.52,57.17,1.399355252266928,0
2024-08-15T18:30:00Z,357.27777777777783,25.52,57.17,1.399355252266928,0
2024-08-15T19:00:00Z,256.77777777777777,24.49,61.26,1.190407021462331,0
2024-08-15T19:30:00Z,256.77777777777777,24.49,61.26,1.190407021462331,0
2024-08-15T20:00:00Z,184.50000000000003,23.11,67.31,0.9245333199037176,0
2024-08-15T20:30:00Z,184.50000000000003,23.11,67.31,0.9245333199037176,0
2024-08-15T21:00:00Z,204.38888888888889,22.81,70.7,0.813752732018425,0
2024-08-15T21:30:00Z,204.38888888888889,22.81,70.7,0.813752732018425,0
2024-08-15T22:00:00Z,116.94444444444444,21.32,78.39,0.5480969027032652,0
2024-08-15T22:30:00Z,116.94444444444444,21.32,78.39,0.5480969027032652,0
2024-08-15T23:00:00Z,50.63888888888889,19.73,88.9,0.25524274664449775,0.255
2024-08-15T23:30:00Z,50.63888888888889,19.73,88.9,0.25524274664449775,0.255
2024-08-16T00:00:00Z,27.27777777777778,19.05,91.9,0.17854482541236205,0.38
2024-08-16T00:30:00Z,27.27777777777778,19.05,91.9,0.17854482541236205,0.38
2024-08-16T01:00:00Z,6.444444444444445,18.54,94,0.1281071253014625,2.03
2024-08-16T01:30:00Z,6.444444444444445,18.54,94,0.1281071253014625,2.03
2024-08-16T02:00:00Z,0.02777777777777778,18.26,96.5,0.07342907241861152,0.125
2024-08-16T02:30:00Z,0.02777777777777778,18.26,96.5,0.07342907241861152,0.125
2024-08-16T03:00:00Z,0.02777777777777778,18.23,96.6,0.07119693160977647,0
2024-08-16T03:30:00Z,0.02777777777777778,18.23,96.6,0.07119693160977647,0
2024-08-16T04:00:00Z,0.02777777777777778,18.38,96.5,0.0739838067799039,0
2024-08-16T04:30:00Z,0.02777777777777778,18.38,96.5,0.0739838067799039,0
2024-08-16T05:00:00Z,0.05555555555555556,18.65,96.2,0.08169499327813767,0
2024-08-16T05:30:00Z,0.05555555555555556,18.65,96.2,0.08169499327813767,0
2024-08-16T06:00:00Z,0.08333333333333333,18.69,96.2,0.08189964281714213,0.125
2024-08-16T06:30:00Z,0.08333333333333333,18.69,96.2,0.08189964281714213,0.125
2024-08-16T07:00:00Z,0.08333333333333333,18.64,96.5,0.0751983297481793,0
2024-08-16T07:30:00Z,0.08333333333333333,18.64,96.5,0.0751983297481793,0
2024-08-16T08:00:00Z,0.08333333333333333,18.64,96.8,0.068752758626907,0
2024-08-16T08:30:00Z,0.08333333333333333,18.64,96.8,0.068752758626907,0
2024-08-16T09:00:00Z,0.05555555555555556,18.88,96.4,0.07851587378048386,0
2024-08-16T09:30:00Z,0.05555555555555556,18.88,96.4,0.07851587378048386,0
2024-08-16T10:00:00Z,0.05555555555555556,18.9,96.3,0.0807977081342135,0
2024-08-16T10:30:00Z,0.05555555555555556,18.9,96.3,0.0807977081342135,0
2024-08-16T11:00:00Z,0.19444444444444445,18.78,96.9,0.06718984482300128,7.875
2024-08-16T11:30:00Z,0.19444444444444445,18.78,96.9,0.06718984482300128,7.875
2024-08-16T12:00:00Z,3.416666666666667,18.73,98.4,0.034570417190036284,0
2024-08-16T12:30:00Z,3.416666666666667,18.73,98.4,0.034570417190036284,0
2024-08-16T13:00:00Z,18.166666666666668,18.93,98.6,0.030629416297883072,0.125
2024-08-16T13:30:00Z,18.166666666666668,18.93,98.6,0.030629416297883072,0.125
2024-08-16T14:00:00Z,26.055555555555557,19.02,98.6,0.0308019122407317,1.65
2024-08-16T14:30:00Z,26.055555555555557,19.02,98.6,0.0308019122407317,1.65
2024-08-16T15:00:00Z,114.30555555555556,19.8,98.6,0.03233283549287114,0.76
2024-08-16T15:30:00Z,114.30555555555556,19.8,98.6,0.03233283549287114,0.76
2024-08-16T16:00:00Z,215.44444444444446,20.98,98.1,0.04719508378586035,0
2024-08-16T16:30:00Z,215.44444444444446,20.98,98.1,0.04719508378586035,0
2024-08-16T17:00:00Z,348.8888888888889,22.66,92.4,0.2091655731635762,0
2024-08-16T17:30:00Z,348.8888888888889,22.66,92.4,0.2091655731635762,0
2024-08-16T18:00:00Z,121.30555555555556,22.27,89.9,0.2714633733760379,0.125
2024-08-16T18:30:00Z,121.30555555555556,22.27,89.9,0.2714633733760379,0.125
2024-08-16T19:00:00Z,599.8055555555557,23.16,86.3,0.3886335145003237,0
2024-08-16T19:30:00Z,599.8055555555557,23.16,86.3,0.3886335145003237,0
2024-08-16T20:00:00Z,563.7777777777778,25.35,72.8,0.8797629131685603,0
2024-08-16T20:30:00Z,563.7777777777778,25.35,72.8,0.8797629131685603,0
2024-08-16T21:00:00Z,402.5833333333333,26.36,70.55,1.0112073493444904,0
2024-08-16T21:30:00Z,402.5833333333333,26.36,70.55,1.0112073493444904,0
2024-08-16T22:00:00Z,390.8055555555556,26.9,73.98,0.9222728297445109,0
2024-08-16T22:30:00Z,390.8055555555556,26.9,73.98,0.9222728297445109,0
2024-08-16T23:00:00Z,219.22222222222226,26.09,71.46,0.9644707693505197,0
2024-08-16T23:30:00Z,219.22222222222226,26.09,71.46,0.9644707693505197,0
2024-08-17T00:00:00Z,102.77777777777779,25.03,72.87,0.8609550372623795,0
2024-08-17T00:30:00Z,102.77777777777779,25.03,72.87,0.8609550372623795,0
2024-08-17T01:00:00Z,6.555555555555556,22.53,85.2,0.4041223262865037,0
2024-08-17T01:30:00Z,6.555555555555556,22.53,85.2,0.4041223262865037,0
2024-08-17T02:00:00Z,0,20.74,94.2,0.14195866126626644,0
2024-08-17T02:30:00Z,0,20.74,94.2,0.14195866126626644,0
2024-08-17T03:00:00Z,0,21.1,92,0.20018582043912092,0.125
2024-08-17T03:30:00Z,0,21.1,92,0.20018582043912092,0.125
2024-08-17T04:00:00Z,0,19.78,96.4,0.08303853867588629,1.015
2024-08-17T04:30:00Z,0,19.78,96.4,0.08303853867588629,1.015
2024-08-17T05:00:00Z,0.02777777777777778,18.89,96.5,0.07638255784054815,0
2024-08-17T05:30:00Z,0.02777777777777778,18.89,96.5,0.07638255784054815,0
2024-08-17T06:00:00Z,0.02777777777777778,18.66,97.3,0.05808276497198195,0
2024-08-17T06:30:00Z,0.02777777777777778,18.66,97.3,0.05808276497198195,0
2024-08-17T07:00:00Z,0.02777777777777778,18.85,98,0.04353828105415802,0
2024-08-17T07:30:00Z,0.02777777777777778,18.85,98,0.04353828105415802,0
2024-08-17T08:00:00Z,0.05555555555555556,19.07,98.3,0.037519133678967975,0
2024-08-17T08:30:00Z,0.05555555555555556,19.07,98.3,0.037519133678967975,0
2024-08-17T09:00:00Z,0.08333333333333333,19.36,98.6,0.031461258138864245,0
2024-08-17T09:30:00Z,0.08333333333333333,19.36,98.6,0.031461258138864245,0
2024-08-17T10:00:00Z,0.11111111111111112,19.53,98.7,0.02952442670279387,0
2024-08-17T10:30:00Z,0.11111111111111112,19.53,98.7,0.02952442670279387,0
2024-08-17T11:00:00Z,0.8055555555555556,19.65,98.9,0.025169071775684948,0.125
2024-08-17T11:30:00Z,0.8055555555555556,19.65,98.9,0.025169071775684948,0.125
2024-08-17T12:00:00Z,25.194444444444446,19.84,98.9,0.025467441108547373,0
2024-08-17T12:30:00Z,25.194444444444446,19.84,98.9,0.025467441108547373,0
2024-08-17T13:00:00Z,38.861111111111114,19.83,98.7,0.030079235365497947,0
2024-08-17T13:30:00Z,38.861111111111114,19.83,98.7,0.030079235365497947,0
2024-08-17T14:00:00Z,166.41666666666669,20.29,96.5,0.08332060116741591,0
2024-08-17T14:30:00Z,166.41666666666669,20.29,96.5,0.08332060116741591,0
2024-08-17T15:00:00Z,329.22222222222223,21.87,88.8,0.29378202697739253,0
2024-08-17T15:30:00Z,329.22222222222223,21.87,88.8,0.29378202697739253,0
2024-08-17T16:00:00Z,471.8333333333333,23.39,81,0.5465151005309927,0
2024-08-17T16:30:00Z,471.8333333333333,23.39,81,0.5465151005309927,0
2024-08-17T17:00:00Z,235.69444444444446,22.45,87.7,0.33423085972309563,0
2024-08-17T17:30:00Z,235.69444444444446,22.45,87.7,0.33423085972309563,0
2024-08-17T18:00:00Z,454.6666666666667,23.35,86.9,0.3758998253854684,0.255
2024-08-17T18:30:00Z,454.6666666666667,23.35,86.9,0.3758998253854684,0.255
2024-08-17T19:00:00Z,636.3333333333334,25.11,76.34,0.7544210975430032,0
2024-08-17T19:30:00Z,636.3333333333334,25.11,76.34,0.7544210975430032,0
2024-08-17T20:00:00Z,606.4444444444445,25.76,70.9,0.9643867731887723,0
2024-08-17T20:30:00Z,606.4444444444445,25.76,70.9,0.9643867731887723,0
2024-08-17T21:00:00Z,527.5833333333334,25.59,70.3,0.9744050828166895,0
2024-08-17T21:30:00Z,527.5833333333334,25.59,70.3,0.9744050828166895,0
2024-08-17T22:00:00Z,267.94444444444446,24.46,74.97,0.7677459433116356,0
2024-08-17T22:30:00Z,267.94444444444446,24.46,74.97,0.7677459433116356,0
2024-08-17T23:00:00Z,346.94444444444446,24.18,76.22,0.7172780440580278,0
2024-08-17T23:30:00Z,346.94444444444446,24.18,76.22,0.7172780440580278,0
2024-08-18T00:00:00Z,50.97222222222222,22.12,84.6,0.4101530191304241,0
2024-08-18T00:30:00Z,50.97222222222222,22.12,84.6,0.4101530191304241,0
2024-08-18T01:00:00Z,9.472222222222223,21.05,86.9,0.32679964811638795,0
2024-08-18T01:30:00Z,9.472222222222223,21.05,86.9,0.32679964811638795,0
2024-08-18T02:00:00Z,0,20.02,92.2,0.18261186551232989,0
2024-08-18T02:30:00Z,0,20.02,92.2,0.18261186551232989,0
2024-08-18T03:00:00Z,0,19.57,94.1,0.1343288406034593,0
2024-08-18T03:30:00Z,0,19.57,94.1,0.1343288406034593,0
2024-08-18T04:00:00Z,0,19.28,96,0.0894429065964033,0
2024-08-18T04:30:00Z,0,19.28,96,0.0894429065964033,0
2024-08-18T05:00:00Z,0,18.94,96.5,0.07662135170314688,0
2024-08-18T05:30:00Z,0,18.94,96.5,0.07662135170314688,0
2024-08-18T06:00:00Z,0,18.95,97.8,0.048192061518035345,0
2024-08-18T06:30:00Z,0,18.95,97.8,0.048192061518035345,0
2024-08-18T07:00:00Z,0,18.98,97.7,0.050477020201779244,0
2024-08-18T07:30:00Z,0,18.98,97.7,0.050477020201779244,0
2024-08-18T08:00:00Z,0,18.99,97.7,0.05050852472437661,0
2024-08-18T08:30:00Z,0,18.99,97.7,0.05050852472437661,0
2024-08-18T09:00:00Z,0,19.04,97.3,0.059477836929311856,0
2024-08-18T09:30:00Z,0,19.04,97.3,0.059477836929311856,0
2024-08-18T10:00:00Z,0,19.07,97.1,0.06400322804059222,0
2024-08-18T10:30:00Z,0,19.07,97.1,0.06400322804059222,0
2024-08-18T11:00:00Z,0.5833333333333334,19.03,96.2,0.08365735508232319,0
2024-08-18T11:30:00Z,0.5833333333333334,19.03,96.2,0.08365735508232319,0
2024-08-18T12:00:00Z,20.666666666666668,19.13,97.3,0.05981251059576609,0.125
2024-08-18T12:30:00Z,20.666666666666668,19.13,97.3,0.05981251059576609,0.125
2024-08-18T13:00:00Z,64.75,19.59,97,0.0683876924982787,0
2024-08-18T13:30:00Z,64.75,19.59,97,0.0683876924982787,0
2024-08-18T14:00:00Z,148.5277777777778,20.43,93.8,0.14887757912496147,0
2024-08-18T14:30:00Z,148.5277777777778,20.43,93.8,0.14887757912496147,0
2024-08-18T15:00:00Z,262.1666666666667,21.01,92.8,0.17917440744256696,0.635
2024-08-18T15:30:00Z,262.1666666666667,21.01,92.8,0.17917440744256696,0.635
2024-08-18T16:00:00Z,348.55555555555554,22.38,85,0.40586877890465045,0
2024-08-18T16:30:00Z,348.55555555555554,22.38,85,0.40586877890465045,0
2024-08-18T17:00:00Z,383.61111111111114,22.75,79.24,0.5744780564021741,0
2024-08-18T17:30:00Z,383.61111111111114,22.75,79.24,0.5744780564021741,0
2024-08-18T18:00:00Z,506.75,23.88,73.46,0.7862455799425003,0
2024-08-18T18:30:00Z,506.75,23.88,73.46,0.7862455799425003,0
2024-08-18T19:00:00Z,487.1111111111111,24.29,70.25,0.9032852245387475,0
2024-08-18T19:30:00Z,487.1111111111111,24.29,70.25,0.9032852245387475,0
2024-08-18T20:00:00Z,409.36111111111114,23.99,70.74,0.8725703414248747,0
2024-08-18T20:30:00Z,409.36111111111114,23.99,70.74,0.8725703414248747,0
2024-08-18T21:00:00Z,227.44444444444443,23.69,72.18,0.8148046175159731,0
2024-08-18T21:30:00Z,227.44444444444443,23.69,72.18,0.8148046175159731,0
2024-08-18T22:00:00Z,226.47222222222223,23.36,74.63,0.728422345401099,0
2024-08-18T22:30:00Z,226.47222222222223,23.36,74.63,0.728422345401099,0
2024-08-18T23:00:00Z,246.69444444444446,23.27,72.45,0.7867305095221164,0
2024-08-18T23:30:00Z,246.69444444444446,23.27,72.45,0.7867305095221164,0
2024-08-19T00:00:00Z,111.55555555555557,22.41,75.17,0.6730740077657864,0
2024-08-19T00:30:00Z,111.55555555555557,22.41,75.17,0.6730740077657864,0
2024-08-19T01:00:00Z,14,20.75,81.8,0.44573073342371394,0
2024-08-19T01:30:00Z,14,20.75,81.8,0.44573073342371394,0
2024-08-19T02:00:00Z,0.02777777777777778,19.49,86.5,0.3058386864004583,0
2024-08-19T02:30:00Z,0.02777777777777778,19.49,86.5,0.3058386864004583,0
2024-08-19T03:00:00Z,0,18.38,90.3,0.2050408359328768,0
2024-08-19T03:30:00Z,0,18.38,90.3,0.2050408359328768,0
2024-08-19T04:00:00Z,0,17.39,92.4,0.15094679471464922,0
2024-08-19T04:30:00Z,0,17.39,92.4,0.15094679471464922,0
2024-08-19T05:00:00Z,0,16.45,94.8,0.09730305892120228,0
2024-08-19T05:30:00Z,0,16.45,94.8,0.09730305892120228,0
2024-08-19T06:00:00Z,0,15.94,96,0.07245319871512468,0
2024-08-19T06:30:00Z,0,15.94,96,0.07245319871512468,0
2024-08-19T07:00:00Z,0,15.34,96.6,0.05926320692419762,0
2024-08-19T07:30:00Z,0,15.34,96.6,0.05926320692419762,0
2024-08-19T08:00:00Z,0,14.94,96.3,0.06285448618145728,0
2024-08-19T08:30:00Z,0,14.94,96.3,0.06285448618145728,0
2024-08-19T09:00:00Z,0,14.26,96.4,0.058527998550771176,0
2024-08-19T09:30:00Z,0,14.26,96.4,0.058527998550771176,0
2024-08-19T10:00:00Z,0,13.64,97.3,0.042164252593994034,0
2024-08-19T10:30:00Z,0,13.64,97.3,0.042164252593994034,0
2024-08-19T11:00:00Z,1.027777777777778,13.2,97.7,0.0349020106199307,0
2024-08-19T11:30:00Z,1.027777777777778,13.2,97.7,0.0349020106199307,0
2024-08-19T12:00:00Z,21.083333333333336,12.82,98.1,0.02812430043481462,0
2024-08-19T12:30:00Z,21.083333333333336,12.82,98.1,0.02812430043481462,0
2024-08-19T13:00:00Z,66.91666666666667,14.48,93.7,0.10389240419665358,0
2024-08-19T13:30:00Z,66.91666666666667,14.48,93.7,0.10389240419665358,0
2024-08-19T14:00:00Z,377.83333333333337,17.23,77.3,0.4463169076982878,0
2024-08-19T14:30:00Z,377.83333333333337,17.23,77.3,0.4463169076982878,0
2024-08-19T15:00:00Z,531.6388888888889,19.2,64.39,0.7923086542401021,0
2024-08-19T15:30:00Z,531.6388888888889,19.2,64.39,0.7923086542401021,0
2024-08-19T16:00:00Z,653.3055555555557,20.54,56.33,1.0557641964546012,0
2024-08-19T16:30:00Z,653.3055555555557,20.54,56.33,1.0557641964546012,0
2024-08-19T17:00:00Z,731.9444444444445,21.42,55.4,1.1381446037709821,0
2024-08-19T17:30:00Z,731.9444444444445,21.42,55.4,1.1381446037709821,0
2024-08-19T18:00:00Z,714.5833333333334,21.79,54.21,1.1952462481805561,0
2024-08-19T18:30:00Z,714.5833333333334,21.79,54.21,1.1952462481805561,0
2024-08-19T19:00:00Z,620.0555555555555,22.32,52.42,1.2827288012192959,0
2024-08-19T19:30:00Z,620.0555555555555,22.32,52.42,1.2827288012192959,0
2024-08-19T20:00:00Z,669.4444444444445,22.71,50.86,1.3565267009331472,0
2024-08-19T20:30:00Z,669.4444444444445,22.71,50.86,1.3565267009331472,0
2024-08-19T21:00:00Z,417.8888888888889,21.83,51.86,1.2596596630279737,0
2024-08-19T21:30:00Z,417.8888888888889,21.83,51.86,1.2596596630279737,0
2024-08-19T22:00:00Z,372.72222222222223,21.34,52.22,1.2133354645021035,0
2024-08-19T22:30:00Z,372.72222222222223,21.34,52.22,1.2133354645021035,0
2024-08-19T23:00:00Z,212.72222222222223,20.37,55.09,1.0744163878212794,0
2024-08-19T23:30:00Z,212.72222222222223,20.37,55.09,1.0744163878212794,0
2024-08-20T00:00:00Z,79.3888888888889,19.22,60.23,0.8859699974037447,0
2024-08-20T00:30:00Z,79.3888888888889,19.22,60.23,0.8859699974037447,0
2024-08-20T01:00:00Z,11.277777777777779,17.13,68.39,0.6175806202943048,0
2024-08-20T01:30:00Z,11.277777777777779,17.13,68.39,0.6175806202943048,0
2024-08-20T02:00:00Z,0,15.06,77.18,0.3906658217698351,0
2024-08-20T02:30:00Z,0,15.06,77.18,0.3906658217698351,0
2024-08-20T03:00:00Z,0,13.95,82.5,0.2788494164348574,0
2024-08-20T03:30:00Z,0,13.95,82.5,0.2788494164348574,0
2024-08-20T04:00:00Z,0,13.72,81.4,0.29198059612794225,0
2024-08-20T04:30:00Z,0,13.72,81.4,0.29198059612794225,0
2024-08-20T05:00:00Z,0,12.86,83.8,0.24042573248167787,0
2024-08-20T05:30:00Z,0,12.86,83.8,0.24042573248167787,0
2024-08-20T06:00:00Z,0,12.06,86.4,0.19150467143412642,0
2024-08-20T06:30:00Z,0,12.06,86.4,0.19150467143412642,0
2024-08-20T07:00:00Z,0.02777777777777778,10,94.4,0.06876590668300508,0
2024-08-20T07:30:00Z,0.02777777777777778,10,94.4,0.06876590668300508,0
2024-08-20T08:00:00Z,0.02777777777777778,8.8,97,0.03397922343429394,0
2024-08-20T08:30:00Z,0.02777777777777778,8.8,97,0.03397922343429394,0
2024-08-20T09:00:00Z,0.02777777777777778,7.97,97.8,0.02355273553151238,0
2024-08-20T09:30:00Z,0.02777777777777778,7.97,97.8,0.02355273553151238,0
2024-08-20T10:00:00Z,0,9.48,96.4,0.04268965097010202,0
2024-08-20T10:30:00Z,0,9.48,96.4,0.04268965097010202,0
2024-08-20T11:00:00Z,0.9722222222222223,9.07,96.2,0.04383303183674392,0
2024-08-20T11:30:00Z,0.9722222222222223,9.07,96.2,0.04383303183674392,0
2024-08-20T12:00:00Z,17.305555555555557,9.34,97.1,0.0340662460765111,0
2024-08-20T12:30:00Z,17.305555555555557,9.34,97.1,0.0340662460765111,0
2024-08-20T13:00:00Z,57.25,11.58,89.7,0.14051153287988383,0
2024-08-20T13:30:00Z,57.25,11.58,89.7,0.14051153287988383,0
2024-08-20T14:00:00Z,384.44444444444446,14.53,75.06,0.41261328484783033,0
2024-08-20T14:30:00Z,384.44444444444446,14.53,75.06,0.41261328484783033,0
2024-08-20T15:00:00Z,541.1666666666667,16.69,67.06,0.6258560379069003,0
2024-08-20T15:30:00Z,541.1666666666667,16.69,67.06,0.6258560379069003,0
2024-08-20T16:00:00Z,605.2222222222223,17.86,62.59,0.7653675807137568,0
2024-08-20T16:30:00Z,605.2222222222223,17.86,62.59,0.7653675807137568,0
2024-08-20T17:00:00Z,633.9166666666666,18.5,58.49,0.8840705585924249,0
2024-08-20T17:30:00Z,633.9166666666666,18.5,58.49,0.8840705585924249,0
2024-08-20T18:00:00Z,794.8055555555557,19.88,50.71,1.1440051434517713,0
2024-08-20T18:30:00Z,794.8055555555557,19.88,50.71,1.1440051434517713,0
2024-08-20T19:00:00Z,784.1111111111112,20.49,47.41,1.2675003000459364,0
2024-08-20T19:30:00Z,784.1111111111112,20.49,47.41,1.2675003000459364,0
2024-08-20T20:00:00Z,724.2500000000001,21.14,44.87,1.3829210236571094,0
2024-08-20T20:30:00Z,724.2500000000001,21.14,44.87,1.3829210236571094,0
2024-08-20T21:00:00Z,621.2777777777778,21.66,45.54,1.4103141051463897,0
2024-08-20T21:30:00Z,621.2777777777778,21.66,45.54,1.4103141051463897,0
2024-08-20T22:00:00Z,495.77777777777777,21.69,44.7,1.4346946089949355,0
2024-08-20T22:30:00Z,495.77777777777777,21.69,44.7,1.4346946089949355,0
2024-08-20T23:00:00Z,284.9166666666667,21.41,44.56,1.4139039203910513,0
2024-08-20T23:30:00Z,284.9166666666667,21.41,44.56,1.4139039203910513,0
2024-08-21T00:00:00Z,116.66666666666667,20.17,55.26,1.0572069341428059,0
2024-08-21T00:30:00Z,116.66666666666667,20.17,55.26,1.0572069341428059,0
2024-08-21T01:00:00Z,14.11111111111111,17.25,71.93,0.552597988179427,0
2024-08-21T01:30:00Z,14.11111111111111,17.25,71.93,0.552597988179427,0
2024-08-21T02:00:00Z,0.02777777777777778,15.08,78.45,0.369399195656843,0
2024-08-21T02:30:00Z,0.02777777777777778,15.08,78.45,0.369399195656843,0
2024-08-21T03:00:00Z,0,13.32,82.1,0.2737648111647013,0
2024-08-21T03:30:00Z,0,13.32,82.1,0.2737648111647013,0
2024-08-21T04:00:00Z,0,12.64,83.3,0.24429803092798164,0
2024-08-21T04:30:00Z,0,12.64,83.3,0.24429803092798164,0
2024-08-21T05:00:00Z,0,11.37,88.5,0.15471533965833117,0
2024-08-21T05:30:00Z,0,11.37,88.5,0.15471533965833117,0
2024-08-21T06:00:00Z,0,9.25,95.6,0.05137416308393683,0
2024-08-21T06:30:00Z,0,9.25,95.6,0.05137416308393683,0
2024-08-21T07:00:00Z,0.02777777777777778,9.45,94.5,0.06508875076107601,0
2024-08-21T07:30:00Z,0.02777777777777778,9.45,94.5,0.06508875076107601,0
2024-08-21T08:00:00Z,0.02777777777777778,8.27,96,0.043706256286932144,0
2024-08-21T08:30:00Z,0.02777777777777778,8.27,96,0.043706256286932144,0
2024-08-21T09:00:00Z,0.02777777777777778,7.35,97.7,0.02360243092463965,0
2024-08-21T09:30:00Z,0.02777777777777778,7.35,97.7,0.02360243092463965,0
2024-08-21T10:00:00Z,0.02777777777777778,6.51,98.3,0.01646696044339324,0
2024-08-21T10:30:00Z,0.02777777777777778,6.51,98.3,0.01646696044339324,0
2024-08-21T11:00:00Z,0.7777777777777778,6.21,98.6,0.0132830890997101,0
2024-08-21T11:30:00Z,0.7777777777777778,6.21,98.6,0.0132830890997101,0
2024-08-21T12:00:00Z,26.500000000000004,6.67,99,0.009793817226066426,0
2024-08-21T12:30:00Z,26.500000000000004,6.67,99,0.009793817226066426,0
2024-08-21T13:00:00Z,82.69444444444444,9.5,99.2,0.009499364292630874,0
2024-08-21T13:30:00Z,82.69444444444444,9.5,99.2,0.009499364292630874,0
2024-08-21T14:00:00Z,343.22222222222223,14.08,87.7,0.19765152706782407,0
2024-08-21T14:30:00Z,343.22222222222223,14.08,87.7,0.19765152706782407,0
2024-08-21T15:00:00Z,509.77777777777783,17.51,68.03,0.6397995566155392,0
2024-08-21T15:30:00Z,509.77777777777783,17.51,68.03,0.6397995566155392,0
2024-08-21T16:00:00Z,647.25,19.6,54.55,1.036717123820525,0
2024-08-21T16:30:00Z,647.25,19.6,54.55,1.036717123820525,0
2024-08-21T17:00:00Z,731.1666666666666,20.87,47.82,1.2873929823325159,0
2024-08-21T17:30:00Z,731.1666666666666,20.87,47.82,1.2873929823325159,0
2024-08-21T18:00:00Z,755.8055555555557,21.66,45.32,1.416011297638718,0
2024-08-21T18:30:00Z,755.8055555555557,21.66,45.32,1.416011297638718,0
2024-08-21T19:00:00Z,743.6944444444446,22.4,44.69,1.4983934783250348,0
2024-08-21T19:30:00Z,743.6944444444446,22.4,44.69,1.4983934783250348,0
2024-08-21T20:00:00Z,571.4444444444445,22.67,45.8,1.4925856299757703,0
2024-08-21T20:30:00Z,571.4444444444445,22.67,45.8,1.4925856299757703,0
2024-08-21T21:00:00Z,446.3055555555556,22.58,47.3,1.4433765441872592,0
2024-08-21T21:30:00Z,446.3055555555556,22.58,47.3,1.4433765441872592,0
2024-08-21T22:00:00Z,429.22222222222223,22.98,44.9,1.546128528266804,0
2024-08-21T22:30:00Z,429.22222222222223,22.98,44.9,1.546128528266804,0
2024-08-21T23:00:00Z,241.72222222222226,22.45,46.92,1.4423556125286106,0
2024-08-21T23:30:00Z,241.72222222222226,22.45,46.92,1.4423556125286106,0
2024-08-22T00:00:00Z,111.94444444444444,21.75,55.1,1.1691557452934358,0
2024-08-22T00:30:00Z,111.94444444444444,21.75,55.1,1.1691557452934358,0
2024-08-22T01:00:00Z,9.805555555555555,17.58,76.43,0.47378269856740496,0
2024-08-22T01:30:00Z,9.805555555555555,17.58,76.43,0.47378269856740496,0
2024-08-22T02:00:00Z,0,15.85,82,0.32416895458335393,0
2024-08-22T02:30:00Z,0,15.85,82,0.32416895458335393,0
2024-08-22T03:00:00Z,0,14.39,84,0.26232247750333015,0
2024-08-22T03:30:00Z,0,14.39,84,0.26232247750333015,0
2024-08-22T04:00:00Z,0,12.59,91.5,0.12393603613226745,0
2024-08-22T04:30:00Z,0,12.59,91.5,0.12393603613226745,0
2024-08-22T05:00:00Z,0.02777777777777778,10.66,96.5,0.04491687492495888,0
2024-08-22T05:30:00Z,0.02777777777777778,10.66,96.5,0.04491687492495888,0
2024-08-22T06:00:00Z,0.02777777777777778,9.51,97.7,0.0273290529827821,0
2024-08-22T06:30:00Z,0.02777777777777778,9.51,97.7,0.0273290529827821,0
2024-08-22T07:00:00Z,0,9.22,98.3,0.019808998156248592,0
2024-08-22T07:30:00Z,0,9.22,98.3,0.019808998156248592,0
2024-08-22T08:00:00Z,0,8.55,98.5,0.016704339271874202,0
2024-08-22T08:30:00Z,0,8.55,98.5,0.016704339271874202,0
2024-08-22T09:00:00Z,0.02777777777777778,8.04,98.7,0.013984033401492013,0
2024-08-22T09:30:00Z,0.02777777777777778,8.04,98.7,0.013984033401492013,0
2024-08-22T10:00:00Z,0.02777777777777778,7.86,98.9,0.011688410213155143,0
2024-08-22T10:30:00Z,0.02777777777777778,7.86,98.9,0.011688410213155143,0
2024-08-22T11:00:00Z,0.9166666666666666,7.5,99,0.01036779927646081,0
2024-08-22T11:30:00Z,0.9166666666666666,7.5,99,0.01036779927646081,0
2024-08-22T12:00:00Z,26,7.73,99.2,0.008425604681184584,0
2024-08-22T12:30:00Z,26,7.73,99.2,0.008425604681184584,0
2024-08-22T13:00:00Z,83.30555555555556,10.28,99.3,0.008758355984384014,0
2024-08-22T13:30:00Z,83.30555555555556,10.28,99.3,0.008758355984384014,0
2024-08-22T14:00:00Z,353.55555555555554,15.72,88.1,0.21253652093007447,0
2024-08-22T14:30:00Z,353.55555555555554,15.72,88.1,0.21253652093007447,0
2024-08-22T15:00:00Z,519.3611111111112,19.94,62.46,0.8745358145481998,0
2024-08-22T15:30:00Z,519.3611111111112,19.94,62.46,0.8745358145481998,0
2024-08-22T16:00:00Z,649.0833333333333,21.21,52.69,1.1918652228829552,0
2024-08-22T16:30:00Z,649.0833333333333,21.21,52.69,1.1918652228829552,0
2024-08-22T17:00:00Z,735.6944444444445,22.27,48.87,1.3742497307640418,0
2024-08-22T17:30:00Z,735.6944444444445,22.27,48.87,1.3742497307640418,0
2024-08-22T18:00:00Z,785.6111111111111,23.17,46.02,1.5321980659938859,0
2024-08-22T18:30:00Z,785.6111111111111,23.17,46.02,1.5321980659938859,0
2024-08-22T19:00:00Z,763.9166666666666,24.2,43.22,1.714713879605753,0
2024-08-22T19:30:00Z,763.9166666666666,24.2,43.22,1.714713879605753,0
2024-08-22T20:00:00Z,695.8888888888889,24.22,45.31,1.6535780809665677,0
2024-08-22T20:30:00Z,695.8888888888889,24.22,45.31,1.6535780809665677,0
2024-08-22T21:00:00Z,547.1666666666666,24.09,49.76,1.5072374816418945,0
2024-08-22T21:30:00Z,547.1666666666666,24.09,49.76,1.5072374816418945,0
2024-08-22T22:00:00Z,438.02777777777783,23.52,49.95,1.4509604440476749,0
2024-08-22T22:30:00Z,438.02777777777783,23.52,49.95,1.4509604440476749,0
2024-08-22T23:00:00Z,282.44444444444446,22.9,48.37,1.44176246629532,0
2024-08-22T23:30:00Z,282.44444444444446,22.9,48.37,1.44176246629532,0
2024-08-23T00:00:00Z,110.52777777777777,21.27,53.45,1.1770407340321074,0
2024-08-23T00:30:00Z,110.52777777777777,21.27,53.45,1.1770407340321074,0
2024-08-23T01:00:00Z,5.194444444444445,16.2,79.92,0.3698023421878929,0
2024-08-23T01:30:00Z,5.194444444444445,16.2,79.92,0.3698023421878929,0
2024-08-23T02:00:00Z,0,12.78,92.7,0.10777370624257343,0
2024-08-23T02:30:00Z,0,12.78,92.7,0.10777370624257343,0
2024-08-23T03:00:00Z,0.02777777777777778,12.14,93.6,0.09059611478601126,0
2024-08-23T03:30:00Z,0.02777777777777778,12.14,93.6,0.09059611478601126,0
2024-08-23T04:00:00Z,0.02777777777777778,10.64,96.4,0.046138661613140286,0
2024-08-23T04:30:00Z,0.02777777777777778,10.64,96.4,0.046138661613140286,0
2024-08-23T05:00:00Z,0.02777777777777778,9.66,97.6,0.0288063352121235,0
2024-08-23T05:30:00Z,0.02777777777777778,9.66,97.6,0.0288063352121235,0
2024-08-23T06:00:00Z,0.02777777777777778,9.37,98.2,0.021187339476367084,0
2024-08-23T06:30:00Z,0.02777777777777778,9.37,98.2,0.021187339476367084,0
2024-08-23T07:00:00Z,0.05555555555555556,8.49,98.4,0.017745604712419816,0
2024-08-23T07:30:00Z,0.05555555555555556,8.49,98.4,0.017745604712419816,0
2024-08-23T08:00:00Z,0.05555555555555556,8.56,98.8,0.013372534971151095,0
2024-08-23T08:30:00Z,0.05555555555555556,8.56,98.8,0.013372534971151095,0
2024-08-23T09:00:00Z,0.05555555555555556,9.02,99,0.011496125581462069,0
2024-08-23T09:30:00Z,0.05555555555555556,9.02,99,0.011496125581462069,0
2024-08-23T10:00:00Z,0.05555555555555556,9.22,99,0.011652351856616727,0
2024-08-23T10:30:00Z,0.05555555555555556,9.22,99,0.011652351856616727,0
2024-08-23T11:00:00Z,0.7222222222222223,10.51,99.2,0.010164516411603541,0
2024-08-23T11:30:00Z,0.7222222222222223,10.51,99.2,0.010164516411603541,0
2024-08-23T12:00:00Z,15.305555555555557,12.01,98.9,0.015438378826619248,0
2024-08-23T12:30:00Z,15.305555555555557,12.01,98.9,0.015438378826619248,0
2024-08-23T13:00:00Z,58.11111111111111,13.88,96.5,0.05551694765100246,0
2024-08-23T13:30:00Z,58.11111111111111,13.88,96.5,0.05551694765100246,0
2024-08-23T14:00:00Z,251.47222222222223,16.57,87.8,0.2300373721514961,0
2024-08-23T14:30:00Z,251.47222222222223,16.57,87.8,0.2300373721514961,0
2024-08-23T15:00:00Z,451.8333333333333,21,77.87,0.5503742944163079,0
2024-08-23T15:30:00Z,451.8333333333333,21,77.87,0.5503742944163079,0
2024-08-23T16:00:00Z,623.5,23.64,66.47,0.9790913130078032,0
2024-08-23T16:30:00Z,623.5,23.64,66.47,0.9790913130078032,0
2024-08-23T17:00:00Z,644.9722222222223,24.27,59.75,1.2206287393174549,0
2024-08-23T17:30:00Z,644.9722222222223,24.27,59.75,1.2206287393174549,0
2024-08-23T18:00:00Z,598.0833333333334,24.65,58.1,1.299877759966824,0
2024-08-23T18:30:00Z,598.0833333333334,24.65,58.1,1.299877759966824,0
2024-08-23T19:00:00Z,494.6944444444445,24.35,56.41,1.328265883113629,0
2024-08-23T19:30:00Z,494.6944444444445,24.35,56.41,1.328265883113629,0
2024-08-23T20:00:00Z,434.11111111111114,24.22,53.71,1.3996000981521743,0
2024-08-23T20:30:00Z,434.11111111111114,24.22,53.71,1.3996000981521743,0
2024-08-23T21:00:00Z,457.94444444444446,24.48,50.79,1.511226361661935,0
2024-08-23T21:30:00Z,457.94444444444446,24.48,50.79,1.511226361661935,0
2024-08-23T22:00:00Z,425.02777777777777,25.1,50.17,1.5879304983067628,0
2024-08-23T22:30:00Z,425.02777777777777,25.1,50.17,1.5879304983067628,0
2024-08-23T23:00:00Z,182.5,23.84,55.76,1.307460591888994,0
2024-08-23T23:30:00Z,182.5,23.84,55.76,1.307460591888994,0
2024-08-24T00:00:00Z,136.02777777777777,23.25,58.51,1.183378060269554,0
2024-08-24T00:30:00Z,136.02777777777777,23.25,58.51,1.183378060269554,0
2024-08-24T01:00:00Z,9.86111111111111,19.69,75.1,0.5711523752348944,0
2024-08-24T01:30:00Z,9.86111111111111,19.69,75.1,0.5711523752348944,0
2024-08-24T02:00:00Z,0,16.39,89.6,0.1938641941542345,0
2024-08-24T02:30:00Z,0,16.39,89.6,0.1938641941542345,0
2024-08-24T03:00:00Z,0,15.02,94.2,0.09903751135443573,0
2024-08-24T03:30:00Z,0,15.02,94.2,0.09903751135443573,0
2024-08-24T04:00:00Z,0,14.42,95.5,0.07392150701002742,0
2024-08-24T04:30:00Z,0,14.42,95.5,0.07392150701002742,0
2024-08-24T05:00:00Z,0,14.25,97.1,0.04711703029880532,0
2024-08-24T05:30:00Z,0,14.25,97.1,0.04711703029880532,0
2024-08-24T06:00:00Z,0,14.11,96.7,0.053131717872586526,0
2024-08-24T06:30:00Z,0,14.11,96.7,0.053131717872586526,0
2024-08-24T07:00:00Z,0,13.54,96.7,0.05119965670107218,0
2024-08-24T07:30:00Z,0,13.54,96.7,0.05119965670107218,0
2024-08-24T08:00:00Z,0,13.17,97.4,0.03937721103035363,0
2024-08-24T08:30:00Z,0,13.17,97.4,0.03937721103035363,0
2024-08-24T09:00:00Z,0,13.07,97.3,0.040625359068284794,0
2024-08-24T09:30:00Z,0,13.07,97.3,0.040625359068284794,0
2024-08-24T10:00:00Z,0,13.4,97.1,0.04458500000743859,0
2024-08-24T10:30:00Z,0,13.4,97.1,0.04458500000743859,0
2024-08-24T11:00:00Z,0.6388888888888888,13.71,96,0.0627506987606179,0
2024-08-24T11:30:00Z,0.6388888888888888,13.71,96,0.0627506987606179,0
2024-08-24T12:00:00Z,17.11111111111111,13.21,97.2,0.04251716169403874,0
2024-08-24T12:30:00Z,17.11111111111111,13.21,97.2,0.04251716169403874,0
2024-08-24T13:00:00Z,65,14.36,97.1,0.047453750670071404,0
2024-08-24T13:30:00Z,65,14.36,97.1,0.047453750670071404,0
2024-08-24T14:00:00Z,344.77777777777783,19.51,81.6,0.4173652158500831,0
2024-08-24T14:30:00Z,344.77777777777783,19.51,81.6,0.4173652158500831,0
2024-08-24T15:00:00Z,498.97222222222223,23.37,67.45,0.9351380531635867,0
2024-08-24T15:30:00Z,498.97222222222223,23.37,67.45,0.9351380531635867,0
2024-08-24T16:00:00Z,621.9722222222222,25.16,58.82,1.3169750312688058,0
2024-08-24T16:30:00Z,621.9722222222222,25.16,58.82,1.3169750312688058,0
2024-08-24T17:00:00Z,704.2777777777778,26.45,53.47,1.60616969760825,0
2024-08-24T17:30:00Z,704.2777777777778,26.45,53.47,1.60616969760825,0
2024-08-24T18:00:00Z,771.0277777777777,27.05,52.84,1.6863529305552274,0
2024-08-24T18:30:00Z,771.0277777777777,27.05,52.84,1.6863529305552274,0
2024-08-24T19:00:00Z,712.8055555555555,27.88,51.44,1.8227480654827597,0
2024-08-24T19:30:00Z,712.8055555555555,27.88,51.44,1.8227480654827597,0
2024-08-24T20:00:00Z,558.4166666666666,28.17,47.26,2.0133532830918615,0
2024-08-24T20:30:00Z,558.4166666666666,28.17,47.26,2.0133532830918615,0
2024-08-24T21:00:00Z,430.8611111111111,27.78,48.16,1.9345546457632683,0
2024-08-24T21:30:00Z,430.8611111111111,27.78,48.16,1.9345546457632683,0
2024-08-24T22:00:00Z,360.72222222222223,28.19,45.15,2.0963391793124027,0
2024-08-24T22:30:00Z,360.72222222222223,28.19,45.15,2.0963391793124027,0
2024-08-24T23:00:00Z,244.19444444444446,27.68,48.08,1.9262685001344826,0
2024-08-24T23:30:00Z,244.19444444444446,27.68,48.08,1.9262685001344826,0
2024-08-25T00:00:00Z,86.00000000000001,25.8,59.29,1.352346519290608,0
2024-08-25T00:30:00Z,86.00000000000001,25.8,59.29,1.352346519290608,0
2024-08-25T01:00:00Z,6.805555555555556,20.82,83,0.41813889466267673,0
2024-08-25T01:30:00Z,6.805555555555556,20.82,83,0.41813889466267673,0
2024-08-25T02:00:00Z,0,18.71,90,0.21579509397627472,0
2024-08-25T02:30:00Z,0,18.71,90,0.21579509397627472,0
2024-08-25T03:00:00Z,0,17.76,92.5,0.1524785861477609,0
2024-08-25T03:30:00Z,0,17.76,92.5,0.1524785861477609,0
2024-08-25T04:00:00Z,0,17.27,95,0.09855671270592392,0
2024-08-25T04:30:00Z,0,17.27,95,0.09855671270592392,0
2024-08-25T05:00:00Z,0,17.45,94.8,0.10367153574002508,0
2024-08-25T05:30:00Z,0,17.45,94.8,0.10367153574002508,0
2024-08-25T06:00:00Z,0,18.11,91.4,0.17873447956894384,0
2024-08-25T06:30:00Z,0,18.11,91.4,0.17873447956894384,0
2024-08-25T07:00:00Z,0,18.93,84.9,0.33036013292716593,0
2024-08-25T07:30:00Z,0,18.93,84.9,0.33036013292716593,0
2024-08-25T08:00:00Z,0,18.83,84.1,0.3456971864714491,0
2024-08-25T08:30:00Z,0,18.83,84.1,0.3456971864714491,0
2024-08-25T09:00:00Z,0,18.15,87.8,0.25419141862144423,0
2024-08-25T09:30:00Z,0,18.15,87.8,0.25419141862144423,0
2024-08-25T10:00:00Z,0,17.37,91.5,0.16860887399499291,0
2024-08-25T10:30:00Z,0,17.37,91.5,0.16860887399499291,0
2024-08-25T11:00:00Z,0.3333333333333333,17.91,90.9,0.18676277732901236,0
2024-08-25T11:30:00Z,0.3333333333333333,17.91,90.9,0.18676277732901236,0
2024-08-25T12:00:00Z,19.333333333333332,18.93,90.4,0.210030283185483,0
2024-08-25T12:30:00Z,19.333333333333332,18.93,90.4,0.210030283185483,0
2024-08-25T13:00:00Z,84.55555555555556,20.54,88.1,0.2876939303368391,0
2024-08-25T13:30:00Z,84.55555555555556,20.54,88.1,0.2876939303368391,0
2024-08-25T14:00:00Z,265.25,23.2,82.6,0.49478690510940915,0
2024-08-25T14:30:00Z,265.25,23.2,82.6,0.49478690510940915,0
2024-08-25T15:00:00Z,463.3888888888889,26.33,75.93,0.8250168904388082,0
2024-08-25T15:30:00Z,463.3888888888889,26.33,75.93,0.8250168904388082,0
2024-08-25T16:00:00Z,585.5000000000001,28.74,69.05,1.2212508923882517,0
2024-08-25T16:30:00Z,585.5000000000001,28.74,69.05,1.2212508923882517,0
2024-08-25T17:00:00Z,531.1666666666667,29.98,65.41,1.465993391025585,0
2024-08-25T17:30:00Z,531.1666666666667,29.98,65.41,1.465993391025585,0
2024-08-25T18:00:00Z,341.41666666666663,29.63,67.48,1.3508299900574827,0
2024-08-25T18:30:00Z,341.41666666666663,29.63,67.48,1.3508299900574827,0
2024-08-25T19:00:00Z,638.3333333333334,31.51,58.4,1.9238715218631346,0
2024-08-25T19:30:00Z,638.3333333333334,31.51,58.4,1.9238715218631346,0
2024-08-25T20:00:00Z,624.6111111111111,31.41,54.13,2.1093441867000204,0
2024-08-25T20:30:00Z,624.6111111111111,31.41,54.13,2.1093441867000204,0
2024-08-25T21:00:00Z,550.5833333333334,31.45,53.48,2.144096097783969,0
2024-08-25T21:30:00Z,550.5833333333334,31.45,53.48,2.144096097783969,0
2024-08-25T22:00:00Z,407.4722222222223,31.21,53.39,2.119162483660228,0
2024-08-25T22:30:00Z,407.4722222222223,31.21,53.39,2.119162483660228,0
2024-08-25T23:00:00Z,251.36111111111111,30.14,54.12,1.9624052473864024,0
2024-08-25T23:30:00Z,251.36111111111111,30.14,54.12,1.9624052473864024,0
2024-08-26T00:00:00Z,95.66666666666667,28.56,58.92,1.604150866375445,0
2024-08-26T00:30:00Z,95.66666666666667,28.56,58.92,1.604150866375445,0
2024-08-26T01:00:00Z,5.916666666666667,24.37,79.07,0.6385387959124409,0
2024-08-26T01:30:00Z,5.916666666666667,24.37,79.07,0.6385387959124409,0
2024-08-26T02:00:00Z,0,22.19,85.9,0.37713345262650355,0
2024-08-26T02:30:00Z,0,22.19,85.9,0.37713345262650355,0
2024-08-26T03:00:00Z,0,22.29,84.5,0.417109271330832,0
2024-08-26T03:30:00Z,0,22.29,84.5,0.417109271330832,0
2024-08-26T04:00:00Z,0,22.24,84.4,0.4185254746578422,0
2024-08-26T04:30:00Z,0,22.24,84.4,0.4185254746578422,0
2024-08-26T05:00:00Z,0,22.65,81.8,0.500592828452608,0
2024-08-26T05:30:00Z,0,22.65,81.8,0.500592828452608,0
2024-08-26T06:00:00Z,0,22.21,83.5,0.44186386971341785,0
2024-08-26T06:30:00Z,0,22.21,83.5,0.44186386971341785,0
2024-08-26T07:00:00Z,0,22.47,82.7,0.47066844526138363,0
2024-08-26T07:30:00Z,0,22.47,82.7,0.47066844526138363,0
2024-08-26T08:00:00Z,0,22.27,82.9,0.4596063054188364,0
2024-08-26T08:30:00Z,0,22.27,82.9,0.4596063054188364,0
2024-08-26T09:00:00Z,0,23.18,77.7,0.6333579397601881,0
2024-08-26T09:30:00Z,0,23.18,77.7,0.6333579397601881,0
2024-08-26T10:00:00Z,0,23.66,76.23,0.6949308160360275,0
2024-08-26T10:30:00Z,0,23.66,76.23,0.6949308160360275,0
2024-08-26T11:00:00Z,0.36111111111111116,23.39,77.62,0.6437372605201905,0
2024-08-26T11:30:00Z,0.36111111111111116,23.39,77.62,0.6437372605201905,0
2024-08-26T12:00:00Z,25.166666666666668,23.26,78.1,0.6250091260949953,0
2024-08-26T12:30:00Z,25.166666666666668,23.26,78.1,0.6250091260949953,0
2024-08-26T13:00:00Z,88.86111111111111,24.25,75.03,0.756338032121258,0
2024-08-26T13:30:00Z,88.86111111111111,24.25,75.03,0.756338032121258,0
2024-08-26T14:00:00Z,180.47222222222226,25.52,70.96,0.9488040281539014,0
2024-08-26T14:30:00Z,180.47222222222226,25.52,70.96,0.9488040281539014,0
2024-08-26T15:00:00Z,412.72222222222223,27.61,64.55,1.309855932038448,0
2024-08-26T15:30:00Z,412.72222222222223,27.61,64.55,1.309855932038448,0
2024-08-26T16:00:00Z,558.6666666666667,29.29,59.82,1.6366518604242346,0
2024-08-26T16:30:00Z,558.6666666666667,29.29,59.82,1.6366518604242346,0
2024-08-26T17:00:00Z,667.9722222222222,30.49,56.92,1.8799185277177854,0
2024-08-26T17:30:00Z,667.9722222222222,30.49,56.92,1.8799185277177854,0
2024-08-26T18:00:00Z,705.2222222222223,31.64,55.19,2.087652320645336,0
2024-08-26T18:30:00Z,705.2222222222223,31.64,55.19,2.087652320645336,0
2024-08-26T19:00:00Z,694.75,32.4,55.76,2.1515288740185907,0
2024-08-26T19:30:00Z,694.75,32.4,55.76,2.1515288740185907,0
2024-08-26T20:00:00Z,593.9166666666666,32.47,54.6,2.216666123736689,0
2024-08-26T20:30:00Z,593.9166666666666,32.47,54.6,2.216666123736689,0
2024-08-26T21:00:00Z,435.36111111111114,32.33,54.49,2.204578846984662,0
2024-08-26T21:30:00Z,435.36111111111114,32.33,54.49,2.204578846984662,0
2024-08-26T22:00:00Z,324.44444444444446,31.62,54.49,2.1178630921833226,0
2024-08-26T22:30:00Z,324.44444444444446,31.62,54.49,2.1178630921833226,0
2024-08-26T23:00:00Z,214.25,31.39,55.32,2.0522905697539384,0
2024-08-26T23:30:00Z,214.25,31.39,55.32,2.0522905697539384,0
2024-08-27T00:00:00Z,83,29.77,61.5,1.6121526076779258,0
2024-08-27T00:30:00Z,83,29.77,61.5,1.6121526076779258,0
2024-08-27T01:00:00Z,4.555555555555555,26.4,75.47,0.8442604003898122,0
2024-08-27T01:30:00Z,4.555555555555555,26.4,75.47,0.8442604003898122,0
2024-08-27T02:00:00Z,0,24.96,81.6,0.5814837856400326,0
2024-08-27T02:30:00Z,0,24.96,81.6,0.5814837856400326,0
2024-08-27T03:00:00Z,0,25.38,81.4,0.6026755899623177,0
2024-08-27T03:30:00Z,0,25.38,81.4,0.6026755899623177,0
2024-08-27T04:00:00Z,0,25.99,78.33,0.7279935231626498,0
2024-08-27T04:30:00Z,0,25.99,78.33,0.7279935231626498,0
2024-08-27T05:00:00Z,0,26.06,77.86,0.7468664882530724,0
2024-08-27T05:30:00Z,0,26.06,77.86,0.7468664882530724,0
2024-08-27T06:00:00Z,0,25.42,79.41,0.6687420173740586,0
2024-08-27T06:30:00Z,0,25.42,79.41,0.6687420173740586,0
2024-08-27T07:00:00Z,0,25.01,80.6,0.6149150302945006,0
2024-08-27T07:30:00Z,0,25.01,80.6,0.6149150302945006,0
2024-08-27T08:00:00Z,0,24.58,82.8,0.5313745954913052,0
2024-08-27T08:30:00Z,0,24.58,82.8,0.5313745954913052,0
2024-08-27T09:00:00Z,0,24.21,86.3,0.413977851595563,1.65
2024-08-27T09:30:00Z,0,24.21,86.3,0.413977851595563,1.65
2024-08-27T10:00:00Z,0.08333333333333333,22.21,96.7,0.08837277394268339,0.76
2024-08-27T10:30:00Z,0.08333333333333333,22.21,96.7,0.08837277394268339,0.76
2024-08-27T11:00:00Z,0.1388888888888889,22.2,96.6,0.09099534442015678,0
2024-08-27T11:30:00Z,0.1388888888888889,22.2,96.6,0.09099534442015678,0
2024-08-27T12:00:00Z,16.52777777777778,22.25,97,0.08053464782303488,0
2024-08-27T12:30:00Z,16.52777777777778,22.25,97,0.08053464782303488,0
2024-08-27T13:00:00Z,80.94444444444444,22.91,97.2,0.07823705471961473,0
2024-08-27T13:30:00Z,80.94444444444444,22.91,97.2,0.07823705471961473,0
2024-08-27T14:00:00Z,295.02777777777777,24.6,90.9,0.2814704009865512,0
2024-08-27T14:30:00Z,295.02777777777777,24.6,90.9,0.2814704009865512,0
2024-08-27T15:00:00Z,450.0555555555556,27.26,79.02,0.7594941817127498,0
2024-08-27T15:30:00Z,450.0555555555556,27.26,79.02,0.7594941817127498,0
2024-08-27T16:00:00Z,580.9444444444445,29.1,72.91,1.091424790260905,0
2024-08-27T16:30:00Z,580.9444444444445,29.1,72.91,1.091424790260905,0
2024-08-27T17:00:00Z,666.3055555555555,30.14,69.26,1.3148286247745857,0
2024-08-27T17:30:00Z,666.3055555555555,30.14,69.26,1.3148286247745857,0
2024-08-27T18:00:00Z,721.1388888888889,31.26,66.59,1.523336006829235,0
2024-08-27T18:30:00Z,721.1388888888889,31.26,66.59,1.523336006829235,0
2024-08-27T19:00:00Z,435.33333333333337,31.15,65.75,1.5519017733732503,0
2024-08-27T19:30:00Z,435.33333333333337,31.15,65.75,1.5519017733732503,0
2024-08-27T20:00:00Z,15.777777777777779,21.73,90.7,0.24186804464433243,4.445
2024-08-27T20:30:00Z,15.777777777777779,21.73,90.7,0.24186804464433243,4.445
2024-08-27T21:00:00Z,222.13888888888891,21.86,94.9,0.13369414591011397,0
2024-08-27T21:30:00Z,222.13888888888891,21.86,94.9,0.13369414591011397,0
2024-08-27T22:00:00Z,474.5555555555556,25.68,80.5,0.6431831690092551,0
2024-08-27T22:30:00Z,474.5555555555556,25.68,80.5,0.6431831690092551,0
2024-08-27T23:00:00Z,220.83333333333334,26.51,75.61,0.8448992819555627,0
2024-08-27T23:30:00Z,220.83333333333334,26.51,75.61,0.8448992819555627,0
2024-08-28T00:00:00Z,98.97222222222223,26.72,79.08,0.733704200448611,0
2024-08-28T00:30:00Z,98.97222222222223,26.72,79.08,0.733704200448611,0
2024-08-28T01:00:00Z,1.6944444444444444,24.02,91.5,0.25393761678970694,0
2024-08-28T01:30:00Z,1.6944444444444444,24.02,91.5,0.25393761678970694,0
2024-08-28T02:00:00Z,0,22.65,96.3,0.10176887171838755,0
2024-08-28T02:30:00Z,0,22.65,96.3,0.10176887171838755,0
2024-08-28T03:00:00Z,0,22.53,96.5,0.09556946905424102,0
2024-08-28T03:30:00Z,0,22.53,96.5,0.09556946905424102,0
2024-08-28T04:00:00Z,0,22.47,93.8,0.16867886477575622,0
2024-08-28T04:30:00Z,0,22.47,93.8,0.16867886477575622,0
2024-08-28T05:00:00Z,0,21.77,96.8,0.08342695751279328,0
2024-08-28T05:30:00Z,0,21.77,96.8,0.08342695751279328,0
2024-08-28T06:00:00Z,0,21.5,97.6,0.06154607329573114,0
2024-08-28T06:30:00Z,0,21.5,97.6,0.06154607329573114,0
2024-08-28T07:00:00Z,0,21.39,97.6,0.06113304684613041,0
2024-08-28T07:30:00Z,0,21.39,97.6,0.06113304684613041,0
2024-08-28T08:00:00Z,0,21.91,95.1,0.1288436492347329,0
2024-08-28T08:30:00Z,0,21.91,95.1,0.1288436492347329,0
2024-08-28T09:00:00Z,0,21.67,95.4,0.1191959334023367,0
2024-08-28T09:30:00Z,0,21.67,95.4,0.1191959334023367,0
2024-08-28T10:00:00Z,0,21.9,96.5,0.09197505954955565,0
2024-08-28T10:30:00Z,0,21.9,96.5,0.09197505954955565,0
2024-08-28T11:00:00Z,0.1388888888888889,22.09,97.3,0.07177868052386405,0
2024-08-28T11:30:00Z,0.1388888888888889,22.09,97.3,0.07177868052386405,0
2024-08-28T12:00:00Z,17.02777777777778,21.95,97.7,0.0606253393134093,0
2024-08-28T12:30:00Z,17.02777777777778,21.95,97.7,0.0606253393134093,0
2024-08-28T13:00:00Z,82.83333333333333,22.3,93.5,0.17502319594738136,0
2024-08-28T13:30:00Z,82.83333333333333,22.3,93.5,0.17502319594738136,0
2024-08-28T14:00:00Z,292,24.06,85.7,0.4282393023378064,0
2024-08-28T14:30:00Z,292,24.06,85.7,0.4282393023378064,0
2024-08-28T15:00:00Z,329.1388888888889,24.34,84.4,0.47507563927128915,0
2024-08-28T15:30:00Z,329.1388888888889,24.34,84.4,0.47507563927128915,0
2024-08-28T16:00:00Z,477.6388888888889,25.01,78.49,0.6817949640017891,0
2024-08-28T16:30:00Z,477.6388888888889,25.01,78.49,0.6817949640017891,0
2024-08-28T17:00:00Z,600.0555555555555,26.02,73.58,0.889142912870017,0
2024-08-28T17:30:00Z,600.0555555555555,26.02,73.58,0.889142912870017,0
2024-08-28T18:00:00Z,588.3055555555557,26.85,68.71,1.1058151517652437,0
2024-08-28T18:30:00Z,588.3055555555557,26.85,68.71,1.1058151517652437,0
2024-08-28T19:00:00Z,528.5555555555555,27.25,66.33,1.2181696806281042,0
2024-08-28T19:30:00Z,528.5555555555555,27.25,66.33,1.2181696806281042,0
2024-08-28T20:00:00Z,500.02777777777777,27.56,64.92,1.292404775322054,0
2024-08-28T20:30:00Z,500.02777777777777,27.56,64.92,1.292404775322054,0
2024-08-28T21:00:00Z,334.47222222222223,26.7,70.02,1.0502199317533383,0
2024-08-28T21:30:00Z,334.47222222222223,26.7,70.02,1.0502199317533383,0
2024-08-28T22:00:00Z,278.5,26.28,72.79,0.9298965185713786,0
2024-08-28T22:30:00Z,278.5,26.28,72.79,0.9298965185713786,0
2024-08-28T23:00:00Z,229.52777777777777,25.77,73.38,0.8827210719038296,0
2024-08-28T23:30:00Z,229.52777777777777,25.77,73.38,0.8827210719038296,0
2024-08-29T00:00:00Z,101.72222222222223,24.8,75.4,0.7700378639510053,0
2024-08-29T00:30:00Z,101.72222222222223,24.8,75.4,0.7700378639510053,0
2024-08-29T01:00:00Z,4.055555555555555,21.96,83.6,0.4325486845950701,0
2024-08-29T01:30:00Z,4.055555555555555,21.96,83.6,0.4325486845950701,0
2024-08-29T02:00:00Z,0,20.44,90.1,0.23787058308074105,0
2024-08-29T02:30:00Z,0,20.44,90.1,0.23787058308074105,0
2024-08-29T03:00:00Z,0,19.77,93.9,0.14061696517419264,0
2024-08-29T03:30:00Z,0,19.77,93.9,0.14061696517419264,0
2024-08-29T04:00:00Z,0,19.02,96.3,0.08140505377907692,0
2024-08-29T04:30:00Z,0,19.02,96.3,0.08140505377907692,0
2024-08-29T05:00:00Z,0,19.52,97.2,0.06355157475114392,0
2024-08-29T05:30:00Z,0,19.52,97.2,0.06355157475114392,0
2024-08-29T06:00:00Z,0,20.12,95.4,0.10836253737916746,0
2024-08-29T06:30:00Z,0,20.12,95.4,0.10836253737916746,0
2024-08-29T07:00:00Z,0,19.63,95.5,0.10283663065838544,0
2024-08-29T07:30:00Z,0,19.63,95.5,0.10283663065838544,0
2024-08-29T08:00:00Z,0,19.07,95.9,0.09048732240221646,0
2024-08-29T08:30:00Z,0,19.07,95.9,0.09048732240221646,0
2024-08-29T09:00:00Z,0.08333333333333333,18.68,96.4,0.07754062587232724,0
2024-08-29T09:30:00Z,0.08333333333333333,18.68,96.4,0.07754062587232724,0
2024-08-29T10:00:00Z,0.19444444444444445,18.14,96.8,0.0666312979514001,0
2024-08-29T10:30:00Z,0.19444444444444445,18.14,96.8,0.0666312979514001,0
2024-08-29T11:00:00Z,0.3055555555555556,17.88,96.4,0.07374482513567826,0
2024-08-29T11:30:00Z,0.3055555555555556,17.88,96.4,0.07374482513567826,0
2024-08-29T12:00:00Z,7.194444444444445,17.67,96.6,0.06873269780975466,0
2024-08-29T12:30:00Z,7.194444444444445,17.67,96.6,0.06873269780975466,0
2024-08-29T13:00:00Z,36.111111111111114,17.59,96.8,0.06436407796313448,0
2024-08-29T13:30:00Z,36.111111111111114,17.59,96.8,0.06436407796313448,0
2024-08-29T14:00:00Z,83.41666666666667,18.11,94.8,0.10807201090215224,0
2024-08-29T14:30:00Z,83.41666666666667,18.11,94.8,0.10807201090215224,0
2024-08-29T15:00:00Z,138.11111111111111,19.1,91.4,0.19015800852451514,0
2024-08-29T15:30:00Z,138.11111111111111,19.1,91.4,0.19015800852451514,0
2024-08-29T16:00:00Z,223.44444444444446,20.35,87.3,0.3034569650943393,0
2024-08-29T16:30:00Z,223.44444444444446,20.35,87.3,0.3034569650943393,0
2024-08-29T17:00:00Z,443.47222222222223,22.31,80.5,0.525388971643499,0
2024-08-29T17:30:00Z,443.47222222222223,22.31,80.5,0.525388971643499,0
2024-08-29T18:00:00Z,356.08333333333337,23.58,76.41,0.6863551065754603,0
2024-08-29T18:30:00Z,356.08333333333337,23.58,76.41,0.6863551065754603,0
2024-08-29T19:00:00Z,495.5833333333333,24.4,74.51,0.7790540952539722,0
2024-08-29T19:30:00Z,495.5833333333333,24.4,74.51,0.7790540952539722,0
2024-08-29T20:00:00Z,431,25.28,71.17,0.9286133171978608,0
2024-08-29T20:30:00Z,431,25.28,71.17,0.9286133171978608,0
2024-08-29T21:00:00Z,271.05555555555554,25.25,72.14,0.8957707482556811,0
2024-08-29T21:30:00Z,271.05555555555554,25.25,72.14,0.8957707482556811,0
2024-08-29T22:00:00Z,350.8055555555556,26.16,67.97,1.0868945930428597,0
2024-08-29T22:30:00Z,350.8055555555556,26.16,67.97,1.0868945930428597,0
2024-08-29T23:00:00Z,248.47222222222223,26.49,66.7,1.1521946741256812,0
2024-08-29T23:30:00Z,248.47222222222223,26.49,66.7,1.1521946741256812,0
2024-08-30T00:00:00Z,86.5,25.29,72.29,0.893068802862639,0
2024-08-30T00:30:00Z,86.5,25.29,72.29,0.893068802862639,0
2024-08-30T01:00:00Z,3.5,22.17,86.4,0.3633173754425685,0
2024-08-30T01:30:00Z,3.5,22.17,86.4,0.3633173754425685,0
2024-08-30T02:00:00Z,0,20.96,91.7,0.20591481921925903,0
2024-08-30T02:30:00Z,0,20.96,91.7,0.20591481921925903,0
2024-08-30T03:00:00Z,0,20.63,93,0.1701728915471521,0
2024-08-30T03:30:00Z,0,20.63,93,0.1701728915471521,0
2024-08-30T04:00:00Z,0,20.57,93.5,0.15743458665241628,0
2024-08-30T04:30:00Z,0,20.57,93.5,0.15743458665241628,0
2024-08-30T05:00:00Z,0,20.68,93.4,0.1609435805854047,0
2024-08-30T05:30:00Z,0,20.68,93.4,0.1609435805854047,0
2024-08-30T06:00:00Z,0,20.54,94.4,0.13538537898204162,0
2024-08-30T06:30:00Z,0,20.54,94.4,0.13538537898204162,0
2024-08-30T07:00:00Z,0,20.52,95.1,0.11831623604598374,0
2024-08-30T07:30:00Z,0,20.52,95.1,0.11831623604598374,0
2024-08-30T08:00:00Z,0,20.39,96.6,0.081441278421448,0
2024-08-30T08:30:00Z,0,20.39,96.6,0.081441278421448,0
2024-08-30T09:00:00Z,0,20.51,97.4,0.06274134802835762,0
2024-08-30T09:30:00Z,0,20.51,97.4,0.06274134802835762,0
2024-08-30T10:00:00Z,0,20.77,97.5,0.06130215184466792,0
2024-08-30T10:30:00Z,0,20.77,97.5,0.06130215184466792,0
2024-08-30T11:00:00Z,1.4722222222222223,20.92,96,0.09899242290228116,0
2024-08-30T11:30:00Z,1.4722222222222223,20.92,96,0.09899242290228116,0
2024-08-30T12:00:00Z,5.805555555555555,20.98,94.4,0.13910129957937745,0
2024-08-30T12:30:00Z,5.805555555555555,20.98,94.4,0.13910129957937745,0
2024-08-30T13:00:00Z,27.02777777777778,21.34,96.4,0.09141916434088682,0.89
2024-08-30T13:30:00Z,27.02777777777778,21.34,96.4,0.09141916434088682,0.89
2024-08-30T14:00:00Z,103.80555555555556,21.84,97.1,0.07592943724797419,0
2024-08-30T14:30:00Z,103.80555555555556,21.84,97.1,0.07592943724797419,0
2024-08-30T15:00:00Z,180.05555555555557,23.01,94.5,0.15461255348874436,0
2024-08-30T15:30:00Z,180.05555555555557,23.01,94.5,0.15461255348874436,0
2024-08-30T16:00:00Z,196.88888888888889,23.63,91.3,0.2538911098210592,0
2024-08-30T16:30:00Z,196.88888888888889,23.63,91.3,0.2538911098210592,0
2024-08-30T17:00:00Z,325.77777777777777,24.74,83.9,0.5021667929520013,0
2024-08-30T17:30:00Z,325.77777777777777,24.74,83.9,0.5021667929520013,0
2024-08-30T18:00:00Z,421.27777777777777,25.97,77.41,0.7580036584786689,0
2024-08-30T18:30:00Z,421.27777777777777,25.97,77.41,0.7580036584786689,0
2024-08-30T19:00:00Z,357.1666666666667,26.15,76.28,0.8044309077214096,0
2024-08-30T19:30:00Z,357.1666666666667,26.15,76.28,0.8044309077214096,0
2024-08-30T20:00:00Z,418.6666666666667,26.35,75.23,0.8500116695148017,0
2024-08-30T20:30:00Z,418.6666666666667,26.35,75.23,0.8500116695148017,0
2024-08-30T21:00:00Z,331.52777777777777,25.8,74.77,0.8381160079022858,0
2024-08-30T21:30:00Z,331.52777777777777,25.8,74.77,0.8381160079022858,0
2024-08-30T22:00:00Z,193.25000000000003,24.79,78.4,0.6757275579174014,0
2024-08-30T22:30:00Z,193.25000000000003,24.79,78.4,0.6757275579174014,0
2024-08-30T23:00:00Z,124.47222222222223,24.31,78.9,0.641417111829385,0
2024-08-30T23:30:00Z,124.47222222222223,24.31,78.9,0.641417111829385,0
2024-08-31T00:00:00Z,54.88888888888889,23.44,82.5,0.5048889120334308,0
2024-08-31T00:30:00Z,54.88888888888889,23.44,82.5,0.5048889120334308,0
2024-08-31T01:00:00Z,3.8055555555555554,22.19,89.2,0.28886817647987506,0
2024-08-31T01:30:00Z,3.8055555555555554,22.19,89.2,0.28886817647987506,0
2024-08-31T02:00:00Z,0,21.38,93.8,0.15783035001600476,0
2024-08-31T02:30:00Z,0,21.38,93.8,0.15783035001600476,0
2024-08-31T03:00:00Z,0,21.18,95.3,0.11818788901825972,0
2024-08-31T03:30:00Z,0,21.18,95.3,0.11818788901825972,0
2024-08-31T04:00:00Z,0,21.37,95.4,0.11702823947305196,0
2024-08-31T04:30:00Z,0,21.37,95.4,0.11702823947305196,0
2024-08-31T05:00:00Z,0,19.99,95.2,0.11216804161651384,0
2024-08-31T05:30:00Z,0,19.99,95.2,0.11216804161651384,0
2024-08-31T06:00:00Z,0,18.6,94.7,0.11358710446687192,0
2024-08-31T06:30:00Z,0,18.6,94.7,0.11358710446687192,0
2024-08-31T07:00:00Z,0.02777777777777778,17.57,96.1,0.07834481170445406,0
2024-08-31T07:30:00Z,0.02777777777777778,17.57,96.1,0.07834481170445406,0
2024-08-31T08:00:00Z,0.02777777777777778,16.32,96.9,0.057529367746172566,0
2024-08-31T08:30:00Z,0.02777777777777778,16.32,96.9,0.057529367746172566,0
2024-08-31T09:00:00Z,0.11111111111111112,14.67,98.2,0.030050114358868063,0
2024-08-31T09:30:00Z,0.11111111111111112,14.67,98.2,0.030050114358868063,0
2024-08-31T10:00:00Z,0.08333333333333333,13.79,98.7,0.020500340350217083,0
2024-08-31T10:30:00Z,0.08333333333333333,13.79,98.7,0.020500340350217083,0
2024-08-31T11:00:00Z,0.2777777777777778,13.1,99,0.01507596544762091,0
2024-08-31T11:30:00Z,0.2777777777777778,13.1,99,0.01507596544762091,0
2024-08-31T12:00:00Z,11.083333333333334,13.08,99.2,0.01204501521861201,0
2024-08-31T12:30:00Z,11.083333333333334,13.08,99.2,0.01204501521861201,0
2024-08-31T13:00:00Z,46.75000000000001,15.49,99.5,0.008799469686466832,0
2024-08-31T13:30:00Z,46.75000000000001,15.49,99.5,0.008799469686466832,0
2024-08-31T14:00:00Z,346.75,19.33,95,0.11215210027607991,0
2024-08-31T14:30:00Z,346.75,19.33,95,0.11215210027607991,0
2024-08-31T15:00:00Z,504.47222222222223,22.71,75.73,0.6699817466757727,0
2024-08-31T15:30:00Z,504.47222222222223,22.71,75.73,0.6699817466757727,0
2024-08-31T16:00:00Z,635.4444444444445,24.9,61.99,1.1969188138792903,0
2024-08-31T16:30:00Z,635.4444444444445,24.9,61.99,1.1969188138792903,0
2024-08-31T17:00:00Z,663.7777777777778,25.87,55.45,1.4860517780982254,0
2024-08-31T17:30:00Z,663.7777777777778,25.87,55.45,1.4860517780982254,0
2024-08-31T18:00:00Z,759.1388888888889,26.76,51.43,1.707452345017542,0
2024-08-31T18:30:00Z,759.1388888888889,26.76,51.43,1.707452345017542,0
2024-08-31T19:00:00Z,681.0277777777777,26.8,50.69,1.7375461312145752,0
2024-08-31T19:30:00Z,681.0277777777777,26.8,50.69,1.7375461312145752,0
2024-08-31T20:00:00Z,619.6944444444445,26.92,51.62,1.7168324398426618,0
2024-08-31T20:30:00Z,619.6944444444445,26.92,51.62,1.7168324398426618,0
2024-08-31T21:00:00Z,579.0277777777778,26.78,51.85,1.69467820730259,0
2024-08-31T21:30:00Z,579.0277777777778,26.78,51.85,1.69467820730259,0
2024-08-31T22:00:00Z,418.6666666666667,26.28,52.73,1.615443161810698,0
2024-08-31T22:30:00Z,418.6666666666667,26.28,52.73,1.615443161810698,0
2024-08-31T23:00:00Z,251.13888888888891,25.45,55.84,1.4368281504249152,0
2024-08-31T23:30:00Z,251.13888888888891,25.45,55.84,1.4368281504249152,0
2024-09-01T00:00:00Z,90.16666666666667,23.46,64.9,1.0138844166917595,0
2024-09-01T00:30:00Z,90.16666666666667,23.46,64.9,1.0138844166917595,0
2024-09-01T01:00:00Z,3.5833333333333335,20.22,78.12,0.5186250725755588,0
2024-09-01T01:30:00Z,3.5833333333333335,20.22,78.12,0.5186250725755588,0
2024-09-01T02:00:00Z,0,18.59,85.5,0.3105627477609847,0
2024-09-01T02:30:00Z,0,18.59,85.5,0.3105627477609847,0
2024-09-01T03:00:00Z,0,18.08,88.2,0.24477851618006885,0
2024-09-01T03:30:00Z,0,18.08,88.2,0.24477851618006885,0
2024-09-01T04:00:00Z,0,17.9,88.7,0.23176833574829248,0
2024-09-01T04:30:00Z,0,17.9,88.7,0.23176833574829248,0
2024-09-13T05:00:00Z,0,18.66,76.62,0.5029537203870151,0
2024-09-13T05:30:00Z,0,18.66,76.62,0.5029537203870151,0
2024-09-13T06:00:00Z,0,17.69,79.76,0.4096778577607798,0
2024-09-13T06:30:00Z,0,17.69,79.76,0.4096778577607798,0
2024-09-13T07:00:00Z,0,16.95,82,0.3476876358590466,0
2024-09-13T07:30:00Z,0,16.95,82,0.3476876358590466,0
2024-09-13T08:00:00Z,0,16.44,84.2,0.2954634811753556,0
2024-09-13T08:30:00Z,0,16.44,84.2,0.2954634811753556,0
2024-09-13T09:00:00Z,0,16.07,85,0.2739648645805308,0
2024-09-13T09:30:00Z,0,16.07,85,0.2739648645805308,0
2024-09-13T10:00:00Z,0,16.03,85.3,0.2678007499662711,0
2024-09-13T10:30:00Z,0,16.03,85.3,0.2678007499662711,0
2024-09-13T11:00:00Z,0,15.76,87.6,0.22203434928958754,0
2024-09-13T11:30:00Z,0,15.76,87.6,0.22203434928958754,0
2024-09-13T12:00:00Z,10.472222222222223,15.59,89.4,0.18774848779062348,0
2024-09-13T12:30:00Z,10.472222222222223,15.59,89.4,0.18774848779062348,0
2024-09-13T13:00:00Z,50.13888888888889,16.43,87.9,0.22612867899170053,0
2024-09-13T13:30:00Z,50.13888888888889,16.43,87.9,0.22612867899170053,0
2024-09-13T14:00:00Z,249.55555555555557,19.43,79.06,0.472623697004835,0
2024-09-13T14:30:00Z,249.55555555555557,19.43,79.06,0.472623697004835,0
2024-09-13T15:00:00Z,413.1666666666667,22.41,69.47,0.8275855600922055,0
2024-09-13T15:30:00Z,413.1666666666667,22.41,69.47,0.8275855600922055,0
2024-09-13T16:00:00Z,535.2222222222223,25.01,60.16,1.2627945776769538,0
2024-09-13T16:30:00Z,535.2222222222223,25.01,60.16,1.2627945776769538,0
2024-09-13T17:00:00Z,603.9722222222223,26.7,53.14,1.6415378919933763,0
2024-09-13T17:30:00Z,603.9722222222223,26.7,53.14,1.6415378919933763,0
2024-09-13T18:00:00Z,659.0277777777778,28.33,45.6,2.0961245832837356,0
2024-09-13T18:30:00Z,659.0277777777778,28.33,45.6,2.0961245832837356,0
2024-09-13T19:00:00Z,655.6666666666667,29.6,39.73,2.499205030527357,0
2024-09-13T19:30:00Z,655.6666666666667,29.6,39.73,2.499205030527357,0
2024-09-13T20:00:00Z,570.2777777777778,30.24,35.84,2.7600510879150884,0
2024-09-13T20:30:00Z,570.2777777777778,30.24,35.84,2.7600510879150884,0
2024-09-13T21:00:00Z,461.19444444444446,30.44,33.9,2.8762299698742853,0
2024-09-13T21:30:00Z,461.19444444444446,30.44,33.9,2.8762299698742853,0
2024-09-13T22:00:00Z,236.80555555555557,28.91,36.92,2.5136692337166204,0
2024-09-13T22:30:00Z,236.80555555555557,28.91,36.92,2.5136692337166204,0
2024-09-13T23:00:00Z,107.19444444444444,27.73,37.75,2.316267261132723,0
2024-09-13T23:30:00Z,107.19444444444444,27.73,37.75,2.316267261132723,0
2024-09-14T00:00:00Z,27.416666666666668,25.35,45.01,1.7786089189389382,0
2024-09-14T00:30:00Z,27.416666666666668,25.35,45.01,1.7786089189389382,0
2024-09-14T01:00:00Z,0.16666666666666666,21.36,61.92,0.9681970812880225,0
2024-09-14T01:30:00Z,0.16666666666666666,21.36,61.92,0.9681970812880225,0
2024-09-14T02:00:00Z,0,19.77,67.57,0.7475751115736178,0
2024-09-14T02:30:00Z,0,19.77,67.57,0.7475751115736178,0
2024-09-14T03:00:00Z,0,19.81,68.81,0.7207761043960081,0
2024-09-14T03:30:00Z,0,19.81,68.81,0.7207761043960081,0
2024-09-14T04:00:00Z,0,19.06,77.03,0.5066336953191821,0
2024-09-14T04:30:00Z,0,19.06,77.03,0.5066336953191821,0
2024-09-14T05:00:00Z,0,18.5,80.8,0.408917242230175,0
2024-09-14T05:30:00Z,0,18.5,80.8,0.408917242230175,0
2024-09-14T06:00:00Z,0,17.48,84.6,0.30760937062635074,0
2024-09-14T06:30:00Z,0,17.48,84.6,0.30760937062635074,0
2024-09-14T07:00:00Z,0,16.82,86.6,0.25670860579209864,0
2024-09-14T07:30:00Z,0,16.82,86.6,0.25670860579209864,0
2024-09-14T08:00:00Z,0,16.39,87.4,0.23487392753301428,0
2024-09-14T08:30:00Z,0,16.39,87.4,0.23487392753301428,0
2024-09-14T09:00:00Z,0,15.86,89.2,0.19462578942577835,0
2024-09-14T09:30:00Z,0,15.86,89.2,0.19462578942577835,0
2024-09-14T10:00:00Z,0,15.39,90.5,0.16612072187567084,0
2024-09-14T10:30:00Z,0,15.39,90.5,0.16612072187567084,0
2024-09-14T11:00:00Z,0,14.76,93.1,0.11586301493805329,0
2024-09-14T11:30:00Z,0,14.76,93.1,0.11586301493805329,0
2024-09-14T12:00:00Z,9.500000000000002,14.58,93.8,0.1029061666231661,0
2024-09-14T12:30:00Z,9.500000000000002,14.58,93.8,0.1029061666231661,0
2024-09-14T13:00:00Z,44.88888888888889,15.48,91.8,0.144218780100839,0
2024-09-14T13:30:00Z,44.88888888888889,15.48,91.8,0.144218780100839,0
2024-09-14T14:00:00Z,246.97222222222223,18.78,80.3,0.4269806267784293,0
2024-09-14T14:30:00Z,246.97222222222223,18.78,80.3,0.4269806267784293,0
2024-09-14T15:00:00Z,426.47222222222223,22.08,69.64,0.8066199102856424,0
2024-09-14T15:30:00Z,426.47222222222223,22.08,69.64,0.8066199102856424,0
2024-09-14T16:00:00Z,555.5555555555555,25.1,59.46,1.2918864619979162,0
2024-09-14T16:30:00Z,555.5555555555555,25.1,59.46,1.2918864619979162,0
2024-09-14T17:00:00Z,611.3055555555555,27.98,49.32,1.9134390114606887,0
2024-09-14T17:30:00Z,611.3055555555555,27.98,49.32,1.9134390114606887,0
2024-09-14T18:00:00Z,672.4444444444446,29.55,39.97,2.482101632801367,0
2024-09-14T18:30:00Z,672.4444444444446,29.55,39.97,2.482101632801367,0
2024-09-14T19:00:00Z,641.5833333333333,30.22,37.19,2.6988839590306255,0
2024-09-14T19:30:00Z,641.5833333333333,30.22,37.19,2.6988839590306255,0
2024-09-14T20:00:00Z,577.6388888888889,30.41,37.15,2.7301247732976357,0
2024-09-14T20:30:00Z,577.6388888888889,30.41,37.15,2.7301247732976357,0
2024-09-14T21:00:00Z,465.22222222222223,30.48,37.61,2.7210098822579925,0
2024-09-14T21:30:00Z,465.22222222222223,30.48,37.61,2.7210098822579925,0
2024-09-14T22:00:00Z,321.77777777777783,30.27,37.34,2.700157125469885,0
2024-09-14T22:30:00Z,321.77777777777783,30.27,37.34,2.700157125469885,0
2024-09-14T23:00:00Z,143.5277777777778,29.17,42.46,2.327607340163662,0
2024-09-14T23:30:00Z,143.5277777777778,29.17,42.46,2.327607340163662,0
2024-09-15T00:00:00Z,19.055555555555554,24.07,60.56,1.1818107462670346,0
2024-09-15T00:30:00Z,19.055555555555554,24.07,60.56,1.1818107462670346,0
2024-09-15T01:00:00Z,0.19444444444444445,20.77,71.31,0.703503494569409,0
2024-09-15T01:30:00Z,0.19444444444444445,20.77,71.31,0.703503494569409,0
2024-09-15T02:00:00Z,0,20.83,69.74,0.7447451677509678,0
2024-09-15T02:30:00Z,0,20.83,69.74,0.7447451677509678,0
2024-09-15T03:00:00Z,0,20.98,70.46,0.7337593552812183,0
2024-09-15T03:30:00Z,0,20.98,70.46,0.7337593552812183,0
2024-09-15T04:00:00Z,0,19.51,78.6,0.4854138923473792,0
2024-09-15T04:30:00Z,0,19.51,78.6,0.4854138923473792,0
2024-09-15T05:00:00Z,0,18.96,81.8,0.3989286703138062,0
2024-09-15T05:30:00Z,0,18.96,81.8,0.3989286703138062,0
2024-09-15T06:00:00Z,0,18.74,83.4,0.35889237349823033,0
2024-09-15T06:30:00Z,0,18.74,83.4,0.35889237349823033,0
2024-09-15T07:00:00Z,0,18.71,83.2,0.36253575788014136,0
2024-09-15T07:30:00Z,0,18.71,83.2,0.36253575788014136,0
2024-09-15T08:00:00Z,0,17.25,88.4,0.22836254588106009,0
2024-09-15T08:30:00Z,0,17.25,88.4,0.22836254588106009,0
2024-09-15T09:00:00Z,0,16.61,91.4,0.16257039503181048,0
2024-09-15T09:30:00Z,0,16.61,91.4,0.16257039503181048,0
2024-09-15T10:00:00Z,0,16.03,92.6,0.1348112618877828,0
2024-09-15T10:30:00Z,0,16.03,92.6,0.1348112618877828,0
2024-09-15T11:00:00Z,0,14.86,96.2,0.06422136983672466,0
2024-09-15T11:30:00Z,0,14.86,96.2,0.06422136983672466,0
2024-09-15T12:00:00Z,10.166666666666668,15.19,95.8,0.07250538984836408,0
2024-09-15T12:30:00Z,10.166666666666668,15.19,95.8,0.07250538984836408,0
2024-09-15T13:00:00Z,45.30555555555556,16.54,92.4,0.14302883423610102,0
2024-09-15T13:30:00Z,45.30555555555556,16.54,92.4,0.14302883423610102,0
2024-09-15T14:00:00Z,270.5,19.74,80.7,0.44407582858010053,0
2024-09-15T14:30:00Z,270.5,19.74,80.7,0.44407582858010053,0
2024-09-15T15:00:00Z,434.83333333333337,23.43,66.61,0.9627475007248198,0
2024-09-15T15:30:00Z,434.83333333333337,23.43,66.61,0.9627475007248198,0
2024-09-15T16:00:00Z,561.5833333333334,26.65,55.6,1.5507954420875023,0
2024-09-15T16:30:00Z,561.5833333333334,26.65,55.6,1.5507954420875023,0
2024-09-15T17:00:00Z,645.1666666666666,29.1,46.07,2.1727773694636623,0
2024-09-15T17:30:00Z,645.1666666666666,29.1,46.07,2.1727773694636623,0
2024-09-15T18:00:00Z,682.75,30.21,39.22,2.6101617017147882,0
2024-09-15T18:30:00Z,682.75,30.21,39.22,2.6101617017147882,0
2024-09-15T19:00:00Z,662.75,30.9,36.95,2.8164930978213993,0
2024-09-15T19:30:00Z,662.75,30.9,36.95,2.8164930978213993,0
2024-09-15T20:00:00Z,595.1388888888889,31.5,35.2,2.995100649160527,0
2024-09-15T20:30:00Z,595.1388888888889,31.5,35.2,2.995100649160527,0
2024-09-15T21:00:00Z,478.75,31.33,35.58,2.948946473793911,0
2024-09-15T21:30:00Z,478.75,31.33,35.58,2.948946473793911,0
2024-09-15T22:00:00Z,274.77777777777783,30.64,37.93,2.7319066588760874,0
2024-09-15T22:30:00Z,274.77777777777783,30.64,37.93,2.7319066588760874,0
2024-09-15T23:00:00Z,113.6388888888889,28.85,45.07,2.181317232689219,0
2024-09-15T23:30:00Z,113.6388888888889,28.85,45.07,2.181317232689219,0
2024-09-16T00:00:00Z,23.250000000000004,23.79,64.33,1.0510209856646147,0
2024-09-16T00:30:00Z,23.250000000000004,23.79,64.33,1.0510209856646147,0
2024-09-16T01:00:00Z,0.22222222222222224,20.08,75.41,0.5778369851206091,0
2024-09-16T01:30:00Z,0.22222222222222224,20.08,75.41,0.5778369851206091,0
2024-09-16T02:00:00Z,0,17.91,82.9,0.3509498343215507,0
2024-09-16T02:30:00Z,0,17.91,82.9,0.3509498343215507,0
2024-09-16T03:00:00Z,0,18.24,79.52,0.4291260505321888,0
2024-09-16T03:30:00Z,0,18.24,79.52,0.4291260505321888,0
2024-09-16T04:00:00Z,0,20.73,66.2,0.8267672988261145,0
2024-09-16T04:30:00Z,0,20.73,66.2,0.8267672988261145,0
2024-09-16T05:00:00Z,0,18.85,73.22,0.582977583315178,0
2024-09-16T05:30:00Z,0,18.85,73.22,0.582977583315178,0
2024-09-16T06:00:00Z,0,17.73,74.59,0.5156219670969355,0
2024-09-16T06:30:00Z,0,17.73,74.59,0.5156219670969355,0
2024-09-16T07:00:00Z,0,16.97,74.57,0.49182852964918533,0
2024-09-16T07:30:00Z,0,16.97,74.57,0.49182852964918533,0
2024-09-16T08:00:00Z,0,16.37,77.09,0.4265168745809349,0
2024-09-16T08:30:00Z,0,16.37,77.09,0.4265168745809349,0
2024-09-16T09:00:00Z,0,15.03,82.8,0.29388655527471275,0
2024-09-16T09:30:00Z,0,15.03,82.8,0.29388655527471275,0
2024-09-16T10:00:00Z,0,13.41,90.2,0.15076482210470865,0
2024-09-16T10:30:00Z,0,13.41,90.2,0.15076482210470865,0
2024-09-16T11:00:00Z,0,14.04,88.4,0.1859200657511504,0
2024-09-16T11:30:00Z,0,14.04,88.4,0.1859200657511504,0
2024-09-16T12:00:00Z,9,14.5,89.1,0.1799828879543699,0
2024-09-16T12:30:00Z,9,14.5,89.1,0.1799828879543699,0
2024-09-16T13:00:00Z,39.583333333333336,15.97,85.9,0.2558875617937584,0
2024-09-16T13:30:00Z,39.583333333333336,15.97,85.9,0.2558875617937584,0
2024-09-16T14:00:00Z,273,19.75,73.61,0.6075871639406594,0
2024-09-16T14:30:00Z,273,19.75,73.61,0.6075871639406594,0
2024-09-16T15:00:00Z,438.7222222222223,24.22,56.52,1.3146384158059308,0
2024-09-16T15:30:00Z,438.7222222222223,24.22,56.52,1.3146384158059308,0
2024-09-16T16:00:00Z,568.6111111111111,27.4,43.11,2.0764097117644416,0
2024-09-16T16:30:00Z,568.6111111111111,27.4,43.11,2.0764097117644416,0
2024-09-16T17:00:00Z,634.6111111111111,29.54,34.82,2.6934915737641236,0
2024-09-16T17:30:00Z,634.6111111111111,29.54,34.82,2.6934915737641236,0
2024-09-16T18:00:00Z,628.1388888888889,30.24,30.3,2.998372207413991,0
2024-09-16T18:30:00Z,628.1388888888889,30.24,30.3,2.998372207413991,0
2024-09-16T19:00:00Z,651,30.7,29.83,3.099008252684989,0
2024-09-16T19:30:00Z,651,30.7,29.83,3.099008252684989,0
2024-09-16T20:00:00Z,578.0833333333334,30.95,29.74,3.1475213017527413,0
2024-09-16T20:30:00Z,578.0833333333334,30.95,29.74,3.1475213017527413,0
2024-09-16T21:00:00Z,466.55555555555554,31.05,28.75,3.2100949822221745,0
2024-09-16T21:30:00Z,466.55555555555554,31.05,28.75,3.2100949822221745,0
2024-09-16T22:00:00Z,320.22222222222223,30.83,27.91,3.207496165305504,0
2024-09-16T22:30:00Z,320.22222222222223,30.83,27.91,3.207496165305504,0
2024-09-16T23:00:00Z,161.0277777777778,29.12,32.57,2.719815885667888,0
2024-09-16T23:30:00Z,161.0277777777778,29.12,32.57,2.719815885667888,0
2024-09-17T00:00:00Z,20.916666666666668,23.19,55.65,1.2603764701679836,0
2024-09-17T00:30:00Z,20.916666666666668,23.19,55.65,1.2603764701679836,0
2024-09-17T01:00:00Z,0.11111111111111112,18.25,70.46,0.6193525987065671,0
2024-09-17T01:30:00Z,0.11111111111111112,18.25,70.46,0.6193525987065671,0
2024-09-17T02:00:00Z,0,16.55,75.16,0.46777586089052314,0
2024-09-17T02:30:00Z,0,16.55,75.16,0.46777586089052314,0
2024-09-17T03:00:00Z,0,16.03,76.07,0.43595047256414077,0
2024-09-17T03:30:00Z,0,16.03,76.07,0.43595047256414077,0
2024-09-17T04:00:00Z,0,14.61,83.3,0.2777203391058558,0
2024-09-17T04:30:00Z,0,14.61,83.3,0.2777203391058558,0
2024-09-17T05:00:00Z,0,13.6,87.9,0.18846697926841793,0
2024-09-17T05:30:00Z,0,13.6,87.9,0.18846697926841793,0
2024-09-17T06:00:00Z,0,14.26,84.7,0.24874399384077828,0
2024-09-17T06:30:00Z,0,14.26,84.7,0.24874399384077828,0
2024-09-17T07:00:00Z,0,14.34,84.3,0.2565724980248294,0
2024-09-17T07:30:00Z,0,14.34,84.3,0.2565724980248294,0
2024-09-17T08:00:00Z,0,13.66,87.1,0.20171378969521636,0
2024-09-17T08:30:00Z,0,13.66,87.1,0.20171378969521636,0
2024-09-17T09:00:00Z,0,14.49,82.9,0.282176020355811,0
2024-09-17T09:30:00Z,0,14.49,82.9,0.282176020355811,0
2024-09-17T10:00:00Z,0,14.64,82.2,0.2965872808284262,0
2024-09-17T10:30:00Z,0,14.64,82.2,0.2965872808284262,0
2024-09-17T11:00:00Z,0,14.24,84.5,0.25166934999075874,0
2024-09-17T11:30:00Z,0,14.24,84.5,0.25166934999075874,0
2024-09-17T12:00:00Z,8.25,13.84,86,0.22149146153709354,0
2024-09-17T12:30:00Z,8.25,13.84,86,0.22149146153709354,0
2024-09-17T13:00:00Z,37.027777777777786,14.32,85,0.2448158455546039,0
2024-09-17T13:30:00Z,37.027777777777786,14.32,85,0.2448158455546039,0
2024-09-17T14:00:00Z,267.4166666666667,18.22,72.54,0.5746591213283558,0
2024-09-17T14:30:00Z,267.4166666666667,18.22,72.54,0.5746591213283558,0
2024-09-17T15:00:00Z,410.9444444444445,21.83,64.04,0.9409505916594498,0
2024-09-17T15:30:00Z,410.9444444444445,21.83,64.04,0.9409505916594498,0
2024-09-17T16:00:00Z,577.5555555555555,24.88,50.37,1.5609654373700839,0
2024-09-17T16:30:00Z,577.5555555555555,24.88,50.37,1.5609654373700839,0
2024-09-17T17:00:00Z,527.3333333333334,26.87,37.87,2.1983075138173307,0
2024-09-17T17:30:00Z,527.3333333333334,26.87,37.87,2.1983075138173307,0
2024-09-17T18:00:00Z,674.5,27.41,32.32,2.4716756399712283,0
2024-09-17T18:30:00Z,674.5,27.41,32.32,2.4716756399712283,0
2024-09-17T19:00:00Z,661.3611111111112,28.5,30.57,2.7017848085018956,0
2024-09-17T19:30:00Z,661.3611111111112,28.5,30.57,2.7017848085018956,0
2024-09-17T20:00:00Z,592.6666666666666,28.7,28.01,2.834068846773506,0
2024-09-17T20:30:00Z,592.6666666666666,28.7,28.01,2.834068846773506,0
2024-09-17T21:00:00Z,477.75000000000006,29.05,29.31,2.839805641037433,0
2024-09-17T21:30:00Z,477.75000000000006,29.05,29.31,2.839805641037433,0
2024-09-17T22:00:00Z,334.4166666666667,28.88,27.35,2.890004651126803,0
2024-09-17T22:30:00Z,334.4166666666667,28.88,27.35,2.890004651126803,0
2024-09-17T23:00:00Z,168.55555555555554,28.17,29.29,2.699359322097563,0
2024-09-17T23:30:00Z,168.55555555555554,28.17,29.29,2.699359322097563,0
2024-09-18T00:00:00Z,27.472222222222225,21.8,55.97,1.1500072002926698,0
2024-09-18T00:30:00Z,27.472222222222225,21.8,55.97,1.1500072002926698,0
2024-09-18T01:00:00Z,0.16666666666666666,16.4,70.1,0.5577145677044559,0
2024-09-18T01:30:00Z,0.16666666666666666,16.4,70.1,0.5577145677044559,0
2024-09-18T02:00:00Z,0,14.92,78.25,0.36900674430328784,0
2024-09-18T02:30:00Z,0,14.92,78.25,0.36900674430328784,0
2024-09-18T03:00:00Z,0,13.4,86.9,0.20140120693015295,0
2024-09-18T03:30:00Z,0,13.4,86.9,0.20140120693015295,0
2024-09-18T04:00:00Z,0,14.73,74.88,0.42099299180382554,0
2024-09-18T04:30:00Z,0,14.73,74.88,0.42099299180382554,0
2024-09-18T05:00:00Z,0,14.89,73.9,0.4419530267536824,0
2024-09-18T05:30:00Z,0,14.89,73.9,0.4419530267536824,0
2024-09-18T06:00:00Z,0,14.44,79.34,0.3398211101391715,0
2024-09-18T06:30:00Z,0,14.44,79.34,0.3398211101391715,0
2024-09-18T07:00:00Z,0,13.06,86.9,0.19697939700383627,0
2024-09-18T07:30:00Z,0,13.06,86.9,0.19697939700383627,0
2024-09-18T08:00:00Z,0,13.15,86.5,0.2041916241745627,0
2024-09-18T08:30:00Z,0,13.15,86.5,0.2041916241745627,0
2024-09-18T09:00:00Z,0,12.92,87.7,0.18326396190127925,0
2024-09-18T09:30:00Z,0,12.92,87.7,0.18326396190127925,0
2024-09-18T10:00:00Z,0,11.96,91.6,0.11750497769281454,0
2024-09-18T10:30:00Z,0,11.96,91.6,0.11750497769281454,0
2024-09-18T11:00:00Z,0,11.86,93.3,0.09310778539070519,0
2024-09-18T11:30:00Z,0,11.86,93.3,0.09310778539070519,0
2024-09-18T12:00:00Z,5.916666666666667,12.01,95.5,0.06315700429071569,0
2024-09-18T12:30:00Z,5.916666666666667,12.01,95.5,0.06315700429071569,0
2024-09-18T13:00:00Z,25,13.56,91.6,0.13049626513775903,0
2024-09-18T13:30:00Z,25,13.56,91.6,0.13049626513775903,0
2024-09-18T14:00:00Z,273.11111111111114,17.63,80.7,0.3891764073819617,0
2024-09-18T14:30:00Z,273.11111111111114,17.63,80.7,0.3891764073819617,0
2024-09-18T15:00:00Z,443.19444444444446,21.66,68.72,0.8100371870910588,0
2024-09-18T15:30:00Z,443.19444444444446,21.66,68.72,0.8100371870910588,0
2024-09-18T16:00:00Z,559.9166666666667,24.22,57.73,1.2780534920910007,0
2024-09-18T16:30:00Z,559.9166666666667,24.22,57.73,1.2780534920910007,0
2024-09-18T17:00:00Z,641.4444444444445,25.68,50.9,1.6195022358130478,0
2024-09-18T17:30:00Z,641.4444444444445,25.68,50.9,1.6195022358130478,0
2024-09-18T18:00:00Z,645.7777777777778,26.86,45.67,1.9211963223673352,0
2024-09-18T18:30:00Z,645.7777777777778,26.86,45.67,1.9211963223673352,0
2024-09-18T19:00:00Z,648.3055555555557,27.96,40.62,2.239300380124701,0
2024-09-18T19:30:00Z,648.3055555555557,27.96,40.62,2.239300380124701,0
2024-09-18T20:00:00Z,578.25,28.61,38.74,2.3991122467460912,0
2024-09-18T20:30:00Z,578.25,28.61,38.74,2.3991122467460912,0
2024-09-18T21:00:00Z,457.6388888888889,28.8,36.86,2.500099414298336,0
2024-09-18T21:30:00Z,457.6388888888889,28.8,36.86,2.500099414298336,0
2024-09-18T22:00:00Z,315.3888888888889,28.85,34.64,2.59550144417563,0
2024-09-18T22:30:00Z,315.3888888888889,28.85,34.64,2.59550144417563,0
2024-09-18T23:00:00Z,154.88888888888891,28.17,36.45,2.4260258085037494,0
2024-09-18T23:30:00Z,154.88888888888891,28.17,36.45,2.4260258085037494,0
2024-09-19T00:00:00Z,19.38888888888889,23.2,53.34,1.3268251145060361,0
2024-09-19T00:30:00Z,19.38888888888889,23.2,53.34,1.3268251145060361,0
2024-09-19T01:00:00Z,0.05555555555555556,17.13,75.87,0.471440062249338,0
2024-09-19T01:30:00Z,0.05555555555555556,17.13,75.87,0.471440062249338,0
2024-09-19T02:00:00Z,0,15.72,79.8,0.36077627922584066,0
2024-09-19T02:30:00Z,0,15.72,79.8,0.36077627922584066,0
2024-09-19T03:00:00Z,0,14.26,87.1,0.209725328140264,0
2024-09-19T03:30:00Z,0,14.26,87.1,0.209725328140264,0
2024-09-19T04:00:00Z,0,13.52,90.7,0.14410209026421272,0
2024-09-19T04:30:00Z,0,13.52,90.7,0.14410209026421272,0
2024-09-19T05:00:00Z,0,15.29,84.8,0.2640920302743961,0
2024-09-19T05:30:00Z,0,15.29,84.8,0.2640920302743961,0
2024-09-19T06:00:00Z,0,13.53,93,0.10853461544584575,0
2024-09-19T06:30:00Z,0,13.53,93,0.10853461544584575,0
2024-09-19T07:00:00Z,0,12.87,96.4,0.05346293890536158,0
2024-09-19T07:30:00Z,0,12.87,96.4,0.05346293890536158,0
2024-09-19T08:00:00Z,0,11.89,96.9,0.04316511127072764,0
2024-09-19T08:30:00Z,0,11.89,96.9,0.04316511127072764,0
2024-09-19T09:00:00Z,0.02777777777777778,12.71,97.1,0.04261821761819995,0
2024-09-19T09:30:00Z,0.02777777777777778,12.71,97.1,0.04261821761819995,0
2024-09-19T10:00:00Z,0.05555555555555556,11.29,97.6,0.03211762627586623,0
2024-09-19T10:30:00Z,0.05555555555555556,11.29,97.6,0.03211762627586623,0
2024-09-19T11:00:00Z,0.08333333333333333,11.27,98.5,0.020046907752785614,0
2024-09-19T11:30:00Z,0.08333333333333333,11.27,98.5,0.020046907752785614,0
2024-09-19T12:00:00Z,8.222222222222223,11.76,98.7,0.017946776777437723,0
2024-09-19T12:30:00Z,8.222222222222223,11.76,98.7,0.017946776777437723,0
2024-09-19T13:00:00Z,32.47222222222223,13.61,98.8,0.018703111588630916,0
2024-09-19T13:30:00Z,32.47222222222223,13.61,98.8,0.018703111588630916,0
2024-09-19T14:00:00Z,242.2777777777778,18.55,86,0.29910383277069186,0
2024-09-19T14:30:00Z,242.2777777777778,18.55,86,0.29910383277069186,0
2024-09-19T15:00:00Z,393.75,22.98,68.46,0.8850252954906535,0
2024-09-19T15:30:00Z,393.75,22.98,68.46,0.8850252954906535,0
2024-09-19T16:00:00Z,502.02777777777777,25.75,58.2,1.3844501796011242,0
2024-09-19T16:30:00Z,502.02777777777777,25.75,58.2,1.3844501796011242,0
2024-09-19T17:00:00Z,480.0555555555556,27.75,44.87,2.053733282196318,0
2024-09-19T17:30:00Z,480.0555555555556,27.75,44.87,2.053733282196318,0
2024-09-19T18:00:00Z,657.4444444444446,28.86,36.86,2.508794323481364,0
2024-09-19T18:30:00Z,657.4444444444446,28.86,36.86,2.508794323481364,0
2024-09-19T19:00:00Z,609.6944444444445,29.38,34.13,2.697038528304635,0
2024-09-19T19:30:00Z,609.6944444444445,29.38,34.13,2.697038528304635,0
2024-09-19T20:00:00Z,564.7222222222223,30.01,32.83,2.851701942075496,0
2024-09-19T20:30:00Z,564.7222222222223,30.01,32.83,2.851701942075496,0
2024-09-19T21:00:00Z,449.80555555555554,30.13,30.35,2.9774025629186767,0
2024-09-19T21:30:00Z,449.80555555555554,30.13,30.35,2.9774025629186767,0
2024-09-19T22:00:00Z,299.25,29.68,33.44,2.7727594845256096,0
2024-09-19T22:30:00Z,299.25,29.68,33.44,2.7727594845256096,0
2024-09-19T23:00:00Z,127.27777777777779,28.06,40.19,2.2686865036893167,0
2024-09-19T23:30:00Z,127.27777777777779,28.06,40.19,2.2686865036893167,0
2024-09-20T00:00:00Z,16.583333333333336,22.62,60.69,1.0792598635928403,0
2024-09-20T00:30:00Z,16.583333333333336,22.62,60.69,1.0792598635928403,0
2024-09-20T01:00:00Z,0,18.03,74.99,0.5171782165488756,0
2024-09-20T01:30:00Z,0,18.03,74.99,0.5171782165488756,0
2024-09-20T02:00:00Z,0,17.42,76.04,0.47678233518828317,0
2024-09-20T02:30:00Z,0,17.42,76.04,0.47678233518828317,0
2024-09-20T03:00:00Z,0,16.14,82.5,0.32105677499030394,0
2024-09-20T03:30:00Z,0,16.14,82.5,0.32105677499030394,0
2024-09-20T04:00:00Z,0,15.92,82.3,0.3201958768064075,0
2024-09-20T04:30:00Z,0,15.92,82.3,0.3201958768064075,0
2024-09-20T05:00:00Z,0,16.7,77.04,0.43651444291745567,0
2024-09-20T05:30:00Z,0,16.7,77.04,0.43651444291745567,0
2024-09-20T06:00:00Z,0,16.21,82.5,0.32249348664455146,0
2024-09-20T06:30:00Z,0,16.21,82.5,0.32249348664455146,0
2024-09-20T07:00:00Z,0,16.83,81.7,0.3508022091476666,0
2024-09-20T07:30:00Z,0,16.83,81.7,0.3508022091476666,0
2024-09-20T08:00:00Z,0,17.69,80.3,0.3987477172869254,0
2024-09-20T08:30:00Z,0,17.69,80.3,0.3987477172869254,0
2024-09-20T09:00:00Z,0,18.11,80.5,0.4052700408830705,0
2024-09-20T09:30:00Z,0,18.11,80.5,0.4052700408830705,0
2024-09-20T10:00:00Z,0,18.63,79.25,0.4455398304799427,0
2024-09-20T10:30:00Z,0,18.63,79.25,0.4455398304799427,0
2024-09-20T11:00:00Z,0,18.67,78.25,0.46818169720737224,0
2024-09-20T11:30:00Z,0,18.67,78.25,0.46818169720737224,0
2024-09-20T12:00:00Z,2.2222222222222223,18.54,77.72,0.4757044586194301,0
2024-09-20T12:30:00Z,2.2222222222222223,18.54,77.72,0.4757044586194301,0
2024-09-20T13:00:00Z,51.63888888888889,19.89,71.83,0.6542219134759606,0
2024-09-20T13:30:00Z,51.63888888888889,19.89,71.83,0.6542219134759606,0
2024-09-20T14:00:00Z,173.13888888888889,21.5,67.65,0.8295897796320422,0
2024-09-20T14:30:00Z,173.13888888888889,21.5,67.65,0.8295897796320422,0
2024-09-20T15:00:00Z,304.5555555555556,24.3,58.54,1.2595845331308524,0
2024-09-20T15:30:00Z,304.5555555555556,24.3,58.54,1.2595845331308524,0
2024-09-20T16:00:00Z,354.02777777777777,25.39,54.67,1.4696513154221862,0
2024-09-20T16:30:00Z,354.02777777777777,25.39,54.67,1.4696513154221862,0
2024-09-20T17:00:00Z,263.22222222222223,26.47,53.08,1.621541414048593,0
2024-09-20T17:30:00Z,263.22222222222223,26.47,53.08,1.621541414048593,0
2024-09-20T18:00:00Z,231.05555555555554,26.58,55.6,1.5444213191862346,0
2024-09-20T18:30:00Z,231.05555555555554,26.58,55.6,1.5444213191862346,0
2024-09-20T19:00:00Z,373.3888888888889,26.28,64.11,1.2265338497437264,0
2024-09-20T19:30:00Z,373.3888888888889,26.28,64.11,1.2265338497437264,0
2024-09-20T20:00:00Z,136.69444444444446,24.85,70.97,0.9114213161014226,0
2024-09-20T20:30:00Z,136.69444444444446,24.85,70.97,0.9114213161014226,0
2024-09-20T21:00:00Z,202.94444444444446,24.66,71.29,0.8912120575670945,0
2024-09-20T21:30:00Z,202.94444444444446,24.66,71.29,0.8912120575670945,0
2024-09-20T22:00:00Z,290.33333333333337,26,66.6,1.1227209027532568,0
2024-09-20T22:30:00Z,290.33333333333337,26,66.6,1.1227209027532568,0
2024-09-20T23:00:00Z,146.05555555555554,24.76,72.51,0.858450424612236,0
2024-09-20T23:30:00Z,146.05555555555554,24.76,72.51,0.858450424612236,0
2024-09-21T00:00:00Z,19.61111111111111,22.22,82.6,0.46624916462785704,0
2024-09-21T00:30:00Z,19.61111111111111,22.22,82.6,0.46624916462785704,0
2024-09-21T01:00:00Z,0.05555555555555556,19.06,92.3,0.16983367235340463,0
2024-09-21T01:30:00Z,0.05555555555555556,19.06,92.3,0.16983367235340463,0
2024-09-21T02:00:00Z,0,17.07,97.5,0.04865854784014978,0
2024-09-21T02:30:00Z,0,17.07,97.5,0.04865854784014978,0
2024-09-21T03:00:00Z,0.02777777777777778,17.72,98.7,0.026363097763900445,0
2024-09-21T03:30:00Z,0.02777777777777778,17.72,98.7,0.026363097763900445,0
2024-09-21T04:00:00Z,0,17.26,98.9,0.021668769105619434,0
2024-09-21T04:30:00Z,0,17.26,98.9,0.021668769105619434,0
2024-09-21T05:00:00Z,0,16.44,99.1,0.016830198294798704,0
2024-09-21T05:30:00Z,0,16.44,99.1,0.016830198294798704,0
2024-09-21T06:00:00Z,0.02777777777777778,16.36,99.4,0.011163124763614585,0
2024-09-21T06:30:00Z,0.02777777777777778,16.36,99.4,0.011163124763614585,0
2024-09-21T07:00:00Z,0.05555555555555556,14.66,99.4,0.010010240890454769,0
2024-09-21T07:30:00Z,0.05555555555555556,14.66,99.4,0.010010240890454769,0
2024-09-21T08:00:00Z,0.05555555555555556,14.68,99.6,0.006682114894999369,0
2024-09-21T08:30:00Z,0.05555555555555556,14.68,99.6,0.006682114894999369,0
2024-09-21T09:00:00Z,0.19444444444444445,16.75,99.7,0.0057217262438984395,0
2024-09-21T09:30:00Z,0.19444444444444445,16.75,99.7,0.0057217262438984395,0
2024-09-21T10:00:00Z,0.3055555555555556,16.83,99.7,0.0057508558876666616,0
2024-09-21T10:30:00Z,0.3055555555555556,16.83,99.7,0.0057508558876666616,0
2024-09-21T11:00:00Z,0.36111111111111116,16.72,99.7,0.005710835998478103,0
2024-09-21T11:30:00Z,0.36111111111111116,16.72,99.7,0.005710835998478103,0
2024-09-21T12:00:00Z,6.916666666666667,15.63,99.7,0.005327271804494993,0
2024-09-21T12:30:00Z,6.916666666666667,15.63,99.7,0.005327271804494993,0
2024-09-21T13:00:00Z,43.083333333333336,15.28,99.7,0.005208995604632394,0
2024-09-21T13:30:00Z,43.083333333333336,15.28,99.7,0.005208995604632394,0
2024-09-21T14:00:00Z,226.5277777777778,17.5,99.7,0.005999960924699899,0
2024-09-21T14:30:00Z,226.5277777777778,17.5,99.7,0.005999960924699899,0
2024-09-21T15:00:00Z,417.08333333333337,21.42,87.7,0.3138829288426699,0
2024-09-21T15:30:00Z,417.08333333333337,21.42,87.7,0.3138829288426699,0
2024-09-21T16:00:00Z,541.4722222222223,25.49,56.83,1.4079553078964706,0
2024-09-21T16:30:00Z,541.4722222222223,25.49,56.83,1.4079553078964706,0
2024-09-21T17:00:00Z,617.6388888888889,27.2,42.91,2.059457981911816,0
2024-09-21T17:30:00Z,617.6388888888889,27.2,42.91,2.059457981911816,0
2024-09-21T18:00:00Z,647.4722222222223,28.52,37.01,2.454025112751162,0
2024-09-21T18:30:00Z,647.4722222222223,28.52,37.01,2.454025112751162,0
2024-09-21T19:00:00Z,626.6666666666667,29.67,34.88,2.7112125721051235,0
2024-09-21T19:30:00Z,626.6666666666667,29.67,34.88,2.7112125721051235,0
2024-09-21T20:00:00Z,556.8611111111112,30.68,32.82,2.9635728999221125,0
2024-09-21T20:30:00Z,556.8611111111112,30.68,32.82,2.9635728999221125,0
2024-09-21T21:00:00Z,350.55555555555554,30.49,33.48,2.902789704359032,0
2024-09-21T21:30:00Z,350.55555555555554,30.49,33.48,2.902789704359032,0
2024-09-21T22:00:00Z,150,28.57,40.21,2.336119887185574,0
2024-09-21T22:30:00Z,150,28.57,40.21,2.336119887185574,0
2024-09-21T23:00:00Z,78.05555555555556,25.12,46.54,1.7056365793180628,0
2024-09-21T23:30:00Z,78.05555555555556,25.12,46.54,1.7056365793180628,0
2024-09-22T00:00:00Z,7.888888888888889,21.68,58.88,1.0661592700672873,0
2024-09-22T00:30:00Z,7.888888888888889,21.68,58.88,1.0661592700672873,0
2024-09-22T01:00:00Z,0,18.16,76.93,0.48097376336383,0
2024-09-22T01:30:00Z,0,18.16,76.93,0.48097376336383,0
2024-09-22T02:00:00Z,0,16.07,84.4,0.28492345916375195,0
2024-09-22T02:30:00Z,0,16.07,84.4,0.28492345916375195,0
2024-09-22T03:00:00Z,0,17.25,76.9,0.4547564491252143,0
2024-09-22T03:30:00Z,0,17.25,76.9,0.4547564491252143,0
2024-09-22T04:00:00Z,0,18.5,72.6,0.583558981099312,0
2024-09-22T04:30:00Z,0,18.5,72.6,0.583558981099312,0
2024-09-22T05:00:00Z,0,18.35,71.75,0.5960328707223503,0
2024-09-22T05:30:00Z,0,18.35,71.75,0.5960328707223503,0
2024-09-22T06:00:00Z,0,18.57,71.01,0.6201345215776763,0
2024-09-22T06:30:00Z,0,18.57,71.01,0.6201345215776763,0
2024-09-22T07:00:00Z,0,19,67.93,0.704704038970088,0
2024-09-22T07:30:00Z,0,19,67.93,0.704704038970088,0
2024-09-22T08:00:00Z,0,18.58,70.13,0.6393589645295472,0
2024-09-22T08:30:00Z,0,18.58,70.13,0.6393589645295472,0
2024-09-22T09:00:00Z,0,17.8,76.75,0.4738759979261371,0
2024-09-22T09:30:00Z,0,17.8,76.75,0.4738759979261371,0
2024-09-22T10:00:00Z,0,17.32,80.6,0.38361082440736793,0
2024-09-22T10:30:00Z,0,17.32,80.6,0.38361082440736793,0
2024-09-22T11:00:00Z,0,18.69,70.32,0.6396793154770475,0
2024-09-22T11:30:00Z,0,18.69,70.32,0.6396793154770475,0
2024-09-22T12:00:00Z,2.5833333333333335,19.34,68.41,0.7090180120660403,0
2024-09-22T12:30:00Z,2.5833333333333335,19.34,68.41,0.7090180120660403,0
2024-09-22T13:00:00Z,23.833333333333332,19.53,71.77,0.641134281399901,0
2024-09-22T13:30:00Z,23.833333333333332,19.53,71.77,0.641134281399901,0
2024-09-22T14:00:00Z,34.52777777777778,19.19,78.25,0.48362768803296796,0
2024-09-22T14:30:00Z,34.52777777777778,19.19,78.25,0.48362768803296796,0
2024-09-22T15:00:00Z,49.638888888888886,19.62,82.3,0.40423970251351893,0
2024-09-22T15:30:00Z,49.638888888888886,19.62,82.3,0.40423970251351893,0
2024-09-22T16:00:00Z,65.36111111111111,19.5,87.8,0.27655937231961514,0
2024-09-22T16:30:00Z,65.36111111111111,19.5,87.8,0.27655937231961514,0
2024-09-22T17:00:00Z,86.52777777777779,19.49,89.4,0.24014000561813775,0.125
2024-09-22T17:30:00Z,86.52777777777779,19.49,89.4,0.24014000561813775,0.125
2024-09-22T18:00:00Z,70.27777777777779,18.99,95.3,0.10321307226285636,1.015
2024-09-22T18:30:00Z,70.27777777777779,18.99,95.3,0.10321307226285636,1.015
2024-09-22T19:00:00Z,67.47222222222223,19.08,96.9,0.06845991544370555,1.015
2024-09-22T19:30:00Z,67.47222222222223,19.08,96.9,0.06845991544370555,1.015
2024-09-22T20:00:00Z,41.75000000000001,18.64,97.3,0.058010140091452556,0.76
2024-09-22T20:30:00Z,41.75000000000001,18.64,97.3,0.058010140091452556,0.76
2024-09-22T21:00:00Z,57.52777777777778,18.83,97.2,0.06087749195723635,0.125
2024-09-22T21:30:00Z,57.52777777777778,18.83,97.2,0.06087749195723635,0.125
2024-09-22T22:00:00Z,12.75,18.12,97.3,0.05614957538623999,0.76
2024-09-22T22:30:00Z,12.75,18.12,97.3,0.05614957538623999,0.76
2024-09-22T23:00:00Z,20.166666666666664,17.83,97.4,0.05309278401911022,0
2024-09-22T23:30:00Z,20.166666666666664,17.83,97.4,0.05309278401911022,0
2024-09-23T00:00:00Z,2.4444444444444446,17.72,97.7,0.04664240373613171,0.125
2024-09-23T00:30:00Z,2.4444444444444446,17.72,97.7,0.04664240373613171,0.125
2024-09-23T01:00:00Z,0.02777777777777778,17.5,98.2,0.03599976554819917,0
2024-09-23T01:30:00Z,0.02777777777777778,17.5,98.2,0.03599976554819917,0
2024-09-23T02:00:00Z,0.05555555555555556,17.37,98.4,0.03173814098729255,0
2024-09-23T02:30:00Z,0.05555555555555556,17.37,98.4,0.03173814098729255,0
2024-09-23T03:00:00Z,0.08333333333333333,16.81,97.7,0.044033970155517244,0
2024-09-23T03:30:00Z,0.08333333333333333,16.81,97.7,0.044033970155517244,0
2024-09-23T04:00:00Z,0.08333333333333333,14.95,96.1,0.06629471182918079,0
2024-09-23T04:30:00Z,0.08333333333333333,14.95,96.1,0.06629471182918079,0
2024-09-23T05:00:00Z,0.02777777777777778,14.35,95.1,0.08012860636698305,0
2024-09-23T05:30:00Z,0.02777777777777778,14.35,95.1,0.08012860636698305,0
2024-09-23T06:00:00Z,0.02777777777777778,13.92,95.3,0.07474525319682512,0
2024-09-23T06:30:00Z,0.02777777777777778,13.92,95.3,0.07474525319682512,0
2024-09-23T07:00:00Z,0,13.66,93,0.10945709518345059,0
2024-09-23T07:30:00Z,0,13.66,93,0.10945709518345059,0
2024-09-23T08:00:00Z,0,13.44,91.9,0.12485569012940334,0
2024-09-23T08:30:00Z,0,13.44,91.9,0.12485569012940334,0
2024-09-23T09:00:00Z,0,12.51,94.9,0.07397210122396713,0
2024-09-23T09:30:00Z,0,12.51,94.9,0.07397210122396713,0
2024-09-23T10:00:00Z,0.02777777777777778,11.16,96.7,0.04378244932346331,0
2024-09-23T10:30:00Z,0.02777777777777778,11.16,96.7,0.04378244932346331,0
2024-09-23T11:00:00Z,0.08333333333333333,9.64,97.8,0.026370341487192528,0
2024-09-23T11:30:00Z,0.08333333333333333,9.64,97.8,0.026370341487192528,0
2024-09-23T12:00:00Z,4.611111111111112,8.32,98.6,0.015349245676797185,0
2024-09-23T12:30:00Z,4.611111111111112,8.32,98.6,0.015349245676797185,0
2024-09-23T13:00:00Z,20.416666666666668,9.38,98.9,0.012956541906183894,0
2024-09-23T13:30:00Z,20.416666666666668,9.38,98.9,0.012956541906183894,0
2024-09-23T14:00:00Z,127.05555555555556,11.78,93,0.09676425340205186,0
2024-09-23T14:30:00Z,127.05555555555556,11.78,93,0.09676425340205186,0
2024-09-23T15:00:00Z,333.3611111111111,13.89,85.8,0.22538653656118757,0
2024-09-23T15:30:00Z,333.3611111111111,13.89,85.8,0.22538653656118757,0
2024-09-23T16:00:00Z,471.11111111111114,16.91,74.44,0.4924658284842067,0
2024-09-23T16:30:00Z,471.11111111111114,16.91,74.44,0.4924658284842067,0
2024-09-23T17:00:00Z,465.25000000000006,18.03,69.09,0.6391834735516089,0
2024-09-23T17:30:00Z,465.25000000000006,18.03,69.09,0.6391834735516089,0
2024-09-23T18:00:00Z,635.0555555555555,20.17,58.96,0.969775873429163,0
2024-09-23T18:30:00Z,635.0555555555555,20.17,58.96,0.969775873429163,0
2024-09-23T19:00:00Z,461,20.84,54.37,1.1237154271622725,0
2024-09-23T19:30:00Z,461,20.84,54.37,1.1237154271622725,0
2024-09-23T20:00:00Z,390.22222222222223,21.14,52.92,1.1809889677811847,0
2024-09-23T20:30:00Z,390.22222222222223,21.14,52.92,1.1809889677811847,0
2024-09-23T21:00:00Z,293.52777777777783,21.26,52.6,1.1977989628234431,0
2024-09-23T21:30:00Z,293.52777777777783,21.26,52.6,1.1977989628234431,0
2024-09-23T22:00:00Z,170.80555555555554,20.8,54.49,1.118006089995193,0
2024-09-23T22:30:00Z,170.80555555555554,20.8,54.49,1.118006089995193,0
2024-09-23T23:00:00Z,79.25,19.54,66.09,0.7706119257866701,0
2024-09-23T23:30:00Z,79.25,19.54,66.09,0.7706119257866701,0
2024-09-24T00:00:00Z,8.25,16.16,86,0.25717335245196393,0
2024-09-24T00:30:00Z,8.25,16.16,86,0.25717335245196393,0
2024-09-24T01:00:00Z,0,14.82,92.4,0.1281119771167929,0
2024-09-24T01:30:00Z,0,14.82,92.4,0.1281119771167929,0
2024-09-24T02:00:00Z,0,13.72,96.1,0.06122173789779439,0
2024-09-24T02:30:00Z,0,13.72,96.1,0.06122173789779439,0
2024-09-24T03:00:00Z,0,13.58,97.2,0.04355544188866545,0
2024-09-24T03:30:00Z,0,13.58,97.2,0.04355544188866545,0
2024-09-24T04:00:00Z,0,14.29,95.5,0.0733022546320341,0
2024-09-24T04:30:00Z,0,14.29,95.5,0.0733022546320341,0
2024-09-24T05:00:00Z,0,13.38,94.5,0.08444754981789337,0
2024-09-24T05:30:00Z,0,13.38,94.5,0.08444754981789337,0
2024-09-24T06:00:00Z,0,12.88,94,0.08916326230759597,0
2024-09-24T06:30:00Z,0,12.88,94,0.08916326230759597,0
2024-09-24T07:00:00Z,0,13.09,91.5,0.1280619724853027,0
2024-09-24T07:30:00Z,0,13.09,91.5,0.1280619724853027,0
2024-09-24T08:00:00Z,0,13.08,92,0.12045015218611943,0
2024-09-24T08:30:00Z,0,13.08,92,0.12045015218611943,0
2024-09-24T09:00:00Z,0,13.52,89.9,0.15649796899661794,0
2024-09-24T09:30:00Z,0,13.52,89.9,0.15649796899661794,0
2024-09-24T10:00:00Z,0.05555555555555556,13.29,94.1,0.0900588537149829,0.38
2024-09-24T10:30:00Z,0.05555555555555556,13.29,94.1,0.0900588537149829,0.38
2024-09-24T11:00:00Z,0.02777777777777778,12.91,97.1,0.04318030212513402,0.125
2024-09-24T11:30:00Z,0.02777777777777778,12.91,97.1,0.04318030212513402,0.125
2024-09-24T12:00:00Z,0.8055555555555556,12.89,97.7,0.034201636332644725,1.78
2024-09-24T12:30:00Z,0.8055555555555556,12.89,97.7,0.034201636332644725,1.78
2024-09-24T13:00:00Z,17.416666666666668,13.24,98.5,0.022821712285544526,1.65
2024-09-24T13:30:00Z,17.416666666666668,13.24,98.5,0.022821712285544526,1.65
2024-09-24T14:00:00Z,33.77777777777778,13.74,98.6,0.02200563769574093,1.78
2024-09-24T14:30:00Z,33.77777777777778,13.74,98.6,0.02200563769574093,1.78
2024-09-24T15:00:00Z,30.02777777777778,14.19,98.6,0.02265791357610114,1.395
2024-09-24T15:30:00Z,30.02777777777778,14.19,98.6,0.02265791357610114,1.395
2024-09-24T16:00:00Z,61.361111111111114,15.03,98.4,0.027338284211601005,0.125
2024-09-24T16:30:00Z,61.361111111111114,15.03,98.4,0.027338284211601005,0.125
2024-09-24T17:00:00Z,103.86111111111111,16.45,98,0.03742425343123168,0
2024-09-24T17:30:00Z,103.86111111111111,16.45,98,0.03742425343123168,0
2024-09-24T18:00:00Z,137.83333333333334,17.33,97,0.05935877051931415,0
2024-09-24T18:30:00Z,137.83333333333334,17.33,97,0.05935877051931415,0
2024-09-24T19:00:00Z,58.63888888888889,17.16,96.5,0.06851125613993436,0.51
2024-09-24T19:30:00Z,58.63888888888889,17.16,96.5,0.06851125613993436,0.51
2024-09-24T20:00:00Z,40.166666666666664,17.09,98.2,0.03507855831908313,1.78
2024-09-24T20:30:00Z,40.166666666666664,17.09,98.2,0.03507855831908313,1.78
2024-09-24T21:00:00Z,76.44444444444444,17.62,98.2,0.036273363458278585,1.27
2024-09-24T21:30:00Z,76.44444444444444,17.62,98.2,0.036273363458278585,1.27
2024-09-24T22:00:00Z,13.666666666666668,17.64,97.7,0.046407789585040105,0.255
2024-09-24T22:30:00Z,13.666666666666668,17.64,97.7,0.046407789585040105,0.255
2024-09-24T23:00:00Z,2.8611111111111116,17.59,98.3,0.03419341641791518,3.43
2024-09-24T23:30:00Z,2.8611111111111116,17.59,98.3,0.03419341641791518,3.43
2024-09-25T00:00:00Z,0.4166666666666667,17.52,98.8,0.024030159545273877,13.59
2024-09-25T00:30:00Z,0.4166666666666667,17.52,98.8,0.024030159545273877,13.59
2024-09-25T01:00:00Z,0,17.33,98.5,0.029679385259657076,0.76
2024-09-25T01:30:00Z,0,17.33,98.5,0.029679385259657076,0.76
2024-09-25T02:00:00Z,0,17.35,98.1,0.03764143887786142,0.255
2024-09-25T02:30:00Z,0,17.35,98.1,0.03764143887786142,0.255
2024-09-25T03:00:00Z,0.02777777777777778,17.15,98.4,0.031299614076122584,0
2024-09-25T03:30:00Z,0.02777777777777778,17.15,98.4,0.031299614076122584,0
2024-09-25T04:00:00Z,0.02777777777777778,16.92,98.7,0.02506305509237161,0.125
2024-09-25T04:30:00Z,0.02777777777777778,16.92,98.7,0.02506305509237161,0.125
2024-09-25T05:00:00Z,0.02777777777777778,16.62,98.7,0.02459022023582058,1.015
2024-09-25T05:30:00Z,0.02777777777777778,16.62,98.7,0.02459022023582058,1.015
2024-09-25T06:00:00Z,0,16.26,98.9,0.02033574120399617,1.78
2024-09-25T06:30:00Z,0,16.26,98.9,0.02033574120399617,1.78
2024-09-25T07:00:00Z,0.02777777777777778,15.98,98.9,0.01997561696989214,0.76
2024-09-25T07:30:00Z,0.02777777777777778,15.98,98.9,0.01997561696989214,0.76
2024-09-25T08:00:00Z,0.02777777777777778,15.75,98.5,0.026841810390099807,0.255
2024-09-25T08:30:00Z,0.02777777777777778,15.75,98.5,0.026841810390099807,0.255
2024-09-25T09:00:00Z,0.02777777777777778,15.4,98.6,0.024496665296473763,0
2024-09-25T09:30:00Z,0.02777777777777778,15.4,98.6,0.024496665296473763,0
2024-09-25T10:00:00Z,0.05555555555555556,15.01,98.6,0.023890222378546655,0
2024-09-25T10:30:00Z,0.05555555555555556,15.01,98.6,0.023890222378546655,0
2024-09-25T11:00:00Z,0.05555555555555556,15.09,99,0.017152525925046236,0
2024-09-25T11:30:00Z,0.05555555555555556,15.09,99,0.017152525925046236,0
2024-09-25T12:00:00Z,2.4444444444444446,15.54,99.1,0.01588990583413996,0
2024-09-25T12:30:00Z,2.4444444444444446,15.54,99.1,0.01588990583413996,0
2024-09-25T13:00:00Z,41.44444444444444,15.89,99.2,0.014444404301531488,0
2024-09-25T13:30:00Z,41.44444444444444,15.89,99.2,0.014444404301531488,0
2024-09-25T14:00:00Z,140.36111111111111,16.63,99.1,0.01703482239975096,0
2024-09-25T14:30:00Z,140.36111111111111,16.63,99.1,0.01703482239975096,0
2024-09-25T15:00:00Z,189.38888888888889,17.55,95.6,0.08827755268627757,0
2024-09-25T15:30:00Z,189.38888888888889,17.55,95.6,0.08827755268627757,0
2024-09-25T16:00:00Z,384.80555555555554,19.16,85.1,0.3306940987389817,0
2024-09-25T16:30:00Z,384.80555555555554,19.16,85.1,0.3306940987389817,0
2024-09-25T17:00:00Z,364.4166666666667,20.11,77.36,0.5330023897069229,0
2024-09-25T17:30:00Z,364.4166666666667,20.11,77.36,0.5330023897069229,0
2024-09-25T18:00:00Z,539.9166666666667,21.49,67.49,0.8331828730860973,0
2024-09-25T18:30:00Z,539.9166666666667,21.49,67.49,0.8331828730860973,0
2024-09-25T19:00:00Z,518.5833333333334,22.17,62.17,1.0106100230141455,0
2024-09-25T19:30:00Z,518.5833333333334,22.17,62.17,1.0106100230141455,0
2024-09-25T20:00:00Z,517.6388888888889,22.9,57.13,1.1971403627751376,0
2024-09-25T20:30:00Z,517.6388888888889,22.9,57.13,1.1971403627751376,0
2024-09-25T21:00:00Z,455.5,23.15,51.79,1.3667668838500906,0
2024-09-25T21:30:00Z,455.5,23.15,51.79,1.3667668838500906,0
2024-09-25T22:00:00Z,287.30555555555554,22.68,51.12,1.3468973652870069,0
2024-09-25T22:30:00Z,287.30555555555554,22.68,51.12,1.3468973652870069,0
2024-09-25T23:00:00Z,131.80555555555557,21.62,53.02,1.2136387685589067,0
2024-09-25T23:30:00Z,131.80555555555557,21.62,53.02,1.2136387685589067,0
2024-09-26T00:00:00Z,10.444444444444445,18.61,62.02,0.814479014881931,0
2024-09-26T00:30:00Z,10.444444444444445,18.61,62.02,0.814479014881931,0
2024-09-26T01:00:00Z,0.02777777777777778,14.35,87.1,0.21095082084368988,0
2024-09-26T01:30:00Z,0.02777777777777778,14.35,87.1,0.21095082084368988,0
2024-09-26T02:00:00Z,0,12.51,96.1,0.05656690093597505,0
2024-09-26T02:30:00Z,0,12.51,96.1,0.05656690093597505,0
2024-09-26T03:00:00Z,0.02777777777777778,11.79,97.8,0.030431717032656014,0
2024-09-26T03:30:00Z,0.02777777777777778,11.79,97.8,0.030431717032656014,0
2024-09-26T04:00:00Z,0.02777777777777778,11.17,98.6,0.018586706837808942,0
2024-09-26T04:30:00Z,0.02777777777777778,11.17,98.6,0.018586706837808942,0
2024-09-26T05:00:00Z,0.02777777777777778,11.71,98.9,0.0151356434103187,0
2024-09-26T05:30:00Z,0.02777777777777778,11.71,98.9,0.0151356434103187,0
2024-09-26T06:00:00Z,0,11.07,98.6,0.01846368613452598,0
2024-09-26T06:30:00Z,0,11.07,98.6,0.01846368613452598,0
2024-09-26T07:00:00Z,0.02777777777777778,10.62,98.9,0.014079138673459779,0
2024-09-26T07:30:00Z,0.02777777777777778,10.62,98.9,0.014079138673459779,0
2024-09-26T08:00:00Z,0.02777777777777778,9.67,99,0.01201070722681985,0
2024-09-26T08:30:00Z,0.02777777777777778,9.67,99,0.01201070722681985,0
2024-09-26T09:00:00Z,0,9.87,99.2,0.009738450358888873,0
2024-09-26T09:30:00Z,0,9.87,99.2,0.009738450358888873,0
2024-09-26T10:00:00Z,0.02777777777777778,9.83,99.3,0.00849830679713759,0
2024-09-26T10:30:00Z,0.02777777777777778,9.83,99.3,0.00849830679713759,0
2024-09-26T11:00:00Z,0.02777777777777778,9.81,99.4,0.00727449288078974,0
2024-09-26T11:30:00Z,0.02777777777777778,9.81,99.4,0.00727449288078974,0
2024-09-26T12:00:00Z,3.1388888888888893,9.66,99.4,0.00720158380303082,0
2024-09-26T12:30:00Z,3.1388888888888893,9.66,99.4,0.00720158380303082,0
2024-09-26T13:00:00Z,17.72222222222222,10.39,99.6,0.005041701552304101,0
2024-09-26T13:30:00Z,17.72222222222222,10.39,99.6,0.005041701552304101,0
2024-09-26T14:00:00Z,181.00000000000003,13.7,97,0.047032421076206754,0
2024-09-26T14:30:00Z,181.00000000000003,13.7,97,0.047032421076206754,0
2024-09-26T15:00:00Z,416.9166666666667,19.67,70.75,0.6700998018045594,0
2024-09-26T15:30:00Z,416.9166666666667,19.67,70.75,0.6700998018045594,0
2024-09-26T16:00:00Z,535.7222222222222,22.44,55.79,1.2005994674171605,0
2024-09-26T16:30:00Z,535.7222222222222,22.44,55.79,1.2005994674171605,0
2024-09-26T17:00:00Z,614.1111111111112,23.75,51.42,1.4279771560909813,0
2024-09-26T17:30:00Z,614.1111111111112,23.75,51.42,1.4279771560909813,0
2024-09-26T18:00:00Z,642.75,24.28,49.97,1.5181278034597698,0
2024-09-26T18:30:00Z,642.75,24.28,49.97,1.5181278034597698,0
2024-09-26T19:00:00Z,582.8888888888889,24.89,48.27,1.6279850267889757,0
2024-09-26T19:30:00Z,582.8888888888889,24.89,48.27,1.6279850267889757,0
2024-09-26T20:00:00Z,516.8888888888889,25.16,47.99,1.6633285909735454,0
2024-09-26T20:30:00Z,516.8888888888889,25.16,47.99,1.6633285909735454,0
2024-09-26T21:00:00Z,190.19444444444446,24.36,49.8,1.5306004327926863,0
2024-09-26T21:30:00Z,190.19444444444446,24.36,49.8,1.5306004327926863,0
2024-09-26T22:00:00Z,166.91666666666666,23.63,52.71,1.3800586877514802,0
2024-09-26T22:30:00Z,166.91666666666666,23.63,52.71,1.3800586877514802,0
2024-09-26T23:00:00Z,88.77777777777779,21.83,66.05,0.8883557449065165,0
2024-09-26T23:30:00Z,88.77777777777779,21.83,66.05,0.8883557449065165,0
2024-09-27T00:00:00Z,16.88888888888889,18.44,81.3,0.39677417893677003,0
2024-09-27T00:30:00Z,16.88888888888889,18.44,81.3,0.39677417893677003,0
2024-09-27T01:00:00Z,0,16.14,92.3,0.1412649809957338,0
2024-09-27T01:30:00Z,0,16.14,92.3,0.1412649809957338,0
2024-09-27T02:00:00Z,0,15.25,94.4,0.0970473581251794,0
2024-09-27T02:30:00Z,0,15.25,94.4,0.0970473581251794,0
2024-09-27T03:00:00Z,0,14.8,95.3,0.07912504181755531,0
2024-09-27T03:30:00Z,0,14.8,95.3,0.07912504181755531,0
2024-09-27T04:00:00Z,0,14.56,94,0.09945802865670261,0
2024-09-27T04:30:00Z,0,14.56,94,0.09945802865670261,0
2024-09-27T05:00:00Z,0,13.68,94.2,0.09081111710848422,0
2024-09-27T05:30:00Z,0,13.68,94.2,0.09081111710848422,0
2024-09-27T06:00:00Z,0,12.84,96.8,0.047429337049156084,0
2024-09-27T06:30:00Z,0,12.84,96.8,0.047429337049156084,0
2024-09-27T07:00:00Z,0,13.26,94.7,0.08074206992165789,0
2024-09-27T07:30:00Z,0,13.26,94.7,0.08074206992165789,0
2024-09-27T08:00:00Z,0,12.92,96.3,0.05512818366136041,0
2024-09-27T08:30:00Z,0,12.92,96.3,0.05512818366136041,0
2024-09-27T09:00:00Z,0,12.75,96.8,0.04715047477018497,0
2024-09-27T09:30:00Z,0,12.75,96.8,0.04715047477018497,0
2024-09-27T10:00:00Z,0.02777777777777778,12.42,95.7,0.062000969246857496,0
2024-09-27T10:30:00Z,0.02777777777777778,12.42,95.7,0.062000969246857496,0
2024-09-27T11:00:00Z,0,12.94,89.7,0.15366596162950552,0
2024-09-27T11:30:00Z,0,12.94,89.7,0.15366596162950552,0
2024-09-27T12:00:00Z,3.5833333333333335,12.74,91.1,0.1310513294014648,0
2024-09-27T12:30:00Z,3.5833333333333335,12.74,91.1,0.1310513294014648,0
2024-09-27T13:00:00Z,64.16666666666667,13.2,94,0.09104872335634084,0
2024-09-27T13:30:00Z,64.16666666666667,13.2,94,0.09104872335634084,0
2024-09-27T14:00:00Z,157.38888888888891,15.11,88.9,0.1906381538716,0
2024-09-27T14:30:00Z,157.38888888888891,15.11,88.9,0.1906381538716,0
2024-09-27T15:00:00Z,274.1666666666667,17.4,78.66,0.4241105601117159,0
2024-09-27T15:30:00Z,274.1666666666667,17.4,78.66,0.4241105601117159,0
2024-09-27T16:00:00Z,408.97222222222223,19.94,68.44,0.7352251014155884,0
2024-09-27T16:30:00Z,408.97222222222223,19.94,68.44,0.7352251014155884,0
2024-09-27T17:00:00Z,436.94444444444446,21.86,52.87,1.235491195439937,0
2024-09-27T17:30:00Z,436.94444444444446,21.86,52.87,1.235491195439937,0
2024-09-27T18:00:00Z,526.3888888888889,23.23,47.25,1.5027202920612237,0
2024-09-27T18:30:00Z,526.3888888888889,23.23,47.25,1.5027202920612237,0
2024-09-27T19:00:00Z,474.1388888888889,23.34,46.96,1.5210460381153856,0
2024-09-27T19:30:00Z,474.1388888888889,23.34,46.96,1.5210460381153856,0
2024-09-27T20:00:00Z,490.0833333333333,24.33,46.51,1.627986335651034,0
2024-09-27T20:30:00Z,490.0833333333333,24.33,46.51,1.627986335651034,0
2024-09-27T21:00:00Z,325.47222222222223,23.95,43.26,1.688000327831184,0
2024-09-27T21:30:00Z,325.47222222222223,23.95,43.26,1.688000327831184,0
2024-09-27T22:00:00Z,202.16666666666666,22.99,45.09,1.5417293782974675,0
2024-09-27T22:30:00Z,202.16666666666666,22.99,45.09,1.5417293782974675,0
2024-09-27T23:00:00Z,85.02777777777779,21.59,48.05,1.3395700449519194,0
2024-09-27T23:30:00Z,85.02777777777779,21.59,48.05,1.3395700449519194,0
2024-09-28T00:00:00Z,7.250000000000001,20.16,53.05,1.1087435942364523,0
2024-09-28T00:30:00Z,7.250000000000001,20.16,53.05,1.1087435942364523,0
2024-09-28T01:00:00Z,0,19.3,56.31,0.9781571146706656,0
2024-09-28T01:30:00Z,0,19.3,56.31,0.9781571146706656,0
2024-09-28T02:00:00Z,0,18.76,59.45,0.8777886153216377,0
2024-09-28T02:30:00Z,0,18.76,59.45,0.8777886153216377,0
2024-09-28T03:00:00Z,0,18.08,63.33,0.7606803549426377,0
2024-09-28T03:30:00Z,0,18.08,63.33,0.7606803549426377,0
2024-09-28T04:00:00Z,0,17.97,64.88,0.7235068117586714,0
2024-09-28T04:30:00Z,0,17.97,64.88,0.7235068117586714,0
2024-09-28T05:00:00Z,0,17.86,67.15,0.672074980658832,0
2024-09-28T05:30:00Z,0,17.86,67.15,0.672074980658832,0
2024-09-28T06:00:00Z,0,17.39,70.42,0.5875008141657008,0
2024-09-28T06:30:00Z,0,17.39,70.42,0.5875008141657008,0
2024-09-28T07:00:00Z,0,16.87,74.28,0.4942929067907884,0
2024-09-28T07:30:00Z,0,16.87,74.28,0.4942929067907884,0
2024-09-28T08:00:00Z,0,16.74,77.95,0.4202799194715179,0
2024-09-28T08:30:00Z,0,16.74,77.95,0.4202799194715179,0
2024-09-28T09:00:00Z,0,16.53,80.9,0.3592254880900929,0
2024-09-28T09:30:00Z,0,16.53,80.9,0.3592254880900929,0
2024-09-28T10:00:00Z,0,16.36,82.9,0.31814905576301933,0
2024-09-28T10:30:00Z,0,16.36,82.9,0.31814905576301933,0
2024-09-28T11:00:00Z,0,16.19,85.3,0.2705492360414752,0
2024-09-28T11:30:00Z,0,16.19,85.3,0.2705492360414752,0
2024-09-28T12:00:00Z,3.027777777777778,15.68,87,0.2315888954381864,0
2024-09-28T12:30:00Z,3.027777777777778,15.68,87,0.2315888954381864,0
2024-09-28T13:00:00Z,39.22222222222222,15.95,86.7,0.24106087706744783,0
2024-09-28T13:30:00Z,39.22222222222222,15.95,86.7,0.24106087706744783,0
2024-09-28T14:00:00Z,117.5,17.32,82.5,0.3460406921200483,0
2024-09-28T14:30:00Z,117.5,17.32,82.5,0.3460406921200483,0
2024-09-28T15:00:00Z,201.25,18.89,77.55,0.48993954957722896,0
2024-09-28T15:30:00Z,201.25,18.89,77.55,0.48993954957722896,0
2024-09-28T16:00:00Z,353.27777777777777,20.14,74.58,0.5995618880434133,0
2024-09-28T16:30:00Z,353.27777777777777,20.14,74.58,0.5995618880434133,0
2024-09-28T17:00:00Z,522.1944444444445,22.51,69,0.8454453132701139,0
2024-09-28T17:30:00Z,522.1944444444445,22.51,69,0.8454453132701139,0
2024-09-28T18:00:00Z,477.36111111111114,23.61,67.54,0.9461367065243704,0
2024-09-28T18:30:00Z,477.36111111111114,23.61,67.54,0.9461367065243704,0
2024-09-28T19:00:00Z,611.4444444444445,24.91,63.77,1.1415476237518543,0
2024-09-28T19:30:00Z,611.4444444444445,24.91,63.77,1.1415476237518543,0
2024-09-28T20:00:00Z,512.4166666666667,25.54,63.47,1.1949366272016912,0
2024-09-28T20:30:00Z,512.4166666666667,25.54,63.47,1.1949366272016912,0
2024-09-28T21:00:00Z,296.94444444444446,25.86,64.15,1.195138954836795,0
2024-09-28T21:30:00Z,296.94444444444446,25.86,64.15,1.195138954836795,0
2024-09-28T22:00:00Z,94.83333333333333,24.85,67.03,1.0351209366814982,0
2024-09-28T22:30:00Z,94.83333333333333,24.85,67.03,1.0351209366814982,0
2024-09-28T23:00:00Z,30.083333333333332,23.97,69.62,0.904883084507754,0
2024-09-28T23:30:00Z,30.083333333333332,23.97,69.62,0.904883084507754,0
2024-09-29T00:00:00Z,3.611111111111111,23.37,68.7,0.8992264535797314,0
2024-09-29T00:30:00Z,3.611111111111111,23.37,68.7,0.8992264535797314,0
2024-09-29T01:00:00Z,0,22.6,69.98,0.8232026008852822,0
2024-09-29T01:30:00Z,0,22.6,69.98,0.8232026008852822,0
2024-09-29T02:00:00Z,0,22.09,64.78,0.9363130103890687,0
2024-09-29T02:30:00Z,0,22.09,64.78,0.9363130103890687,0
2024-09-29T03:00:00Z,0,21.11,62.23,0.9457075503275929,0
2024-09-29T03:30:00Z,0,21.11,62.23,0.9457075503275929,0
2024-09-29T04:00:00Z,0,20.91,53.86,1.1411759599681812,0
2024-09-29T04:30:00Z,0,20.91,53.86,1.1411759599681812,0
2024-09-29T05:00:00Z,0,20.15,56.59,1.0245114016887302,0
2024-09-29T05:30:00Z,0,20.15,56.59,1.0245114016887302,0
2024-09-29T06:00:00Z,0,19.09,59.7,0.8905339352304114,0
2024-09-29T06:30:00Z,0,19.09,59.7,0.8905339352304114,0
2024-09-29T07:00:00Z,0,17.33,68.37,0.6258393038419681,0
2024-09-29T07:30:00Z,0,17.33,68.37,0.6258393038419681,0
2024-09-29T08:00:00Z,0,16.39,75.09,0.46434202657518986,0
2024-09-29T08:30:00Z,0,16.39,75.09,0.46434202657518986,0
2024-09-29T09:00:00Z,0,15.41,80.3,0.3449243583842516,0
2024-09-29T09:30:00Z,0,15.41,80.3,0.3449243583842516,0
2024-09-29T10:00:00Z,0,15.36,80.6,0.33858336506323594,0
2024-09-29T10:30:00Z,0,15.36,80.6,0.33858336506323594,0
2024-09-29T11:00:00Z,0,15.28,82.4,0.3055944088051037,0
2024-09-29T11:30:00Z,0,15.28,82.4,0.3055944088051037,0
2024-09-29T12:00:00Z,2.4166666666666665,15.45,81.6,0.32299073625160424,0
2024-09-29T12:30:00Z,2.4166666666666665,15.45,81.6,0.32299073625160424,0
2024-09-29T13:00:00Z,24.500000000000004,16.38,76,0.44709411106298047,0
2024-09-29T13:30:00Z,24.500000000000004,16.38,76,0.44709411106298047,0
2024-09-29T14:00:00Z,138.66666666666666,17.95,71.63,0.5837153891479154,0
2024-09-29T14:30:00Z,138.66666666666666,17.95,71.63,0.5837153891479154,0
2024-09-29T15:00:00Z,239.11111111111111,19.4,68.66,0.7060372360579403,0
2024-09-29T15:30:00Z,239.11111111111111,19.4,68.66,0.7060372360579403,0
2024-09-29T16:00:00Z,538.9444444444445,22.8,60.49,1.0966519003566328,0
2024-09-29T16:30:00Z,538.9444444444445,22.8,60.49,1.0966519003566328,0
2024-09-29T17:00:00Z,571.8333333333334,24.35,54.94,1.3730594331979837,0
2024-09-29T17:30:00Z,571.8333333333334,24.35,54.94,1.3730594331979837,0
2024-09-29T18:00:00Z,623.2777777777778,25.6,52.63,1.5550487031233313,0
2024-09-29T18:30:00Z,623.2777777777778,25.6,52.63,1.5550487031233313,0
2024-09-29T19:00:00Z,600.5555555555555,26.65,48.59,1.7956394972459122,0
2024-09-29T19:30:00Z,600.5555555555555,26.65,48.59,1.7956394972459122,0
2024-09-29T20:00:00Z,527.8333333333334,26.83,45.18,1.935110678703613,0
2024-09-29T20:30:00Z,527.8333333333334,26.83,45.18,1.935110678703613,0
2024-09-29T21:00:00Z,413.63888888888886,26.74,44.12,1.9621235153611536,0
2024-09-29T21:30:00Z,413.63888888888886,26.74,44.12,1.9621235153611536,0
2024-09-29T22:00:00Z,266.9166666666667,26.36,46.08,1.851419364232765,0
2024-09-29T22:30:00Z,266.9166666666667,26.36,46.08,1.851419364232765,0
2024-09-29T23:00:00Z,111.33333333333334,24.87,49.42,1.5898966756348474,0
2024-09-29T23:30:00Z,111.33333333333334,24.87,49.42,1.5898966756348474,0
2024-09-30T00:00:00Z,5.833333333333334,19.88,72.37,0.6412834675100922,0
2024-09-30T00:30:00Z,5.833333333333334,19.88,72.37,0.6412834675100922,0
2024-09-30T01:00:00Z,0.02777777777777778,16.08,88.9,0.20286345745349998,0
2024-09-30T01:30:00Z,0.02777777777777778,16.08,88.9,0.20286345745349998,0
2024-09-30T02:00:00Z,0,15.24,89.2,0.1870425377450795,0
2024-09-30T02:30:00Z,0,15.24,89.2,0.1870425377450795,0
2024-09-30T03:00:00Z,0,16.61,80.1,0.3761803326898876,0
2024-09-30T03:30:00Z,0,16.61,80.1,0.3761803326898876,0
2024-09-30T04:00:00Z,0,16.43,80.5,0.3644222512676163,0
2024-09-30T04:30:00Z,0,16.43,80.5,0.3644222512676163,0
2024-09-30T05:00:00Z,0,16.27,81.1,0.3496277893982551,0
2024-09-30T05:30:00Z,0,16.27,81.1,0.3496277893982551,0
2024-09-30T06:00:00Z,0,15.25,86.5,0.23395345262320055,0
2024-09-30T06:30:00Z,0,15.25,86.5,0.23395345262320055,0
2024-09-30T07:00:00Z,0,14.24,91.5,0.13801222418848047,0
2024-09-30T07:30:00Z,0,14.24,91.5,0.13801222418848047,0
2024-09-30T08:00:00Z,0,14.59,89.9,0.16774578203176937,0
2024-09-30T08:30:00Z,0,14.59,89.9,0.16774578203176937,0
2024-09-30T09:00:00Z,0,14.29,89.8,0.16615177716594354,0
2024-09-30T09:30:00Z,0,14.29,89.8,0.16615177716594354,0
2024-09-30T10:00:00Z,0,13.58,92.3,0.11977746519382992,0
2024-09-30T10:30:00Z,0,13.58,92.3,0.11977746519382992,0
2024-09-30T11:00:00Z,0,13.8,91,0.14201771483898384,0
2024-09-30T11:30:00Z,0,13.8,91,0.14201771483898384,0
2024-09-30T12:00:00Z,2.7222222222222223,13.52,92.5,0.11621136311630043,0
2024-09-30T12:30:00Z,2.7222222222222223,13.52,92.5,0.11621136311630043,0
2024-09-30T13:00:00Z,18.055555555555557,14.28,93.1,0.11232404028317755,0
2024-09-30T13:30:00Z,18.055555555555557,14.28,93.1,0.11232404028317755,0
2024-09-30T14:00:00Z,158.41666666666666,16.66,88.7,0.21428980882656568,0
2024-09-30T14:30:00Z,158.41666666666666,16.66,88.7,0.21428980882656568,0
2024-09-30T15:00:00Z,395.36111111111114,20.09,80.2,0.4655653610167956,0
2024-09-30T15:30:00Z,395.36111111111114,20.09,80.2,0.4655653610167956,0
2024-09-30T16:00:00Z,514.25,22.67,71.74,0.7782374520869977,0
2024-09-30T16:30:00Z,514.25,22.67,71.74,0.7782374520869977,0
2024-09-30T17:00:00Z,562.3055555555555,24.78,63.02,1.1561805872095925,0
2024-09-30T17:30:00Z,562.3055555555555,24.78,63.02,1.1561805872095925,0
2024-09-30T18:00:00Z,542.9444444444445,25.61,58.92,1.3493622164091232,0
2024-09-30T18:30:00Z,542.9444444444445,25.61,58.92,1.3493622164091232,0
2024-09-30T19:00:00Z,289.44444444444446,24.92,59.66,1.2718047739272378,0
2024-09-30T19:30:00Z,289.44444444444446,24.92,59.66,1.2718047739272378,0
2024-09-30T20:00:00Z,282.8888888888889,25.61,53.83,1.5165543702923376,0
2024-09-30T20:30:00Z,282.8888888888889,25.61,53.83,1.5165543702923376,0
2024-09-30T21:00:00Z,473.02777777777783,27.2,48.47,1.8588871922913972,0
2024-09-30T21:30:00Z,473.02777777777783,27.2,48.47,1.8588871922913972,0
2024-09-30T22:00:00Z,283.1666666666667,26.74,48.88,1.7949848622988933,0
2024-09-30T22:30:00Z,283.1666666666667,26.74,48.88,1.7949848622988933,0
2024-09-30T23:00:00Z,98.33333333333334,25.1,58.36,1.3269401153821716,0
2024-09-30T23:30:00Z,98.33333333333334,25.1,58.36,1.3269401153821716,0
2024-10-01T00:00:00Z,5.194444444444445,19.54,81.3,0.42496145715749756,0
2024-10-01T00:30:00Z,5.194444444444445,19.54,81.3,0.42496145715749756,0
2024-10-01T01:00:00Z,0,17.2,94.9,0.10008370853652226,0
2024-10-01T01:30:00Z,0,17.2,94.9,0.10008370853652226,0
2024-10-01T02:00:00Z,0,16.23,97.3,0.049819629971894486,0
2024-10-01T02:30:00Z,0,16.23,97.3,0.049819629971894486,0
2024-10-01T03:00:00Z,0.02777777777777778,15.47,98.6,0.024606930864524923,0
2024-10-01T03:30:00Z,0.02777777777777778,15.47,98.6,0.024606930864524923,0
2024-10-01T04:00:00Z,0.02777777777777778,14.74,98.9,0.018447100184946663,0
2024-10-01T04:30:00Z,0.02777777777777778,14.74,98.9,0.018447100184946663,0
2024-10-13T05:00:00Z,0.08333333333333333,8.35,96.3,0.0406486071162897,0
2024-10-13T05:30:00Z,0.08333333333333333,8.35,96.3,0.0406486071162897,0
2024-10-13T06:00:00Z,0.05555555555555556,8.42,95.9,0.04525763202935518,0
2024-10-13T06:30:00Z,0.05555555555555556,8.42,95.9,0.04525763202935518,0
2024-10-13T07:00:00Z,0.02777777777777778,8.52,95.1,0.05445661216853814,0
2024-10-13T07:30:00Z,0.02777777777777778,8.52,95.1,0.05445661216853814,0
2024-10-13T08:00:00Z,0.02777777777777778,8.38,96.3,0.0407314991634542,0.51
2024-10-13T08:30:00Z,0.02777777777777778,8.38,96.3,0.0407314991634542,0.51
2024-10-13T09:00:00Z,0.05555555555555556,8.48,96.2,0.042117229598286565,0
2024-10-13T09:30:00Z,0.05555555555555556,8.48,96.2,0.042117229598286565,0
2024-10-13T10:00:00Z,0.05555555555555556,8.39,95.6,0.04847035586485937,0
2024-10-13T10:30:00Z,0.05555555555555556,8.39,95.6,0.04847035586485937,0
2024-10-13T11:00:00Z,0.11111111111111112,7.81,95.6,0.04659448426445434,0
2024-10-13T11:30:00Z,0.11111111111111112,7.81,95.6,0.04659448426445434,0
2024-10-13T12:00:00Z,0.9722222222222223,6.83,96.1,0.03861871336752465,0
2024-10-13T12:30:00Z,0.9722222222222223,6.83,96.1,0.03861871336752465,0
2024-10-13T13:00:00Z,17.63888888888889,6.21,97.2,0.0265661781994202,0
2024-10-13T13:30:00Z,17.63888888888889,6.21,97.2,0.0265661781994202,0
2024-10-13T14:00:00Z,101.86111111111111,7.72,92.6,0.0778836613978574,0
2024-10-13T14:30:00Z,101.86111111111111,7.72,92.6,0.0778836613978574,0
2024-10-13T15:00:00Z,347.72222222222223,10.87,81.2,0.24466574525682172,0
2024-10-13T15:30:00Z,347.72222222222223,10.87,81.2,0.24466574525682172,0
2024-10-13T16:00:00Z,468.7222222222223,13.07,71.36,0.43092973470950957,0
2024-10-13T16:30:00Z,468.7222222222223,13.07,71.36,0.43092973470950957,0
2024-10-13T17:00:00Z,250.52777777777777,13.82,66.03,0.536735194892483,0
2024-10-13T17:30:00Z,250.52777777777777,13.82,66.03,0.536735194892483,0
2024-10-13T18:00:00Z,143.30555555555554,13.77,64.6,0.5575147091031354,0
2024-10-13T18:30:00Z,143.30555555555554,13.77,64.6,0.5575147091031354,0
2024-10-13T19:00:00Z,134.25,13.01,73.81,0.39252286875184184,0
2024-10-13T19:30:00Z,134.25,13.01,73.81,0.39252286875184184,0
2024-10-13T20:00:00Z,131.97222222222223,13,76.95,0.3452361930854828,0
2024-10-13T20:30:00Z,131.97222222222223,13,76.95,0.3452361930854828,0
2024-10-13T21:00:00Z,42.861111111111114,12.23,82.4,0.250620037169919,0.51
2024-10-13T21:30:00Z,42.861111111111114,12.23,82.4,0.250620037169919,0.51
2024-10-13T22:00:00Z,35.13888888888889,10.52,94.8,0.06611346086929193,0.89
2024-10-13T22:30:00Z,35.13888888888889,10.52,94.8,0.06611346086929193,0.89
2024-10-13T23:00:00Z,25.305555555555554,9.86,93.6,0.07785535720008196,0.125
2024-10-13T23:30:00Z,25.305555555555554,9.86,93.6,0.07785535720008196,0.125
2024-10-14T00:00:00Z,0.4166666666666667,8.72,95.9,0.04618748863868194,1.015
2024-10-14T00:30:00Z,0.4166666666666667,8.72,95.9,0.04618748863868194,1.015
2024-10-14T01:00:00Z,0.02777777777777778,7.6,96.5,0.03653620023460058,0.125
2024-10-14T01:30:00Z,0.02777777777777778,7.6,96.5,0.03653620023460058,0.125
2024-10-14T02:00:00Z,0.02777777777777778,7.74,96.7,0.034779349820637684,0
2024-10-14T02:30:00Z,0.02777777777777778,7.74,96.7,0.034779349820637684,0
2024-10-14T03:00:00Z,0.02777777777777778,7.36,96.9,0.03183376030614371,0.76
2024-10-14T03:30:00Z,0.02777777777777778,7.36,96.9,0.03183376030614371,0.76
2024-10-14T04:00:00Z,0.05555555555555556,6.43,96.4,0.03467934829862507,0
2024-10-14T04:30:00Z,0.05555555555555556,6.43,96.4,0.03467934829862507,0
2024-10-14T05:00:00Z,0.02777777777777778,6.12,97.1,0.027344292062621123,0
2024-10-14T05:30:00Z,0.02777777777777778,6.12,97.1,0.027344292062621123,0
2024-10-14T06:00:00Z,0.02777777777777778,6.46,96.1,0.03764711957123579,0.125
2024-10-14T06:30:00Z,0.02777777777777778,6.46,96.1,0.03764711957123579,0.125
2024-10-14T07:00:00Z,0.02777777777777778,6.54,95.2,0.04659119913530496,0.125
2024-10-14T07:30:00Z,0.02777777777777778,6.54,95.2,0.04659119913530496,0.125
2024-10-14T08:00:00Z,0.02777777777777778,5.93,95.3,0.04373760379461156,0.125
2024-10-14T08:30:00Z,0.02777777777777778,5.93,95.3,0.04373760379461156,0.125
2024-10-14T09:00:00Z,0.02777777777777778,5.07,93.3,0.058731030070601764,0
2024-10-14T09:30:00Z,0.02777777777777778,5.07,93.3,0.058731030070601764,0
2024-10-14T10:00:00Z,0.05555555555555556,4.13,93,0.05745127496225866,0
2024-10-14T10:30:00Z,0.05555555555555556,4.13,93,0.05745127496225866,0
2024-10-14T11:00:00Z,0.05555555555555556,3.18,93.7,0.04835258956661759,0
2024-10-14T11:30:00Z,0.05555555555555556,3.18,93.7,0.04835258956661759,0
2024-10-14T12:00:00Z,0.7222222222222223,2.37,95.1,0.03550276779736827,0
2024-10-14T12:30:00Z,0.7222222222222223,2.37,95.1,0.03550276779736827,0
2024-10-14T13:00:00Z,15.666666666666668,2.24,95.4,0.03302126975605979,0
2024-10-14T13:30:00Z,15.666666666666668,2.24,95.4,0.03302126975605979,0
2024-10-14T14:00:00Z,101.44444444444444,4.11,88,0.09834949514464075,0
2024-10-14T14:30:00Z,101.44444444444444,4.11,88,0.09834949514464075,0
2024-10-14T15:00:00Z,345.30555555555554,6.69,74.15,0.2535190128145778,0
2024-10-14T15:30:00Z,345.30555555555554,6.69,74.15,0.2535190128145778,0
2024-10-14T16:00:00Z,400.9166666666667,7.94,67.71,0.34498406291494355,0
2024-10-14T16:30:00Z,400.9166666666667,7.94,67.71,0.34498406291494355,0
2024-10-14T17:00:00Z,551.7222222222223,9.19,61.38,0.44910423709055414,0
2024-10-14T17:30:00Z,551.7222222222223,9.19,61.38,0.44910423709055414,0
2024-10-14T18:00:00Z,557.8888888888889,10.26,54.08,0.5737803313457823,0
2024-10-14T18:30:00Z,557.8888888888889,10.26,54.08,0.5737803313457823,0
2024-10-14T19:00:00Z,552.2777777777778,10.81,51.5,0.6286699872325879,0
2024-10-14T19:30:00Z,552.2777777777778,10.81,51.5,0.6286699872325879,0
2024-10-14T20:00:00Z,322.6388888888889,10.5,50.59,0.6273671159884561,0
2024-10-14T20:30:00Z,322.6388888888889,10.5,50.59,0.6273671159884561,0
2024-10-14T21:00:00Z,299.6388888888889,10.75,51.62,0.624613954506335,0
2024-10-14T21:30:00Z,299.6388888888889,10.75,51.62,0.624613954506335,0
2024-10-14T22:00:00Z,184.80555555555554,10.3,52.37,0.5967409157527482,0
2024-10-14T22:30:00Z,184.80555555555554,10.3,52.37,0.5967409157527482,0
2024-10-14T23:00:00Z,36.416666666666664,8.68,58.41,0.4672539568079924,0
2024-10-14T23:30:00Z,36.416666666666664,8.68,58.41,0.4672539568079924,0
2024-10-15T00:00:00Z,0.5277777777777778,5.79,72.32,0.25509913407311113,0
2024-10-15T00:30:00Z,0.5277777777777778,5.79,72.32,0.25509913407311113,0
2024-10-15T01:00:00Z,0.02777777777777778,4.47,78.46,0.18105665250294145,0
2024-10-15T01:30:00Z,0.02777777777777778,4.47,78.46,0.18105665250294145,0
2024-10-15T02:00:00Z,0.02777777777777778,4.05,80.9,0.15588036797789118,0
2024-10-15T02:30:00Z,0.02777777777777778,4.05,80.9,0.15588036797789118,0
2024-10-15T03:00:00Z,0,2.96,88.5,0.0868960513916669,0
2024-10-15T03:30:00Z,0,2.96,88.5,0.0868960513916669,0
2024-10-15T04:00:00Z,0.02777777777777778,2,93.3,0.04727797608764994,0
2024-10-15T04:30:00Z,0.02777777777777778,2,93.3,0.04727797608764994,0
2024-10-15T05:00:00Z,0.02777777777777778,1.96,94.2,0.04081019188945789,0
2024-10-15T05:30:00Z,0.02777777777777778,1.96,94.2,0.04081019188945789,0
2024-10-15T06:00:00Z,0.02777777777777778,2.86,91.5,0.06377295993470722,0
2024-10-15T06:30:00Z,0.02777777777777778,2.86,91.5,0.06377295993470722,0
2024-10-15T07:00:00Z,0.02777777777777778,2.86,92.2,0.05852106911655486,0
2024-10-15T07:30:00Z,0.02777777777777778,2.86,92.2,0.05852106911655486,0
2024-10-15T08:00:00Z,0.02777777777777778,2.49,90.7,0.06796187961151778,0
2024-10-15T08:30:00Z,0.02777777777777778,2.49,90.7,0.06796187961151778,0
2024-10-15T09:00:00Z,0.02777777777777778,1.7,92.9,0.049035041520083755,0
2024-10-15T09:30:00Z,0.02777777777777778,1.7,92.9,0.049035041520083755,0
2024-10-15T10:00:00Z,0,1.99,89.2,0.07615475245086978,0
2024-10-15T10:30:00Z,0,1.99,89.2,0.07615475245086978,0
2024-10-15T11:00:00Z,0,1.94,85.9,0.09906902404309803,0
2024-10-15T11:30:00Z,0,1.94,85.9,0.09906902404309803,0
2024-10-15T12:00:00Z,0.5555555555555556,1.36,84.4,0.10513898130847188,0
2024-10-15T12:30:00Z,0.5555555555555556,1.36,84.4,0.10513898130847188,0
2024-10-15T13:00:00Z,14.944444444444445,1.1,85.7,0.09458929673369543,0
2024-10-15T13:30:00Z,14.944444444444445,1.1,85.7,0.09458929673369543,0
2024-10-15T14:00:00Z,83.6388888888889,2.58,75.77,0.17820530684551794,0
2024-10-15T14:30:00Z,83.6388888888889,2.58,75.77,0.17820530684551794,0
2024-10-15T15:00:00Z,358.97222222222223,4.95,63.26,0.3193701950717841,0
2024-10-15T15:30:00Z,358.97222222222223,4.95,63.26,0.3193701950717841,0
2024-10-15T16:00:00Z,474.6111111111111,6.96,54.47,0.45489478251123894,0
2024-10-15T16:30:00Z,474.6111111111111,6.96,54.47,0.45489478251123894,0
2024-10-15T17:00:00Z,538.3333333333334,8.56,48.25,0.5766905706308876,0
2024-10-15T17:30:00Z,538.3333333333334,8.56,48.25,0.5766905706308876,0
2024-10-15T18:00:00Z,526.6388888888889,9.54,47.78,0.6217417687012526,0
2024-10-15T18:30:00Z,526.6388888888889,9.54,47.78,0.6217417687012526,0
2024-10-15T19:00:00Z,458.19444444444446,10.21,48.32,0.6435968842699208,0
2024-10-15T19:30:00Z,458.19444444444446,10.21,48.32,0.6435968842699208,0
2024-10-15T20:00:00Z,403,10.36,52.88,0.5927232993426903,0
2024-10-15T20:30:00Z,403,10.36,52.88,0.5927232993426903,0
2024-10-15T21:00:00Z,278.6666666666667,9.72,57.64,0.5104852983307803,0
2024-10-15T21:30:00Z,278.6666666666667,9.72,57.64,0.5104852983307803,0
2024-10-15T22:00:00Z,141.13888888888891,8.69,67.21,0.36863759675434893,0
2024-10-15T22:30:00Z,141.13888888888891,8.69,67.21,0.36863759675434893,0
2024-10-15T23:00:00Z,46.02777777777778,7.59,71.72,0.2950108393622276,0
2024-10-15T23:30:00Z,46.02777777777778,7.59,71.72,0.2950108393622276,0
2024-10-16T00:00:00Z,0.5833333333333334,6.51,72.92,0.26230899341593483,0
2024-10-16T00:30:00Z,0.5833333333333334,6.51,72.92,0.26230899341593483,0
2024-10-16T01:00:00Z,0,5.63,75.62,0.22220528792275573,0
2024-10-16T01:30:00Z,0,5.63,75.62,0.22220528792275573,0
2024-10-16T02:00:00Z,0,4.44,83.2,0.1409173583556741,0
2024-10-16T02:30:00Z,0,4.44,83.2,0.1409173583556741,0
2024-10-16T03:00:00Z,0.02777777777777778,3.61,89.5,0.08307659293471037,0
2024-10-16T03:30:00Z,0.02777777777777778,3.61,89.5,0.08307659293471037,0
2024-10-16T04:00:00Z,0.02777777777777778,2.98,91.7,0.06280538711520045,0
2024-10-16T04:30:00Z,0.02777777777777778,2.98,91.7,0.06280538711520045,0
2024-10-16T05:00:00Z,0.02777777777777778,2.61,95.2,0.03537824244232113,0
2024-10-16T05:30:00Z,0.02777777777777778,2.61,95.2,0.03537824244232113,0
2024-10-16T06:00:00Z,0.02777777777777778,3.15,95.7,0.0329324650724272,0
2024-10-16T06:30:00Z,0.02777777777777778,3.15,95.7,0.0329324650724272,0
2024-10-16T07:00:00Z,0,3.66,95.7,0.034142148148911367,0
2024-10-16T07:30:00Z,0,3.66,95.7,0.034142148148911367,0
2024-10-16T08:00:00Z,0,5.18,85.6,0.1271998491029922,0
2024-10-16T08:30:00Z,0,5.18,85.6,0.1271998491029922,0
2024-10-16T09:00:00Z,0.02777777777777778,5.85,77.07,0.21220403907668262,0
2024-10-16T09:30:00Z,0.02777777777777778,5.85,77.07,0.21220403907668262,0
2024-10-16T10:00:00Z,0.02777777777777778,3.71,87.2,0.10199167615689753,0
2024-10-16T10:30:00Z,0.02777777777777778,3.71,87.2,0.10199167615689753,0
2024-10-16T11:00:00Z,0.02777777777777778,3.31,92.9,0.054996657466377386,0
2024-10-16T11:30:00Z,0.02777777777777778,3.31,92.9,0.054996657466377386,0
2024-10-16T12:00:00Z,0.2777777777777778,4.23,92.3,0.06364210704865958,0
2024-10-16T12:30:00Z,0.2777777777777778,4.23,92.3,0.06364210704865958,0
2024-10-16T13:00:00Z,14.694444444444445,5.18,88.2,0.10423320968161853,0
2024-10-16T13:30:00Z,14.694444444444445,5.18,88.2,0.10423320968161853,0
2024-10-16T14:00:00Z,108.72222222222221,6.21,84.5,0.147062772175362,0
2024-10-16T14:30:00Z,108.72222222222221,6.21,84.5,0.147062772175362,0
2024-10-16T15:00:00Z,320.97222222222223,9.03,65.87,0.39262786476853595,0
2024-10-16T15:30:00Z,320.97222222222223,9.03,65.87,0.39262786476853595,0
2024-10-16T16:00:00Z,475.5,10.59,57.85,0.5384088251261946,0
2024-10-16T16:30:00Z,475.5,10.59,57.85,0.5384088251261946,0
2024-10-16T17:00:00Z,517.8055555555555,11.49,57.37,0.5781001661381288,0
2024-10-16T17:30:00Z,517.8055555555555,11.49,57.37,0.5781001661381288,0
2024-10-16T18:00:00Z,558.0555555555555,12.28,53.28,0.6674748236509002,0
2024-10-16T18:30:00Z,558.0555555555555,12.28,53.28,0.6674748236509002,0
2024-10-16T19:00:00Z,542.7222222222223,13.13,51.24,0.7365467395524576,0
2024-10-16T19:30:00Z,542.7222222222223,13.13,51.24,0.7365467395524576,0
2024-10-16T20:00:00Z,455.97222222222223,13.54,48.07,0.8056964159050549,0
2024-10-16T20:30:00Z,455.97222222222223,13.54,48.07,0.8056964159050549,0
2024-10-16T21:00:00Z,334.08333333333337,13.71,47.92,0.8170140978632443,0
2024-10-16T21:30:00Z,334.08333333333337,13.71,47.92,0.8170140978632443,0
2024-10-16T22:00:00Z,188.30555555555557,12.65,51.37,0.711856836692763,0
2024-10-16T22:30:00Z,188.30555555555557,12.65,51.37,0.711856836692763,0
2024-10-16T23:00:00Z,45.38888888888889,10.32,59.9,0.5030720572996262,0
2024-10-16T23:30:00Z,45.38888888888889,10.32,59.9,0.5030720572996262,0
2024-10-17T00:00:00Z,0.7500000000000001,7.07,76.8,0.23355073440051055,0
2024-10-17T00:30:00Z,0.7500000000000001,7.07,76.8,0.23355073440051055,0
2024-10-17T01:00:00Z,0.02777777777777778,5.36,86.6,0.1198598107353831,0
2024-10-17T01:30:00Z,0.02777777777777778,5.36,86.6,0.1198598107353831,0
2024-10-17T02:00:00Z,0.02777777777777778,4.53,88.8,0.09453949593926259,0
2024-10-17T02:30:00Z,0.02777777777777778,4.53,88.8,0.09453949593926259,0
2024-10-17T03:00:00Z,0.02777777777777778,2,95.7,0.030342581668193147,0
2024-10-17T03:30:00Z,0.02777777777777778,2,95.7,0.030342581668193147,0
2024-10-17T04:00:00Z,0.05555555555555556,0.3,97.9,0.013109567244282139,0
2024-10-17T04:30:00Z,0.05555555555555556,0.3,97.9,0.013109567244282139,0
2024-10-17T05:00:00Z,0.02777777777777778,-0.46,98.5,0.008859780761254488,0
2024-10-17T05:30:00Z,0.02777777777777778,-0.46,98.5,0.008859780761254488,0
2024-10-17T06:00:00Z,0.02777777777777778,-0.81,98.8,0.006908617917445126,0
2024-10-17T06:30:00Z,0.02777777777777778,-0.81,98.8,0.006908617917445126,0
2024-10-17T07:00:00Z,0.02777777777777778,-1.1,98.9,0.006199582576633222,0
2024-10-17T07:30:00Z,0.02777777777777778,-1.1,98.9,0.006199582576633222,0
2024-10-17T08:00:00Z,0.02777777777777778,-1.22,99,0.005586497479828756,0
2024-10-17T08:30:00Z,0.02777777777777778,-1.22,99,0.005586497479828756,0
2024-10-17T09:00:00Z,0,-0.29,99.1,0.005382256423393628,0
2024-10-17T09:30:00Z,0,-0.29,99.1,0.005382256423393628,0
2024-10-17T10:00:00Z,0.02777777777777778,-0.07,99,0.006076953424276277,0
2024-10-17T10:30:00Z,0.02777777777777778,-0.07,99,0.006076953424276277,0
2024-10-17T11:00:00Z,0,-0.74,98.9,0.006365457224558169,0
2024-10-17T11:30:00Z,0,-0.74,98.9,0.006365457224558169,0
2024-10-17T12:00:00Z,0.5,-0.79,99,0.005765624387310209,0
2024-10-17T12:30:00Z,0.5,-0.79,99,0.005765624387310209,0
2024-10-17T13:00:00Z,10.222222222222221,0.01,99,0.006112446654258252,0
2024-10-17T13:30:00Z,10.222222222222221,0.01,99,0.006112446654258252,0
2024-10-17T14:00:00Z,80.19444444444444,1.93,99,0.007021142659714874,0
2024-10-17T14:30:00Z,80.19444444444444,1.93,99,0.007021142659714874,0
2024-10-17T15:00:00Z,342.33333333333337,8.49,83,0.1885470500694616,0
2024-10-17T15:30:00Z,342.33333333333337,8.49,83,0.1885470500694616,0
2024-10-17T16:00:00Z,457.36111111111114,12.79,60.46,0.5841322704101916,0
2024-10-17T16:30:00Z,457.36111111111114,12.79,60.46,0.5841322704101916,0
2024-10-17T17:00:00Z,525,15.35,47.61,0.9137627901260944,0
2024-10-17T17:30:00Z,525,15.35,47.61,0.9137627901260944,0
2024-10-17T18:00:00Z,549.6666666666666,16.32,44.57,1.0286622110226933,0
2024-10-17T18:30:00Z,549.6666666666666,16.32,44.57,1.0286622110226933,0
2024-10-17T19:00:00Z,523.1111111111112,17.14,41.61,1.1415174843358065,0
2024-10-17T19:30:00Z,523.1111111111112,17.14,41.61,1.1415174843358065,0
2024-10-17T20:00:00Z,449.22222222222223,17.33,40.39,1.1794587702187709,0
2024-10-17T20:30:00Z,449.22222222222223,17.33,40.39,1.1794587702187709,0
2024-10-17T21:00:00Z,332.94444444444446,16.92,39.69,1.1627329635545574,0
2024-10-17T21:30:00Z,332.94444444444446,16.92,39.69,1.1627329635545574,0
2024-10-17T22:00:00Z,189.38888888888889,15.59,42.76,1.0138418340693671,0
2024-10-17T22:30:00Z,189.38888888888889,15.59,42.76,1.0138418340693671,0
2024-10-17T23:00:00Z,43.69444444444445,13.06,51.06,0.7358909686540271,0
2024-10-17T23:30:00Z,43.69444444444445,13.06,51.06,0.7358909686540271,0
2024-10-18T00:00:00Z,0.5555555555555556,10.17,60.21,0.49420036849442406,0
2024-10-18T00:30:00Z,0.5555555555555556,10.17,60.21,0.49420036849442406,0
2024-10-18T01:00:00Z,0.02777777777777778,5.47,86.4,0.1225832215360454,0
2024-10-18T01:30:00Z,0.02777777777777778,5.47,86.4,0.1225832215360454,0
2024-10-18T02:00:00Z,0,4.24,91.4,0.07113074480095882,0
2024-10-18T02:30:00Z,0,4.24,91.4,0.07113074480095882,0
2024-10-18T03:00:00Z,0,4.26,88,0.09939172678649932,0
2024-10-18T03:30:00Z,0,4.26,88,0.09939172678649932,0
2024-10-18T04:00:00Z,0.02777777777777778,4.22,82.5,0.14453957308142873,0
2024-10-18T04:30:00Z,0.02777777777777778,4.22,82.5,0.14453957308142873,0
2024-10-18T05:00:00Z,0,3.72,81.1,0.15070336925833028,0
2024-10-18T05:30:00Z,0,3.72,81.1,0.15070336925833028,0
2024-10-18T06:00:00Z,0,3.78,78.48,0.1723222197315143,0
2024-10-18T06:30:00Z,0,3.78,78.48,0.1723222197315143,0
2024-10-18T07:00:00Z,0,6.52,62.02,0.3681449796904974,0
2024-10-18T07:30:00Z,0,6.52,62.02,0.3681449796904974,0
2024-10-18T08:00:00Z,0.02777777777777778,4.7,72.64,0.2337122297182953,0
2024-10-18T08:30:00Z,0.02777777777777778,4.7,72.64,0.2337122297182953,0
2024-10-18T09:00:00Z,0,5.75,66.98,0.30346947283253534,0
2024-10-18T09:30:00Z,0,5.75,66.98,0.30346947283253534,0
2024-10-18T10:00:00Z,0,3.75,79.09,0.1670837572105346,0
2024-10-18T10:30:00Z,0,3.75,79.09,0.1670837572105346,0
2024-10-18T11:00:00Z,0.02777777777777778,2.77,85,0.11182286450817269,0
2024-10-18T11:30:00Z,0.02777777777777778,2.77,85,0.11182286450817269,0
2024-10-18T12:00:00Z,0.5277777777777778,2.15,88.5,0.08202402551716692,0
2024-10-18T12:30:00Z,0.5277777777777778,2.15,88.5,0.08202402551716692,0
2024-10-18T13:00:00Z,21.61111111111111,2.46,88.4,0.08458857245830376,0
2024-10-18T13:30:00Z,21.61111111111111,2.46,88.4,0.08458857245830376,0
2024-10-18T14:00:00Z,95.80555555555556,5.41,80.3,0.1768259478489942,0
2024-10-18T14:30:00Z,95.80555555555556,5.41,80.3,0.1768259478489942,0
2024-10-18T15:00:00Z,316.11111111111114,11.89,64.75,0.4908290878365009,0
2024-10-18T15:30:00Z,316.11111111111114,11.89,64.75,0.4908290878365009,0
2024-10-18T16:00:00Z,412.80555555555554,15.27,57.64,0.7350378352130049,0
2024-10-18T16:30:00Z,412.80555555555554,15.27,57.64,0.7350378352130049,0
2024-10-18T17:00:00Z,502.0555555555556,17.27,51.21,0.9617164025844047,0
2024-10-18T17:30:00Z,502.0555555555556,17.27,51.21,0.9617164025844047,0
2024-10-18T18:00:00Z,533.1111111111112,18.32,46.45,1.1277015370997445,0
2024-10-18T18:30:00Z,533.1111111111112,18.32,46.45,1.1277015370997445,0
2024-10-18T19:00:00Z,516.0555555555555,19.28,39.54,1.351929533204632,0
2024-10-18T19:30:00Z,516.0555555555555,19.28,39.54,1.351929533204632,0
2024-10-18T20:00:00Z,441.72222222222223,19.52,34.52,1.4861989695374644,0
2024-10-18T20:30:00Z,441.72222222222223,19.52,34.52,1.4861989695374644,0
2024-10-18T21:00:00Z,323.7222222222223,19.22,34.84,1.4515917784970578,0
2024-10-18T21:30:00Z,323.7222222222223,19.22,34.84,1.4515917784970578,0
2024-10-18T22:00:00Z,176.08333333333334,18.4,37.6,1.320680279173807,0
2024-10-18T22:30:00Z,176.08333333333334,18.4,37.6,1.320680279173807,0
2024-10-18T23:00:00Z,39.333333333333336,15.64,48.05,0.923097027377765,0
2024-10-18T23:30:00Z,39.333333333333336,15.64,48.05,0.923097027377765,0
2024-10-19T00:00:00Z,0.4444444444444445,8.57,83.5,0.1839970540924195,0
2024-10-19T00:30:00Z,0.4444444444444445,8.57,83.5,0.1839970540924195,0
2024-10-19T01:00:00Z,0.02777777777777778,6.91,90.1,0.09857269674903568,0
2024-10-19T01:30:00Z,0.02777777777777778,6.91,90.1,0.09857269674903568,0
2024-10-19T02:00:00Z,0.02777777777777778,5.69,94.2,0.053083280628896334,0
2024-10-19T02:30:00Z,0.02777777777777778,5.69,94.2,0.053083280628896334,0
2024-10-19T03:00:00Z,0,6.31,90.3,0.09267083349245131,0
2024-10-19T03:30:00Z,0,6.31,90.3,0.09267083349245131,0
2024-10-19T04:00:00Z,0,6.46,88.4,0.11197604795547045,0
2024-10-19T04:30:00Z,0,6.46,88.4,0.11197604795547045,0
2024-10-19T05:00:00Z,0,5.7,90,0.09158644183128883,0
2024-10-19T05:30:00Z,0,5.7,90,0.09158644183128883,0
2024-10-19T06:00:00Z,0,5.56,88.7,0.10249139802485319,0
2024-10-19T06:30:00Z,0,5.56,88.7,0.10249139802485319,0
2024-10-19T07:00:00Z,0,5.1,87.9,0.10628868124791668,0
2024-10-19T07:30:00Z,0,5.1,87.9,0.10628868124791668,0
2024-10-19T08:00:00Z,0,5.28,85.3,0.13075769656821967,0
2024-10-19T08:30:00Z,0,5.28,85.3,0.13075769656821967,0
2024-10-19T09:00:00Z,0,4.78,86.9,0.11252968689071596,0
2024-10-19T09:30:00Z,0,4.78,86.9,0.11252968689071596,0
2024-10-19T10:00:00Z,0,4.57,89,0.09311187873461757,0
2024-10-19T10:30:00Z,0,4.57,89,0.09311187873461757,0
2024-10-19T11:00:00Z,0,4.02,90.4,0.0781830357370541,0
2024-10-19T11:30:00Z,0,4.02,90.4,0.0781830357370541,0
2024-10-19T12:00:00Z,0.4166666666666667,3.67,93.5,0.051646663341118226,0
2024-10-19T12:30:00Z,0.4166666666666667,3.67,93.5,0.051646663341118226,0
2024-10-19T13:00:00Z,12.333333333333334,4.03,95.5,0.036674096360105324,0
2024-10-19T13:30:00Z,12.333333333333334,4.03,95.5,0.036674096360105324,0
2024-10-19T14:00:00Z,80.25,7.75,89.7,0.10862784070679465,0
2024-10-19T14:30:00Z,80.25,7.75,89.7,0.10862784070679465,0
2024-10-19T15:00:00Z,328.52777777777783,13.64,75.77,0.37838512605647145,0
2024-10-19T15:30:00Z,328.52777777777783,13.64,75.77,0.37838512605647145,0
2024-10-19T16:00:00Z,442.5555555555556,16.92,63.91,0.6957889679105285,0
2024-10-19T16:30:00Z,442.5555555555556,16.92,63.91,0.6957889679105285,0
2024-10-19T17:00:00Z,515.9444444444445,18.93,53.41,1.0193032180845476,0
2024-10-19T17:30:00Z,515.9444444444445,18.93,53.41,1.0193032180845476,0
2024-10-19T18:00:00Z,536.9444444444445,20.02,49.2,1.1893183035931243,0
2024-10-19T18:30:00Z,536.9444444444445,20.02,49.2,1.1893183035931243,0
2024-10-19T19:00:00Z,511.69444444444446,20.89,43.52,1.3951977678220735,0
2024-10-19T19:30:00Z,511.69444444444446,20.89,43.52,1.3951977678220735,0
2024-10-19T20:00:00Z,435.0833333333333,21.05,41.99,1.4471486707810435,0
2024-10-19T20:30:00Z,435.0833333333333,21.05,41.99,1.4471486707810435,0
2024-10-19T21:00:00Z,318.33333333333337,20.42,42.25,1.3858672841744784,0
2024-10-19T21:30:00Z,318.33333333333337,20.42,42.25,1.3858672841744784,0
2024-10-19T22:00:00Z,177.44444444444443,19.12,43.78,1.2446534026545506,0
2024-10-19T22:30:00Z,177.44444444444443,19.12,43.78,1.2446534026545506,0
2024-10-19T23:00:00Z,30.750000000000004,15.97,49.96,0.9081286235574244,0
2024-10-19T23:30:00Z,30.750000000000004,15.97,49.96,0.9081286235574244,0
2024-10-20T00:00:00Z,0.36111111111111116,13.07,59.2,0.6138943148096364,0
2024-10-20T00:30:00Z,0.36111111111111116,13.07,59.2,0.6138943148096364,0
2024-10-20T01:00:00Z,0,10.91,69.87,0.3931607973527147,0
2024-10-20T01:30:00Z,0,10.91,69.87,0.3931607973527147,0
2024-10-20T02:00:00Z,0,11.18,69.83,0.40080949371600294,0
2024-10-20T02:30:00Z,0,11.18,69.83,0.40080949371600294,0
2024-10-20T03:00:00Z,0,11.08,72.01,0.36938714729608524,0
2024-10-20T03:30:00Z,0,11.08,72.01,0.36938714729608524,0
2024-10-20T04:00:00Z,0,10.84,74.57,0.33028938754715986,0
2024-10-20T04:30:00Z,0,10.84,74.57,0.33028938754715986,0
2024-10-20T05:00:00Z,0,10.95,74.26,0.3367712436652104,0
2024-10-20T05:30:00Z,0,10.95,74.26,0.3367712436652104,0
2024-10-20T06:00:00Z,0,10.97,74.43,0.33499223310557946,0
2024-10-20T06:30:00Z,0,10.97,74.43,0.33499223310557946,0
2024-10-20T07:00:00Z,0,10.56,79.41,0.26248344457600026,0
2024-10-20T07:30:00Z,0,10.56,79.41,0.26248344457600026,0
2024-10-20T08:00:00Z,0,10.38,84.7,0.1927163026661325,0
2024-10-20T08:30:00Z,0,10.38,84.7,0.1927163026661325,0
2024-10-20T09:00:00Z,0,10.36,88.2,0.14843240518344114,0
2024-10-20T09:30:00Z,0,10.36,88.2,0.14843240518344114,0
2024-10-20T10:00:00Z,0,9.86,91,0.10948409606261511,0
2024-10-20T10:30:00Z,0,9.86,91,0.10948409606261511,0
2024-10-20T11:00:00Z,0,9.83,91.4,0.10440776922197581,0
2024-10-20T11:30:00Z,0,9.83,91.4,0.10440776922197581,0
2024-10-20T12:00:00Z,0.36111111111111116,9.65,92.1,0.09475715737452317,0
2024-10-20T12:30:00Z,0.36111111111111116,9.65,92.1,0.09475715737452317,0
2024-10-20T13:00:00Z,15.5,10.17,90.2,0.12171811036052671,0
2024-10-20T13:30:00Z,15.5,10.17,90.2,0.12171811036052671,0
2024-10-20T14:00:00Z,70.77777777777779,12.5,84.1,0.23046749884772377,0
2024-10-20T14:30:00Z,70.77777777777779,12.5,84.1,0.23046749884772377,0
2024-10-20T15:00:00Z,276.97222222222223,16.5,70.54,0.5530160007248404,0
2024-10-20T15:30:00Z,276.97222222222223,16.5,70.54,0.5530160007248404,0
2024-10-20T16:00:00Z,408.77777777777777,19.75,55.67,1.0206267138116494,0
2024-10-20T16:30:00Z,408.77777777777777,19.75,55.67,1.0206267138116494,0
2024-10-20T17:00:00Z,480.47222222222223,21.88,46.7,1.3989409210766044,0
2024-10-20T17:30:00Z,480.47222222222223,21.88,46.7,1.3989409210766044,0
2024-10-20T18:00:00Z,529.9166666666667,22.85,42.9,1.5896921841659695,0
2024-10-20T18:30:00Z,529.9166666666667,22.85,42.9,1.5896921841659695,0
2024-10-20T19:00:00Z,284.52777777777777,21.98,45.74,1.4328491762054945,0
2024-10-20T19:30:00Z,284.52777777777777,21.98,45.74,1.4328491762054945,0
2024-10-20T20:00:00Z,283.8055555555556,21.45,48.32,1.321242971841745,0
2024-10-20T20:30:00Z,283.8055555555556,21.45,48.32,1.321242971841745,0
2024-10-20T21:00:00Z,276.5555555555556,21.67,45.85,1.4031434334209854,0
2024-10-20T21:30:00Z,276.5555555555556,21.67,45.85,1.4031434334209854,0
2024-10-20T22:00:00Z,150.55555555555557,20.94,43.84,1.3915630135284587,0
2024-10-20T22:30:00Z,150.55555555555557,20.94,43.84,1.3915630135284587,0
2024-10-20T23:00:00Z,27.833333333333336,19.23,46.29,1.197261573671668,0
2024-10-20T23:30:00Z,27.833333333333336,19.23,46.29,1.197261573671668,0
2024-10-21T00:00:00Z,0.22222222222222224,17.89,47.65,1.073047756316989,0
2024-10-21T00:30:00Z,0.22222222222222224,17.89,47.65,1.073047756316989,0
2024-10-21T01:00:00Z,0,17.04,49.3,0.984921886508677,0
2024-10-21T01:30:00Z,0,17.04,49.3,0.984921886508677,0
2024-10-21T02:00:00Z,0,16.73,48.55,0.9800305864581687,0
2024-10-21T02:30:00Z,0,16.73,48.55,0.9800305864581687,0
2024-10-21T03:00:00Z,0,17.07,47.97,1.0126816976491968,0
2024-10-21T03:30:00Z,0,17.07,47.97,1.0126816976491968,0
2024-10-21T04:00:00Z,0,18.48,45.72,1.154595832138507,0
2024-10-21T04:30:00Z,0,18.48,45.72,1.154595832138507,0
2024-10-21T05:00:00Z,0,18.93,45.82,1.1853584107280704,0
2024-10-21T05:30:00Z,0,18.93,45.82,1.1853584107280704,0
2024-10-21T06:00:00Z,0,17.95,50.96,1.0090025619955505,0
2024-10-21T06:30:00Z,0,17.95,50.96,1.0090025619955505,0
2024-10-21T07:00:00Z,0,16.99,54.13,0.8882733366451754,0
2024-10-21T07:30:00Z,0,16.99,54.13,0.8882733366451754,0
2024-10-21T08:00:00Z,0,16.19,58.81,0.7580900022141739,0
2024-10-21T08:30:00Z,0,16.19,58.81,0.7580900022141739,0
2024-10-21T09:00:00Z,0,15.15,63.39,0.6303820368207251,0
2024-10-21T09:30:00Z,0,15.15,63.39,0.6303820368207251,0
2024-10-21T10:00:00Z,0,14.48,67.44,0.5369423302608005,0
2024-10-21T10:30:00Z,0,14.48,67.44,0.5369423302608005,0
2024-10-21T11:00:00Z,0,14.01,69.38,0.48981055026701825,0
2024-10-21T11:30:00Z,0,14.01,69.38,0.48981055026701825,0
2024-10-21T12:00:00Z,0.2777777777777778,13.7,70.36,0.4646803202329226,0
2024-10-21T12:30:00Z,0.2777777777777778,13.7,70.36,0.4646803202329226,0
2024-10-21T13:00:00Z,14.222222222222223,13.47,72.14,0.4302824236877274,0
2024-10-21T13:30:00Z,14.222222222222223,13.47,72.14,0.4302824236877274,0
2024-10-21T14:00:00Z,71.08333333333334,15.09,69.61,0.5212652628621561,0
2024-10-21T14:30:00Z,71.08333333333334,15.09,69.61,0.5212652628621561,0
2024-10-21T15:00:00Z,301,18.98,57.24,0.9384336451426414,0
2024-10-21T15:30:00Z,301,18.98,57.24,0.9384336451426414,0
2024-10-21T16:00:00Z,416.9166666666667,21.47,47.67,1.339499484059135,0
2024-10-21T16:30:00Z,416.9166666666667,21.47,47.67,1.339499484059135,0
2024-10-21T17:00:00Z,490.0555555555556,23.02,42.56,1.6156941170699266,0
2024-10-21T17:30:00Z,490.0555555555556,23.02,42.56,1.6156941170699266,0
2024-10-21T18:00:00Z,514.8333333333334,23.71,42.83,1.6764364412080144,0
2024-10-21T18:30:00Z,514.8333333333334,23.71,42.83,1.6764364412080144,0
2024-10-21T19:00:00Z,491.8333333333333,24.37,39.16,1.8561251955715665,0
2024-10-21T19:30:00Z,491.8333333333333,24.37,39.16,1.8561251955715665,0
2024-10-21T20:00:00Z,417.6666666666667,24.88,38.93,1.9207769345192627,0
2024-10-21T20:30:00Z,417.6666666666667,24.88,38.93,1.9207769345192627,0
2024-10-21T21:00:00Z,303.7222222222223,24.2,37.77,1.8792998367007046,0
2024-10-21T21:30:00Z,303.7222222222223,24.2,37.77,1.8792998367007046,0
2024-10-21T22:00:00Z,158.16666666666666,22.98,36.71,1.7759432768422148,0
2024-10-21T22:30:00Z,158.16666666666666,22.98,36.71,1.7759432768422148,0
2024-10-21T23:00:00Z,25.02777777777778,20.04,42.15,1.3560487712347058,0
2024-10-21T23:30:00Z,25.02777777777778,20.04,42.15,1.3560487712347058,0
2024-10-22T00:00:00Z,0.11111111111111112,17.29,48.66,1.013260939996234,0
2024-10-22T00:30:00Z,0.11111111111111112,17.29,48.66,1.013260939996234,0
2024-10-22T01:00:00Z,0,14.36,61,0.6381711297009608,0
2024-10-22T01:30:00Z,0,14.36,61,0.6381711297009608,0
2024-10-22T02:00:00Z,0,14.18,62.22,0.6110439056110144,0
2024-10-22T02:30:00Z,0,14.18,62.22,0.6110439056110144,0
2024-10-22T03:00:00Z,0,14.11,62.47,0.6042525368964173,0
2024-10-22T03:30:00Z,0,14.11,62.47,0.6042525368964173,0
2024-10-22T04:00:00Z,0,14.17,61.24,0.6264880514177742,0
2024-10-22T04:30:00Z,0,14.17,61.24,0.6264880514177742,0
2024-10-22T05:00:00Z,0,15.22,55.81,0.7643327120367946,0
2024-10-22T05:30:00Z,0,15.22,55.81,0.7643327120367946,0
2024-10-22T06:00:00Z,0,15.16,55.51,0.7665593133971925,0
2024-10-22T06:30:00Z,0,15.16,55.51,0.7665593133971925,0
2024-10-22T07:00:00Z,0,14.38,59.16,0.6691450756763394,0
2024-10-22T07:30:00Z,0,14.38,59.16,0.6691450756763394,0
2024-10-22T08:00:00Z,0.02777777777777778,10.87,77.01,0.2991949725241665,0
2024-10-22T08:30:00Z,0.02777777777777778,10.87,77.01,0.2991949725241665,0
2024-10-22T09:00:00Z,0,11.42,73.82,0.3533816625445929,0
2024-10-22T09:30:00Z,0,11.42,73.82,0.3533816625445929,0
2024-10-22T10:00:00Z,0,12.78,66.84,0.489558369726539,0
2024-10-22T10:30:00Z,0,12.78,66.84,0.489558369726539,0
2024-10-22T11:00:00Z,0,10.04,80.1,0.2450203317811932,0
2024-10-22T11:30:00Z,0,10.04,80.1,0.2450203317811932,0
2024-10-22T12:00:00Z,0.3055555555555556,9.03,82,0.20707007224827567,0
2024-10-22T12:30:00Z,0.3055555555555556,9.03,82,0.20707007224827567,0
2024-10-22T13:00:00Z,17.27777777777778,11.06,69.88,0.39696919722474167,0
2024-10-22T13:30:00Z,17.27777777777778,11.06,69.88,0.39696919722474167,0
2024-10-22T14:00:00Z,85.02777777777779,13.93,61.46,0.6133091859910228,0
2024-10-22T14:30:00Z,85.02777777777779,13.93,61.46,0.6133091859910228,0
2024-10-22T15:00:00Z,254.80555555555554,17.39,52.36,0.9461980658165652,0
2024-10-22T15:30:00Z,254.80555555555554,17.39,52.36,0.9461980658165652,0
2024-10-22T16:00:00Z,374.36111111111114,19.32,46.78,1.1930043307808056,0
2024-10-22T16:30:00Z,374.36111111111114,19.32,46.78,1.1930043307808056,0
2024-10-22T17:00:00Z,369.00000000000006,20.67,43.84,1.368640499481652,0
2024-10-22T17:30:00Z,369.00000000000006,20.67,43.84,1.368640499481652,0
2024-10-22T18:00:00Z,444.27777777777783,21.68,40.6,1.5401230700874724,0
2024-10-22T18:30:00Z,444.27777777777783,21.68,40.6,1.5401230700874724,0
2024-10-22T19:00:00Z,488.0555555555556,23.07,36.94,1.7791461368816717,0
2024-10-22T19:30:00Z,488.0555555555556,23.07,36.94,1.7791461368816717,0
2024-10-22T20:00:00Z,279,22.58,34.58,1.791758890336442,0
2024-10-22T20:30:00Z,279,22.58,34.58,1.791758890336442,0
2024-10-22T21:00:00Z,132.91666666666669,21.56,35.27,1.666052738392506,0
2024-10-22T21:30:00Z,132.91666666666669,21.56,35.27,1.666052738392506,0
2024-10-22T22:00:00Z,38.16666666666667,20.21,40.26,1.4151517650124918,0
2024-10-22T22:30:00Z,38.16666666666667,20.21,40.26,1.4151517650124918,0
2024-10-22T23:00:00Z,16.055555555555557,19.23,43.57,1.2578936995399783,0
2024-10-22T23:30:00Z,16.055555555555557,19.23,43.57,1.2578936995399783,0
2024-10-23T00:00:00Z,0.05555555555555556,17.53,50.29,0.9960777968663654,0
2024-10-23T00:30:00Z,0.05555555555555556,17.53,50.29,0.9960777968663654,0
2024-10-23T01:00:00Z,0,16.28,54.72,0.8381608192045602,0
2024-10-23T01:30:00Z,0,16.28,54.72,0.8381608192045602,0
2024-10-23T02:00:00Z,0,17.56,47.41,1.0557833353012658,0
2024-10-23T02:30:00Z,0,17.56,47.41,1.0557833353012658,0
2024-10-23T03:00:00Z,0,17.6,47.02,1.0663001382839639,0
2024-10-23T03:30:00Z,0,17.6,47.02,1.0663001382839639,0
2024-10-23T04:00:00Z,0,17.34,48.98,1.0101330804448498,0
2024-10-23T04:30:00Z,0,17.34,48.98,1.0101330804448498,0
2024-10-23T05:00:00Z,0,18.16,52.76,0.9848808227701491,0
2024-10-23T05:30:00Z,0,18.16,52.76,0.9848808227701491,0
2024-10-23T06:00:00Z,0,18.19,54.36,0.953317386403322,0
2024-10-23T06:30:00Z,0,18.19,54.36,0.953317386403322,0
2024-10-23T07:00:00Z,0,16.54,60.5,0.743373546358683,0
2024-10-23T07:30:00Z,0,16.54,60.5,0.743373546358683,0
2024-10-23T08:00:00Z,0,15.2,68.45,0.5450038061082965,0
2024-10-23T08:30:00Z,0,15.2,68.45,0.5450038061082965,0
2024-10-23T09:00:00Z,0,14.31,78.36,0.352959109453439,0
2024-10-23T09:30:00Z,0,14.31,78.36,0.352959109453439,0
2024-10-23T10:00:00Z,0,14.36,81.7,0.2994495300904507,0
2024-10-23T10:30:00Z,0,14.36,81.7,0.2994495300904507,0
2024-10-23T11:00:00Z,0,14.88,80.7,0.326597651439563,0
2024-10-23T11:30:00Z,0,14.88,80.7,0.326597651439563,0
2024-10-23T12:00:00Z,0.11111111111111112,14.7,80.5,0.3261738494004536,0
2024-10-23T12:30:00Z,0.11111111111111112,14.7,80.5,0.3261738494004536,0
2024-10-23T13:00:00Z,13.63888888888889,14.29,80.8,0.3127562864300115,0
2024-10-23T13:30:00Z,13.63888888888889,14.29,80.8,0.3127562864300115,0
2024-10-23T14:00:00Z,79.41666666666666,14.98,74.94,0.4268098020527229,0
2024-10-23T14:30:00Z,79.41666666666666,14.98,74.94,0.4268098020527229,0
2024-10-23T15:00:00Z,231.00000000000003,16.04,65.34,0.6318301330823581,0
2024-10-23T15:30:00Z,231.00000000000003,16.04,65.34,0.6318301330823581,0
2024-10-23T16:00:00Z,230.88888888888891,15.19,64.52,0.612497912338084,0
2024-10-23T16:30:00Z,230.88888888888891,15.19,64.52,0.612497912338084,0
2024-10-23T17:00:00Z,388.75,15.58,57.21,0.7574161467673166,0
2024-10-23T17:30:00Z,388.75,15.58,57.21,0.7574161467673166,0
2024-10-23T18:00:00Z,419.3888888888889,15.12,56.29,0.7511851578481218,0
2024-10-23T18:30:00Z,419.3888888888889,15.12,56.29,0.7511851578481218,0
2024-10-23T19:00:00Z,371.8888888888889,14.94,55.2,0.7610489137646705,0
2024-10-23T19:30:00Z,371.8888888888889,14.94,55.2,0.7610489137646705,0
2024-10-23T20:00:00Z,273.6388888888889,13.88,60.07,0.6333690627727221,0
2024-10-23T20:30:00Z,273.6388888888889,13.88,60.07,0.6333690627727221,0
2024-10-23T21:00:00Z,216.91666666666666,13.91,55.27,0.7108903770497683,0
2024-10-23T21:30:00Z,216.91666666666666,13.91,55.27,0.7108903770497683,0
2024-10-23T22:00:00Z,143.47222222222223,13.1,57.82,0.6359042225806538,0
2024-10-23T22:30:00Z,143.47222222222223,13.1,57.82,0.6359042225806538,0
2024-10-23T23:00:00Z,36.361111111111114,11.54,63.36,0.49851780217736885,0
2024-10-23T23:30:00Z,36.361111111111114,11.54,63.36,0.49851780217736885,0
2024-10-24T00:00:00Z,0.1388888888888889,8.2,75.13,0.27045365399996746,0
2024-10-24T00:30:00Z,0.1388888888888889,8.2,75.13,0.27045365399996746,0
2024-10-24T01:00:00Z,0.02777777777777778,4.74,91.8,0.07024163847658127,0
2024-10-24T01:30:00Z,0.02777777777777778,4.74,91.8,0.07024163847658127,0
2024-10-24T02:00:00Z,0.02777777777777778,3.44,96.3,0.028925049421919646,0
2024-10-24T02:30:00Z,0.02777777777777778,3.44,96.3,0.028925049421919646,0
2024-10-24T03:00:00Z,0,2.76,97,0.022348675044660093,0
2024-10-24T03:30:00Z,0,2.76,97,0.022348675044660093,0
2024-10-24T04:00:00Z,0.02777777777777778,2,97.7,0.016229752985312706,0
2024-10-24T04:30:00Z,0.02777777777777778,2,97.7,0.016229752985312706,0
2024-10-24T05:00:00Z,0.02777777777777778,2.31,98.2,0.012986110399844208,0
2024-10-24T05:30:00Z,0.02777777777777778,2.31,98.2,0.012986110399844208,0
2024-10-24T06:00:00Z,0.02777777777777778,1.6,98.3,0.011656816263749481,0
2024-10-24T06:30:00Z,0.02777777777777778,1.6,98.3,0.011656816263749481,0
2024-10-24T07:00:00Z,0.02777777777777778,1.19,98.5,0.009986528964827879,0
2024-10-24T07:30:00Z,0.02777777777777778,1.19,98.5,0.009986528964827879,0
2024-10-24T08:00:00Z,0.02777777777777778,1.21,98.8,0.008000743392324927,0
2024-10-24T08:30:00Z,0.02777777777777778,1.21,98.8,0.008000743392324927,0
2024-10-24T09:00:00Z,0.02777777777777778,2.1,98.9,0.007817781316868944,0
2024-10-24T09:30:00Z,0.02777777777777778,2.1,98.9,0.007817781316868944,0
2024-10-24T10:00:00Z,0.02777777777777778,1.59,98.7,0.008907637227090426,0
2024-10-24T10:30:00Z,0.02777777777777778,1.59,98.7,0.008907637227090426,0
2024-10-24T11:00:00Z,0.02777777777777778,1.72,98.8,0.008299512158335576,0
2024-10-24T11:30:00Z,0.02777777777777778,1.72,98.8,0.008299512158335576,0
2024-10-24T12:00:00Z,0.3333333333333333,1.49,98.7,0.00884387266155362,0
2024-10-24T12:30:00Z,0.3333333333333333,1.49,98.7,0.00884387266155362,0
2024-10-24T13:00:00Z,9.777777777777779,1.75,98.8,0.008317389717851675,0
2024-10-24T13:30:00Z,9.777777777777779,1.75,98.8,0.008317389717851675,0
2024-10-24T14:00:00Z,48.05555555555556,3.88,98.7,0.010483430637469815,0
2024-10-24T14:30:00Z,48.05555555555556,3.88,98.7,0.010483430637469815,0
2024-10-24T15:00:00Z,317.25,9.57,79.3,0.24695608947001346,0
2024-10-24T15:30:00Z,317.25,9.57,79.3,0.24695608947001346,0
2024-10-24T16:00:00Z,429.44444444444446,13.13,61.16,0.5866996588231637,0
2024-10-24T16:30:00Z,429.44444444444446,13.13,61.16,0.5866996588231637,0
2024-10-24T17:00:00Z,497.44444444444446,15.09,49.53,0.8656879834370851,0
2024-10-24T17:30:00Z,497.44444444444446,15.09,49.53,0.8656879834370851,0
2024-10-24T18:00:00Z,384.36111111111114,15.56,48.29,0.9141345535666319,0
2024-10-24T18:30:00Z,384.36111111111114,15.56,48.29,0.9141345535666319,0
2024-10-24T19:00:00Z,324.88888888888886,15.81,48.5,0.9251135877030355,0
2024-10-24T19:30:00Z,324.88888888888886,15.81,48.5,0.9251135877030355,0
2024-10-24T20:00:00Z,340,16.45,45.09,1.0274828779544634,0
2024-10-24T20:30:00Z,340,16.45,45.09,1.0274828779544634,0
2024-10-24T21:00:00Z,292.27777777777783,16.82,41.36,1.12338751072005,0
2024-10-24T21:30:00Z,292.27777777777783,16.82,41.36,1.12338751072005,0
2024-10-24T22:00:00Z,149.58333333333334,15.66,45.77,0.9648454168203348,0
2024-10-24T22:30:00Z,149.58333333333334,15.66,45.77,0.9648454168203348,0
2024-10-24T23:00:00Z,18.444444444444446,12.63,58.08,0.6128297655687446,0
2024-10-24T23:30:00Z,18.444444444444446,12.63,58.08,0.6128297655687446,0
2024-10-25T00:00:00Z,0.02777777777777778,7.83,82.6,0.1845115360253754,0
2024-10-25T00:30:00Z,0.02777777777777778,7.83,82.6,0.1845115360253754,0
2024-10-25T01:00:00Z,0,6.54,90.6,0.09124109830663907,0
2024-10-25T01:30:00Z,0,6.54,90.6,0.09124109830663907,0
2024-10-25T02:00:00Z,0,7.12,85.7,0.14445054971141258,0
2024-10-25T02:30:00Z,0,7.12,85.7,0.14445054971141258,0
2024-10-25T03:00:00Z,0,6.84,84.9,0.14962658285407626,0
2024-10-25T03:30:00Z,0,6.84,84.9,0.14962658285407626,0
2024-10-25T04:00:00Z,0,6.62,85.8,0.13859415926808016,0
2024-10-25T04:30:00Z,0,6.62,85.8,0.13859415926808016,0
2024-10-25T05:00:00Z,0,8.02,78.8,0.2277369665869401,0
2024-10-25T05:30:00Z,0,8.02,78.8,0.2277369665869401,0
2024-10-25T06:00:00Z,0,6.46,85.6,0.13900474918610128,0
2024-10-25T06:30:00Z,0,6.46,85.6,0.13900474918610128,0
2024-10-25T07:00:00Z,0,8.47,75.57,0.27058581250322067,0
2024-10-25T07:30:00Z,0,8.47,75.57,0.27058581250322067,0
2024-10-25T08:00:00Z,0.05555555555555556,8.47,77.09,0.2537503464776415,0.125
2024-10-25T08:30:00Z,0.05555555555555556,8.47,77.09,0.2537503464776415,0.125
2024-10-25T09:00:00Z,0.08333333333333333,7.63,87,0.13598432195494614,0.38
2024-10-25T09:30:00Z,0.08333333333333333,7.63,87,0.13598432195494614,0.38
2024-10-25T10:00:00Z,0.08333333333333333,7.52,89.8,0.10589627827461467,0
2024-10-25T10:30:00Z,0.08333333333333333,7.52,89.8,0.10589627827461467,0
2024-10-25T11:00:00Z,0.08333333333333333,7.42,93.3,0.06908513860929877,0.125
2024-10-25T11:30:00Z,0.08333333333333333,7.42,93.3,0.06908513860929877,0.125
2024-10-25T12:00:00Z,0.11111111111111112,7.38,97,0.030849073658269943,0.125
2024-10-25T12:30:00Z,0.11111111111111112,7.38,97,0.030849073658269943,0.125
2024-10-25T13:00:00Z,2.5277777777777777,7.57,97.7,0.02396033020154742,0
2024-10-25T13:30:00Z,2.5277777777777777,7.57,97.7,0.02396033020154742,0
2024-10-25T14:00:00Z,9.472222222222223,8.12,98,0.021631361263260818,0
2024-10-25T14:30:00Z,9.472222222222223,8.12,98,0.021631361263260818,0
2024-10-25T15:00:00Z,35,8.79,98.2,0.020373742853988297,0.125
2024-10-25T15:30:00Z,35,8.79,98.2,0.020373742853988297,0.125
2024-10-25T16:00:00Z,168.72222222222223,10.76,98.3,0.021962612205732146,0
2024-10-25T16:30:00Z,168.72222222222223,10.76,98.3,0.021962612205732146,0
2024-10-25T17:00:00Z,303.58333333333337,13.41,84.8,0.23383931591750717,0
2024-10-25T17:30:00Z,303.58333333333337,13.41,84.8,0.23383931591750717,0
2024-10-25T18:00:00Z,395.97222222222223,14.66,70.49,0.492337014462207,0
2024-10-25T18:30:00Z,395.97222222222223,14.66,70.49,0.492337014462207,0
2024-10-25T19:00:00Z,396.3333333333333,15.67,62.08,0.6750945408492359,0
2024-10-25T19:30:00Z,396.3333333333333,15.67,62.08,0.6750945408492359,0
2024-10-25T20:00:00Z,281.69444444444446,14.61,64.71,0.5868713034159074,0
2024-10-25T20:30:00Z,281.69444444444446,14.61,64.71,0.5868713034159074,0
2024-10-25T21:00:00Z,83.11111111111111,12.7,70.15,0.43838618691804165,0
2024-10-25T21:30:00Z,83.11111111111111,12.7,70.15,0.43838618691804165,0
2024-10-25T22:00:00Z,108.1388888888889,12.68,67.69,0.4738925686322295,0
2024-10-25T22:30:00Z,108.1388888888889,12.68,67.69,0.4738925686322295,0
2024-10-25T23:00:00Z,14.13888888888889,11.18,70.34,0.39403412607280897,0
2024-10-25T23:30:00Z,14.13888888888889,11.18,70.34,0.39403412607280897,0
2024-10-26T00:00:00Z,0.05555555555555556,8.73,81.8,0.20516625285842416,0
2024-10-26T00:30:00Z,0.05555555555555556,8.73,81.8,0.20516625285842416,0
2024-10-26T01:00:00Z,0,6.25,92.5,0.07135636577949755,0
2024-10-26T01:30:00Z,0,6.25,92.5,0.07135636577949755,0
2024-10-26T02:00:00Z,0,5.73,96.7,0.03028651157370621,0
2024-10-26T02:30:00Z,0,5.73,96.7,0.03028651157370621,0
2024-10-26T03:00:00Z,0,5.36,96.3,0.03309561938215799,0
2024-10-26T03:30:00Z,0,5.36,96.3,0.03309561938215799,0
2024-10-26T04:00:00Z,0,5.7,95,0.04579322091564442,0
2024-10-26T04:30:00Z,0,5.7,95,0.04579322091564442,0
2024-10-26T05:00:00Z,0.02777777777777778,4.07,96.8,0.02615285339242268,0
2024-10-26T05:30:00Z,0.02777777777777778,4.07,96.8,0.02615285339242268,0
2024-10-26T06:00:00Z,0.02777777777777778,2.96,98.2,0.01360112108739131,0
2024-10-26T06:30:00Z,0.02777777777777778,2.96,98.2,0.01360112108739131,0
2024-10-26T07:00:00Z,0.02777777777777778,2.69,98.5,0.0111188345624752,0
2024-10-26T07:30:00Z,0.02777777777777778,2.69,98.5,0.0111188345624752,0
2024-10-26T08:00:00Z,0.02777777777777778,3.65,92.3,0.06109512549895357,0
2024-10-26T08:30:00Z,0.02777777777777778,3.65,92.3,0.06109512549895357,0
2024-10-26T09:00:00Z,0.05555555555555556,3.64,86.2,0.10941789265919499,0
2024-10-26T09:30:00Z,0.05555555555555556,3.64,86.2,0.10941789265919499,0
2024-10-26T10:00:00Z,0.05555555555555556,1.53,95.1,0.0334305512847638,0
2024-10-26T10:30:00Z,0.05555555555555556,1.53,95.1,0.0334305512847638,0
2024-10-26T11:00:00Z,0.02777777777777778,2.76,85.4,0.10876355188401221,0
2024-10-26T11:30:00Z,0.02777777777777778,2.76,85.4,0.10876355188401221,0
2024-10-26T12:00:00Z,0.1388888888888889,1.23,91.7,0.05541825816248003,0
2024-10-26T12:30:00Z,0.1388888888888889,1.23,91.7,0.05541825816248003,0
2024-10-26T13:00:00Z,9.38888888888889,2.32,86.2,0.09963126878835027,0
2024-10-26T13:30:00Z,9.38888888888889,2.32,86.2,0.09963126878835027,0
2024-10-26T14:00:00Z,44.833333333333336,4.35,79.96,0.16703629158246625,0
2024-10-26T14:30:00Z,44.833333333333336,4.35,79.96,0.16703629158246625,0
2024-10-26T15:00:00Z,309.3333333333333,8.35,68.56,0.3454032993881473,0
2024-10-26T15:30:00Z,309.3333333333333,8.35,68.56,0.3454032993881473,0
2024-10-26T16:00:00Z,424.6388888888889,10.57,54.36,0.5822116652868752,0
2024-10-26T16:30:00Z,424.6388888888889,10.57,54.36,0.5822116652868752,0
2024-10-26T17:00:00Z,475.36111111111114,11.12,47.33,0.6969409802932869,0
2024-10-26T17:30:00Z,475.36111111111114,11.12,47.33,0.6969409802932869,0
2024-10-26T18:00:00Z,515.6666666666667,12.05,43.5,0.7950650567499098,0
2024-10-26T18:30:00Z,515.6666666666667,12.05,43.5,0.7950650567499098,0
2024-10-26T19:00:00Z,504.9166666666667,12.8,39.94,0.8878598480211147,0
2024-10-26T19:30:00Z,504.9166666666667,12.8,39.94,0.8878598480211147,0
2024-10-26T20:00:00Z,376.50000000000006,12.56,37.97,0.9026622745822827,0
2024-10-26T20:30:00Z,376.50000000000006,12.56,37.97,0.9026622745822827,0
2024-10-26T21:00:00Z,289.3888888888889,12.21,38.15,0.8795713862573862,0
2024-10-26T21:30:00Z,289.3888888888889,12.21,38.15,0.8795713862573862,0
2024-10-26T22:00:00Z,149.83333333333334,11.57,41.1,0.8029762336664007,0
2024-10-26T22:30:00Z,149.83333333333334,11.57,41.1,0.8029762336664007,0
2024-10-26T23:00:00Z,20.13888888888889,9.24,51.65,0.5641515095972753,0
2024-10-26T23:30:00Z,20.13888888888889,9.24,51.65,0.5641515095972753,0
2024-10-27T00:00:00Z,0.02777777777777778,6.52,63.25,0.35622243295486533,0
2024-10-27T00:30:00Z,0.02777777777777778,6.52,63.25,0.35622243295486533,0
2024-10-27T01:00:00Z,0,4.91,70.58,0.2550260657420328,0
2024-10-27T01:30:00Z,0,4.91,70.58,0.2550260657420328,0
2024-10-27T02:00:00Z,0,4.32,75.26,0.2057777119384786,0
2024-10-27T02:30:00Z,0,4.32,75.26,0.2057777119384786,0
2024-10-27T03:00:00Z,0,3.15,80.3,0.15087664230856224,0
2024-10-27T03:30:00Z,0,3.15,80.3,0.15087664230856224,0
2024-10-27T04:00:00Z,0.02777777777777778,-0.13,89.7,0.06231966816895895,0
2024-10-27T04:30:00Z,0.02777777777777778,-0.13,89.7,0.06231966816895895,0
2024-10-27T05:00:00Z,0.02777777777777778,-1.45,94.8,0.028562151796441837,0
2024-10-27T05:30:00Z,0.02777777777777778,-1.45,94.8,0.028562151796441837,0
2024-10-27T06:00:00Z,0.02777777777777778,-2.86,95.7,0.021275002367913354,0
2024-10-27T06:30:00Z,0.02777777777777778,-2.86,95.7,0.021275002367913354,0
2024-10-27T07:00:00Z,0.02777777777777778,-3.12,96.4,0.01746927385817576,0
2024-10-27T07:30:00Z,0.02777777777777778,-3.12,96.4,0.01746927385817576,0
2024-10-27T08:00:00Z,0.02777777777777778,-3.77,96.1,0.018025313417760647,0
2024-10-27T08:30:00Z,0.02777777777777778,-3.77,96.1,0.018025313417760647,0
2024-10-27T09:00:00Z,0.02777777777777778,-3.89,96.6,0.015573236272146851,0
2024-10-27T09:30:00Z,0.02777777777777778,-3.89,96.6,0.015573236272146851,0
2024-10-27T10:00:00Z,0.02777777777777778,-3.54,96.6,0.01598806454795515,0
2024-10-27T10:30:00Z,0.02777777777777778,-3.54,96.6,0.01598806454795515,0
2024-10-27T11:00:00Z,0.02777777777777778,-3.27,96.8,0.015355043001429036,0
2024-10-27T11:30:00Z,0.02777777777777778,-3.27,96.8,0.015355043001429036,0
2024-10-27T12:00:00Z,0.08333333333333333,-2.37,97.1,0.01488104776580057,0
2024-10-27T12:30:00Z,0.08333333333333333,-2.37,97.1,0.01488104776580057,0
2024-10-27T13:00:00Z,20.75,-1.97,97.1,0.01532888713676861,0
2024-10-27T13:30:00Z,20.75,-1.97,97.1,0.01532888713676861,0
2024-10-27T14:00:00Z,55.61111111111111,0.67,93,0.044886311966799486,0
2024-10-27T14:30:00Z,55.61111111111111,0.67,93,0.044886311966799486,0
2024-10-27T15:00:00Z,273.8055555555556,6.63,68,0.31254006165425996,0
2024-10-27T15:30:00Z,273.8055555555556,6.63,68,0.31254006165425996,0
2024-10-27T16:00:00Z,346.80555555555554,10.02,46.74,0.6548899202682475,0
2024-10-27T16:30:00Z,346.80555555555554,10.02,46.74,0.6548899202682475,0
2024-10-27T17:00:00Z,382.38888888888886,11.73,33.43,0.9171931254277431,0
2024-10-27T17:30:00Z,382.38888888888886,11.73,33.43,0.9171931254277431,0
2024-10-27T18:00:00Z,389.00000000000006,12.32,31.2,0.9855149745006686,0
2024-10-27T18:30:00Z,389.00000000000006,12.32,31.2,0.9855149745006686,0
2024-10-27T19:00:00Z,495.1666666666667,13.6,28.27,1.117250944043274,0
2024-10-27T19:30:00Z,495.1666666666667,13.6,28.27,1.117250944043274,0
2024-10-27T20:00:00Z,393.97222222222223,13.97,27.8,1.1519476182772852,0
2024-10-27T20:30:00Z,393.97222222222223,13.97,27.8,1.1519476182772852,0
2024-10-27T21:00:00Z,207.00000000000003,13.31,28.09,1.0990830447831006,0
2024-10-27T21:30:00Z,207.00000000000003,13.31,28.09,1.0990830447831006,0
2024-10-27T22:00:00Z,63.00000000000001,11.97,33.31,0.9335211195866715,0
2024-10-27T22:30:00Z,63.00000000000001,11.97,33.31,0.9335211195866715,0
2024-10-27T23:00:00Z,13.472222222222223,10.52,35.09,0.8252739894280259,0
2024-10-27T23:30:00Z,13.472222222222223,10.52,35.09,0.8252739894280259,0
2024-10-28T00:00:00Z,0.05555555555555556,5.95,60.81,0.3652027410274218,0
2024-10-28T00:30:00Z,0.05555555555555556,5.95,60.81,0.3652027410274218,0
2024-10-28T01:00:00Z,0.02777777777777778,3.98,69.63,0.24663993021412345,0
2024-10-28T01:30:00Z,0.02777777777777778,3.98,69.63,0.24663993021412345,0
2024-10-28T02:00:00Z,0.02777777777777778,4.24,62.3,0.31181733476699414,0
2024-10-28T02:30:00Z,0.02777777777777778,4.24,62.3,0.31181733476699414,0
2024-10-28T03:00:00Z,0,4.01,65.44,0.2812609202325297,0
2024-10-28T03:30:00Z,0,4.01,65.44,0.2812609202325297,0
2024-10-28T04:00:00Z,0,3.46,70.06,0.23438959458191344,0
2024-10-28T04:30:00Z,0,3.46,70.06,0.23438959458191344,0
2024-10-28T05:00:00Z,0.02777777777777778,2.95,76.25,0.1793318695866717,0
2024-10-28T05:30:00Z,0.02777777777777778,2.95,76.25,0.1793318695866717,0
2024-10-28T06:00:00Z,0.02777777777777778,2.48,80.3,0.1438596864857139,0
2024-10-28T06:30:00Z,0.02777777777777778,2.48,80.3,0.1438596864857139,0
2024-10-28T07:00:00Z,0.02777777777777778,2.41,81.8,0.13224422029983485,0
2024-10-28T07:30:00Z,0.02777777777777778,2.41,81.8,0.13224422029983485,0
2024-10-28T08:00:00Z,0.02777777777777778,2.41,81.5,0.1344240700849969,0
2024-10-28T08:30:00Z,0.02777777777777778,2.41,81.5,0.1344240700849969,0
2024-10-28T09:00:00Z,0,2.43,82.4,0.12806705283726638,0
2024-10-28T09:30:00Z,0,2.43,82.4,0.12806705283726638,0
2024-10-28T10:00:00Z,0,2.15,83.8,0.11554688811983516,0
2024-10-28T10:30:00Z,0,2.15,83.8,0.11554688811983516,0
2024-10-28T11:00:00Z,0,1.92,84.4,0.10945141866903696,0
2024-10-28T11:30:00Z,0,1.92,84.4,0.10945141866903696,0
2024-10-28T12:00:00Z,0.05555555555555556,2.17,83.5,0.11785498701425379,0
2024-10-28T12:30:00Z,0.05555555555555556,2.17,83.5,0.11785498701425379,0
2024-10-28T13:00:00Z,12.472222222222223,2.3,82.9,0.12328001569340719,0
2024-10-28T13:30:00Z,12.472222222222223,2.3,82.9,0.12328001569340719,0
2024-10-28T14:00:00Z,58.97222222222223,4.41,75.04,0.20892287315261937,0
2024-10-28T14:30:00Z,58.97222222222223,4.41,75.04,0.20892287315261937,0
2024-10-28T15:00:00Z,257.1666666666667,9.47,56.41,0.5165527886701844,0
2024-10-28T15:30:00Z,257.1666666666667,9.47,56.41,0.5165527886701844,0
2024-10-28T16:00:00Z,276.75,11.72,49.37,0.697112960398746,0
2024-10-28T16:30:00Z,276.75,11.72,49.37,0.697112960398746,0
2024-10-28T17:00:00Z,406.2222222222223,14.43,41.82,0.9563412657138745,0
2024-10-28T17:30:00Z,406.2222222222223,14.43,41.82,0.9563412657138745,0
2024-10-28T18:00:00Z,513.7222222222223,16.72,34.49,1.2470562208676657,0
2024-10-28T18:30:00Z,513.7222222222223,16.72,34.49,1.2470562208676657,0
2024-10-28T19:00:00Z,309.1666666666667,16.44,33.94,1.2353365548382282,0
2024-10-28T19:30:00Z,309.1666666666667,16.44,33.94,1.2353365548382282,0
2024-10-28T20:00:00Z,337.36111111111114,16.92,32.79,1.295759948275606,0
2024-10-28T20:30:00Z,337.36111111111114,16.92,32.79,1.295759948275606,0
2024-10-28T21:00:00Z,231.69444444444446,17.08,32.75,1.3097441958801426,0
2024-10-28T21:30:00Z,231.69444444444446,17.08,32.75,1.3097441958801426,0
2024-10-28T22:00:00Z,101.16666666666667,15.86,35.49,1.1625286736904599,0
2024-10-28T22:30:00Z,101.16666666666667,15.86,35.49,1.1625286736904599,0
2024-10-28T23:00:00Z,10.694444444444445,12.84,45.56,0.8068915965487657,0
2024-10-28T23:30:00Z,10.694444444444445,12.84,45.56,0.8068915965487657,0
2024-10-29T00:00:00Z,0,10.27,54.34,0.5709131998158481,0
2024-10-29T00:30:00Z,0,10.27,54.34,0.5709131998158481,0
2024-10-29T01:00:00Z,0,10.64,49.74,0.64414698129901,0
2024-10-29T01:30:00Z,0,10.64,49.74,0.64414698129901,0
2024-10-29T02:00:00Z,0,11.05,48.15,0.682907759295528,0
2024-10-29T02:30:00Z,0,11.05,48.15,0.682907759295528,0
2024-10-29T03:00:00Z,0,12.58,45.1,0.7999557941780154,0
2024-10-29T03:30:00Z,0,12.58,45.1,0.7999557941780154,0
2024-10-29T04:00:00Z,0,13.41,43.12,0.8750513348281455,0
2024-10-29T04:30:00Z,0,13.41,43.12,0.8750513348281455,0
2024-10-29T05:00:00Z,0,13.31,47.99,0.7949285100704918,0.255
2024-10-29T05:30:00Z,0,13.31,47.99,0.7949285100704918,0.255
2024-10-29T06:00:00Z,0,10.26,79.43,0.2570265987757564,0.76
2024-10-29T06:30:00Z,0,10.26,79.43,0.2570265987757564,0.76
2024-10-29T07:00:00Z,0.11111111111111112,9.85,85.5,0.17627274436850326,0.38
2024-10-29T07:30:00Z,0.11111111111111112,9.85,85.5,0.17627274436850326,0.38
2024-10-29T08:00:00Z,0.05555555555555556,10.43,87,0.16429363301241873,0
2024-10-29T08:30:00Z,0.05555555555555556,10.43,87,0.16429363301241873,0
2024-10-29T09:00:00Z,0.11111111111111112,11.06,89.6,0.13706771750123892,0
2024-10-29T09:30:00Z,0.11111111111111112,11.06,89.6,0.13706771750123892,0
2024-10-29T10:00:00Z,0.05555555555555556,11.96,90.7,0.13009479673133018,0
2024-10-29T10:30:00Z,0.05555555555555556,11.96,90.7,0.13009479673133018,0
2024-10-29T11:00:00Z,0.05555555555555556,13.14,89.9,0.1526658042294231,0
2024-10-29T11:30:00Z,0.05555555555555556,13.14,89.9,0.1526658042294231,0
2024-10-29T12:00:00Z,0.02777777777777778,14.37,90.5,0.15555256110599336,0
2024-10-29T12:30:00Z,0.02777777777777778,14.37,90.5,0.15555256110599336,0
2024-10-29T13:00:00Z,12.61111111111111,18.49,77.22,0.4848594905895749,0
2024-10-29T13:30:00Z,12.61111111111111,18.49,77.22,0.4848594905895749,0
2024-10-29T14:00:00Z,57.583333333333336,20.12,69.64,0.7151927467025077,0
2024-10-29T14:30:00Z,57.583333333333336,20.12,69.64,0.7151927467025077,0
2024-10-29T15:00:00Z,244.11111111111111,21.83,62.4,0.9838637999553761,0
2024-10-29T15:30:00Z,244.11111111111111,21.83,62.4,0.9838637999553761,0
2024-10-29T16:00:00Z,279.4166666666667,22.65,58.77,1.1340352921484078,0
2024-10-29T16:30:00Z,279.4166666666667,22.65,58.77,1.1340352921484078,0
2024-10-29T17:00:00Z,352.61111111111114,23.06,57.37,1.2020165295575795,0
2024-10-29T17:30:00Z,352.61111111111114,23.06,57.37,1.2020165295575795,0
2024-10-29T18:00:00Z,448.3611111111111,23.76,55.65,1.3044232643683293,0
2024-10-29T18:30:00Z,448.3611111111111,23.76,55.65,1.3044232643683293,0
2024-10-29T19:00:00Z,383.5,24.04,55.43,1.333128378804446,0
2024-10-29T19:30:00Z,383.5,24.04,55.43,1.333128378804446,0
2024-10-29T20:00:00Z,325.25000000000006,24.53,54.68,1.3959324311883103,0
2024-10-29T20:30:00Z,325.25000000000006,24.53,54.68,1.3959324311883103,0
2024-10-29T21:00:00Z,231.77777777777777,24.83,53.12,1.4700826062950625,0
2024-10-29T21:30:00Z,231.77777777777777,24.83,53.12,1.4700826062950625,0
2024-10-29T22:00:00Z,77.75,24.25,54.45,1.3797035387714578,0
2024-10-29T22:30:00Z,77.75,24.25,54.45,1.3797035387714578,0
2024-10-29T23:00:00Z,10.166666666666668,23.14,58.44,1.1775258987804644,0
2024-10-29T23:30:00Z,10.166666666666668,23.14,58.44,1.1775258987804644,0
2024-10-30T00:00:00Z,0,21.27,65.58,0.8703274342725056,0
2024-10-30T00:30:00Z,0,21.27,65.58,0.8703274342725056,0
2024-10-30T01:00:00Z,0,21.22,65.13,0.8790072691368349,0
2024-10-30T01:30:00Z,0,21.22,65.13,0.8790072691368349,0
2024-10-30T02:00:00Z,0,22.75,50.98,1.35649876323866,0
2024-10-30T02:30:00Z,0,22.75,50.98,1.35649876323866,0
2024-10-30T03:00:00Z,0,22.74,49.01,1.4101584441821762,0
2024-10-30T03:30:00Z,0,22.74,49.01,1.4101584441821762,0
2024-10-30T04:00:00Z,0,22.71,49.59,1.391585490314203,0
2024-10-30T04:30:00Z,0,22.71,49.59,1.391585490314203,0
2024-10-30T05:00:00Z,0,22.34,51.45,1.3104719105810367,0
2024-10-30T05:30:00Z,0,22.34,51.45,1.3104719105810367,0
2024-10-30T06:00:00Z,0,21.95,54.62,1.1961643034967449,0
2024-10-30T06:30:00Z,0,21.95,54.62,1.1961643034967449,0
2024-10-30T07:00:00Z,0,21.68,56.6,1.1252751050807457,0
2024-10-30T07:30:00Z,0,21.68,56.6,1.1252751050807457,0
2024-10-30T08:00:00Z,0,21.58,58.3,1.0746087481748,0
2024-10-30T08:30:00Z,0,21.58,58.3,1.0746087481748,0
2024-10-30T09:00:00Z,0,21.28,60.05,1.010775687158755,0
2024-10-30T09:30:00Z,0,21.28,60.05,1.010775687158755,0
2024-10-30T10:00:00Z,0,21.03,61.93,0.9485490657259357,0
2024-10-30T10:30:00Z,0,21.03,61.93,0.9485490657259357,0
2024-10-30T11:00:00Z,0,20.61,64.95,0.8510307673045223,0
2024-10-30T11:30:00Z,0,20.61,64.95,0.8510307673045223,0
2024-10-30T12:00:00Z,0,20.43,66.74,0.7986561744671308,0
2024-10-30T12:30:00Z,0,20.43,66.74,0.7986561744671308,0
2024-10-30T13:00:00Z,17.916666666666668,20.1,69.43,0.7192494709322765,0
2024-10-30T13:30:00Z,17.916666666666668,20.1,69.43,0.7192494709322765,0
2024-10-30T14:00:00Z,80.91666666666667,20.53,69.19,0.7444023067716714,0
2024-10-30T14:30:00Z,80.91666666666667,20.53,69.19,0.7444023067716714,0
2024-10-30T15:00:00Z,114.97222222222221,21.09,68.03,0.7995017058210252,0
2024-10-30T15:30:00Z,114.97222222222221,21.09,68.03,0.7995017058210252,0
2024-10-30T16:00:00Z,209.63888888888891,21.5,67.15,0.8424118782353194,0
2024-10-30T16:30:00Z,209.63888888888891,21.5,67.15,0.8424118782353194,0
2024-10-30T17:00:00Z,298.58333333333337,22.16,65.24,0.9280313657420187,0
2024-10-30T17:30:00Z,298.58333333333337,22.16,65.24,0.9280313657420187,0
2024-10-30T18:00:00Z,239.52777777777777,22.06,65.35,0.9194778600932194,0
2024-10-30T18:30:00Z,239.52777777777777,22.06,65.35,0.9194778600932194,0
2024-10-30T19:00:00Z,310.30555555555554,22.89,62.56,1.044875482544014,0
2024-10-30T19:30:00Z,310.30555555555554,22.89,62.56,1.044875482544014,0
2024-10-30T20:00:00Z,286.13888888888886,23.61,60.15,1.1615387478433816,0
2024-10-30T20:30:00Z,286.13888888888886,23.61,60.15,1.1615387478433816,0
2024-10-30T21:00:00Z,155.83333333333334,23.43,60.15,1.1490113178761328,0
2024-10-30T21:30:00Z,155.83333333333334,23.43,60.15,1.1490113178761328,0
2024-10-30T22:00:00Z,66.13888888888889,23.11,59.31,1.1507880326363495,0
2024-10-30T22:30:00Z,66.13888888888889,23.11,59.31,1.1507880326363495,0
2024-10-30T23:00:00Z,10.916666666666666,22.71,59.33,1.1227094205728756,0
2024-10-30T23:30:00Z,10.916666666666666,22.71,59.33,1.1227094205728756,0
2024-10-31T00:00:00Z,0,22.48,57.87,1.1468963784564,0
2024-10-31T00:30:00Z,0,22.48,57.87,1.1468963784564,0
2024-10-31T01:00:00Z,0,21.6,60.22,1.0263847544170988,0
2024-10-31T01:30:00Z,0,21.6,60.22,1.0263847544170988,0
2024-10-31T02:00:00Z,0,20.98,61.46,0.9573150153195036,0
2024-10-31T02:30:00Z,0,20.98,61.46,0.9573150153195036,0
2024-10-31T03:00:00Z,0,19.81,65.29,0.802120506046343,0
2024-10-31T03:30:00Z,0,19.81,65.29,0.802120506046343,0
2024-10-31T04:00:00Z,0,19.18,66.71,0.7397673142769383,0
2024-10-31T04:30:00Z,0,19.18,66.71,0.7397673142769383,0
2024-10-31T05:00:00Z,0,20.41,61.03,0.9346135742561286,0
2024-10-31T05:30:00Z,0,20.41,61.03,0.9346135742561286,0
2024-10-31T06:00:00Z,0,19.96,61.23,0.9043093528845603,0
2024-10-31T06:30:00Z,0,19.96,61.23,0.9043093528845603,0
2024-10-31T07:00:00Z,0,20.41,59.49,0.9715472387250648,0
2024-10-31T07:30:00Z,0,20.41,59.49,0.9715472387250648,0
2024-10-31T08:00:00Z,0,20.65,58.44,1.0115861940044526,0
2024-10-31T08:30:00Z,0,20.65,58.44,1.0115861940044526,0
2024-10-31T09:00:00Z,0,20.31,60.85,0.9331523332972509,0
2024-10-31T09:30:00Z,0,20.31,60.85,0.9331523332972509,0
2024-10-31T10:00:00Z,0,20.28,63.42,0.8702816081174716,0
2024-10-31T10:30:00Z,0,20.28,63.42,0.8702816081174716,0
2024-10-31T11:00:00Z,0,20.38,67.12,0.7870991372370675,0
2024-10-31T11:30:00Z,0,20.38,67.12,0.7870991372370675,0
2024-10-31T12:00:00Z,0,19.87,70.75,0.6784626234389783,0
2024-10-31T12:30:00Z,0,19.87,70.75,0.6784626234389783,0
2024-10-31T13:00:00Z,3.166666666666667,18.59,76.56,0.5020407453460329,0
2024-10-31T13:30:00Z,3.166666666666667,18.59,76.56,0.5020407453460329,0
2024-10-31T14:00:00Z,36.611111111111114,17.77,80.5,0.3966941325557607,0
2024-10-31T14:30:00Z,36.611111111111114,17.77,80.5,0.3966941325557607,0
2024-10-31T15:00:00Z,65.66666666666667,17.64,80.5,0.3934573464818607,0
2024-10-31T15:30:00Z,65.66666666666667,17.64,80.5,0.3934573464818607,0
2024-10-31T16:00:00Z,127.36111111111111,18.97,73.61,0.5788076576238899,0
2024-10-31T16:30:00Z,127.36111111111111,18.97,73.61,0.5788076576238899,0
2024-10-31T17:00:00Z,78.16666666666666,19.66,68.97,0.7104374596217642,0
2024-10-31T17:30:00Z,78.16666666666666,19.66,68.97,0.7104374596217642,0
2024-10-31T18:00:00Z,55.13888888888889,19.17,68.68,0.6955566769429697,0
2024-10-31T18:30:00Z,55.13888888888889,19.17,68.68,0.6955566769429697,0
2024-10-31T19:00:00Z,144.52777777777777,18.81,71.98,0.6084490321308356,0
2024-10-31T19:30:00Z,144.52777777777777,18.81,71.98,0.6084490321308356,0
2024-10-31T20:00:00Z,123.41666666666667,18.31,73.97,0.5478182152890319,0
2024-10-31T20:30:00Z,123.41666666666667,18.31,73.97,0.5478182152890319,0
2024-10-31T21:00:00Z,113.16666666666667,17.21,69.35,0.6018641427032447,0
2024-10-31T21:30:00Z,113.16666666666667,17.21,69.35,0.6018641427032447,0
2024-10-31T22:00:00Z,49.30555555555556,15.56,68.96,0.548728225540674,0
2024-10-31T22:30:00Z,49.30555555555556,15.56,68.96,0.548728225540674,0
2024-10-31T23:00:00Z,10.166666666666668,13.6,69.56,0.4741268470190614,0
2024-10-31T23:30:00Z,10.166666666666668,13.6,69.56,0.4741268470190614,0
2024-11-01T00:00:00Z,0,12.15,66.49,0.474668121748684,0
2024-11-01T00:30:00Z,0,12.15,66.49,0.474668121748684,0
2024-11-01T01:00:00Z,0,11.28,65.01,0.4679377902010645,0
2024-11-01T01:30:00Z,0,11.28,65.01,0.4679377902010645,0
2024-11-01T02:00:00Z,0,9.78,64.13,0.4340185918165207,0
2024-11-01T02:30:00Z,0,9.78,64.13,0.4340185918165207,0
2024-11-01T03:00:00Z,0,8.79,63.53,0.41279466771386164,0
2024-11-01T03:30:00Z,0,8.79,63.53,0.41279466771386164,0
2024-11-01T04:00:00Z,0,8.23,64.33,0.38869234305714295,0
2024-11-01T04:30:00Z,0,8.23,64.33,0.38869234305714295,0
2024-11-13T06:00:00Z,0,1.72,81.5,0.12795081244100726,0
2024-11-13T06:30:00Z,0,1.72,81.5,0.12795081244100726,0
2024-11-13T07:00:00Z,0,1.25,83.2,0.11233359027252576,0
2024-11-13T07:30:00Z,0,1.25,83.2,0.11233359027252576,0
2024-11-13T08:00:00Z,0.02777777777777778,-0.23,89.3,0.06426969166886165,0
2024-11-13T08:30:00Z,0.02777777777777778,-0.23,89.3,0.06426969166886165,0
2024-11-13T09:00:00Z,0.02777777777777778,-0.23,90.4,0.05766252710477304,0
2024-11-13T09:30:00Z,0.02777777777777778,-0.23,90.4,0.05766252710477304,0
2024-11-13T10:00:00Z,0.02777777777777778,0.08,87.8,0.07495257221117613,0
2024-11-13T10:30:00Z,0.02777777777777778,0.08,87.8,0.07495257221117613,0
2024-11-13T11:00:00Z,0.02777777777777778,0.11,86.1,0.08558328510233904,0
2024-11-13T11:30:00Z,0.02777777777777778,0.11,86.1,0.08558328510233904,0
2024-11-13T12:00:00Z,0.02777777777777778,-0.3,87.9,0.07230867299919841,0
2024-11-13T12:30:00Z,0.02777777777777778,-0.3,87.9,0.07230867299919841,0
2024-11-13T13:00:00Z,6.305555555555555,-0.06,88.4,0.07054400902758529,0
2024-11-13T13:30:00Z,6.305555555555555,-0.06,88.4,0.07054400902758529,0
2024-11-13T14:00:00Z,63.22222222222222,1,87,0.08537219131858054,0
2024-11-13T14:30:00Z,63.22222222222222,1,87,0.08537219131858054,0
2024-11-13T15:00:00Z,169.47222222222223,2.98,81.9,0.1369611453957985,0
2024-11-13T15:30:00Z,169.47222222222223,2.98,81.9,0.1369611453957985,0
2024-11-13T16:00:00Z,204.11111111111111,4.96,75.66,0.21172838023794072,0
2024-11-13T16:30:00Z,204.11111111111111,4.96,75.66,0.21172838023794072,0
2024-11-13T17:00:00Z,170,6.15,67.29,0.3090652946396424,0
2024-11-13T17:30:00Z,170,6.15,67.29,0.3090652946396424,0
2024-11-13T18:00:00Z,193.22222222222223,7.2,61.98,0.3861694032040689,0
2024-11-13T18:30:00Z,193.22222222222223,7.2,61.98,0.3861694032040689,0
2024-11-13T19:00:00Z,263.33333333333337,8.98,55.8,0.5067575268243903,0
2024-11-13T19:30:00Z,263.33333333333337,8.98,55.8,0.5067575268243903,0
2024-11-13T20:00:00Z,197.30555555555554,9.92,51.73,0.589567471812732,0
2024-11-13T20:30:00Z,197.30555555555554,9.92,51.73,0.589567471812732,0
2024-11-13T21:00:00Z,103.47222222222223,9.97,50.91,0.6015960915451068,0
2024-11-13T21:30:00Z,103.47222222222223,9.97,50.91,0.6015960915451068,0
2024-11-13T22:00:00Z,27.77777777777778,9.49,53.24,0.5548643775478921,0
2024-11-13T22:30:00Z,27.77777777777778,9.49,53.24,0.5548643775478921,0
2024-11-13T23:00:00Z,1.2777777777777777,8.85,56.84,0.49050412971766744,0
2024-11-13T23:30:00Z,1.2777777777777777,8.85,56.84,0.49050412971766744,0
2024-11-14T00:00:00Z,0,8.47,54.75,0.50118739319569094,0
2024-11-14T00:30:00Z,0,8.47,54.75,0.50118739319569094,0
2024-11-14T01:00:00Z,0,8.69,54.71,0.5091673301922678,0
2024-11-14T01:30:00Z,0,8.69,54.71,0.5091673301922678,0
2024-11-14T02:00:00Z,0,8.5,59.63,0.44804761205190424,0
2024-11-14T02:30:00Z,0,8.5,59.63,0.44804761205190424,0
2024-11-14T03:00:00Z,0,7.42,74.11,0.2669573490439915,0.125
2024-11-14T03:30:00Z,0,7.42,74.11,0.2669573490439915,0.125
2024-11-14T04:00:00Z,0,6.5,85.6,0.13938870626161703,0.76
2024-11-14T04:30:00Z,0,6.5,85.6,0.13938870626161703,0.76
2024-11-14T05:00:00Z,0,5.8,93.6,0.059023376471556865,0.76
2024-11-14T05:30:00Z,0,5.8,93.6,0.059023376471556865,0.76
2024-11-14T06:00:00Z,0,5.79,94.2,0.05345285323786286,0.51
2024-11-14T06:30:00Z,0,5.79,94.2,0.05345285323786286,0.51
2024-11-14T07:00:00Z,0,5.76,95.1,0.04506457689138543,0.38
2024-11-14T07:30:00Z,0,5.76,95.1,0.04506457689138543,0.38
2024-11-14T08:00:00Z,0,5.78,96.2,0.03499655482547248,1.27
2024-11-14T08:30:00Z,0,5.78,96.2,0.03499655482547248,1.27
2024-11-14T09:00:00Z,0,5.71,96.2,0.034827009465789094,0.76
2024-11-14T09:30:00Z,0,5.71,96.2,0.034827009465789094,0.76
2024-11-14T10:00:00Z,0,5.63,96.4,0.032811281235517575,0.38
2024-11-14T10:30:00Z,0,5.63,96.4,0.032811281235517575,0.38
2024-11-14T11:00:00Z,0,5.68,97,0.02743781769114706,0.38
2024-11-14T11:30:00Z,0,5.68,97,0.02743781769114706,0.38
2024-11-14T12:00:00Z,0,5.68,97.3,0.024694035922032342,0.125
2024-11-14T12:30:00Z,0,5.68,97.3,0.024694035922032342,0.125
2024-11-14T13:00:00Z,0.6111111111111112,5.81,97.3,0.024917759668374617,0.125
2024-11-14T13:30:00Z,0.6111111111111112,5.81,97.3,0.024917759668374617,0.125
2024-11-14T14:00:00Z,10.805555555555555,6.04,97.5,0.023442553478995265,0.125
2024-11-14T14:30:00Z,10.805555555555555,6.04,97.5,0.023442553478995265,0.125
2024-11-14T15:00:00Z,28.88888888888889,6.44,97.2,0.026991440061741145,0
2024-11-14T15:30:00Z,28.88888888888889,6.44,97.2,0.026991440061741145,0
2024-11-14T16:00:00Z,57.72222222222223,6.99,97.3,0.027031608782780214,0
2024-11-14T16:30:00Z,57.72222222222223,6.99,97.3,0.027031608782780214,0
2024-11-14T17:00:00Z,31.166666666666668,7.24,97.1,0.029536188789267892,0
2024-11-14T17:30:00Z,31.166666666666668,7.24,97.1,0.029536188789267892,0
2024-11-14T18:00:00Z,54.66666666666667,7.51,97.3,0.028012207145858614,0
2024-11-14T18:30:00Z,54.66666666666667,7.51,97.3,0.028012207145858614,0
2024-11-14T19:00:00Z,92.05555555555556,7.98,97.3,0.028925327596081685,0
2024-11-14T19:30:00Z,92.05555555555556,7.98,97.3,0.028925327596081685,0
2024-11-14T20:00:00Z,65.27777777777779,8.19,95.9,0.044555939690573254,0
2024-11-14T20:30:00Z,65.27777777777779,8.19,95.9,0.044555939690573254,0
2024-11-14T21:00:00Z,21.97222222222222,8.2,95.4,0.050023595030150636,0
2024-11-14T21:30:00Z,21.97222222222222,8.2,95.4,0.050023595030150636,0
2024-11-14T22:00:00Z,9.305555555555555,8,96.7,0.03540137125407705,0
2024-11-14T22:30:00Z,9.305555555555555,8,96.7,0.03540137125407705,0
2024-11-14T23:00:00Z,1.4444444444444446,7.83,97.7,0.024389455911400182,0
2024-11-14T23:30:00Z,1.4444444444444446,7.83,97.7,0.024389455911400182,0
2024-11-15T00:00:00Z,0,7.72,98.1,0.019997156304855324,0
2024-11-15T00:30:00Z,0,7.72,98.1,0.019997156304855324,0
2024-11-15T01:00:00Z,0,7.64,98.2,0.018841464755410486,0
2024-11-15T01:30:00Z,0,7.64,98.2,0.018841464755410486,0
2024-11-15T02:00:00Z,0,7.56,97.9,0.021861875592105395,0
2024-11-15T02:30:00Z,0,7.56,97.9,0.021861875592105395,0
2024-11-15T03:00:00Z,0,7.43,98.3,0.017541063901413523,0
2024-11-15T03:30:00Z,0,7.43,98.3,0.017541063901413523,0
2024-11-15T04:00:00Z,0,7.3,98.3,0.017385641176146382,0
2024-11-15T04:30:00Z,0,7.3,98.3,0.017385641176146382,0
2024-11-15T05:00:00Z,0,7.18,97.8,0.022314796400636494,0
2024-11-15T05:30:00Z,0,7.18,97.8,0.022314796400636494,0
2024-11-15T06:00:00Z,0,7.09,98.1,0.019153268202230733,0
2024-11-15T06:30:00Z,0,7.09,98.1,0.019153268202230733,0
2024-11-15T07:00:00Z,0,6.99,98.2,0.018021072521853476,0
2024-11-15T07:30:00Z,0,6.99,98.2,0.018021072521853476,0
2024-11-15T08:00:00Z,0,6.97,98.2,0.01799633668227818,0
2024-11-15T08:30:00Z,0,6.97,98.2,0.01799633668227818,0
2024-11-15T09:00:00Z,0,6.94,98.2,0.017959288994503053,0
2024-11-15T09:30:00Z,0,6.94,98.2,0.017959288994503053,0
2024-11-15T10:00:00Z,0,6.95,97.8,0.021965326475531954,0
2024-11-15T10:30:00Z,0,6.95,97.8,0.021965326475531954,0
2024-11-15T11:00:00Z,0,6.85,97.6,0.023798064896980442,0
2024-11-15T11:30:00Z,0,6.85,97.6,0.023798064896980442,0
2024-11-15T12:00:00Z,0,6.78,97.9,0.02072330586861104,0
2024-11-15T12:30:00Z,0,6.78,97.9,0.02072330586861104,0
2024-11-15T13:00:00Z,1.4444444444444446,6.74,97.9,0.020666352629412854,0
2024-11-15T13:30:00Z,1.4444444444444446,6.74,97.9,0.020666352629412854,0
2024-11-15T14:00:00Z,25.02777777777778,6.94,97.6,0.023945718659337367,0
2024-11-15T14:30:00Z,25.02777777777778,6.94,97.6,0.023945718659337367,0
2024-11-15T15:00:00Z,71.08333333333334,7.61,95.7,0.044918012535315244,0
2024-11-15T15:30:00Z,71.08333333333334,7.61,95.7,0.044918012535315244,0
2024-11-15T16:00:00Z,109.52777777777779,8.24,92.9,0.07742058454825607,0
2024-11-15T16:30:00Z,109.52777777777779,8.24,92.9,0.07742058454825607,0
2024-11-15T17:00:00Z,172.19444444444446,9.34,88.5,0.1350902861654748,0
2024-11-15T17:30:00Z,172.19444444444446,9.34,88.5,0.1350902861654748,0
2024-11-15T18:00:00Z,88.16666666666666,9.51,88.2,0.1402099239986212,0
2024-11-15T18:30:00Z,88.16666666666666,9.51,88.2,0.1402099239986212,0
2024-11-15T19:00:00Z,100.50000000000001,9.81,85.3,0.17822507557935197,0
2024-11-15T19:30:00Z,100.50000000000001,9.81,85.3,0.17822507557935197,0
2024-11-15T20:00:00Z,96.36111111111111,10.14,83.5,0.2045225018623824,0
2024-11-15T20:30:00Z,96.36111111111111,10.14,83.5,0.2045225018623824,0
2024-11-15T21:00:00Z,43.80555555555556,10.06,84.3,0.19356663878820646,0
2024-11-15T21:30:00Z,43.80555555555556,10.06,84.3,0.19356663878820646,0
2024-11-15T22:00:00Z,4.805555555555556,9.5,86.3,0.16267661351130291,0
2024-11-15T22:30:00Z,4.805555555555556,9.5,86.3,0.16267661351130291,0
2024-11-15T23:00:00Z,0.9722222222222223,8.98,88.6,0.13070216755199215,0
2024-11-15T23:30:00Z,0.9722222222222223,8.98,88.6,0.13070216755199215,0
2024-11-16T00:00:00Z,0,8.69,89.3,0.12029345182285867,0
2024-11-16T00:30:00Z,0,8.69,89.3,0.12029345182285867,0
2024-11-16T01:00:00Z,0,8.45,90.1,0.10950334543999618,0
2024-11-16T01:30:00Z,0,8.45,90.1,0.10950334543999618,0
2024-11-16T02:00:00Z,0,8.24,90.6,0.10250049221881807,0
2024-11-16T02:30:00Z,0,8.24,90.6,0.10250049221881807,0
2024-11-16T03:00:00Z,0,7.96,91.9,0.08665783246201819,0
2024-11-16T03:30:00Z,0,7.96,91.9,0.08665783246201819,0
2024-11-16T04:00:00Z,0,7.75,92.5,0.0790979422622291,0
2024-11-16T04:30:00Z,0,7.75,92.5,0.0790979422622291,0
2024-11-16T05:00:00Z,0,7.46,93.9,0.06307078476478178,0
2024-11-16T05:30:00Z,0,7.46,93.9,0.06307078476478178,0
2024-11-16T06:00:00Z,0,7.21,95.4,0.04675427144085387,0
2024-11-16T06:30:00Z,0,7.21,95.4,0.04675427144085387,0
2024-11-16T07:00:00Z,0,7.38,86.9,0.13470762164111172,0
2024-11-16T07:30:00Z,0,7.38,86.9,0.13470762164111172,0
2024-11-16T08:00:00Z,0,7.17,87.6,0.1256880956813281,0
2024-11-16T08:30:00Z,0,7.17,87.6,0.1256880956813281,0
2024-11-16T09:00:00Z,0,7.38,84.6,0.15835857811245202,0
2024-11-16T09:30:00Z,0,7.38,84.6,0.15835857811245202,0
2024-11-16T10:00:00Z,0,7.3,79.67,0.20791181477120813,0
2024-11-16T10:30:00Z,0,7.3,79.67,0.20791181477120813,0
2024-11-16T11:00:00Z,0,6.89,82.4,0.17499965623260172,0
2024-11-16T11:30:00Z,0,6.89,82.4,0.17499965623260172,0
2024-11-16T12:00:00Z,0,7.17,81,0.19258659822138957,0
2024-11-16T12:30:00Z,0,7.17,81,0.19258659822138957,0
2024-11-16T13:00:00Z,1.638888888888889,6.94,82.2,0.1775974133900856,0
2024-11-16T13:30:00Z,1.638888888888889,6.94,82.2,0.1775974133900856,0
2024-11-16T14:00:00Z,18.805555555555557,7.35,82.1,0.18368848415263084,0
2024-11-16T14:30:00Z,18.805555555555557,7.35,82.1,0.18368848415263084,0
2024-11-16T15:00:00Z,48.916666666666664,8.15,75.43,0.26628419909640855,0
2024-11-16T15:30:00Z,48.916666666666664,8.15,75.43,0.26628419909640855,0
2024-11-16T16:00:00Z,74.44444444444444,8.61,72.25,0.31028972218801953,0
2024-11-16T16:30:00Z,74.44444444444444,8.61,72.25,0.31028972218801953,0
2024-11-16T17:00:00Z,99,8.88,70.78,0.3327534599744223,0
2024-11-16T17:30:00Z,99,8.88,70.78,0.3327534599744223,0
2024-11-16T18:00:00Z,97.97222222222223,9.19,70.69,0.3408401136489939,0
2024-11-16T18:30:00Z,97.97222222222223,9.19,70.69,0.3408401136489939,0
2024-11-16T19:00:00Z,173.83333333333331,10.08,67.29,0.4038249198657281,0
2024-11-16T19:30:00Z,173.83333333333331,10.08,67.29,0.4038249198657281,0
2024-11-16T20:00:00Z,96.05555555555556,9.77,67.89,0.38826273540806,0
2024-11-16T20:30:00Z,96.05555555555556,9.77,67.89,0.38826273540806,0
2024-11-16T21:00:00Z,71.83333333333334,9.66,68.71,0.375562595328059,0
2024-11-16T21:30:00Z,71.83333333333334,9.66,68.71,0.375562595328059,0
2024-11-16T22:00:00Z,27.805555555555554,9.2,71.22,0.3349026613750209,0
2024-11-16T22:30:00Z,27.805555555555554,9.2,71.22,0.3349026613750209,0
2024-11-16T23:00:00Z,1.5000000000000002,8.7,75.57,0.2748373767048701,0
2024-11-16T23:30:00Z,1.5000000000000002,8.7,75.57,0.2748373767048701,0
2024-11-17T00:00:00Z,0,8.35,78.48,0.2364210878763653,0
2024-11-17T00:30:00Z,0,8.35,78.48,0.2364210878763653,0
2024-11-17T01:00:00Z,0,8.35,76.32,0.2601510855442535,0
2024-11-17T01:30:00Z,0,8.35,76.32,0.2601510855442535,0
2024-11-17T02:00:00Z,0,8.16,74.18,0.28002183160145444,0
2024-11-17T02:30:00Z,0,8.16,74.18,0.28002183160145444,0
2024-11-17T03:00:00Z,0,8.02,74.93,0.26930970529880116,0
2024-11-17T03:30:00Z,0,8.02,74.93,0.26930970529880116,0
2024-11-17T04:00:00Z,0,7.89,75.56,0.2602269238620518,0
2024-11-17T04:30:00Z,0,7.89,75.56,0.2602269238620518,0
2024-11-17T05:00:00Z,0,6.99,79.86,0.20163577810562672,0
2024-11-17T05:30:00Z,0,6.99,79.86,0.20163577810562672,0
2024-11-17T06:00:00Z,0,6.51,82.3,0.1714501175576827,0
2024-11-17T06:30:00Z,0,6.51,82.3,0.1714501175576827,0
2024-11-17T07:00:00Z,0,5.57,87.6,0.11254660706616937,0
2024-11-17T07:30:00Z,0,5.57,87.6,0.11254660706616937,0
2024-11-17T08:00:00Z,0,6.49,84,0.1547695883329514,0
2024-11-17T08:30:00Z,0,6.49,84,0.1547695883329514,0
2024-11-17T09:00:00Z,0,6.77,83.1,0.16665858235803088,0
2024-11-17T09:30:00Z,0,6.77,83.1,0.16665858235803088,0
2024-11-17T10:00:00Z,0,6.96,83.5,0.1648531498228738,0
2024-11-17T10:30:00Z,0,6.96,83.5,0.1648531498228738,0
2024-11-17T11:00:00Z,0,7.18,83.7,0.16533235515017008,0
2024-11-17T11:30:00Z,0,7.18,83.7,0.16533235515017008,0
2024-11-17T12:00:00Z,0,7.19,84.5,0.15732571295435427,0
2024-11-17T12:30:00Z,0,7.19,84.5,0.15732571295435427,0
2024-11-17T13:00:00Z,0.4444444444444445,7.39,84.7,0.157438005576105,0
2024-11-17T13:30:00Z,0.4444444444444445,7.39,84.7,0.157438005576105,0
2024-11-17T14:00:00Z,14.944444444444445,7.73,84.6,0.16219289011280424,0
2024-11-17T14:30:00Z,14.944444444444445,7.73,84.6,0.16219289011280424,0
2024-11-17T15:00:00Z,44.833333333333336,8.08,84.3,0.1693445883589394,0
2024-11-17T15:30:00Z,44.833333333333336,8.08,84.3,0.1693445883589394,0
2024-11-17T16:00:00Z,53.88888888888889,8.54,83.7,0.18139744692133586,0
2024-11-17T16:30:00Z,53.88888888888889,8.54,83.7,0.18139744692133586,0
2024-11-17T17:00:00Z,58.277777777777786,9.14,84.5,0.1796393991509907,0
2024-11-17T17:30:00Z,58.277777777777786,9.14,84.5,0.1796393991509907,0
2024-11-17T18:00:00Z,63.47222222222223,9.9,85.5,0.17686493926469882,0
2024-11-17T18:30:00Z,63.47222222222223,9.9,85.5,0.17686493926469882,0
2024-11-17T19:00:00Z,68.80555555555556,11.28,84.7,0.20461412375182308,0
2024-11-17T19:30:00Z,68.80555555555556,11.28,84.7,0.20461412375182308,0
2024-11-17T20:00:00Z,88.94444444444444,12.01,82.5,0.2456105722416717,0
2024-11-17T20:30:00Z,88.94444444444444,12.01,82.5,0.2456105722416717,0
2024-11-17T21:00:00Z,28.36111111111111,11.66,85.1,0.20434263424808186,0
2024-11-17T21:30:00Z,28.36111111111111,11.66,85.1,0.20434263424808186,0
2024-11-17T22:00:00Z,11.25,11.23,88.1,0.1586173481150206,0
2024-11-17T22:30:00Z,11.25,11.23,88.1,0.1586173481150206,0
2024-11-17T23:00:00Z,0.5833333333333334,11.11,89.7,0.13620137521289122,0
2024-11-17T23:30:00Z,0.5833333333333334,11.11,89.7,0.13620137521289122,0
2024-11-18T00:00:00Z,0,11.01,91.4,0.11296848003238313,0
2024-11-18T00:30:00Z,0,11.01,91.4,0.11296848003238313,0
2024-11-18T01:00:00Z,0,10.82,93.3,0.08690502826706381,0
2024-11-18T01:30:00Z,0,10.82,93.3,0.08690502826706381,0
2024-11-18T02:00:00Z,0,9.92,95.6,0.05374138959966901,0
2024-11-18T02:30:00Z,0,9.92,95.6,0.05374138959966901,0
2024-11-18T03:00:00Z,0,9.15,97.4,0.030153399981902584,0
2024-11-18T03:30:00Z,0,9.15,97.4,0.030153399981902584,0
2024-11-18T04:00:00Z,0,8.58,98.4,0.017854237745048573,0
2024-11-18T04:30:00Z,0,8.58,98.4,0.017854237745048573,0
2024-11-18T05:00:00Z,0.02777777777777778,8.06,99,0.01077160535392685,0
2024-11-18T05:30:00Z,0.02777777777777778,8.06,99,0.01077160535392685,0
2024-11-18T06:00:00Z,0,6.67,99.1,0.008814435503459839,0
2024-11-18T06:30:00Z,0,6.67,99.1,0.008814435503459839,0
2024-11-18T07:00:00Z,0.02777777777777778,5.57,99.4,0.005445803567717733,0
2024-11-18T07:30:00Z,0.02777777777777778,5.57,99.4,0.005445803567717733,0
2024-11-18T08:00:00Z,0.02777777777777778,4.33,99.5,0.004161726118966924,0
2024-11-18T08:30:00Z,0.02777777777777778,4.33,99.5,0.004161726118966924,0
2024-11-18T09:00:00Z,0.05555555555555556,3.23,99.6,0.003080900518331542,0
2024-11-18T09:30:00Z,0.05555555555555556,3.23,99.6,0.003080900518331542,0
2024-11-18T10:00:00Z,0.05555555555555556,1.57,99.6,0.002736877513963898,0
2024-11-18T10:30:00Z,0.05555555555555556,1.57,99.6,0.002736877513963898,0
2024-11-18T11:00:00Z,0.05555555555555556,1.09,99.8,0.0013219736074412403,0
2024-11-18T11:30:00Z,0.05555555555555556,1.09,99.8,0.0013219736074412403,0
2024-11-18T12:00:00Z,0.05555555555555556,0.57,99.8,0.0012732147530546412,0
2024-11-18T12:30:00Z,0.05555555555555556,0.57,99.8,0.0012732147530546412,0
2024-11-18T13:00:00Z,4.055555555555555,0.21,99.8,0.0012403965759226754,0
2024-11-18T13:30:00Z,4.055555555555555,0.21,99.8,0.0012403965759226754,0
2024-11-18T14:00:00Z,42.72222222222223,1.27,99.9,6.696160143816465e-4,0
2024-11-18T14:30:00Z,42.72222222222223,1.27,99.9,6.696160143816465e-4,0
2024-11-18T15:00:00Z,139.02777777777777,4.14,99.9,8.213097228566557e-4,0
2024-11-18T15:30:00Z,139.02777777777777,4.14,99.9,8.213097228566557e-4,0
2024-11-18T16:00:00Z,176.52777777777777,6.54,99.8,0.001941299963971077,0
2024-11-18T16:30:00Z,176.52777777777777,6.54,99.8,0.001941299963971077,0
2024-11-18T17:00:00Z,197.08333333333334,7.82,96.3,0.03920846051447824,0
2024-11-18T17:30:00Z,197.08333333333334,7.82,96.3,0.03920846051447824,0
2024-11-18T18:00:00Z,272.52777777777777,10.33,73.45,0.3333040624781123,0
2024-11-18T18:30:00Z,272.52777777777777,10.33,73.45,0.3333040624781123,0
2024-11-18T19:00:00Z,316.44444444444446,12.65,58.35,0.6096820326599542,0
2024-11-18T19:30:00Z,316.44444444444446,12.65,58.35,0.6096820326599542,0
2024-11-18T20:00:00Z,124.3888888888889,12.32,57.31,0.611506311939441,0
2024-11-18T20:30:00Z,124.3888888888889,12.32,57.31,0.611506311939441,0
2024-11-18T21:00:00Z,38.25,11.69,59.81,0.5522708036603464,0
2024-11-18T21:30:00Z,38.25,11.69,59.81,0.5522708036603464,0
2024-11-18T22:00:00Z,14.833333333333334,11.12,63.43,0.4839022526927189,0
2024-11-18T22:30:00Z,14.833333333333334,11.12,63.43,0.4839022526927189,0
2024-11-18T23:00:00Z,0.5555555555555556,10.44,67.07,0.4164464005756827,0
2024-11-18T23:30:00Z,0.5555555555555556,10.44,67.07,0.4164464005756827,0
2024-11-19T00:00:00Z,0,9.15,79.88,0.2333409260138014,0.125
2024-11-19T00:30:00Z,0,9.15,79.88,0.2333409260138014,0.125
2024-11-19T01:00:00Z,0,9.04,83.9,0.1853378039338378,0.38
2024-11-19T01:30:00Z,0,9.04,83.9,0.1853378039338378,0.38
2024-11-19T02:00:00Z,0,8.4,92.4,0.08377838051114939,0.38
2024-11-19T02:30:00Z,0,8.4,92.4,0.08377838051114939,0.38
2024-11-19T03:00:00Z,0,8.48,95,0.05541740736616685,1.015
2024-11-19T03:30:00Z,0,8.48,95,0.05541740736616685,1.015
2024-11-19T04:00:00Z,0,8.72,95,0.05632620565692936,0
2024-11-19T04:30:00Z,0,8.72,95,0.05632620565692936,0
2024-11-19T05:00:00Z,0,8.91,94.7,0.06047824213264685,0
2024-11-19T05:30:00Z,0,8.91,94.7,0.06047824213264685,0
2024-11-19T06:00:00Z,0,9.01,92,0.09190690299687065,0
2024-11-19T06:30:00Z,0,9.01,92,0.09190690299687065,0
2024-11-19T07:00:00Z,0,9.21,88.1,0.13856950735379647,0
2024-11-19T07:30:00Z,0,9.21,88.1,0.13856950735379647,0
2024-11-19T08:00:00Z,0,9.52,85.7,0.17002976365467215,0
2024-11-19T08:30:00Z,0,9.52,85.7,0.17002976365467215,0
2024-11-19T09:00:00Z,0,9.84,82.9,0.20774084165767293,0
2024-11-19T09:30:00Z,0,9.84,82.9,0.20774084165767293,0
2024-11-19T10:00:00Z,0,9.97,84.7,0.1875009207708318,0.255
2024-11-19T10:30:00Z,0,9.97,84.7,0.1875009207708318,0.255
2024-11-19T11:00:00Z,0,10.09,90.2,0.12106802824508622,0
2024-11-19T11:30:00Z,0,10.09,90.2,0.12106802824508622,0
2024-11-19T12:00:00Z,0,10.53,92.9,0.09033055686291269,0.125
2024-11-19T12:30:00Z,0,10.53,92.9,0.09033055686291269,0.125
2024-11-19T13:00:00Z,0.3055555555555556,10.61,95.2,0.06139529050186754,0
2024-11-19T13:30:00Z,0.3055555555555556,10.61,95.2,0.06139529050186754,0
2024-11-19T14:00:00Z,5.861111111111112,11.29,96.2,0.050852908270121455,0.125
2024-11-19T14:30:00Z,5.861111111111112,11.29,96.2,0.050852908270121455,0.125
2024-11-19T15:00:00Z,13.833333333333334,11.78,97.8,0.030411622497787727,0.125
2024-11-19T15:30:00Z,13.833333333333334,11.78,97.8,0.030411622497787727,0.125
2024-11-19T16:00:00Z,51.583333333333336,13.08,98.2,0.027101284241876966,0
2024-11-19T16:30:00Z,51.583333333333336,13.08,98.2,0.027101284241876966,0
2024-11-19T17:00:00Z,27.166666666666668,14.02,95,0.08003404205130327,0
2024-11-19T17:30:00Z,27.166666666666668,14.02,95,0.08003404205130327,0
2024-11-19T18:00:00Z,56.86111111111111,15.07,82.8,0.2946440546377016,0
2024-11-19T18:30:00Z,56.86111111111111,15.07,82.8,0.2946440546377016,0
2024-11-19T19:00:00Z,167.91666666666669,15.49,74.02,0.45722044490881153,0
2024-11-19T19:30:00Z,167.91666666666669,15.49,74.02,0.45722044490881153,0
2024-11-19T20:00:00Z,66.27777777777779,14.38,75.19,0.40650071810798183,0
2024-11-19T20:30:00Z,66.27777777777779,14.38,75.19,0.40650071810798183,0
2024-11-19T21:00:00Z,30.750000000000004,13.41,79.98,0.3079909937281904,0
2024-11-19T21:30:00Z,30.750000000000004,13.41,79.98,0.3079909937281904,0
2024-11-19T22:00:00Z,8.916666666666668,12.93,80.5,0.2907306566949308,0
2024-11-19T22:30:00Z,8.916666666666668,12.93,80.5,0.2907306566949308,0
2024-11-19T23:00:00Z,0.6388888888888888,12.92,78.58,0.3191474848719842,0
2024-11-19T23:30:00Z,0.6388888888888888,12.92,78.58,0.3191474848719842,0
2024-11-20T00:00:00Z,0,12.82,80.7,0.28568368336416805,0
2024-11-20T00:30:00Z,0,12.82,80.7,0.28568368336416805,0
2024-11-20T01:00:00Z,0,11.93,83,0.23733752324068957,0
2024-11-20T01:30:00Z,0,11.93,83,0.23733752324068957,0
2024-11-20T02:00:00Z,0,11,84.6,0.20215797742229746,0
2024-11-20T02:30:00Z,0,11,84.6,0.20215797742229746,0
2024-11-20T03:00:00Z,0,10.26,85.9,0.176182549476819,0
2024-11-20T03:30:00Z,0,10.26,85.9,0.176182549476819,0
2024-11-20T04:00:00Z,0,9.32,86,0.1642362823746688,0
2024-11-20T04:30:00Z,0,9.32,86,0.1642362823746688,0
2024-11-20T05:00:00Z,0,9.32,83.5,0.19356418994157398,0
2024-11-20T05:30:00Z,0,9.32,83.5,0.19356418994157398,0
2024-11-20T06:00:00Z,0,9.32,79.61,0.23919841411567822,0
2024-11-20T06:30:00Z,0,9.32,79.61,0.23919841411567822,0
2024-11-20T07:00:00Z,0,9.1,79.87,0.2326704621689072,0
2024-11-20T07:30:00Z,0,9.1,79.87,0.2326704621689072,0
2024-11-20T08:00:00Z,0,8.87,80.6,0.2207752626488919,0
2024-11-20T08:30:00Z,0,8.87,80.6,0.2207752626488919,0
2024-11-20T09:00:00Z,0,8.79,79.95,0.22694085790136898,0
2024-11-20T09:30:00Z,0,8.79,79.95,0.22694085790136898,0
2024-11-20T10:00:00Z,0,8.55,79.13,0.23241304040267585,0
2024-11-20T10:30:00Z,0,8.55,79.13,0.23241304040267585,0
2024-11-20T11:00:00Z,0,8.05,79.2,0.22389691721901017,0
2024-11-20T11:30:00Z,0,8.05,79.2,0.22389691721901017,0
2024-11-20T12:00:00Z,0,7.73,79.95,0.21116671732218995,0
2024-11-20T12:30:00Z,0,7.73,79.95,0.21116671732218995,0
2024-11-20T13:00:00Z,0.6666666666666666,7.53,80.5,0.20258723297605963,0
2024-11-20T13:30:00Z,0.6666666666666666,7.53,80.5,0.20258723297605963,0
2024-11-20T14:00:00Z,6.083333333333333,7.77,78.48,0.22726833100359378,0
2024-11-20T14:30:00Z,6.083333333333333,7.77,78.48,0.22726833100359378,0
2024-11-20T15:00:00Z,11.277777777777779,7.72,75.93,0.25333239592519263,0
2024-11-20T15:30:00Z,11.277777777777779,7.72,75.93,0.25333239592519263,0
2024-11-20T16:00:00Z,26.88888888888889,7.26,73.11,0.27424736782975434,0
2024-11-20T16:30:00Z,26.88888888888889,7.26,73.11,0.27424736782975434,0
2024-11-20T17:00:00Z,63.666666666666664,5.39,89.6,0.09321993394133787,0.255
2024-11-20T17:30:00Z,63.666666666666664,5.39,89.6,0.09321993394133787,0.255
2024-11-20T18:00:00Z,143.05555555555557,4.63,90.4,0.08160346497843696,0.125
2024-11-20T18:30:00Z,143.05555555555557,4.63,90.4,0.08160346497843696,0.125
2024-11-20T19:00:00Z,173.97222222222223,5.42,88.7,0.10149866573789945,0
2024-11-20T19:30:00Z,173.97222222222223,5.42,88.7,0.10149866573789945,0
2024-11-20T20:00:00Z,100.27777777777779,5.99,77.14,0.21361806061847743,0
2024-11-20T20:30:00Z,100.27777777777779,5.99,77.14,0.21361806061847743,0
2024-11-20T21:00:00Z,80.94444444444444,6.22,66.83,0.31493190557547346,0
2024-11-20T21:30:00Z,80.94444444444444,6.22,66.83,0.31493190557547346,0
2024-11-20T22:00:00Z,52.63888888888889,6.19,61.8,0.36193789842319846,0
2024-11-20T22:30:00Z,52.63888888888889,6.19,61.8,0.36193789842319846,0
2024-11-20T23:00:00Z,2.7222222222222223,5.5,61.97,0.34349805997402816,0
2024-11-20T23:30:00Z,2.7222222222222223,5.5,61.97,0.34349805997402816,0
2024-11-21T00:00:00Z,0,4.93,64.64,0.3069452193055273,0
2024-11-21T00:30:00Z,0,4.93,64.64,0.3069452193055273,0
2024-11-21T01:00:00Z,0,3.99,75.5,0.19910877213698808,0.125
2024-11-21T01:30:00Z,0,3.99,75.5,0.19910877213698808,0.125
2024-11-21T02:00:00Z,0,2.51,93.9,0.04464073021021886,0.125
2024-11-21T02:30:00Z,0,2.51,93.9,0.04464073021021886,0.125
2024-11-21T03:00:00Z,0,2.34,93.9,0.04410281496031898,0
2024-11-21T03:30:00Z,0,2.34,93.9,0.04410281496031898,0
2024-11-21T04:00:00Z,0,1.81,94.2,0.04037402676367241,0.125
2024-11-21T04:30:00Z,0,1.81,94.2,0.04037402676367241,0.125
2024-11-21T05:00:00Z,0.02777777777777778,1.3,95.6,0.029526809506660645,0.125
2024-11-21T05:30:00Z,0.02777777777777778,1.3,95.6,0.029526809506660645,0.125
2024-11-21T06:00:00Z,0.02777777777777778,0.98,96.8,0.020984381003917196,0
2024-11-21T06:30:00Z,0.02777777777777778,0.98,96.8,0.020984381003917196,0
2024-11-21T07:00:00Z,0.02777777777777778,1.04,97.6,0.015806575380712617,0.125
2024-11-21T07:30:00Z,0.02777777777777778,1.04,97.6,0.015806575380712617,0.125
2024-11-21T08:00:00Z,0.02777777777777778,0.45,98.1,0.011990815367509233,0
2024-11-21T08:30:00Z,0.02777777777777778,0.45,98.1,0.011990815367509233,0
2024-11-21T09:00:00Z,0,0.23,98.7,0.008074299943802488,0
2024-11-21T09:30:00Z,0,0.23,98.7,0.008074299943802488,0
2024-11-21T10:00:00Z,0,0.34,98.8,0.007512961638683091,0
2024-11-21T10:30:00Z,0,0.34,98.8,0.007512961638683091,0
2024-11-21T11:00:00Z,0,0.41,98.9,0.006921944330266827,0
2024-11-21T11:30:00Z,0,0.41,98.9,0.006921944330266827,0
2024-11-21T12:00:00Z,0,0.4,98.9,0.006916925713209676,0.125
2024-11-21T12:30:00Z,0,0.4,98.9,0.006916925713209676,0.125
2024-11-21T13:00:00Z,3.388888888888889,0.58,98.4,0.01019309777023547,0
2024-11-21T13:30:00Z,3.388888888888889,0.58,98.4,0.01019309777023547,0
2024-11-21T14:00:00Z,48.916666666666664,1.05,97.3,0.017795230207551138,0
2024-11-21T14:30:00Z,48.916666666666664,1.05,97.3,0.017795230207551138,0
2024-11-21T15:00:00Z,54.66666666666667,0.28,98.5,0.009350390064693515,0.125
2024-11-21T15:30:00Z,54.66666666666667,0.28,98.5,0.009350390064693515,0.125
2024-11-21T16:00:00Z,108.33333333333334,0.7,99.3,0.004498385528980187,1.145
2024-11-21T16:30:00Z,108.33333333333334,0.7,99.3,0.004498385528980187,1.145
2024-11-21T17:00:00Z,158.88888888888889,1.82,99.3,0.004876221217581911,0.255
2024-11-21T17:30:00Z,158.88888888888889,1.82,99.3,0.004876221217581911,0.255
2024-11-21T18:00:00Z,210.88888888888891,2.71,97.5,0.018557779433473365,0
2024-11-21T18:30:00Z,210.88888888888891,2.71,97.5,0.018557779433473365,0
2024-11-21T19:00:00Z,151.58333333333334,3.25,91.8,0.06324799393593117,0
2024-11-21T19:30:00Z,151.58333333333334,3.25,91.8,0.06324799393593117,0
2024-11-21T20:00:00Z,141.91666666666666,3.71,85.9,0.11235020576658239,0
2024-11-21T20:30:00Z,141.91666666666666,3.71,85.9,0.11235020576658239,0
2024-11-21T21:00:00Z,119.58333333333334,3.99,79.16,0.16936435964631968,0
2024-11-21T21:30:00Z,119.58333333333334,3.99,79.16,0.16936435964631968,0
2024-11-21T22:00:00Z,33.77777777777778,3.41,79.14,0.162729121162989,0
2024-11-21T22:30:00Z,33.77777777777778,3.41,79.14,0.162729121162989,0
2024-11-21T23:00:00Z,2.1944444444444446,2.18,84.7,0.10936183848968628,0
2024-11-21T23:30:00Z,2.1944444444444446,2.18,84.7,0.10936183848968628,0
2024-11-22T00:00:00Z,0.02777777777777778,-0.02,93.1,0.04208389537170398,0
2024-11-22T00:30:00Z,0.02777777777777778,-0.02,93.1,0.04208389537170398,0
2024-11-22T01:00:00Z,0.02777777777777778,-0.25,95.5,0.02698991633183634,0
2024-11-22T01:30:00Z,0.02777777777777778,-0.25,95.5,0.02698991633183634,0
2024-11-22T02:00:00Z,0.02777777777777778,-0.68,96.9,0.018017992959037832,0
2024-11-22T02:30:00Z,0.02777777777777778,-0.68,96.9,0.018017992959037832,0
2024-11-22T03:00:00Z,0.02777777777777778,0.35,95.2,0.0300736618683366,0
2024-11-22T03:30:00Z,0.02777777777777778,0.35,95.2,0.0300736618683366,0
2024-11-22T04:00:00Z,0.02777777777777778,0.39,91.6,0.05278186057182488,0
2024-11-22T04:30:00Z,0.02777777777777778,0.39,91.6,0.05278186057182488,0
2024-11-22T05:00:00Z,0.02777777777777778,-0.02,91.2,0.05367221438710057,0
2024-11-22T05:30:00Z,0.02777777777777778,-0.02,91.2,0.05367221438710057,0
2024-11-22T06:00:00Z,0.02777777777777778,-1.06,95,0.028262828450216104,0
2024-11-22T06:30:00Z,0.02777777777777778,-1.06,95,0.028262828450216104,0
2024-11-22T07:00:00Z,0,-0.28,97.5,0.014961623140565372,0
2024-11-22T07:30:00Z,0,-0.28,97.5,0.014961623140565372,0
2024-11-22T08:00:00Z,0,-0.06,97.8,0.013379036194886895,0
2024-11-22T08:30:00Z,0,-0.06,97.8,0.013379036194886895,0
2024-11-22T09:00:00Z,0,0.41,96.3,0.023282903656352105,0
2024-11-22T09:30:00Z,0,0.41,96.3,0.023282903656352105,0
2024-11-22T10:00:00Z,0,0.97,95.2,0.031453859065081136,0
2024-11-22T10:30:00Z,0,0.97,95.2,0.031453859065081136,0
2024-11-22T11:00:00Z,0,1.61,95.2,0.03293700467429361,0
2024-11-22T11:30:00Z,0,1.61,95.2,0.03293700467429361,0
2024-11-22T12:00:00Z,0,2.8,97.2,0.0209181713006108,0
2024-11-22T12:30:00Z,0,2.8,97.2,0.0209181713006108,0
2024-11-22T13:00:00Z,1.1111111111111112,3.99,96.4,0.029256799171149206,0
2024-11-22T13:30:00Z,1.1111111111111112,3.99,96.4,0.029256799171149206,0
2024-11-22T14:00:00Z,22.333333333333336,4.57,96.6,0.028780035245245417,0
2024-11-22T14:30:00Z,22.333333333333336,4.57,96.6,0.028780035245245417,0
2024-11-22T15:00:00Z,64.80555555555556,5.95,93.6,0.05964015163499625,0
2024-11-22T15:30:00Z,64.80555555555556,5.95,93.6,0.05964015163499625,0
2024-11-22T16:00:00Z,95.25,6.95,86.3,0.13678407850672136,0
2024-11-22T16:30:00Z,95.25,6.95,86.3,0.13678407850672136,0
2024-11-22T17:00:00Z,177.33333333333334,7.76,82.4,0.18574321942104288,0
2024-11-22T17:30:00Z,177.33333333333334,7.76,82.4,0.18574321942104288,0
2024-11-22T18:00:00Z,206.08333333333334,8.23,81.3,0.20377198808995167,0
2024-11-22T18:30:00Z,206.08333333333334,8.23,81.3,0.20377198808995167,0
2024-11-22T19:00:00Z,137.44444444444446,7.91,80.7,0.2057786872333751,0
2024-11-22T19:30:00Z,137.44444444444446,7.91,80.7,0.2057786872333751,0
2024-11-22T20:00:00Z,151.58333333333334,8,77.03,0.24641499930489474,0
2024-11-22T20:30:00Z,151.58333333333334,8,77.03,0.24641499930489474,0
2024-11-22T21:00:00Z,59.38888888888889,6.93,87.2,0.12762278899339885,0
2024-11-22T21:30:00Z,59.38888888888889,6.93,87.2,0.12762278899339885,0
2024-11-22T22:00:00Z,40.27777777777778,6.84,84.8,0.15061748737628877,0
2024-11-22T22:30:00Z,40.27777777777778,6.84,84.8,0.15061748737628877,0
2024-11-22T23:00:00Z,1.5833333333333335,6.53,84.1,0.15422700433470005,0
2024-11-22T23:30:00Z,1.5833333333333335,6.53,84.1,0.15422700433470005,0
2024-11-23T00:00:00Z,0,6.34,87.4,0.12062615510860131,0
2024-11-23T00:30:00Z,0,6.34,87.4,0.12062615510860131,0
2024-11-23T01:00:00Z,0,5.91,94.5,0.05111143589371758,0
2024-11-23T01:30:00Z,0,5.91,94.5,0.05111143589371758,0
2024-11-23T02:00:00Z,0,5.8,94.2,0.053489934927348326,0
2024-11-23T02:30:00Z,0,5.8,94.2,0.053489934927348326,0
2024-11-23T03:00:00Z,0,5.66,93.6,0.058452798814183304,0.125
2024-11-23T03:30:00Z,0,5.66,93.6,0.058452798814183304,0.125
2024-11-23T04:00:00Z,0,5.6,93.7,0.05730023015334518,0
2024-11-23T04:30:00Z,0,5.6,93.7,0.05730023015334518,0
2024-11-23T05:00:00Z,0,5.37,96.7,0.02953826448125918,0
2024-11-23T05:30:00Z,0,5.37,96.7,0.02953826448125918,0
2024-11-23T06:00:00Z,0,5.43,95.8,0.03775141864173881,0
2024-11-23T06:30:00Z,0,5.43,95.8,0.03775141864173881,0
2024-11-23T07:00:00Z,0,5.38,95.6,0.03941176931958357,0
2024-11-23T07:30:00Z,0,5.38,95.6,0.03941176931958357,0
2024-11-23T08:00:00Z,0,5.03,95.5,0.03933627227842629,0
2024-11-23T08:30:00Z,0,5.03,95.5,0.03933627227842629,0
2024-11-23T09:00:00Z,0,4.91,95,0.04334229533345224,0
2024-11-23T09:30:00Z,0,4.91,95,0.04334229533345224,0
2024-11-23T10:00:00Z,0,4.79,93.3,0.057593611590324945,0
2024-11-23T10:30:00Z,0,4.79,93.3,0.057593611590324945,0
2024-11-23T11:00:00Z,0,4.51,93,0.05900442417497931,0
2024-11-23T11:30:00Z,0,4.51,93,0.05900442417497931,0
2024-11-23T12:00:00Z,0,4.54,82.7,0.146132120661163,0
2024-11-23T12:30:00Z,0,4.54,82.7,0.146132120661163,0
2024-11-23T13:00:00Z,0.5833333333333334,4.31,81.9,0.15044312124887815,0
2024-11-23T13:30:00Z,0.5833333333333334,4.31,81.9,0.15044312124887815,0
2024-11-23T14:00:00Z,13.833333333333334,4.35,84.3,0.13086176536151295,0
2024-11-23T14:30:00Z,13.833333333333334,4.35,84.3,0.13086176536151295,0
2024-11-23T15:00:00Z,43.97222222222223,4.73,84.6,0.13182496987863324,0
2024-11-23T15:30:00Z,43.97222222222223,4.73,84.6,0.13182496987863324,0
2024-11-23T16:00:00Z,66.13888888888889,5.13,83.9,0.14172162801848343,0
2024-11-23T16:30:00Z,66.13888888888889,5.13,83.9,0.14172162801848343,0
2024-11-23T17:00:00Z,91.72222222222223,5.54,82.4,0.159410920925658,0
2024-11-23T17:30:00Z,91.72222222222223,5.54,82.4,0.159410920925658,0
2024-11-23T18:00:00Z,90.55555555555556,5.96,78.37,0.20170472217115454,0
2024-11-23T18:30:00Z,90.55555555555556,5.96,78.37,0.20170472217115454,0
2024-11-23T19:00:00Z,81.61111111111111,5.95,77.76,0.20724952693161158,0
2024-11-23T19:30:00Z,81.61111111111111,5.95,77.76,0.20724952693161158,0
2024-11-23T20:00:00Z,64.44444444444444,5.7,76.21,0.21788414511663634,0
2024-11-23T20:30:00Z,64.44444444444444,5.7,76.21,0.21788414511663634,0
2024-11-23T21:00:00Z,62.333333333333336,5.74,76.62,0.21472427588649845,0
2024-11-23T21:30:00Z,62.333333333333336,5.74,76.62,0.21472427588649845,0
2024-11-23T22:00:00Z,16.22222222222222,5.54,77.26,0.20596615578690125,0
2024-11-23T22:30:00Z,16.22222222222222,5.54,77.26,0.20596615578690125,0
2024-11-23T23:00:00Z,0.4166666666666667,5.25,80,0.17753027978771252,0
2024-11-23T23:30:00Z,0.4166666666666667,5.25,80,0.17753027978771252,0
2024-11-24T00:00:00Z,0,5.01,82,0.1571256107707768,0
2024-11-24T00:30:00Z,0,5.01,82,0.1571256107707768,0
2024-11-24T01:00:00Z,0,4.53,85,0.12661539634722674,0
2024-11-24T01:30:00Z,0,4.53,85,0.12661539634722674,0
2024-11-24T02:00:00Z,0,4.22,86.4,0.11232789679471022,0
2024-11-24T02:30:00Z,0,4.22,86.4,0.11232789679471022,0
2024-11-24T03:00:00Z,0,3.88,90.1,0.07983535639303929,0
2024-11-24T03:30:00Z,0,3.88,90.1,0.07983535639303929,0
2024-11-24T04:00:00Z,0,4.14,90.4,0.07884573339424372,0
2024-11-24T04:30:00Z,0,4.14,90.4,0.07884573339424372,0
2024-11-24T05:00:00Z,0,4.44,89.5,0.08807334897229635,0
2024-11-24T05:30:00Z,0,4.44,89.5,0.08807334897229635,0
2024-11-24T06:00:00Z,0,4.62,88.1,0.10108349062878574,0
2024-11-24T06:30:00Z,0,4.62,88.1,0.10108349062878574,0
2024-11-24T07:00:00Z,0,4.51,89.4,0.08934955660782595,0
2024-11-24T07:30:00Z,0,4.51,89.4,0.08934955660782595,0
2024-11-24T08:00:00Z,0,4.14,89.9,0.08295228200852722,0
2024-11-24T08:30:00Z,0,4.14,89.9,0.08295228200852722,0
2024-11-24T09:00:00Z,0,3.54,93.8,0.04881280740486649,0
2024-11-24T09:30:00Z,0,3.54,93.8,0.04881280740486649,0
2024-11-24T10:00:00Z,0,3.7,93.4,0.05255236574410416,0
2024-11-24T10:30:00Z,0,3.7,93.4,0.05255236574410416,0
2024-11-24T11:00:00Z,0,3.84,94.8,0.04181569292656151,0
2024-11-24T11:30:00Z,0,3.84,94.8,0.04181569292656151,0
2024-11-24T12:00:00Z,0,4.08,92.6,0.06052102930087455,0
2024-11-24T12:30:00Z,0,4.08,92.6,0.06052102930087455,0
2024-11-24T13:00:00Z,0.8055555555555556,3.75,94.5,0.04394838185834249,0
2024-11-24T13:30:00Z,0.8055555555555556,3.75,94.5,0.04394838185834249,0
2024-11-24T14:00:00Z,30,3.39,96.6,0.026485946077033917,0
2024-11-24T14:30:00Z,30,3.39,96.6,0.026485946077033917,0
2024-11-24T15:00:00Z,98.58333333333333,4.02,93.2,0.05537965031374659,0
2024-11-24T15:30:00Z,98.58333333333333,4.02,93.2,0.05537965031374659,0
2024-11-24T16:00:00Z,148.36111111111111,4.79,88.4,0.09971431260414465,0
2024-11-24T16:30:00Z,148.36111111111111,4.79,88.4,0.09971431260414465,0
2024-11-24T17:00:00Z,181.47222222222223,5.86,83.8,0.1500256905817854,0
2024-11-24T17:30:00Z,181.47222222222223,5.86,83.8,0.1500256905817854,0
2024-11-24T18:00:00Z,200.44444444444446,6.54,80.2,0.1921886964331332,0
2024-11-24T18:30:00Z,200.44444444444446,6.54,80.2,0.1921886964331332,0
2024-11-24T19:00:00Z,149.69444444444446,7.03,76.05,0.24043982534203556,0
2024-11-24T19:30:00Z,149.69444444444446,7.03,76.05,0.24043982534203556,0
2024-11-24T20:00:00Z,123.58333333333333,7.5,72.88,0.2811747163776154,0
2024-11-24T20:30:00Z,123.58333333333333,7.5,72.88,0.2811747163776154,0
2024-11-24T21:00:00Z,84.69444444444444,7.53,71.42,0.29692015992080933,0
2024-11-24T21:30:00Z,84.69444444444444,7.53,71.42,0.29692015992080933,0
2024-11-24T22:00:00Z,14.722222222222223,7.02,74.39,0.25692851807683637,0
2024-11-24T22:30:00Z,14.722222222222223,7.02,74.39,0.25692851807683637,0
2024-11-24T23:00:00Z,0.3333333333333333,6.73,76.48,0.23130392187644278,0
2024-11-24T23:30:00Z,0.3333333333333333,6.73,76.48,0.23130392187644278,0
2024-11-25T00:00:00Z,0,6.53,76.14,0.23143750461798385,0
2024-11-25T00:30:00Z,0,6.53,76.14,0.23143750461798385,0
2024-11-25T01:00:00Z,0,6.39,77.14,0.21960691738837823,0
2024-11-25T01:30:00Z,0,6.39,77.14,0.21960691738837823,0
2024-11-25T02:00:00Z,0,6.26,78.09,0.2085997953480455,0
2024-11-25T02:30:00Z,0,6.26,78.09,0.2085997953480455,0
2024-11-25T03:00:00Z,0,6.06,79.66,0.19099277921181623,0
2024-11-25T03:30:00Z,0,6.06,79.66,0.19099277921181623,0
2024-11-25T04:00:00Z,0,5.91,81.5,0.17192028436977713,0.125
2024-11-25T04:30:00Z,0,5.91,81.5,0.17192028436977713,0.125
2024-11-25T05:00:00Z,0,5.03,91,0.07867254455685246,0.38
2024-11-25T05:30:00Z,0,5.03,91,0.07867254455685246,0.38
2024-11-25T06:00:00Z,0,4.79,91.4,0.07392612830996925,0
2024-11-25T06:30:00Z,0,4.79,91.4,0.07392612830996925,0
2024-11-25T07:00:00Z,0,4.65,91.3,0.07405676534923089,0
2024-11-25T07:30:00Z,0,4.65,91.3,0.07405676534923089,0
2024-11-25T08:00:00Z,0,4.65,90.7,0.0791641284767639,0
2024-11-25T08:30:00Z,0,4.65,90.7,0.0791641284767639,0
2024-11-25T09:00:00Z,0,4.71,89.8,0.08719054935842407,0
2024-11-25T09:30:00Z,0,4.71,89.8,0.08719054935842407,0
2024-11-25T10:00:00Z,0,4.5,92.7,0.061490071368841326,0.125
2024-11-25T10:30:00Z,0,4.5,92.7,0.061490071368841326,0.125
2024-11-25T11:00:00Z,0,4.46,93.4,0.05543808538118988,0
2024-11-25T11:30:00Z,0,4.46,93.4,0.05543808538118988,0
2024-11-25T12:00:00Z,0,4.61,92.5,0.06366348519397302,0
2024-11-25T12:30:00Z,0,4.61,92.5,0.06366348519397302,0
2024-11-25T13:00:00Z,0.3055555555555556,4.68,92.2,0.06653529397373892,0
2024-11-25T13:30:00Z,0.3055555555555556,4.68,92.2,0.06653529397373892,0
2024-11-25T14:00:00Z,7.861111111111112,4.97,91.9,0.07050935869514396,0
2024-11-25T14:30:00Z,7.861111111111112,4.97,91.9,0.07050935869514396,0
2024-11-25T15:00:00Z,43.388888888888886,5.38,92.2,0.0698663183392616,0
2024-11-25T15:30:00Z,43.388888888888886,5.38,92.2,0.0698663183392616,0
2024-11-25T16:00:00Z,63.75,6,90.9,0.08509495570882974,0
2024-11-25T16:30:00Z,63.75,6,90.9,0.08509495570882974,0
2024-11-25T17:00:00Z,54.30555555555556,6.4,90.3,0.09324836380979051,0
2024-11-25T17:30:00Z,54.30555555555556,6.4,90.3,0.09324836380979051,0
2024-11-25T18:00:00Z,53.833333333333336,6.49,91.9,0.07835210409355664,0
2024-11-25T18:30:00Z,53.833333333333336,6.49,91.9,0.07835210409355664,0
2024-11-25T19:00:00Z,11.88888888888889,6.53,93.9,0.05916885071960187,0.255
2024-11-25T19:30:00Z,11.88888888888889,6.53,93.9,0.05916885071960187,0.255
2024-11-25T20:00:00Z,18.61111111111111,6.25,97.2,0.026639709891012497,0.125
2024-11-25T20:30:00Z,18.61111111111111,6.25,97.2,0.026639709891012497,0.125
2024-11-25T21:00:00Z,17.083333333333336,6.17,97.3,0.025546653074763226,0
2024-11-25T21:30:00Z,17.083333333333336,6.17,97.3,0.025546653074763226,0
2024-11-25T22:00:00Z,6.277777777777779,6.16,97.5,0.023637959931813612,0
2024-11-25T22:30:00Z,6.277777777777779,6.16,97.5,0.023637959931813612,0
2024-11-25T23:00:00Z,0.19444444444444445,6.11,98.2,0.01696058412172574,0
2024-11-25T23:30:00Z,0.19444444444444445,6.11,98.2,0.01696058412172574,0
2024-11-26T00:00:00Z,0,6.12,98.6,0.013200692719885998,0
2024-11-26T00:30:00Z,0,6.12,98.6,0.013200692719885998,0
2024-11-26T01:00:00Z,0.05555555555555556,5.71,95.1,0.044908512205885986,0.125
2024-11-26T01:30:00Z,0.05555555555555556,5.71,95.1,0.044908512205885986,0.125
2024-11-26T02:00:00Z,0.05555555555555556,4.81,92.9,0.06111744288339871,0
2024-11-26T02:30:00Z,0.05555555555555556,4.81,92.9,0.06111744288339871,0
2024-11-26T03:00:00Z,0.05555555555555556,4.06,94.6,0.0441019051102155,0
2024-11-26T03:30:00Z,0.05555555555555556,4.06,94.6,0.0441019051102155,0
2024-11-26T04:00:00Z,0.02777777777777778,3.8,94.5,0.04410360785698553,0
2024-11-26T04:30:00Z,0.02777777777777778,3.8,94.5,0.04410360785698553,0
2024-11-26T05:00:00Z,0.02777777777777778,3.71,89.9,0.08047780696755191,0
2024-11-26T05:30:00Z,0.02777777777777778,3.71,89.9,0.08047780696755191,0
2024-11-26T06:00:00Z,0,3.63,86.4,0.10775602600977785,0
2024-11-26T06:30:00Z,0,3.63,86.4,0.10775602600977785,0
2024-11-26T07:00:00Z,0,3.61,84.5,0.12263687528457257,0
2024-11-26T07:30:00Z,0,3.61,84.5,0.12263687528457257,0
2024-11-26T08:00:00Z,0.02777777777777778,3.08,88.4,0.08840122173411458,0.125
2024-11-26T08:30:00Z,0.02777777777777778,3.08,88.4,0.08840122173411458,0.125
2024-11-26T09:00:00Z,0.02777777777777778,2.45,90.2,0.071411828783295,0.125
2024-11-26T09:30:00Z,0.02777777777777778,2.45,90.2,0.071411828783295,0.125
2024-11-26T10:00:00Z,0.02777777777777778,2.26,85.5,0.10423756417609831,0
2024-11-26T10:30:00Z,0.02777777777777778,2.26,85.5,0.10423756417609831,0
2024-11-26T11:00:00Z,0.02777777777777778,1.65,83.2,0.11561101712665545,0
2024-11-26T11:30:00Z,0.02777777777777778,1.65,83.2,0.11561101712665545,0
2024-11-26T12:00:00Z,0,1.02,83.4,0.10917116667949756,0
2024-11-26T12:30:00Z,0,1.02,83.4,0.10917116667949756,0
2024-11-26T13:00:00Z,0.6666666666666666,0.21,77.09,0.14208742777194644,0
2024-11-26T13:30:00Z,0.6666666666666666,0.21,77.09,0.14208742777194644,0
2024-11-26T14:00:00Z,21.444444444444446,-0.23,75.51,0.14709950924957216,0
2024-11-26T14:30:00Z,21.444444444444446,-0.23,75.51,0.14709950924957216,0
2024-11-26T15:00:00Z,97.5,-0.21,73.41,0.15994625776597005,0
2024-11-26T15:30:00Z,97.5,-0.21,73.41,0.15994625776597005,0
2024-11-26T16:00:00Z,235.77777777777777,0.27,72.33,0.1723583361522349,0
2024-11-26T16:30:00Z,235.77777777777777,0.27,72.33,0.1723583361522349,0
2024-11-26T17:00:00Z,314.9166666666667,0.73,69.45,0.19674892140047168,0
2024-11-26T17:30:00Z,314.9166666666667,0.73,69.45,0.19674892140047168,0
2024-11-26T18:00:00Z,316.50000000000006,1.39,64.64,0.23882991806111997,0
2024-11-26T18:30:00Z,316.50000000000006,1.39,64.64,0.23882991806111997,0
2024-11-26T19:00:00Z,235.05555555555557,1.21,64.3,0.2380221159216679,0
2024-11-26T19:30:00Z,235.05555555555557,1.21,64.3,0.2380221159216679,0
2024-11-26T20:00:00Z,297.61111111111114,2.38,58.93,0.2977835264742053,0
2024-11-26T20:30:00Z,297.61111111111114,2.38,58.93,0.2977835264742053,0
2024-11-26T21:00:00Z,129.38888888888889,1.37,60.98,0.26317152271876865,0
2024-11-26T21:30:00Z,129.38888888888889,1.37,60.98,0.26317152271876865,0
2024-11-26T22:00:00Z,50.63888888888889,0.79,61.04,0.25200224263054277,0
2024-11-26T22:30:00Z,50.63888888888889,0.79,61.04,0.25200224263054277,0
2024-11-26T23:00:00Z,1.3611111111111112,0.08,63.74,0.22276887445715143,0
2024-11-26T23:30:00Z,1.3611111111111112,0.08,63.74,0.22276887445715143,0
2024-11-27T00:00:00Z,0,-0.22,65.49,0.20743596930668323,0
2024-11-27T00:30:00Z,0,-0.22,65.49,0.20743596930668323,0
2024-11-27T01:00:00Z,0,-0.54,68.72,0.18367888597693793,0
2024-11-27T01:30:00Z,0,-0.54,68.72,0.18367888597693793,0
2024-11-27T02:00:00Z,0.02777777777777778,-0.9,70.13,0.17083621467969395,0
2024-11-27T02:30:00Z,0.02777777777777778,-0.9,70.13,0.17083621467969395,0
2024-11-27T03:00:00Z,0.02777777777777778,-1.32,71.84,0.15616276312317884,0
2024-11-27T03:30:00Z,0.02777777777777778,-1.32,71.84,0.15616276312317884,0
2024-11-27T04:00:00Z,0.02777777777777778,-1.87,75.13,0.1324344145322236,0
2024-11-27T04:30:00Z,0.02777777777777778,-1.87,75.13,0.1324344145322236,0
2024-11-27T05:00:00Z,0.02777777777777778,-2.13,75.56,0.12766393910086216,0
2024-11-27T05:30:00Z,0.02777777777777778,-2.13,75.56,0.12766393910086216,0
2024-11-27T06:00:00Z,0.02777777777777778,-2.35,76.41,0.12122951029445844,0
2024-11-27T06:30:00Z,0.02777777777777778,-2.35,76.41,0.12122951029445844,0
2024-11-27T07:00:00Z,0.02777777777777778,-2.64,79.88,0.10119210226009523,0
2024-11-27T07:30:00Z,0.02777777777777778,-2.64,79.88,0.10119210226009523,0
2024-11-27T08:00:00Z,0,-3.11,87.5,0.06070254455606788,0
2024-11-27T08:30:00Z,0,-3.11,87.5,0.06070254455606788,0
2024-11-27T09:00:00Z,0.02777777777777778,-3.83,91,0.041409701470048466,0
2024-11-27T09:30:00Z,0.02777777777777778,-3.83,91,0.041409701470048466,0
2024-11-27T10:00:00Z,0,-4.31,90.5,0.04215779216331561,0
2024-11-27T10:30:00Z,0,-4.31,90.5,0.04215779216331561,0
2024-11-27T11:00:00Z,0.02777777777777778,-4.85,91.6,0.0357838862801233,0
2024-11-27T11:30:00Z,0.02777777777777778,-4.85,91.6,0.0357838862801233,0
2024-11-27T12:00:00Z,0.02777777777777778,-5.06,91.9,0.03396015902954841,0
2024-11-27T12:30:00Z,0.02777777777777778,-5.06,91.9,0.03396015902954841,0
2024-11-27T13:00:00Z,0.9444444444444444,-4.73,92.7,0.03138208279967469,0
2024-11-27T13:30:00Z,0.9444444444444444,-4.73,92.7,0.03138208279967469,0
2024-11-27T14:00:00Z,20.5,-3.34,89.4,0.05059778623957106,0
2024-11-27T14:30:00Z,20.5,-3.34,89.4,0.05059778623957106,0
2024-11-27T15:00:00Z,65.72222222222223,-1.52,83.7,0.08907067898710291,0
2024-11-27T15:30:00Z,65.72222222222223,-1.52,83.7,0.08907067898710291,0
2024-11-27T16:00:00Z,98.11111111111111,-0.53,79.36,0.12128851592345208,0
2024-11-27T16:30:00Z,98.11111111111111,-0.53,79.36,0.12128851592345208,0
2024-11-27T17:00:00Z,174.11111111111111,0.3,76.85,0.14451737224053912,0
2024-11-27T17:30:00Z,174.11111111111111,0.3,76.85,0.14451737224053912,0
2024-11-27T18:00:00Z,262.44444444444446,1.59,72.08,0.19130863952335747,0
2024-11-27T18:30:00Z,262.44444444444446,1.59,72.08,0.19130863952335747,0
2024-11-27T19:00:00Z,198.16666666666666,2.47,68.05,0.2331493292333751,0
2024-11-27T19:30:00Z,198.16666666666666,2.47,68.05,0.2331493292333751,0
2024-11-27T20:00:00Z,180.5,2.78,66.24,0.2518550099482471,0
2024-11-27T20:30:00Z,180.5,2.78,66.24,0.2518550099482471,0
2024-11-27T21:00:00Z,103.94444444444444,3.06,63.74,0.27593830237937594,0
2024-11-27T21:30:00Z,103.94444444444444,3.06,63.74,0.27593830237937594,0
2024-11-27T22:00:00Z,25.250000000000004,2.56,67.18,0.24103889893846836,0
2024-11-27T22:30:00Z,25.250000000000004,2.56,67.18,0.24103889893846836,0
2024-11-27T23:00:00Z,0.888888888888889,0.16,78.96,0.13001648646430491,0
2024-11-27T23:30:00Z,0.888888888888889,0.16,78.96,0.13001648646430491,0
2024-11-28T00:00:00Z,0.02777777777777778,0.26,77.97,0.13712677711936128,0
2024-11-28T00:30:00Z,0.02777777777777778,0.26,77.97,0.13712677711936128,0
2024-11-28T01:00:00Z,0.02777777777777778,-0.26,79.49,0.12292435485166237,0
2024-11-28T01:30:00Z,0.02777777777777778,-0.26,79.49,0.12292435485166237,0
2024-11-28T02:00:00Z,0.02777777777777778,-0.76,81.6,0.10632088756936697,0
2024-11-28T02:30:00Z,0.02777777777777778,-0.76,81.6,0.10632088756936697,0
2024-11-28T03:00:00Z,0,-1.25,81.9,0.1008927673733433,0
2024-11-28T03:30:00Z,0,-1.25,81.9,0.1008927673733433,0
2024-11-28T04:00:00Z,0,-1.41,81.5,0.10191519766103285,0
2024-11-28T04:30:00Z,0,-1.41,81.5,0.10191519766103285,0
2024-11-28T05:00:00Z,0.02777777777777778,-1.14,80.5,0.10957919075766864,0
2024-11-28T05:30:00Z,0.02777777777777778,-1.14,80.5,0.10957919075766864,0
2024-11-28T06:00:00Z,0,-1.06,79.09,0.11819514857880353,0
2024-11-28T06:30:00Z,0,-1.06,79.09,0.11819514857880353,0
2024-11-28T07:00:00Z,0.02777777777777778,-1.85,80.4,0.1045257525412725,0
2024-11-28T07:30:00Z,0.02777777777777778,-1.85,80.4,0.1045257525412725,0
2024-11-28T08:00:00Z,0.02777777777777778,-3.2,85.9,0.06801335814610276,0
2024-11-28T08:30:00Z,0.02777777777777778,-3.2,85.9,0.06801335814610276,0
2024-11-28T09:00:00Z,0,-3.32,90.4,0.04589307302107093,0
2024-11-28T09:30:00Z,0,-3.32,90.4,0.04589307302107093,0
2024-11-28T10:00:00Z,0,-2.7,87.3,0.06358908206899999,0
2024-11-28T10:30:00Z,0,-2.7,87.3,0.06358908206899999,0
2024-11-28T11:00:00Z,0,-2.29,88.5,0.059362513745478185,0
2024-11-28T11:30:00Z,0,-2.29,88.5,0.059362513745478185,0
2024-11-28T12:00:00Z,0,-2.02,89.3,0.056349382521643065,0
2024-11-28T12:30:00Z,0,-2.02,89.3,0.056349382521643065,0
2024-11-28T13:00:00Z,0.4444444444444445,-1.71,87.6,0.06681607967187325,0
2024-11-28T13:30:00Z,0.4444444444444445,-1.71,87.6,0.06681607967187325,0
2024-11-28T14:00:00Z,13.833333333333334,-1.27,87,0.07235789288870681,0
2024-11-28T14:30:00Z,13.833333333333334,-1.27,87,0.07235789288870681,0
2024-11-28T15:00:00Z,45.52777777777778,-0.45,82.6,0.10284856743373133,0
2024-11-28T15:30:00Z,45.52777777777778,-0.45,82.6,0.10284856743373133,0
2024-11-28T16:00:00Z,51.94444444444445,-0.1,74.69,0.15347200709527614,0
2024-11-28T16:30:00Z,51.94444444444445,-0.1,74.69,0.15347200709527614,0
2024-11-28T17:00:00Z,70.3888888888889,0.19,71.42,0.17699529346178666,0
2024-11-28T17:30:00Z,70.3888888888889,0.19,71.42,0.17699529346178666,0
2024-11-28T18:00:00Z,79.30555555555556,0.4,68.53,0.19788695654064653,0
2024-11-28T18:30:00Z,79.30555555555556,0.4,68.53,0.19788695654064653,0
2024-11-28T19:00:00Z,68.08333333333333,0.23,67.25,0.2034102485842535,0
2024-11-28T19:30:00Z,68.08333333333333,0.23,67.25,0.2034102485842535,0
2024-11-28T20:00:00Z,73.6388888888889,0.24,62.9,0.2305955263698875,0
2024-11-28T20:30:00Z,73.6388888888889,0.24,62.9,0.2305955263698875,0
2024-11-28T21:00:00Z,24.52777777777778,-0.19,61.12,0.23421526826323097,0
2024-11-28T21:30:00Z,24.52777777777778,-0.19,61.12,0.23421526826323097,0
2024-11-28T22:00:00Z,5.305555555555556,-0.54,63.09,0.2167387366179277,0
2024-11-28T22:30:00Z,5.305555555555556,-0.54,63.09,0.2167387366179277,0
2024-11-28T23:00:00Z,0.19444444444444445,-0.6,66.1,0.19819224003138514,0
2024-11-28T23:30:00Z,0.19444444444444445,-0.6,66.1,0.19819224003138514,0
2024-11-29T00:00:00Z,0.02777777777777778,-0.93,68.37,0.18050463324253485,0
2024-11-29T00:30:00Z,0.02777777777777778,-0.93,68.37,0.18050463324253485,0
2024-11-29T01:00:00Z,0.02777777777777778,-1.2,67.28,0.1830591881650543,0
2024-11-29T01:30:00Z,0.02777777777777778,-1.2,67.28,0.1830591881650543,0
2024-11-29T02:00:00Z,0.02777777777777778,-1.3,67.47,0.1806625220651223,0
2024-11-29T02:30:00Z,0.02777777777777778,-1.3,67.47,0.1806625220651223,0
2024-11-29T03:00:00Z,0.02777777777777778,-1.35,68.2,0.1759596114544974,0
2024-11-29T03:30:00Z,0.02777777777777778,-1.35,68.2,0.1759596114544974,0
2024-11-29T04:00:00Z,0,-2.28,80.8,0.09918315392437199,0
2024-11-29T04:30:00Z,0,-2.28,80.8,0.09918315392437199,0
2024-11-29T05:00:00Z,0.02777777777777778,-2.95,87.1,0.06339796585351087,0
2024-11-29T05:30:00Z,0.02777777777777778,-2.95,87.1,0.06339796585351087,0
2024-11-29T06:00:00Z,0,-3.29,94.7,0.02539375648780967,0
2024-11-29T06:30:00Z,0,-3.29,94.7,0.02539375648780967,0
2024-11-29T07:00:00Z,0,-3.43,95.5,0.021335883848576043,0
2024-11-29T07:30:00Z,0,-3.43,95.5,0.021335883848576043,0
2024-11-29T08:00:00Z,0.02777777777777778,-3.65,95.8,0.01958762340664677,0
2024-11-29T08:30:00Z,0.02777777777777778,-3.65,95.8,0.01958762340664677,0
2024-11-29T09:00:00Z,0,-3.82,95.9,0.018878607389975877,0
2024-11-29T09:30:00Z,0,-3.82,95.9,0.018878607389975877,0
2024-11-29T10:00:00Z,0,-3.82,96.5,0.01611588435729655,0
2024-11-29T10:30:00Z,0,-3.82,96.5,0.01611588435729655,0
2024-11-29T11:00:00Z,0.02777777777777778,-3.91,96.7,0.0150924748224745,0
2024-11-29T11:30:00Z,0.02777777777777778,-3.91,96.7,0.0150924748224745,0
2024-11-29T12:00:00Z,0.02777777777777778,-4.06,96.8,0.014470787322828471,0
2024-11-29T12:30:00Z,0.02777777777777778,-4.06,96.8,0.014470787322828471,0
2024-11-29T13:00:00Z,0.4444444444444445,-4.32,96.5,0.015520096413666695,0
2024-11-29T13:30:00Z,0.4444444444444445,-4.32,96.5,0.015520096413666695,0
2024-11-29T14:00:00Z,12.972222222222223,-4.17,96.6,0.015248270024888433,0
2024-11-29T14:30:00Z,12.972222222222223,-4.17,96.6,0.015248270024888433,0
2024-11-29T15:00:00Z,28.61111111111111,-3.94,96.1,0.017796342853937774,0
2024-11-29T15:30:00Z,28.61111111111111,-3.94,96.1,0.017796342853937774,0
2024-11-29T16:00:00Z,41.833333333333336,-3.83,95.3,0.021625066323247566,0
2024-11-29T16:30:00Z,41.833333333333336,-3.83,95.3,0.021625066323247566,0
2024-11-29T17:00:00Z,49.72222222222222,-4,94.6,0.02453005003827502,0
2024-11-29T17:30:00Z,49.72222222222222,-4,94.6,0.02453005003827502,0
2024-11-29T18:00:00Z,62.16666666666667,-4.12,92.3,0.034663260086560455,0
2024-11-29T18:30:00Z,62.16666666666667,-4.12,92.3,0.034663260086560455,0
2024-11-29T19:00:00Z,47.55555555555556,-4.11,93.3,0.03018427881156227,0
2024-11-29T19:30:00Z,47.55555555555556,-4.11,93.3,0.03018427881156227,0
2024-11-29T20:00:00Z,40.72222222222222,-4.25,91.6,0.037445552626993395,0
2024-11-29T20:30:00Z,40.72222222222222,-4.25,91.6,0.037445552626993395,0
2024-11-29T21:00:00Z,27.888888888888893,-4.33,91.2,0.038992504579156984,0
2024-11-29T21:30:00Z,27.888888888888893,-4.33,91.2,0.038992504579156984,0
2024-11-29T22:00:00Z,10.25,-4.47,92.9,0.031128851620280396,0
2024-11-29T22:30:00Z,10.25,-4.47,92.9,0.031128851620280396,0
2024-11-29T23:00:00Z,0.5833333333333334,-4.75,94,0.025754432810152494,0
2024-11-29T23:30:00Z,0.5833333333333334,-4.75,94,0.025754432810152494,0
2024-11-30T00:00:00Z,0.02777777777777778,-4.7,91.9,0.03490044439590556,0
2024-11-30T00:30:00Z,0.02777777777777778,-4.7,91.9,0.03490044439590556,0
2024-11-30T01:00:00Z,0.02777777777777778,-4.41,84.4,0.06870664746742083,0
2024-11-30T01:30:00Z,0.02777777777777778,-4.41,84.4,0.06870664746742083,0
2024-11-30T02:00:00Z,0.02777777777777778,-4.28,81,0.08450673707107176,0
2024-11-30T02:30:00Z,0.02777777777777778,-4.28,81,0.08450673707107176,0
2024-11-30T03:00:00Z,0.02777777777777778,-4.38,81.9,0.07989821154489457,0
2024-11-30T03:30:00Z,0.02777777777777778,-4.38,81.9,0.07989821154489457,0
2024-11-30T04:00:00Z,0.02777777777777778,-4.49,83.8,0.07091907623543375,0
2024-11-30T04:30:00Z,0.02777777777777778,-4.49,83.8,0.07091907623543375,0
2024-11-30T05:00:00Z,0.02777777777777778,-4.58,83.5,0.07174232956622684,0
2024-11-30T05:30:00Z,0.02777777777777778,-4.58,83.5,0.07174232956622684,0
2024-11-30T06:00:00Z,0.02777777777777778,-4.67,82.3,0.07643741372023716,0
2024-11-30T06:30:00Z,0.02777777777777778,-4.67,82.3,0.07643741372023716,0
2024-11-30T07:00:00Z,0.02777777777777778,-4.74,81.9,0.07775143454142946,0
2024-11-30T07:30:00Z,0.02777777777777778,-4.74,81.9,0.07775143454142946,0
2024-11-30T08:00:00Z,0,-4.81,82.8,0.07349436026944145,0
2024-11-30T08:30:00Z,0,-4.81,82.8,0.07349436026944145,0
2024-11-30T09:00:00Z,0.02777777777777778,-4.82,81.6,0.07856228301246487,0
2024-11-30T09:30:00Z,0.02777777777777778,-4.82,81.6,0.07856228301246487,0
2024-11-30T10:00:00Z,0.02777777777777778,-4.93,82.6,0.07367521474854494,0
2024-11-30T10:30:00Z,0.02777777777777778,-4.93,82.6,0.07367521474854494,0
2024-11-30T11:00:00Z,0.02777777777777778,-5.01,83.2,0.07070393278234066,0
2024-11-30T11:30:00Z,0.02777777777777778,-5.01,83.2,0.07070393278234066,0
2024-11-30T12:00:00Z,0.02777777777777778,-5.09,82.9,0.07153040926933585,0
2024-11-30T12:30:00Z,0.02777777777777778,-5.09,82.9,0.07153040926933585,0
2024-11-30T13:00:00Z,0.19444444444444445,-5.19,82.6,0.07223400191756929,0
2024-11-30T13:30:00Z,0.19444444444444445,-5.19,82.6,0.07223400191756929,0
2024-11-30T14:00:00Z,3.3333333333333335,-5.42,86,0.05711032881403627,0
2024-11-30T14:30:00Z,3.3333333333333335,-5.42,86,0.05711032881403627,0
2024-11-30T15:00:00Z,14.194444444444445,-5.34,83.8,0.06648885391647236,0
2024-11-30T15:30:00Z,14.194444444444445,-5.34,83.8,0.06648885391647236,0
2024-11-30T16:00:00Z,26.222222222222225,-5.24,79.14,0.086268963318766545,0
2024-11-30T16:30:00Z,26.222222222222225,-5.24,79.14,0.086268963318766545,0
2024-11-30T17:00:00Z,35.55555555555556,-5.19,78.27,0.09020947480855057,0
2024-11-30T17:30:00Z,35.55555555555556,-5.19,78.27,0.09020947480855057,0
2024-11-30T18:00:00Z,48.916666666666664,-5.13,78.59,0.08928751572034266,0
2024-11-30T18:30:00Z,48.916666666666664,-5.13,78.59,0.08928751572034266,0
2024-11-30T19:00:00Z,50.833333333333336,-4.96,77.34,0.09572890215545954,0
2024-11-30T19:30:00Z,50.833333333333336,-4.96,77.34,0.09572890215545954,0
2024-11-30T20:00:00Z,53.05555555555556,-4.87,76.9,0.09825651463673629,0
2024-11-30T20:30:00Z,53.05555555555556,-4.87,76.9,0.09825651463673629,0
2024-11-30T21:00:00Z,33.52777777777778,-4.83,76.93,0.09842706706606519,0
2024-11-30T21:30:00Z,33.52777777777778,-4.83,76.93,0.09842706706606519,0
2024-11-30T22:00:00Z,8.166666666666666,-4.98,78.4,0.09111239355349338,0
2024-11-30T22:30:00Z,8.166666666666666,-4.98,78.4,0.09111239355349338,0
2024-11-30T23:00:00Z,0.4166666666666667,-5.11,81.1,0.07893983184832193,0
2024-11-30T23:30:00Z,0.4166666666666667,-5.11,81.1,0.07893983184832193,0
2024-12-01T00:00:00Z,0.02777777777777778,-5.03,79.69,0.0853462534222802,0
2024-12-01T00:30:00Z,0.02777777777777778,-5.03,79.69,0.0853462534222802,0
2024-12-01T01:00:00Z,0.02777777777777778,-4.8,78.27,0.09292114647620764,0
2024-12-01T01:30:00Z,0.02777777777777778,-4.8,78.27,0.09292114647620764,0
2024-12-01T02:00:00Z,0,-4.23,75.02,0.1115241021859607,0
2024-12-01T02:30:00Z,0,-4.23,75.02,0.1115241021859607,0
2024-12-01T03:00:00Z,0,-3.99,75.29,0.11233223595651554,0
2024-12-01T03:30:00Z,0,-3.99,75.29,0.11233223595651554,0
2024-12-01T04:00:00Z,0,-3.83,74.53,0.11718945516023727,0
2024-12-01T04:30:00Z,0,-3.83,74.53,0.11718945516023727,0
2024-12-01T05:00:00Z,0,-4.04,75.53,0.11082313409433775,0
2024-12-01T05:30:00Z,0,-4.04,75.53,0.11082313409433775,0
2024-12-13T06:00:00Z,0.02777777777777778,-10.6,80.4,0.05338988102733766,0
2024-12-13T06:30:00Z,0.02777777777777778,-10.6,80.4,0.05338988102733766,0
2024-12-13T07:00:00Z,0.02777777777777778,-10.82,78.91,0.05644859407816902,0
2024-12-13T07:30:00Z,0.02777777777777778,-10.82,78.91,0.05644859407816902,0
2024-12-13T08:00:00Z,0.02777777777777778,-11.05,78.54,0.05639199078904136,0
2024-12-13T08:30:00Z,0.02777777777777778,-11.05,78.54,0.05639199078904136,0
2024-12-13T09:00:00Z,0.02777777777777778,-11.04,75.68,0.06395860138459555,0
2024-12-13T09:30:00Z,0.02777777777777778,-11.04,75.68,0.06395860138459555,0
2024-12-13T10:00:00Z,0.02777777777777778,-11.03,70.66,0.07722237334518264,0
2024-12-13T10:30:00Z,0.02777777777777778,-11.03,70.66,0.07722237334518264,0
2024-12-13T11:00:00Z,0.02777777777777778,-11.01,70.88,0.07676612340856873,0
2024-12-13T11:30:00Z,0.02777777777777778,-11.01,70.88,0.07676612340856873,0
2024-12-13T12:00:00Z,0.02777777777777778,-11.15,72.78,0.07095734419832475,0
2024-12-13T12:30:00Z,0.02777777777777778,-11.15,72.78,0.07095734419832475,0
2024-12-13T13:00:00Z,0.1388888888888889,-12.69,76.68,0.053688106801025565,0
2024-12-13T13:30:00Z,0.1388888888888889,-12.69,76.68,0.053688106801025565,0
2024-12-13T14:00:00Z,3.5277777777777777,-12.43,74.54,0.05986457123277769,0
2024-12-13T14:30:00Z,3.5277777777777777,-12.43,74.54,0.05986457123277769,0
2024-12-13T15:00:00Z,30.250000000000004,-10.94,69.38,0.08117376145394345,0
2024-12-13T15:30:00Z,30.250000000000004,-10.94,69.38,0.08117376145394345,0
2024-12-13T16:00:00Z,77.16666666666667,-9.29,63.48,0.11036726203839295,0
2024-12-13T16:30:00Z,77.16666666666667,-9.29,63.48,0.11036726203839295,0
2024-12-13T17:00:00Z,95.27777777777779,-8.85,62.37,0.1177275148780749,0
2024-12-13T17:30:00Z,95.27777777777779,-8.85,62.37,0.1177275148780749,0
2024-12-13T18:00:00Z,86.33333333333334,-8.5,60.67,0.12646940678711296,0
2024-12-13T18:30:00Z,86.33333333333334,-8.5,60.67,0.12646940678711296,0
2024-12-13T19:00:00Z,76.27777777777779,-7.54,58.18,0.14492654690018522,0.255
2024-12-13T19:30:00Z,76.27777777777779,-7.54,58.18,0.14492654690018522,0.255
2024-12-13T20:00:00Z,56.38888888888889,-7.36,57.58,0.1490728528746191,0.255
2024-12-13T20:30:00Z,56.38888888888889,-7.36,57.58,0.1490728528746191,0.255
2024-12-13T21:00:00Z,32.94444444444444,-7.17,56.16,0.15634680955241412,0
2024-12-13T21:30:00Z,32.94444444444444,-7.17,56.16,0.15634680955241412,0
2024-12-13T22:00:00Z,7.611111111111111,-8.52,61.25,0.12440940367570028,0
2024-12-13T22:30:00Z,7.611111111111111,-8.52,61.25,0.12440940367570028,0
2024-12-13T23:00:00Z,0.3333333333333333,-10.58,70.25,0.08116754692618958,0
2024-12-13T23:30:00Z,0.3333333333333333,-10.58,70.25,0.08116754692618958,0
2024-12-14T00:00:00Z,0.05555555555555556,-11.67,72.99,0.06752988788690789,0
2024-12-14T00:30:00Z,0.05555555555555556,-11.67,72.99,0.06752988788690789,0
2024-12-14T01:00:00Z,0.08333333333333333,-12.06,75.62,0.05906726284646474,0
2024-12-14T01:30:00Z,0.08333333333333333,-12.06,75.62,0.05906726284646474,0
2024-12-14T02:00:00Z,0.02777777777777778,-12.01,73.69,0.06400113852542141,0
2024-12-14T02:30:00Z,0.02777777777777778,-12.01,73.69,0.06400113852542141,0
2024-12-14T03:00:00Z,0.02777777777777778,-12.05,74.75,0.06122451184338837,0
2024-12-14T03:30:00Z,0.02777777777777778,-12.05,74.75,0.06122451184338837,0
2024-12-14T04:00:00Z,0.02777777777777778,-11.6,73.8,0.06587478777829797,0
2024-12-14T04:30:00Z,0.02777777777777778,-11.6,73.8,0.06587478777829797,0
2024-12-14T05:00:00Z,0.05555555555555556,-12.34,77.89,0.052368088729214335,0
2024-12-14T05:30:00Z,0.05555555555555556,-12.34,77.89,0.052368088729214335,0
2024-12-14T06:00:00Z,0.02777777777777778,-12.01,75.29,0.06010901303546798,0
2024-12-14T06:30:00Z,0.02777777777777778,-12.01,75.29,0.06010901303546798,0
2024-12-14T07:00:00Z,0.05555555555555556,-12.82,77.45,0.05136971597128556,0
2024-12-14T07:30:00Z,0.05555555555555556,-12.82,77.45,0.05136971597128556,0
2024-12-14T08:00:00Z,0.02777777777777778,-12.25,75.03,0.05957451222362159,0
2024-12-14T08:30:00Z,0.02777777777777778,-12.25,75.03,0.05957451222362159,0
2024-12-14T09:00:00Z,0.02777777777777778,-12.04,74.72,0.06134678261561963,0
2024-12-14T09:30:00Z,0.02777777777777778,-12.04,74.72,0.06134678261561963,0
2024-12-14T10:00:00Z,0.02777777777777778,-12.08,76.32,0.0572786986433958,0
2024-12-14T10:30:00Z,0.02777777777777778,-12.08,76.32,0.0572786986433958,0
2024-12-14T11:00:00Z,0.02777777777777778,-11.55,76.2,0.06008159606016397,0
2024-12-14T11:30:00Z,0.02777777777777778,-11.55,76.2,0.06008159606016397,0
2024-12-14T12:00:00Z,0.02777777777777778,-10.74,77.13,0.06160523801456427,0
2024-12-14T12:30:00Z,0.02777777777777778,-10.74,77.13,0.06160523801456427,0
2024-12-14T13:00:00Z,0.08333333333333333,-10.05,77.21,0.06485574235038924,0
2024-12-14T13:30:00Z,0.08333333333333333,-10.05,77.21,0.06485574235038924,0
2024-12-14T14:00:00Z,3.6944444444444446,-9.07,78.13,0.06724850874762506,0
2024-12-14T14:30:00Z,3.6944444444444446,-9.07,78.13,0.06724850874762506,0
2024-12-14T15:00:00Z,19.166666666666668,-7.79,79.28,0.07042318936219616,0
2024-12-14T15:30:00Z,19.166666666666668,-7.79,79.28,0.07042318936219616,0
2024-12-14T16:00:00Z,41.91666666666667,-6.29,76.13,0.09110291514219715,0
2024-12-14T16:30:00Z,41.91666666666667,-6.29,76.13,0.09110291514219715,0
2024-12-14T17:00:00Z,53.69444444444445,-4.92,74.52,0.10796952534780463,0
2024-12-14T17:30:00Z,53.69444444444445,-4.92,74.52,0.10796952534780463,0
2024-12-14T18:00:00Z,69.3888888888889,-2.56,66.67,0.16863154644557987,0
2024-12-14T18:30:00Z,69.3888888888889,-2.56,66.67,0.16863154644557987,0
2024-12-14T19:00:00Z,100.27777777777779,-1.2,60.49,0.22104732654038195,0
2024-12-14T19:30:00Z,100.27777777777779,-1.2,60.49,0.22104732654038195,0
2024-12-14T20:00:00Z,105.16666666666667,-0.94,60.39,0.22587877934619432,0
2024-12-14T20:30:00Z,105.16666666666667,-0.94,60.39,0.22587877934619432,0
2024-12-14T21:00:00Z,64.22222222222223,-1.51,66.88,0.1811163378511884,0
2024-12-14T21:30:00Z,64.22222222222223,-1.51,66.88,0.1811163378511884,0
2024-12-14T22:00:00Z,16.333333333333332,-1.89,72.46,0.14643562209544264,0
2024-12-14T22:30:00Z,16.333333333333332,-1.89,72.46,0.14643562209544264,0
2024-12-14T23:00:00Z,0.3333333333333333,-1.5,72.6,0.14994706770615895,0
2024-12-14T23:30:00Z,0.3333333333333333,-1.5,72.6,0.14994706770615895,0
2024-12-15T00:00:00Z,0,-0.96,70.1,0.17025683371919187,0
2024-12-15T00:30:00Z,0,-0.96,70.1,0.17025683371919187,0
2024-12-15T01:00:00Z,0,-0.4,66.63,0.1979662768015391,0
2024-12-15T01:30:00Z,0,-0.4,66.63,0.1979662768015391,0
2024-12-15T02:00:00Z,0,-0.03,63.12,0.22477169490051957,0
2024-12-15T02:30:00Z,0,-0.03,63.12,0.22477169490051957,0
2024-12-15T03:00:00Z,0,-0.1,65.6,0.20859095393431454,0
2024-12-15T03:30:00Z,0,-0.1,65.6,0.20859095393431454,0
2024-12-15T04:00:00Z,0.02777777777777778,-0.36,71.92,0.16707075614829503,0
2024-12-15T04:30:00Z,0.02777777777777778,-0.36,71.92,0.16707075614829503,0
2024-12-15T05:00:00Z,0.02777777777777778,-0.58,81.8,0.10655985595793754,0
2024-12-15T05:30:00Z,0.02777777777777778,-0.58,81.8,0.10655985595793754,0
2024-12-15T06:00:00Z,0.08333333333333333,-0.26,88.6,0.06832460484197722,0
2024-12-15T06:30:00Z,0.08333333333333333,-0.26,88.6,0.06832460484197722,0
2024-12-15T07:00:00Z,0.19444444444444445,-0.02,91.6,0.051232568278596125,0
2024-12-15T07:30:00Z,0.19444444444444445,-0.02,91.6,0.051232568278596125,0
2024-12-15T08:00:00Z,0.11111111111111112,0.18,93.3,0.04146280905833577,0.125
2024-12-15T08:30:00Z,0.11111111111111112,0.18,93.3,0.04146280905833577,0.125
2024-12-15T09:00:00Z,0.05555555555555556,0.33,94.5,0.03440942682809567,0
2024-12-15T09:30:00Z,0.05555555555555556,0.33,94.5,0.03440942682809567,0
2024-12-15T10:00:00Z,0.02777777777777778,0.42,95.3,0.029597037254397662,0
2024-12-15T10:30:00Z,0.02777777777777778,0.42,95.3,0.029597037254397662,0
2024-12-15T11:00:00Z,0.05555555555555556,0.49,96.6,0.021519555973416815,0
2024-12-15T11:30:00Z,0.05555555555555556,0.49,96.6,0.021519555973416815,0
2024-12-15T12:00:00Z,0.08333333333333333,0.61,97.5,0.015961352143733287,0.51
2024-12-15T12:30:00Z,0.08333333333333333,0.61,97.5,0.015961352143733287,0.51
2024-12-15T13:00:00Z,0.19444444444444445,0.89,97,0.019545425186707988,1.525
2024-12-15T13:30:00Z,0.19444444444444445,0.89,97,0.019545425186707988,1.525
2024-12-15T14:00:00Z,3.9722222222222228,1,97.4,0.01707443826371602,0.51
2024-12-15T14:30:00Z,3.9722222222222228,1,97.4,0.01707443826371602,0.51
2024-12-15T15:00:00Z,31.91666666666667,1.29,97.9,0.014082199586981647,0.38
2024-12-15T15:30:00Z,31.91666666666667,1.29,97.9,0.014082199586981647,0.38
2024-12-15T16:00:00Z,45.05555555555556,1.55,97.9,0.014347979953151513,0.255
2024-12-15T16:30:00Z,45.05555555555556,1.55,97.9,0.014347979953151513,0.255
2024-12-15T17:00:00Z,63.80555555555556,1.71,98.4,0.011058080692776362,0.51
2024-12-15T17:30:00Z,63.80555555555556,1.71,98.4,0.011058080692776362,0.51
2024-12-15T18:00:00Z,70.66666666666667,1.98,98.7,0.009160217019402062,0.635
2024-12-15T18:30:00Z,70.66666666666667,1.98,98.7,0.009160217019402062,0.635
2024-12-15T19:00:00Z,90.41666666666667,2.29,98.8,0.008645055302896276,0.125
2024-12-15T19:30:00Z,90.41666666666667,2.29,98.8,0.008645055302896276,0.125
2024-12-15T20:00:00Z,67.55555555555556,2.37,98.9,0.007970009097368336,0
2024-12-15T20:30:00Z,67.55555555555556,2.37,98.9,0.007970009097368336,0
2024-12-15T21:00:00Z,35.44444444444444,2.46,99.1,0.006562906483833952,0
2024-12-15T21:30:00Z,35.44444444444444,2.46,99.1,0.006562906483833952,0
2024-12-15T22:00:00Z,10.305555555555557,2.46,99.3,0.005104482820759704,0
2024-12-15T22:30:00Z,10.305555555555557,2.46,99.3,0.005104482820759704,0
2024-12-15T23:00:00Z,0.4166666666666667,2.34,99.4,0.004337981799375612,0
2024-12-15T23:30:00Z,0.4166666666666667,2.34,99.4,0.004337981799375612,0
2024-12-16T00:00:00Z,0,2.51,99.5,0.0036590762467392235,0
2024-12-16T00:30:00Z,0,2.51,99.5,0.0036590762467392235,0
2024-12-16T01:00:00Z,0,2.36,99.6,0.0028961180712439027,0.125
2024-12-16T01:30:00Z,0,2.36,99.6,0.0028961180712439027,0.125
2024-12-16T02:00:00Z,0,2.23,99.7,0.0021520234326366516,0
2024-12-16T02:30:00Z,0,2.23,99.7,0.0021520234326366516,0
2024-12-16T03:00:00Z,0,2.61,99.7,0.002211140152645119,0
2024-12-16T03:30:00Z,0,2.61,99.7,0.002211140152645119,0
2024-12-16T04:00:00Z,0,3.03,99.8,0.001518762472122459,0
2024-12-16T04:30:00Z,0,3.03,99.8,0.001518762472122459,0
2024-12-16T05:00:00Z,0,3.06,99.8,0.0015219983584080499,0
2024-12-16T05:30:00Z,0,3.06,99.8,0.0015219983584080499,0
2024-12-16T06:00:00Z,0,3.27,99.9,7.724102347533846e-4,0
2024-12-16T06:30:00Z,0,3.27,99.9,7.724102347533846e-4,0
2024-12-16T07:00:00Z,0,4.02,99.9,8.144066222608437e-4,0
2024-12-16T07:30:00Z,0,4.02,99.9,8.144066222608437e-4,0
2024-12-16T08:00:00Z,0,4.62,99.9,8.494410977207822e-4,0
2024-12-16T08:30:00Z,0,4.62,99.9,8.494410977207822e-4,0
2024-12-16T09:00:00Z,0,4.94,99.8,0.0017373284540639355,0
2024-12-16T09:30:00Z,0,4.94,99.8,0.0017373284540639355,0
2024-12-16T10:00:00Z,0.02777777777777778,4.94,99.3,0.00608064958922383,0
2024-12-16T10:30:00Z,0.02777777777777778,4.94,99.3,0.00608064958922383,0
2024-12-16T11:00:00Z,0.02777777777777778,4.78,99.3,0.0060130367040840405,0
2024-12-16T11:30:00Z,0.02777777777777778,4.78,99.3,0.0060130367040840405,0
2024-12-16T12:00:00Z,0.08333333333333333,5.25,99.5,0.004438256994692802,0
2024-12-16T12:30:00Z,0.08333333333333333,5.25,99.5,0.004438256994692802,0
2024-12-16T13:00:00Z,0.1388888888888889,5.67,99.5,0.004569796290715855,0
2024-12-16T13:30:00Z,0.1388888888888889,5.67,99.5,0.004569796290715855,0
2024-12-16T14:00:00Z,1.5000000000000002,6.01,99.6,0.003743027977368918,0.125
2024-12-16T14:30:00Z,1.5000000000000002,6.01,99.6,0.003743027977368918,0.125
2024-12-16T15:00:00Z,6.833333333333334,6.58,99.6,0.0038933173489731354,0.255
2024-12-16T15:30:00Z,6.833333333333334,6.58,99.6,0.0038933173489731354,0.255
2024-12-16T16:00:00Z,14.194444444444445,7.76,99.6,0.004221436805023737,0
2024-12-16T16:30:00Z,14.194444444444445,7.76,99.6,0.004221436805023737,0
2024-12-16T17:00:00Z,21.583333333333336,8.38,99.4,0.00660510797245184,0.125
2024-12-16T17:30:00Z,21.583333333333336,8.38,99.4,0.00660510797245184,0.125
2024-12-16T18:00:00Z,22.166666666666668,8.46,99.4,0.006641071196886061,0.125
2024-12-16T18:30:00Z,22.166666666666668,8.46,99.4,0.006641071196886061,0.125
2024-12-16T19:00:00Z,36.80555555555556,8.26,99.5,0.005459570418520299,0
2024-12-16T19:30:00Z,36.80555555555556,8.26,99.5,0.005459570418520299,0
2024-12-16T20:00:00Z,27.86111111111111,7.98,99.6,0.004285233717937986,0
2024-12-16T20:30:00Z,27.86111111111111,7.98,99.6,0.004285233717937986,0
2024-12-16T21:00:00Z,17,7.86,99.6,0.004250330986601991,0
2024-12-16T21:30:00Z,17,7.86,99.6,0.004250330986601991,0
2024-12-16T22:00:00Z,4.805555555555556,7.83,99.5,0.005302055632913083,0
2024-12-16T22:30:00Z,4.805555555555556,7.83,99.5,0.005302055632913083,0
2024-12-16T23:00:00Z,0.5277777777777778,7.2,98.6,0.014219809691891072,0
2024-12-16T23:30:00Z,0.5277777777777778,7.2,98.6,0.014219809691891072,0
2024-12-17T00:00:00Z,0,6.37,97.6,0.023024041818009433,0.125
2024-12-17T00:30:00Z,0,6.37,97.6,0.023024041818009433,0.125
2024-12-17T01:00:00Z,0.02777777777777778,5.43,95.7,0.03865026194273247,0.125
2024-12-17T01:30:00Z,0.02777777777777778,5.43,95.7,0.03865026194273247,0.125
2024-12-17T02:00:00Z,0,4.84,94.9,0.04399342647383575,0
2024-12-17T02:30:00Z,0,4.84,94.9,0.04399342647383575,0
2024-12-17T03:00:00Z,0.02777777777777778,4,91.5,0.06912719314523152,0
2024-12-17T03:30:00Z,0.02777777777777778,4,91.5,0.06912719314523152,0
2024-12-17T04:00:00Z,0.02777777777777778,3.79,86.3,0.10978065072730603,0
2024-12-17T04:30:00Z,0.02777777777777778,3.79,86.3,0.10978065072730603,0
2024-12-17T05:00:00Z,0,4.26,83.9,0.1333505667718865,0
2024-12-17T05:30:00Z,0,4.26,83.9,0.1333505667718865,0
2024-12-17T06:00:00Z,0,4.46,81.1,0.15875451722795308,0
2024-12-17T06:30:00Z,0,4.46,81.1,0.15875451722795308,0
2024-12-17T07:00:00Z,0,4.54,81.7,0.15457906405198163,0
2024-12-17T07:30:00Z,0,4.54,81.7,0.15457906405198163,0
2024-12-17T08:00:00Z,0,4.55,80.4,0.165676134719976,0
2024-12-17T08:30:00Z,0,4.55,80.4,0.165676134719976,0
2024-12-17T09:00:00Z,0,4.26,78.25,0.18014750480053,0
2024-12-17T09:30:00Z,0,4.26,78.25,0.18014750480053,0
2024-12-17T10:00:00Z,0,3.45,75.89,0.1886151971315052,0
2024-12-17T10:30:00Z,0,3.45,75.89,0.1886151971315052,0
2024-12-17T11:00:00Z,0,2.92,75.41,0.18527943498154142,0
2024-12-17T11:30:00Z,0,2.92,75.41,0.18527943498154142,0
2024-12-17T12:00:00Z,0,2.6,76.23,0.17507130056592468,0
2024-12-17T12:30:00Z,0,2.6,76.23,0.17507130056592468,0
2024-12-17T13:00:00Z,0.02777777777777778,2.47,77.36,0.16521129307804738,0
2024-12-17T13:30:00Z,0.02777777777777778,2.47,77.36,0.16521129307804738,0
2024-12-17T14:00:00Z,3.027777777777778,2.46,75.28,0.18026116475597154,0
2024-12-17T14:30:00Z,3.027777777777778,2.46,75.28,0.18026116475597154,0
2024-12-17T15:00:00Z,18.694444444444443,2.14,77.15,0.16286171888086365,0
2024-12-17T15:30:00Z,18.694444444444443,2.14,77.15,0.16286171888086365,0
2024-12-17T16:00:00Z,38.666666666666664,1.7,75.01,0.1725895334629426,0
2024-12-17T16:30:00Z,38.666666666666664,1.7,75.01,0.1725895334629426,0
2024-12-17T17:00:00Z,41.75000000000001,1.75,76.61,0.162119787917125,0
2024-12-17T17:30:00Z,41.75000000000001,1.75,76.61,0.162119787917125,0
2024-12-17T18:00:00Z,47.5,1.61,76.38,0.16207751050142005,0
2024-12-17T18:30:00Z,47.5,1.61,76.38,0.16207751050142005,0
2024-12-17T19:00:00Z,42.88888888888889,1.62,75.84,0.16590199259380078,0
2024-12-17T19:30:00Z,42.88888888888889,1.62,75.84,0.16590199259380078,0
2024-12-17T20:00:00Z,35.777777777777786,1.52,75.98,0.16376022189921013,0
2024-12-17T20:30:00Z,35.777777777777786,1.52,75.98,0.16376022189921013,0
2024-12-17T21:00:00Z,23.88888888888889,1.35,75.51,0.16493600216432547,0
2024-12-17T21:30:00Z,23.88888888888889,1.35,75.51,0.16493600216432547,0
2024-12-17T22:00:00Z,7.555555555555555,1.13,76.6,0.15511763288963354,0
2024-12-17T22:30:00Z,7.555555555555555,1.13,76.6,0.15511763288963354,0
2024-12-17T23:00:00Z,0.22222222222222224,0.94,76.86,0.15130575236665322,0
2024-12-17T23:30:00Z,0.22222222222222224,0.94,76.86,0.15130575236665322,0
2024-12-18T00:00:00Z,0,0.85,78.63,0.13882680923798352,0
2024-12-18T00:30:00Z,0,0.85,78.63,0.13882680923798352,0
2024-12-18T01:00:00Z,0,0.74,79.94,0.12928442024204623,0
2024-12-18T01:30:00Z,0,0.74,79.94,0.12928442024204623,0
2024-12-18T02:00:00Z,0,0.68,80.8,0.12320586683012957,0
2024-12-18T02:30:00Z,0,0.68,80.8,0.12320586683012957,0
2024-12-18T03:00:00Z,0,0.57,81.9,0.1152259351514422,0
2024-12-18T03:30:00Z,0,0.57,81.9,0.1152259351514422,0
2024-12-18T04:00:00Z,0,0.5,83.4,0.10514224100317637,0
2024-12-18T04:30:00Z,0,0.5,83.4,0.10514224100317637,0
2024-12-18T05:00:00Z,0,0.34,86.7,0.08326865816207096,0
2024-12-18T05:30:00Z,0,0.34,86.7,0.08326865816207096,0
2024-12-18T06:00:00Z,0,0.24,88.2,0.07334305151387255,0
2024-12-18T06:30:00Z,0,0.24,88.2,0.07334305151387255,0
2024-12-18T07:00:00Z,0,0.19,87.6,0.07679291948656952,0
2024-12-18T07:30:00Z,0,0.19,87.6,0.07679291948656952,0
2024-12-18T08:00:00Z,0,0.38,88,0.07534797957594541,0
2024-12-18T08:30:00Z,0,0.38,88,0.07534797957594541,0
2024-12-18T09:00:00Z,0,0.45,88.2,0.07446927438768902,0
2024-12-18T09:30:00Z,0,0.45,88.2,0.07446927438768902,0
2024-12-18T10:00:00Z,0,0.21,88.8,0.06946220825167182,0
2024-12-18T10:30:00Z,0,0.21,88.8,0.06946220825167182,0
2024-12-18T11:00:00Z,0,0.15,87.5,0.07718751312457905,0
2024-12-18T11:30:00Z,0,0.15,87.5,0.07718751312457905,0
2024-12-18T12:00:00Z,0,0.04,88.2,0.07228448478809069,0
2024-12-18T12:30:00Z,0,0.04,88.2,0.07228448478809069,0
2024-12-18T13:00:00Z,0,0.13,87.1,0.07954178955562174,0
2024-12-18T13:30:00Z,0,0.13,87.1,0.07954178955562174,0
2024-12-18T14:00:00Z,3.0000000000000004,0.2,82.9,0.10597688547321438,0
2024-12-18T14:30:00Z,3.0000000000000004,0.2,82.9,0.10597688547321438,0
2024-12-18T15:00:00Z,27.02777777777778,0.28,77.39,0.14094154624181388,0
2024-12-18T15:30:00Z,27.02777777777778,0.28,77.39,0.14094154624181388,0
2024-12-18T16:00:00Z,50.361111111111114,0.58,75.99,0.15296017341459678,0
2024-12-18T16:30:00Z,50.361111111111114,0.58,75.99,0.15296017341459678,0
2024-12-18T17:00:00Z,55.50000000000001,0.83,76.53,0.15224892241520305,0
2024-12-18T17:30:00Z,55.50000000000001,0.83,76.53,0.15224892241520305,0
2024-12-18T18:00:00Z,45.19444444444444,0.97,77.5,0.14743996436756823,0
2024-12-18T18:30:00Z,45.19444444444444,0.97,77.5,0.14743996436756823,0
2024-12-18T19:00:00Z,37.55555555555556,0.76,78.78,0.13695843975793287,0
2024-12-18T19:30:00Z,37.55555555555556,0.76,78.78,0.13695843975793287,0
2024-12-18T20:00:00Z,21.500000000000004,0.04,78.24,0.1332974905922758,0
2024-12-18T20:30:00Z,21.500000000000004,0.04,78.24,0.1332974905922758,0
2024-12-18T21:00:00Z,17.22222222222222,-0.39,76.46,0.1397521792353411,0
2024-12-18T21:30:00Z,17.22222222222222,-0.39,76.46,0.1397521792353411,0
2024-12-18T22:00:00Z,4.777777777777778,-0.83,76.98,0.13233621916395055,0
2024-12-18T22:30:00Z,4.777777777777778,-0.83,76.98,0.13233621916395055,0
2024-12-18T23:00:00Z,0.25,-1.08,70.96,0.1639095873889776,0
2024-12-18T23:30:00Z,0.25,-1.08,70.96,0.1639095873889776,0
2024-12-19T00:00:00Z,0,-1.15,69.5,0.17126719213108077,0
2024-12-19T00:30:00Z,0,-1.15,69.5,0.17126719213108077,0
2024-12-19T01:00:00Z,0,-1.22,68.13,0.17804167468214177,0
2024-12-19T01:30:00Z,0,-1.22,68.13,0.17804167468214177,0
2024-12-19T02:00:00Z,0,-1.62,74.83,0.13652980326102698,0
2024-12-19T02:30:00Z,0,-1.62,74.83,0.13652980326102698,0
2024-12-19T03:00:00Z,0,-1.82,75.38,0.1315886153610532,0
2024-12-19T03:30:00Z,0,-1.82,75.38,0.1315886153610532,0
2024-12-19T04:00:00Z,0,-1.98,74.83,0.13294574740059445,0
2024-12-19T04:30:00Z,0,-1.98,74.83,0.13294574740059445,0
2024-12-19T05:00:00Z,0,-2.21,75.35,0.12799957899543357,0
2024-12-19T05:30:00Z,0,-2.21,75.35,0.12799957899543357,0
2024-12-19T06:00:00Z,0.02777777777777778,-2.4,73.09,0.13777856557008722,0
2024-12-19T06:30:00Z,0.02777777777777778,-2.4,73.09,0.13777856557008722,0
2024-12-19T07:00:00Z,0,-2.48,72.63,0.1393033024351506,0
2024-12-19T07:30:00Z,0,-2.48,72.63,0.1393033024351506,0
2024-12-19T08:00:00Z,0,-2.74,75.4,0.1228061696551862,0
2024-12-19T08:30:00Z,0,-2.74,75.4,0.1228061696551862,0
2024-12-19T09:00:00Z,0,-3.03,77.38,0.11050571397422948,0
2024-12-19T09:30:00Z,0,-3.03,77.38,0.11050571397422948,0
2024-12-19T10:00:00Z,0,-3.25,77.76,0.10687735766668927,0
2024-12-19T10:30:00Z,0,-3.25,77.76,0.10687735766668927,0
2024-12-19T11:00:00Z,0,-3.42,75.06,0.11833683939338879,0
2024-12-19T11:30:00Z,0,-3.42,75.06,0.11833683939338879,0
2024-12-19T12:00:00Z,0,-3.58,70.48,0.13839814125139,0
2024-12-19T12:30:00Z,0,-3.58,70.48,0.13839814125139,0
2024-12-19T13:00:00Z,0.05555555555555556,-3.57,74.92,0.11767040443409033,0
2024-12-19T13:30:00Z,0.05555555555555556,-3.57,74.92,0.11767040443409033,0
2024-12-19T14:00:00Z,6.166666666666667,-3.53,75.64,0.11463571870330419,0
2024-12-19T14:30:00Z,6.166666666666667,-3.53,75.64,0.11463571870330419,0
2024-12-19T15:00:00Z,26.666666666666668,-3.47,78.07,0.10366565838451103,0
2024-12-19T15:30:00Z,26.666666666666668,-3.47,78.07,0.10366565838451103,0
2024-12-19T16:00:00Z,45.38888888888889,-3.37,75.35,0.11739969876870004,0
2024-12-19T16:30:00Z,45.38888888888889,-3.37,75.35,0.11739969876870004,0
2024-12-19T17:00:00Z,38.69444444444445,-3.26,73.97,0.12499716813097883,0
2024-12-19T17:30:00Z,38.69444444444445,-3.26,73.97,0.12499716813097883,0
2024-12-19T18:00:00Z,50.22222222222223,-3.15,74.85,0.12176895592635778,0
2024-12-19T18:30:00Z,50.22222222222223,-3.15,74.85,0.12176895592635778,0
2024-12-19T19:00:00Z,109.16666666666667,-3.24,86.2,0.06636741515989392,0
2024-12-19T19:30:00Z,109.16666666666667,-3.24,86.2,0.06636741515989392,0
2024-12-19T20:00:00Z,63.5,-3.27,89.3,0.051343425036028234,0
2024-12-19T20:30:00Z,63.5,-3.27,89.3,0.051343425036028234,0
2024-12-19T21:00:00Z,35.63888888888889,-3.28,93.4,0.03164608711642247,0
2024-12-19T21:30:00Z,35.63888888888889,-3.28,93.4,0.03164608711642247,0
2024-12-19T22:00:00Z,5.888888888888889,-3.32,95.6,0.021034325134657528,0
2024-12-19T22:30:00Z,5.888888888888889,-3.32,95.6,0.021034325134657528,0
2024-12-19T23:00:00Z,0.22222222222222224,-3.53,96,0.018823599130263435,0
2024-12-19T23:30:00Z,0.22222222222222224,-3.53,96,0.018823599130263435,0
2024-12-20T00:00:00Z,0,-3.75,95.1,0.022681248146586952,0
2024-12-20T00:30:00Z,0,-3.75,95.1,0.022681248146586952,0
2024-12-20T01:00:00Z,0.02777777777777778,-3.91,93.2,0.031099645088735417,0
2024-12-20T01:30:00Z,0.02777777777777778,-3.91,93.2,0.031099645088735417,0
2024-12-20T02:00:00Z,0,-3.94,91.8,0.03741795164161277,0
2024-12-20T02:30:00Z,0,-3.94,91.8,0.03741795164161277,0
2024-12-20T03:00:00Z,0.02777777777777778,-4.11,92.2,0.03513990667614708,0
2024-12-20T03:30:00Z,0.02777777777777778,-4.11,92.2,0.03513990667614708,0
2024-12-20T04:00:00Z,0.02777777777777778,-4.43,94.5,0.024186915761133188,0
2024-12-20T04:30:00Z,0.02777777777777778,-4.43,94.5,0.024186915761133188,0
2024-12-20T05:00:00Z,0.02777777777777778,-4.37,94.4,0.024738568290985585,0
2024-12-20T05:30:00Z,0.02777777777777778,-4.37,94.4,0.024738568290985585,0
2024-12-20T06:00:00Z,0.02777777777777778,-4.25,94.9,0.022734799809245976,0
2024-12-20T06:30:00Z,0.02777777777777778,-4.25,94.9,0.022734799809245976,0
2024-12-20T07:00:00Z,0.02777777777777778,-4.28,95.3,0.020904298117580933,0
2024-12-20T07:30:00Z,0.02777777777777778,-4.28,95.3,0.020904298117580933,0
2024-12-20T08:00:00Z,0,-4.27,95.1,0.021810297144842394,0
2024-12-20T08:30:00Z,0,-4.27,95.1,0.021810297144842394,0
2024-12-20T09:00:00Z,0,-4.13,94.2,0.02609031518404009,0
2024-12-20T09:30:00Z,0,-4.13,94.2,0.02609031518404009,0
2024-12-20T10:00:00Z,0,-3.97,94.1,0.02686195105125261,0
2024-12-20T10:30:00Z,0,-3.97,94.1,0.02686195105125261,0
2024-12-20T11:00:00Z,0,-3.98,93.9,0.02775162695457678,0
2024-12-20T11:30:00Z,0,-3.98,93.9,0.02775162695457678,0
2024-12-20T12:00:00Z,0,-3.92,94.8,0.02376419481919112,0
2024-12-20T12:30:00Z,0,-3.92,94.8,0.02376419481919112,0
2024-12-20T13:00:00Z,0.08333333333333333,-3.86,94.3,0.026167049410246446,0
2024-12-20T13:30:00Z,0.08333333333333333,-3.86,94.3,0.026167049410246446,0
2024-12-20T14:00:00Z,12.027777777777777,-4.02,93.8,0.028121747987623513,0
2024-12-20T14:30:00Z,12.027777777777777,-4.02,93.8,0.028121747987623513,0
2024-12-20T15:00:00Z,106.61111111111111,-3.83,90.8,0.042329917058271826,0
2024-12-20T15:30:00Z,106.61111111111111,-3.83,90.8,0.042329917058271826,0
2024-12-20T16:00:00Z,207.61111111111111,-2.72,83.7,0.08149287063822624,0.125
2024-12-20T16:30:00Z,207.61111111111111,-2.72,83.7,0.08149287063822624,0.125
2024-12-20T17:00:00Z,174.63888888888891,-2,79.1,0.11022869093119442,0
2024-12-20T17:30:00Z,174.63888888888891,-2,79.1,0.11022869093119442,0
2024-12-20T18:00:00Z,203.11111111111114,-1.39,74.46,0.14090544460132165,0
2024-12-20T18:30:00Z,203.11111111111114,-1.39,74.46,0.14090544460132165,0
2024-12-20T19:00:00Z,174.36111111111114,-1.61,71.56,0.1543811437745078,0
2024-12-20T19:30:00Z,174.36111111111114,-1.61,71.56,0.1543811437745078,0
2024-12-20T20:00:00Z,244.66666666666666,-1.28,63.63,0.20228625273519318,0
2024-12-20T20:30:00Z,244.66666666666666,-1.28,63.63,0.20228625273519318,0
2024-12-20T21:00:00Z,88.6388888888889,-1.68,66.46,0.1811274430682665,0
2024-12-20T21:30:00Z,88.6388888888889,-1.68,66.46,0.1811274430682665,0
2024-12-20T22:00:00Z,49.88888888888889,-1.83,64.68,0.18863834536727264,0
2024-12-20T22:30:00Z,49.88888888888889,-1.83,64.68,0.18863834536727264,0
2024-12-20T23:00:00Z,1.5000000000000002,-3.08,67.47,0.15832677788898059,0
2024-12-20T23:30:00Z,1.5000000000000002,-3.08,67.47,0.15832677788898059,0
2024-12-21T00:00:00Z,0.02777777777777778,-4.13,72.52,0.12361411400990036,0
2024-12-21T00:30:00Z,0.02777777777777778,-4.13,72.52,0.12361411400990036,0
2024-12-21T01:00:00Z,0.02777777777777778,-4.73,75.4,0.10575332011945171,0
2024-12-21T01:30:00Z,0.02777777777777778,-4.73,75.4,0.10575332011945171,0
2024-12-21T02:00:00Z,0,-4.33,76.97,0.10204515687022564,0
2024-12-21T02:30:00Z,0,-4.33,76.97,0.10204515687022564,0
2024-12-21T03:00:00Z,0,-3.88,77.18,0.10460254988028628,0
2024-12-21T03:30:00Z,0,-3.88,77.18,0.10460254988028628,0
2024-12-21T04:00:00Z,0,-4.01,78.69,0.0967299831519447,0
2024-12-21T04:30:00Z,0,-4.01,78.69,0.0967299831519447,0
2024-12-21T05:00:00Z,0,-4.26,78.1,0.0975522654119253,0
2024-12-21T05:30:00Z,0,-4.26,78.1,0.0975522654119253,0
2024-12-21T06:00:00Z,0.02777777777777778,-4.56,71.3,0.12497715392379233,0
2024-12-21T06:30:00Z,0.02777777777777778,-4.56,71.3,0.12497715392379233,0
2024-12-21T07:00:00Z,0,-5.06,68.96,0.13013868349101032,0
2024-12-21T07:30:00Z,0,-5.06,68.96,0.13013868349101032,0
2024-12-21T08:00:00Z,0.02777777777777778,-5.61,66.57,0.13440906409785375,0
2024-12-21T08:30:00Z,0.02777777777777778,-5.61,66.57,0.13440906409785375,0
2024-12-21T09:00:00Z,0.02777777777777778,-6.96,72.17,0.1008748008140175,0
2024-12-21T09:30:00Z,0.02777777777777778,-6.96,72.17,0.1008748008140175,0
2024-12-21T10:00:00Z,0.02777777777777778,-7.67,77.34,0.07773889556254521,0
2024-12-21T10:30:00Z,0.02777777777777778,-7.67,77.34,0.07773889556254521,0
2024-12-21T11:00:00Z,0.02777777777777778,-7.62,77.69,0.07683610337224417,0
2024-12-21T11:30:00Z,0.02777777777777778,-7.62,77.69,0.07683610337224417,0
2024-12-21T12:00:00Z,0.02777777777777778,-7.09,76.82,0.08318011641824086,0
2024-12-21T12:30:00Z,0.02777777777777778,-7.09,76.82,0.08318011641824086,0
2024-12-21T13:00:00Z,0.11111111111111112,-6.36,73.66,0.09999086527002238,0
2024-12-21T13:30:00Z,0.11111111111111112,-6.36,73.66,0.09999086527002238,0
2024-12-21T14:00:00Z,18.75,-6.35,70.41,0.11241473004776897,0
2024-12-21T14:30:00Z,18.75,-6.35,70.41,0.11241473004776897,0
2024-12-21T15:00:00Z,84.25,-6.02,63.24,0.14323517976090325,0
2024-12-21T15:30:00Z,84.25,-6.02,63.24,0.14323517976090325,0
2024-12-21T16:00:00Z,148.16666666666666,-5.58,61,0.15716337026882493,0
2024-12-21T16:30:00Z,148.16666666666666,-5.58,61,0.15716337026882493,0
2024-12-21T17:00:00Z,197.25000000000003,-5.5,59.17,0.16554534381918673,0
2024-12-21T17:30:00Z,197.25000000000003,-5.5,59.17,0.16554534381918673,0
2024-12-21T18:00:00Z,206.05555555555554,-5.22,59.27,0.16870021334761862,0
2024-12-21T18:30:00Z,206.05555555555554,-5.22,59.27,0.16870021334761862,0
2024-12-21T19:00:00Z,234.08333333333334,-5.4,58.49,0.16959042613019207,0
2024-12-21T19:30:00Z,234.08333333333334,-5.4,58.49,0.16959042613019207,0
2024-12-21T20:00:00Z,288.6666666666667,-4.95,55.92,0.18636075023899204,0
2024-12-21T20:30:00Z,288.6666666666667,-4.95,55.92,0.18636075023899204,0
2024-12-21T21:00:00Z,168.55555555555554,-5.08,55.37,0.18683212227258256,0
2024-12-21T21:30:00Z,168.55555555555554,-5.08,55.37,0.18683212227258256,0
2024-12-21T22:00:00Z,43.72222222222223,-5.91,58.81,0.161854332692637,0
2024-12-21T22:30:00Z,43.72222222222223,-5.91,58.81,0.161854332692637,0
2024-12-21T23:00:00Z,2.3333333333333335,-7.54,64.49,0.12305934195183113,0
2024-12-21T23:30:00Z,2.3333333333333335,-7.54,64.49,0.12305934195183113,0
2024-12-22T00:00:00Z,0.05555555555555556,-8.88,68.63,0.09791180431184515,0
2024-12-22T00:30:00Z,0.05555555555555556,-8.88,68.63,0.09791180431184515,0
2024-12-22T01:00:00Z,0.02777777777777778,-10.3,72.62,0.07638569704005319,0
2024-12-22T01:30:00Z,0.02777777777777778,-10.3,72.62,0.07638569704005319,0
2024-12-22T02:00:00Z,0.02777777777777778,-12.21,80.6,0.04643538815680229,0
2024-12-22T02:30:00Z,0.02777777777777778,-12.21,80.6,0.04643538815680229,0
2024-12-22T03:00:00Z,0.02777777777777778,-12.47,79.21,0.048725669751953055,0
2024-12-22T03:30:00Z,0.02777777777777778,-12.47,79.21,0.048725669751953055,0
2024-12-22T04:00:00Z,0.02777777777777778,-12.68,80.7,0.04446923177750978,0
2024-12-22T04:30:00Z,0.02777777777777778,-12.68,80.7,0.04446923177750978,0
2024-12-22T05:00:00Z,0.02777777777777778,-12.22,77.87,0.052927022373617155,0
2024-12-22T05:30:00Z,0.02777777777777778,-12.22,77.87,0.052927022373617155,0
2024-12-22T06:00:00Z,0.02777777777777778,-13.38,80.6,0.042221509514984934,0
2024-12-22T06:30:00Z,0.02777777777777778,-13.38,80.6,0.042221509514984934,0
2024-12-22T07:00:00Z,0.02777777777777778,-13.82,84.2,0.03316956619624578,0
2024-12-22T07:30:00Z,0.02777777777777778,-13.82,84.2,0.03316956619624578,0
2024-12-22T08:00:00Z,0.02777777777777778,-12.59,80.7,0.04479537558233973,0
2024-12-22T08:30:00Z,0.02777777777777778,-12.59,80.7,0.04479537558233973,0
2024-12-22T09:00:00Z,0.02777777777777778,-13.17,79.4,0.04560858308097995,0
2024-12-22T09:30:00Z,0.02777777777777778,-13.17,79.4,0.04560858308097995,0
2024-12-22T10:00:00Z,0.02777777777777778,-13.58,80.3,0.04217863836245192,0
2024-12-22T10:30:00Z,0.02777777777777778,-13.58,80.3,0.04217863836245192,0
2024-12-22T11:00:00Z,0,-12.98,80.6,0.043622157192961836,0
2024-12-22T11:30:00Z,0,-12.98,80.6,0.043622157192961836,0
2024-12-22T12:00:00Z,0.02777777777777778,-12.13,79.44,0.049531303522614034,0
2024-12-22T12:30:00Z,0.02777777777777778,-12.13,79.44,0.049531303522614034,0
2024-12-22T13:00:00Z,0.22222222222222224,-12.55,80.3,0.04587243062985666,0
2024-12-22T13:30:00Z,0.22222222222222224,-12.55,80.3,0.04587243062985666,0
2024-12-22T14:00:00Z,17.194444444444446,-11.67,77.94,0.0551539921060788,0
2024-12-22T14:30:00Z,17.194444444444446,-11.67,77.94,0.0551539921060788,0
2024-12-22T15:00:00Z,56.13888888888889,-10.23,75.41,0.0689849235783925,0
2024-12-22T15:30:00Z,56.13888888888889,-10.23,75.41,0.0689849235783925,0
2024-12-22T16:00:00Z,74.02777777777779,-8.61,72.88,0.08645887178970355,0
2024-12-22T16:30:00Z,74.02777777777779,-8.61,72.88,0.08645887178970355,0
2024-12-22T17:00:00Z,84.75000000000001,-7.34,73.1,0.09467893595843468,0
2024-12-22T17:30:00Z,84.75000000000001,-7.34,73.1,0.09467893595843468,0
2024-12-22T18:00:00Z,123.00000000000001,-6.41,74.75,0.09548540637864705,0
2024-12-22T18:30:00Z,123.00000000000001,-6.41,74.75,0.09548540637864705,0
2024-12-22T19:00:00Z,124.97222222222223,-5.47,74.53,0.10350471585735666,0
2024-12-22T19:30:00Z,124.97222222222223,-5.47,74.53,0.10350471585735666,0
2024-12-22T20:00:00Z,93.97222222222223,-4.82,75.8,0.10332648091856789,0
2024-12-22T20:30:00Z,93.97222222222223,-4.82,75.8,0.10332648091856789,0
2024-12-22T21:00:00Z,80.88888888888889,-4.25,74.07,0.11559085471642128,0
2024-12-22T21:30:00Z,80.88888888888889,-4.25,74.07,0.11559085471642128,0
2024-12-22T22:00:00Z,13.86111111111111,-4.12,76.11,0.1075461407101207,0
2024-12-22T22:30:00Z,13.86111111111111,-4.12,76.11,0.1075461407101207,0
2024-12-22T23:00:00Z,0.6388888888888888,-4.08,77.41,0.10200090498815678,0
2024-12-22T23:30:00Z,0.6388888888888888,-4.08,77.41,0.10200090498815678,0
2024-12-23T00:00:00Z,0,-3.64,75.56,0.11406690601990666,0
2024-12-23T00:30:00Z,0,-3.64,75.56,0.11406690601990666,0
2024-12-23T01:00:00Z,0,-3.14,71.73,0.13697743062832518,0
2024-12-23T01:30:00Z,0,-3.14,71.73,0.13697743062832518,0
2024-12-23T02:00:00Z,0,-3.26,73.78,0.1259095562195261,0
2024-12-23T02:30:00Z,0,-3.26,73.78,0.1259095562195261,0
2024-12-23T03:00:00Z,0,-3.25,74.5,0.12254373293617699,0
2024-12-23T03:30:00Z,0,-3.25,74.5,0.12254373293617699,0
2024-12-23T04:00:00Z,0,-3.2,75.12,0.1200122234521303,0
2024-12-23T04:30:00Z,0,-3.2,75.12,0.1200122234521303,0
2024-12-23T05:00:00Z,0,-3.08,75.47,0.11938997422738068,0
2024-12-23T05:30:00Z,0,-3.08,75.47,0.11938997422738068,0
2024-12-23T06:00:00Z,0.02777777777777778,-2.99,75.74,0.11887208813862288,0
2024-12-23T06:30:00Z,0.02777777777777778,-2.99,75.74,0.11887208813862288,0
2024-12-23T07:00:00Z,0.02777777777777778,-2.81,75.62,0.12107476777851728,0
2024-12-23T07:30:00Z,0.02777777777777778,-2.81,75.62,0.12107476777851728,0
2024-12-23T08:00:00Z,0,-3.12,76.81,0.11253123910308227,0
2024-12-23T08:30:00Z,0,-3.12,76.81,0.11253123910308227,0
2024-12-23T09:00:00Z,0.02777777777777778,-3.27,77.57,0.10762925453814148,0
2024-12-23T09:30:00Z,0.02777777777777778,-3.27,77.57,0.10762925453814148,0
2024-12-23T10:00:00Z,0,-3.24,76.01,0.11537349925259821,0
2024-12-23T10:30:00Z,0,-3.24,76.01,0.11537349925259821,0
2024-12-23T11:00:00Z,0,-2.88,75.06,0.12321111976123361,0
2024-12-23T11:30:00Z,0,-2.88,75.06,0.12321111976123361,0
2024-12-23T12:00:00Z,0,-2.46,73.32,0.13599343437180933,0
2024-12-23T12:30:00Z,0,-2.46,73.32,0.13599343437180933,0
2024-12-23T13:00:00Z,0,-1.82,72.37,0.14767641926993907,0
2024-12-23T13:30:00Z,0,-1.82,72.37,0.14767641926993907,0
2024-12-23T14:00:00Z,2.3333333333333335,-1.42,71.88,0.15479704604584665,0
2024-12-23T14:30:00Z,2.3333333333333335,-1.42,71.88,0.15479704604584665,0
2024-12-23T15:00:00Z,15.611111111111112,-1.06,72.1,0.15770658275220567,0
2024-12-23T15:30:00Z,15.611111111111112,-1.06,72.1,0.15770658275220567,0
2024-12-23T16:00:00Z,36.27777777777778,-0.61,71.23,0.16807732412662624,0
2024-12-23T16:30:00Z,36.27777777777778,-0.61,71.23,0.16807732412662624,0
2024-12-23T17:00:00Z,56.13888888888889,-0.14,70.24,0.1799303429040915,0
2024-12-23T17:30:00Z,56.13888888888889,-0.14,70.24,0.1799303429040915,0
2024-12-23T18:00:00Z,84.41666666666666,0.23,70.97,0.180305328745065,0
2024-12-23T18:30:00Z,84.41666666666666,0.23,70.97,0.180305328745065,0
2024-12-23T19:00:00Z,54.66666666666667,0.52,72.63,0.17360945109032255,0
2024-12-23T19:30:00Z,54.66666666666667,0.52,72.63,0.17360945109032255,0
2024-12-23T20:00:00Z,23.305555555555557,0.15,85,0.09262501574949478,0
2024-12-23T20:30:00Z,23.305555555555557,0.15,85,0.09262501574949478,0
2024-12-23T21:00:00Z,26.833333333333332,-0.12,96.2,0.023008478685403788,0
2024-12-23T21:30:00Z,26.833333333333332,-0.12,96.2,0.023008478685403788,0
2024-12-23T22:00:00Z,7.916666666666667,-0.05,97.8,0.013388781128486738,0
2024-12-23T22:30:00Z,7.916666666666667,-0.05,97.8,0.013388781128486738,0
2024-12-23T23:00:00Z,0.6666666666666666,0.02,98.6,0.008563654638776175,0
2024-12-23T23:30:00Z,0.6666666666666666,0.02,98.6,0.008563654638776175,0
2024-12-24T00:00:00Z,0.05555555555555556,0.09,99.1,0.005533310749420317,0
2024-12-24T00:30:00Z,0.05555555555555556,0.09,99.1,0.005533310749420317,0
2024-12-24T01:00:00Z,0.05555555555555556,0.12,99.3,0.004313084366244779,0
2024-12-24T01:30:00Z,0.05555555555555556,0.12,99.3,0.004313084366244779,0
2024-12-24T02:00:00Z,0.08333333333333333,0.12,99.4,0.0036969294567811284,0
2024-12-24T02:30:00Z,0.08333333333333333,0.12,99.4,0.0036969294567811284,0
2024-12-24T03:00:00Z,0.05555555555555556,0.08,99.5,0.0030718267299661983,0
2024-12-24T03:30:00Z,0.05555555555555556,0.08,99.5,0.0030718267299661983,0
2024-12-24T04:00:00Z,0.05555555555555556,0.08,99.6,0.0024574613839729587,0
2024-12-24T04:30:00Z,0.05555555555555556,0.08,99.6,0.0024574613839729587,0
2024-12-24T05:00:00Z,0.05555555555555556,0.1,99.6,0.0024610382098511074,0
2024-12-24T05:30:00Z,0.05555555555555556,0.1,99.6,0.0024610382098511074,0
2024-12-24T06:00:00Z,0.08333333333333333,0.17,99.5,0.0030919917194958124,0
2024-12-24T06:30:00Z,0.08333333333333333,0.17,99.5,0.0030919917194958124,0
2024-12-24T07:00:00Z,0.11111111111111112,0.16,99.5,0.003089745400767674,0
2024-12-24T07:30:00Z,0.11111111111111112,0.16,99.5,0.003089745400767674,0
2024-12-24T08:00:00Z,0.08333333333333333,0.14,97.8,0.013575131201916557,0
2024-12-24T08:30:00Z,0.08333333333333333,0.14,97.8,0.013575131201916557,0
2024-12-24T09:00:00Z,0.02777777777777778,0.07,94.8,0.03192377103812405,0
2024-12-24T09:30:00Z,0.02777777777777778,0.07,94.8,0.03192377103812405,0
2024-12-24T10:00:00Z,0.02777777777777778,-0.29,93.9,0.03647973798077897,0
2024-12-24T10:30:00Z,0.02777777777777778,-0.29,93.9,0.03647973798077897,0
2024-12-24T11:00:00Z,0.02777777777777778,-0.63,93.3,0.03908486500249164,0
2024-12-24T11:30:00Z,0.02777777777777778,-0.63,93.3,0.03908486500249164,0
2024-12-24T12:00:00Z,0.02777777777777778,-0.83,91.3,0.0500141227943689,0
2024-12-24T12:30:00Z,0.02777777777777778,-0.83,91.3,0.0500141227943689,0
2024-12-24T13:00:00Z,0.05555555555555556,-1.14,87.5,0.07024307099850557,0
2024-12-24T13:30:00Z,0.05555555555555556,-1.14,87.5,0.07024307099850557,0
2024-12-24T14:00:00Z,4.305555555555555,-1.3,88.4,0.06442315573179891,0
2024-12-24T14:30:00Z,4.305555555555555,-1.3,88.4,0.06442315573179891,0
2024-12-24T15:00:00Z,29.138888888888893,-0.7,85.1,0.08647591412586103,0
2024-12-24T15:30:00Z,29.138888888888893,-0.7,85.1,0.08647591412586103,0
2024-12-24T16:00:00Z,76.38888888888889,0.01,81.5,0.11308026310377756,0
2024-12-24T16:30:00Z,76.38888888888889,0.01,81.5,0.11308026310377756,0
2024-12-24T17:00:00Z,90.77777777777779,0.39,84,0.10053687727966643,0.89
2024-12-24T17:30:00Z,90.77777777777779,0.39,84,0.10053687727966643,0.89
2024-12-24T18:00:00Z,174.63888888888891,0.78,82.5,0.11311221843366126,0.255
2024-12-24T18:30:00Z,174.63888888888891,0.78,82.5,0.11311221843366126,0.255
2024-12-24T19:00:00Z,191.69444444444446,1.02,80.7,0.12692792270568087,0
2024-12-24T19:30:00Z,191.69444444444446,1.02,80.7,0.12692792270568087,0
2024-12-24T20:00:00Z,120.69444444444444,1.09,78.33,0.14323584036625836,0
2024-12-24T20:30:00Z,120.69444444444444,1.09,78.33,0.14323584036625836,0
2024-12-24T21:00:00Z,63.77777777777778,1.02,75.59,0.1605342276293094,0
2024-12-24T21:30:00Z,63.77777777777778,1.02,75.59,0.1605342276293094,0
2024-12-24T22:00:00Z,22.833333333333336,0.85,69.23,0.19989241554762527,0
2024-12-24T22:30:00Z,22.833333333333336,0.85,69.23,0.19989241554762527,0
2024-12-24T23:00:00Z,0.9722222222222223,0.27,74.48,0.15896583804138176,0
2024-12-24T23:30:00Z,0.9722222222222223,0.27,74.48,0.15896583804138176,0
2024-12-25T00:00:00Z,0.02777777777777778,0.06,72.37,0.16950239339066436,0
2024-12-25T00:30:00Z,0.02777777777777778,0.06,72.37,0.16950239339066436,0
2024-12-25T01:00:00Z,0.02777777777777778,-0.16,70.54,0.17785713395837932,0
2024-12-25T01:30:00Z,0.02777777777777778,-0.16,70.54,0.17785713395837932,0
2024-12-25T02:00:00Z,0,-0.47,75.14,0.1467288559400013,0
2024-12-25T02:30:00Z,0,-0.47,75.14,0.1467288559400013,0
2024-12-25T03:00:00Z,0.02777777777777778,-0.6,77.05,0.13417439258761915,0
2024-12-25T03:30:00Z,0.02777777777777778,-0.6,77.05,0.13417439258761915,0
2024-12-25T04:00:00Z,0,-0.73,77.81,0.1285027006507259,0
2024-12-25T04:30:00Z,0,-0.73,77.81,0.1285027006507259,0
2024-12-25T05:00:00Z,0,-0.79,77.38,0.1304184236409559,0
2024-12-25T05:30:00Z,0,-0.79,77.38,0.1304184236409559,0
2024-12-25T06:00:00Z,0,-0.74,75.64,0.14096594362748938,0
2024-12-25T06:30:00Z,0,-0.74,75.64,0.14096594362748938,0
2024-12-25T07:00:00Z,0,-0.77,76.1,0.13800046723557663,0
2024-12-25T07:30:00Z,0,-0.77,76.1,0.13800046723557663,0
2024-12-25T08:00:00Z,0,-0.6,72.29,0.1620031554946808,0
2024-12-25T08:30:00Z,0,-0.6,72.29,0.1620031554946808,0
2024-12-25T09:00:00Z,0,-0.6,69.38,0.17901611769206527,0
2024-12-25T09:30:00Z,0,-0.6,69.38,0.17901611769206527,0
2024-12-25T10:00:00Z,0,-0.67,69.09,0.17978837070479142,0
2024-12-25T10:30:00Z,0,-0.67,69.09,0.17978837070479142,0
2024-12-25T11:00:00Z,0,-0.95,74.53,0.1451379335603003,0
2024-12-25T11:30:00Z,0,-0.95,74.53,0.1451379335603003,0
2024-12-25T12:00:00Z,0.02777777777777778,-0.91,73.13,0.15356558279994836,0
2024-12-25T12:30:00Z,0.02777777777777778,-0.91,73.13,0.15356558279994836,0
2024-12-25T13:00:00Z,0.02777777777777778,-0.96,72.94,0.15408528162011143,0
2024-12-25T13:30:00Z,0.02777777777777778,-0.96,72.94,0.15408528162011143,0
2024-12-25T14:00:00Z,5.194444444444445,-1.03,74.3,0.1455912747502645,0
2024-12-25T14:30:00Z,5.194444444444445,-1.03,74.3,0.1455912747502645,0
2024-12-25T15:00:00Z,37.666666666666664,-0.69,73.34,0.15484135553122763,0
2024-12-25T15:30:00Z,37.666666666666664,-0.69,73.34,0.15484135553122763,0
2024-12-25T16:00:00Z,106.08333333333333,0,68.05,0.1951506,0
2024-12-25T16:30:00Z,106.08333333333333,0,68.05,0.1951506,0
2024-12-25T17:00:00Z,170.08333333333331,0.62,65.19,0.2224068344340548,0
2024-12-25T17:30:00Z,170.08333333333331,0.62,65.19,0.2224068344340548,0
2024-12-25T18:00:00Z,200.11111111111111,1.08,64.37,0.23533981905690282,0
2024-12-25T18:30:00Z,200.11111111111111,1.08,64.37,0.23533981905690282,0
2024-12-25T19:00:00Z,190.16666666666669,1.48,62.19,0.25703582475834896,0
2024-12-25T19:30:00Z,190.16666666666669,1.48,62.19,0.25703582475834896,0
2024-12-25T20:00:00Z,250.52777777777777,1.97,60.21,0.28017248302048253,0
2024-12-25T20:30:00Z,250.52777777777777,1.97,60.21,0.28017248302048253,0
2024-12-25T21:00:00Z,150.77777777777777,2.24,58.6,0.2971914278045382,0
2024-12-25T21:30:00Z,150.77777777777777,2.24,58.6,0.2971914278045382,0
2024-12-25T22:00:00Z,25.250000000000004,1.25,65.31,0.2319554908663048,0
2024-12-25T22:30:00Z,25.250000000000004,1.25,65.31,0.2319554908663048,0
2024-12-25T23:00:00Z,1.25,0.78,67.32,0.2112289884806885,0
2024-12-25T23:30:00Z,1.25,0.78,67.32,0.2112289884806885,0
2024-12-26T00:00:00Z,0.02777777777777778,0.51,67.6,0.2053661575183166,0
2024-12-26T00:30:00Z,0.02777777777777778,0.51,67.6,0.2053661575183166,0
2024-12-26T01:00:00Z,0.02777777777777778,0.32,70.98,0.18142492583749714,0
2024-12-26T01:30:00Z,0.02777777777777778,0.32,70.98,0.18142492583749714,0
2024-12-26T02:00:00Z,0,0.29,76.2,0.14846727430790813,0
2024-12-26T02:30:00Z,0,0.29,76.2,0.14846727430790813,0
2024-12-26T03:00:00Z,0.02777777777777778,-0.12,87.5,0.07568578514935487,0
2024-12-26T03:30:00Z,0.02777777777777778,-0.12,87.5,0.07568578514935487,0
2024-12-26T04:00:00Z,0,-0.12,87.5,0.07568578514935487,0
2024-12-26T04:30:00Z,0,-0.12,87.5,0.07568578514935487,0
2024-12-26T05:00:00Z,0,-0.07,87.7,0.07474652711859753,0
2024-12-26T05:30:00Z,0,-0.07,87.7,0.07474652711859753,0
2024-12-26T06:00:00Z,0.02777777777777778,-0.07,89.7,0.06259262027004509,0
2024-12-26T06:30:00Z,0.02777777777777778,-0.07,89.7,0.06259262027004509,0
2024-12-26T07:00:00Z,0,-0.19,95.5,0.02710824864157768,0
2024-12-26T07:30:00Z,0,-0.19,95.5,0.02710824864157768,0
2024-12-26T08:00:00Z,0.02777777777777778,-0.2,98,0.012039331016938548,0
2024-12-26T08:30:00Z,0.02777777777777778,-0.2,98,0.012039331016938548,0
2024-12-26T09:00:00Z,0.02777777777777778,0,98.6,0.008551199999999981,0
2024-12-26T09:30:00Z,0.02777777777777778,0,98.6,0.008551199999999981,0
2024-12-26T10:00:00Z,0.02777777777777778,0.17,98.7,0.008039178470689134,0
2024-12-26T10:30:00Z,0.02777777777777778,0.17,98.7,0.008039178470689134,0
2024-12-26T11:00:00Z,0.02777777777777778,0.39,98.9,0.006911910312976999,0
2024-12-26T11:30:00Z,0.02777777777777778,0.39,98.9,0.006911910312976999,0
2024-12-26T12:00:00Z,0.02777777777777778,0.62,98.9,0.007028081524776186,0
2024-12-26T12:30:00Z,0.02777777777777778,0.62,98.9,0.007028081524776186,0
2024-12-26T13:00:00Z,0.19444444444444445,0.8,98.9,0.0071201985170255,0
2024-12-26T13:30:00Z,0.19444444444444445,0.8,98.9,0.0071201985170255,0
2024-12-26T14:00:00Z,5.555555555555555,0.96,98.9,0.007202974420666086,0.125
2024-12-26T14:30:00Z,5.555555555555555,0.96,98.9,0.007202974420666086,0.125
2024-12-26T15:00:00Z,24.88888888888889,1.19,99.2,0.005326148781241491,0
2024-12-26T15:30:00Z,24.88888888888889,1.19,99.2,0.005326148781241491,0
2024-12-26T16:00:00Z,68.25,1.68,99.3,0.004827508127067115,0
2024-12-26T16:30:00Z,68.25,1.68,99.3,0.004827508127067115,0
2024-12-26T17:00:00Z,67.38888888888889,2.19,99.3,0.0050070593297499855,0
2024-12-26T17:30:00Z,67.38888888888889,2.19,99.3,0.0050070593297499855,0
2024-12-26T18:00:00Z,86.16666666666667,2.85,99.2,0.005997897495019555,0
2024-12-26T18:30:00Z,86.16666666666667,2.85,99.2,0.005997897495019555,0
2024-12-26T19:00:00Z,52.138888888888886,3.19,98.7,0.009984591267958365,0
2024-12-26T19:30:00Z,52.138888888888886,3.19,98.7,0.009984591267958365,0
2024-12-26T20:00:00Z,39.5,3.66,98.8,0.009528041343882299,0
2024-12-26T20:30:00Z,39.5,3.66,98.8,0.009528041343882299,0
2024-12-26T21:00:00Z,40.361111111111114,4.22,98.9,0.009085344593689704,0
2024-12-26T21:30:00Z,40.361111111111114,4.22,98.9,0.009085344593689704,0
2024-12-26T22:00:00Z,12.444444444444445,4.39,98.9,0.009194429051690656,0
2024-12-26T22:30:00Z,12.444444444444445,4.39,98.9,0.009194429051690656,0
2024-12-26T23:00:00Z,0.6666666666666666,4.35,99,0.008335144290542273,0
2024-12-26T23:30:00Z,0.6666666666666666,4.35,99,0.008335144290542273,0
2024-12-27T00:00:00Z,0.02777777777777778,4.32,99,0.008317611638580358,0
2024-12-27T00:30:00Z,0.02777777777777778,4.32,99,0.008317611638580358,0
2024-12-27T01:00:00Z,0.02777777777777778,4.68,99,0.008530165894069075,0
2024-12-27T01:30:00Z,0.02777777777777778,4.68,99,0.008530165894069075,0
2024-12-27T02:00:00Z,0.02777777777777778,5.02,98.6,0.012229413480342122,0
2024-12-27T02:30:00Z,0.02777777777777778,5.02,98.6,0.012229413480342122,0
2024-12-27T03:00:00Z,0.05555555555555556,5.37,97.8,0.019692176320839527,0
2024-12-27T03:30:00Z,0.05555555555555556,5.37,97.8,0.019692176320839527,0
2024-12-27T04:00:00Z,0.05555555555555556,5.35,98.2,0.016089369431751432,0.51
2024-12-27T04:30:00Z,0.05555555555555556,5.35,98.2,0.016089369431751432,0.51
2024-12-27T05:00:00Z,0.02777777777777778,5.31,98.8,0.01069641964917889,0.255
2024-12-27T05:30:00Z,0.02777777777777778,5.31,98.8,0.01069641964917889,0.255
2024-12-27T06:00:00Z,0.02777777777777778,5.29,98.7,0.011571661582311599,0.255
2024-12-27T06:30:00Z,0.02777777777777778,5.29,98.7,0.011571661582311599,0.255
2024-12-27T07:00:00Z,0.02777777777777778,5.23,98.7,0.011523401119460153,0.255
2024-12-27T07:30:00Z,0.02777777777777778,5.23,98.7,0.011523401119460153,0.255
2024-12-27T08:00:00Z,0.02777777777777778,5.03,98.7,0.011363811991545347,0.125
2024-12-27T08:30:00Z,0.02777777777777778,5.03,98.7,0.011363811991545347,0.125
2024-12-27T09:00:00Z,0.02777777777777778,4.84,98.6,0.012076626875170637,0.125
2024-12-27T09:30:00Z,0.02777777777777778,4.84,98.6,0.012076626875170637,0.125
2024-12-27T10:00:00Z,0.02777777777777778,4.71,98.4,0.013676948918968423,0.125
2024-12-27T10:30:00Z,0.02777777777777778,4.71,98.4,0.013676948918968423,0.125
2024-12-27T11:00:00Z,0.02777777777777778,4.54,98.2,0.015204498103473574,0
2024-12-27T11:30:00Z,0.02777777777777778,4.54,98.2,0.015204498103473574,0
2024-12-27T12:00:00Z,0.02777777777777778,4.34,97.7,0.019157381845612664,0
2024-12-27T12:30:00Z,0.02777777777777778,4.34,97.7,0.019157381845612664,0
2024-12-27T13:00:00Z,0.02777777777777778,4.19,96.8,0.026374438884347318,0
2024-12-27T13:30:00Z,0.02777777777777778,4.19,96.8,0.026374438884347318,0
2024-12-27T14:00:00Z,3.9722222222222228,4.14,96.6,0.02792453057712796,0.125
2024-12-27T14:30:00Z,3.9722222222222228,4.14,96.6,0.02792453057712796,0.125
2024-12-27T15:00:00Z,24.194444444444443,4.29,96,0.03320044610115236,0
2024-12-27T15:30:00Z,24.194444444444443,4.29,96,0.03320044610115236,0
2024-12-27T16:00:00Z,40.38888888888889,4.7,93.8,0.05296110468762549,0
2024-12-27T16:30:00Z,40.38888888888889,4.7,93.8,0.05296110468762549,0
2024-12-27T17:00:00Z,41.44444444444444,5.02,92.5,0.06551471507326145,0
2024-12-27T17:30:00Z,41.44444444444444,5.02,92.5,0.06551471507326145,0
2024-12-27T18:00:00Z,62.333333333333336,5.41,91.3,0.07809064701960666,0
2024-12-27T18:30:00Z,62.333333333333336,5.41,91.3,0.07809064701960666,0
2024-12-27T19:00:00Z,65.05555555555556,5.76,90.3,0.08920946854008949,0
2024-12-27T19:30:00Z,65.05555555555556,5.76,90.3,0.08920946854008949,0
2024-12-27T20:00:00Z,65,6.06,89.8,0.09577808987023229,0
2024-12-27T20:30:00Z,65,6.06,89.8,0.09577808987023229,0
2024-12-27T21:00:00Z,38.77777777777778,6.26,91.3,0.08283058966353252,0
2024-12-27T21:30:00Z,38.77777777777778,6.26,91.3,0.08283058966353252,0
2024-12-27T22:00:00Z,7.194444444444445,6.27,93.6,0.0609749552962392,0.125
2024-12-27T22:30:00Z,7.194444444444445,6.27,93.6,0.0609749552962392,0.125
2024-12-27T23:00:00Z,0.3055555555555556,6.19,95.9,0.03884673778887726,0.255
2024-12-27T23:30:00Z,0.3055555555555556,6.19,95.9,0.03884673778887726,0.255
2024-12-28T00:00:00Z,0,6.25,96.9,0.029493964522192218,0.125
2024-12-28T00:30:00Z,0,6.25,96.9,0.029493964522192218,0.125
2024-12-28T01:00:00Z,0,6.42,97,0.028879525883046764,0.255
2024-12-28T01:30:00Z,0,6.42,97,0.028879525883046764,0.255
2024-12-28T02:00:00Z,0.02777777777777778,6.52,97.5,0.02423281856835824,0.125
2024-12-28T02:30:00Z,0.02777777777777778,6.52,97.5,0.02423281856835824,0.125
2024-12-28T03:00:00Z,0.02777777777777778,6.82,97.8,0.021769940050396785,0
2024-12-28T03:30:00Z,0.02777777777777778,6.82,97.8,0.021769940050396785,0
2024-12-28T04:00:00Z,0.02777777777777778,7.23,98.1,0.019338038370371402,0
2024-12-28T04:30:00Z,0.02777777777777778,7.23,98.1,0.019338038370371402,0
2024-12-28T05:00:00Z,0,7.5,98.2,0.01866203869762928,0.255
2024-12-28T05:30:00Z,0,7.5,98.2,0.01866203869762928,0.255
2024-12-28T06:00:00Z,0,7.93,98.5,0.016014976388141644,0.255
2024-12-28T06:30:00Z,0,7.93,98.5,0.016014976388141644,0.255
2024-12-28T07:00:00Z,0,8.84,98.6,0.015899940827673653,0.255
2024-12-28T07:30:00Z,0,8.84,98.6,0.015899940827673653,0.255
2024-12-28T08:00:00Z,0,9.88,98.3,0.020708092957805402,0.255
2024-12-28T08:30:00Z,0,9.88,98.3,0.020708092957805402,0.255
2024-12-28T09:00:00Z,0,10.19,94.8,0.06467160919787118,0.125
2024-12-28T09:30:00Z,0,10.19,94.8,0.06467160919787118,0.125
2024-12-28T10:00:00Z,0.02777777777777778,9.52,89.5,0.12484702925692703,0
2024-12-28T10:30:00Z,0.02777777777777778,9.52,89.5,0.12484702925692703,0
2024-12-28T11:00:00Z,0,9.17,90.1,0.11496990009512453,0
2024-12-28T11:30:00Z,0,9.17,90.1,0.11496990009512453,0
2024-12-28T12:00:00Z,0,9.26,90.7,0.1086595283764602,0
2024-12-28T12:30:00Z,0,9.26,90.7,0.1086595283764602,0
2024-12-28T13:00:00Z,0,9.17,90.4,0.11148596372860564,0
2024-12-28T13:30:00Z,0,9.17,90.4,0.11148596372860564,0
2024-12-28T14:00:00Z,3.6944444444444446,8.81,89.3,0.12127459346865188,0
2024-12-28T14:30:00Z,3.6944444444444446,8.81,89.3,0.12127459346865188,0
2024-12-28T15:00:00Z,24.555555555555557,8.52,87,0.14447672616142748,0
2024-12-28T15:30:00Z,24.555555555555557,8.52,87,0.14447672616142748,0
2024-12-28T16:00:00Z,34.111111111111114,8.51,87.4,0.13993634801674903,0
2024-12-28T16:30:00Z,34.111111111111114,8.51,87.4,0.13993634801674903,0
2024-12-28T17:00:00Z,42.30555555555556,8.18,85,0.16289871867945704,0
2024-12-28T17:30:00Z,42.30555555555556,8.18,85,0.16289871867945704,0
2024-12-28T18:00:00Z,71.19444444444446,8.05,83.6,0.1765341078072965,0
2024-12-28T18:30:00Z,71.19444444444446,8.05,83.6,0.1765341078072965,0
2024-12-28T19:00:00Z,88.19444444444444,8.23,83.3,0.18197819257230974,0
2024-12-28T19:30:00Z,88.19444444444444,8.23,83.3,0.18197819257230974,0
2024-12-28T20:00:00Z,72.27777777777777,7.79,83.2,0.17766364753918062,0
2024-12-28T20:30:00Z,72.27777777777777,7.79,83.2,0.17766364753918062,0
2024-12-28T21:00:00Z,54.44444444444445,7.54,82.6,0.1808937747472128,0
2024-12-28T21:30:00Z,54.44444444444445,7.54,82.6,0.1808937747472128,0
2024-12-28T22:00:00Z,25.111111111111114,7.34,83.9,0.1651039266597608,0
2024-12-28T22:30:00Z,25.111111111111114,7.34,83.9,0.1651039266597608,0
2024-12-28T23:00:00Z,1.8611111111111112,6.46,88.1,0.11487198023018097,0
2024-12-28T23:30:00Z,1.8611111111111112,6.46,88.1,0.11487198023018097,0
2024-12-29T00:00:00Z,0,5.81,91.9,0.07475327900512385,0
2024-12-29T00:30:00Z,0,5.81,91.9,0.07475327900512385,0
2024-12-29T01:00:00Z,0,5.49,93.7,0.056863893208129346,0
2024-12-29T01:30:00Z,0,5.49,93.7,0.056863893208129346,0
2024-12-29T02:00:00Z,0,5.22,95,0.0442899037877984,0
2024-12-29T02:30:00Z,0,5.22,95,0.0442899037877984,0
2024-12-29T03:00:00Z,0,4.76,97.1,0.024876332101482657,0
2024-12-29T03:30:00Z,0,4.76,97.1,0.024876332101482657,0
2024-12-29T04:00:00Z,0.02777777777777778,4.01,98.4,0.013021338899654067,0
2024-12-29T04:30:00Z,0.02777777777777778,4.01,98.4,0.013021338899654067,0
2024-12-29T05:00:00Z,0.02777777777777778,4.52,98.7,0.010965647044790416,0
2024-12-29T05:30:00Z,0.02777777777777778,4.52,98.7,0.010965647044790416,0
2024-12-29T06:00:00Z,0,4.28,98.8,0.00995314245126322,0
2024-12-29T06:30:00Z,0,4.28,98.8,0.00995314245126322,0
2024-12-29T07:00:00Z,0,4.75,98.5,0.012858071494704859,0
2024-12-29T07:30:00Z,0,4.75,98.5,0.012858071494704859,0
2024-12-29T08:00:00Z,0,4.37,98.7,0.010850906076176559,0
2024-12-29T08:30:00Z,0,4.37,98.7,0.010850906076176559,0
2024-12-29T09:00:00Z,0,4.25,98.9,0.00910451142381219,0
2024-12-29T09:30:00Z,0,4.25,98.9,0.00910451142381219,0
2024-12-29T10:00:00Z,0,4.38,98.9,0.009187980486334513,0
2024-12-29T10:30:00Z,0,4.38,98.9,0.009187980486334513,0
2024-12-29T11:00:00Z,0,4.43,98.6,0.011734880502291989,0
2024-12-29T11:30:00Z,0,4.43,98.6,0.011734880502291989,0
2024-12-29T12:00:00Z,0,4.37,98.4,0.013354961324524961,0
2024-12-29T12:30:00Z,0,4.37,98.4,0.013354961324524961,0
2024-12-29T13:00:00Z,0,4.24,98.5,0.012406525255981182,0
2024-12-29T13:30:00Z,0,4.24,98.5,0.012406525255981182,0
2024-12-29T14:00:00Z,2.2222222222222223,4.86,98.1,0.01641263377632718,0
2024-12-29T14:30:00Z,2.2222222222222223,4.86,98.1,0.01641263377632718,0
2024-12-29T15:00:00Z,6.25,5.79,95.8,0.03870723855155589,0
2024-12-29T15:30:00Z,6.25,5.79,95.8,0.03870723855155589,0
2024-12-29T16:00:00Z,12.5,5.63,96.2,0.0346341301930464,0.38
2024-12-29T16:30:00Z,12.5,5.63,96.2,0.0346341301930464,0.38
2024-12-29T17:00:00Z,44.77777777777778,5.55,97.5,0.022659337568139648,0.51
2024-12-29T17:30:00Z,44.77777777777778,5.55,97.5,0.022659337568139648,0.51
2024-12-29T18:00:00Z,32.80555555555556,5.64,96.9,0.028273785351549896,0.255
2024-12-29T18:30:00Z,32.80555555555556,5.64,96.9,0.028273785351549896,0.255
2024-12-29T19:00:00Z,22.52777777777778,5.51,96.1,0.0352504339244446,0.76
2024-12-29T19:30:00Z,22.52777777777778,5.51,96.1,0.0352504339244446,0.76
2024-12-29T20:00:00Z,15.055555555555557,5.37,95.3,0.042069649412702526,0.89
2024-12-29T20:30:00Z,15.055555555555557,5.37,95.3,0.042069649412702526,0.89
2024-12-29T21:00:00Z,20.472222222222225,4.85,91.8,0.07078398521871088,1.015
2024-12-29T21:30:00Z,20.472222222222225,4.85,91.8,0.07078398521871088,1.015
2024-12-29T22:00:00Z,4.361111111111111,4.28,93.4,0.05474228348194787,0.76
2024-12-29T22:30:00Z,4.361111111111111,4.28,93.4,0.05474228348194787,0.76
2024-12-29T23:00:00Z,0.11111111111111112,3.96,94.1,0.04784748409748529,1.015
2024-12-29T23:30:00Z,0.11111111111111112,3.96,94.1,0.04784748409748529,1.015
2024-12-30T00:00:00Z,0,3.61,95.4,0.036395459761873084,2.285
2024-12-30T00:30:00Z,0,3.61,95.4,0.036395459761873084,2.285
2024-12-30T01:00:00Z,0.02777777777777778,2.96,95.3,0.03551403839485523,0.76
2024-12-30T01:30:00Z,0.02777777777777778,2.96,95.3,0.03551403839485523,0.76
2024-12-30T02:00:00Z,0,2.92,95.6,0.03315288791861659,0.51
2024-12-30T02:30:00Z,0,2.92,95.6,0.03315288791861659,0.51
2024-12-30T03:00:00Z,0,3.08,95,0.0381039748853943,0.125
2024-12-30T03:30:00Z,0,3.08,95,0.0381039748853943,0.125
2024-12-30T04:00:00Z,0,2.82,95.1,0.036658879669800526,0.125
2024-12-30T04:30:00Z,0,2.82,95.1,0.036658879669800526,0.125
2024-12-30T05:00:00Z,0,2.87,95.9,0.030782938632162082,0.125
2024-12-30T05:30:00Z,0,2.87,95.9,0.030782938632162082,0.125
2024-12-30T06:00:00Z,0.02777777777777778,2.88,94.8,0.039069522972352555,0
2024-12-30T06:30:00Z,0.02777777777777778,2.88,94.8,0.039069522972352555,0
2024-12-30T07:00:00Z,0.02777777777777778,2.86,96.4,0.027009724207640695,0.125
2024-12-30T07:30:00Z,0.02777777777777778,2.86,96.4,0.027009724207640695,0.125
2024-12-30T08:00:00Z,0.02777777777777778,2.79,96.4,0.026875678284813187,0.125
2024-12-30T08:30:00Z,0.02777777777777778,2.79,96.4,0.026875678284813187,0.125
2024-12-30T09:00:00Z,0.02777777777777778,2.68,95.3,0.034814233140007644,0
2024-12-30T09:30:00Z,0.02777777777777778,2.68,95.3,0.034814233140007644,0
2024-12-30T10:00:00Z,0.02777777777777778,2.63,92.4,0.05609536930044523,0
2024-12-30T10:30:00Z,0.02777777777777778,2.63,92.4,0.05609536930044523,0
2024-12-30T11:00:00Z,0.02777777777777778,2.42,90.6,0.06835068895710295,0
2024-12-30T11:30:00Z,0.02777777777777778,2.42,90.6,0.06835068895710295,0
2024-12-30T12:00:00Z,0,2.14,91.3,0.06200861944260461,0
2024-12-30T12:30:00Z,0,2.14,91.3,0.06200861944260461,0
2024-12-30T13:00:00Z,0.08333333333333333,1.63,92.5,0.05153801858469742,0
2024-12-30T13:30:00Z,0.08333333333333333,1.63,92.5,0.05153801858469742,0
2024-12-30T14:00:00Z,8.055555555555555,1.84,93.2,0.047436951113502546,0
2024-12-30T14:30:00Z,8.055555555555555,1.84,93.2,0.047436951113502546,0
2024-12-30T15:00:00Z,67.19444444444444,2.16,93.4,0.047108315838918946,0
2024-12-30T15:30:00Z,67.19444444444444,2.16,93.4,0.047108315838918946,0
2024-12-30T16:00:00Z,239.47222222222223,3.95,86.5,0.10940447204760828,0
2024-12-30T16:30:00Z,239.47222222222223,3.95,86.5,0.10940447204760828,0
2024-12-30T17:00:00Z,319.3888888888889,5.9,75.62,0.22640613387310216,0
2024-12-30T17:30:00Z,319.3888888888889,5.9,75.62,0.22640613387310216,0
2024-12-30T18:00:00Z,345.1388888888889,7.49,64.67,0.3660439297630902,0
2024-12-30T18:30:00Z,345.1388888888889,7.49,64.67,0.3660439297630902,0
2024-12-30T19:00:00Z,344.05555555555554,8.33,56.57,0.4764790782973576,0
2024-12-30T19:30:00Z,344.05555555555554,8.33,56.57,0.4764790782973576,0
2024-12-30T20:00:00Z,284.6388888888889,8.65,57.62,0.4751628188463485,0
2024-12-30T20:30:00Z,284.6388888888889,8.65,57.62,0.4751628188463485,0
2024-12-30T21:00:00Z,188.58333333333334,8.31,59.61,0.4425250154630809,0
2024-12-30T21:30:00Z,188.58333333333334,8.31,59.61,0.4425250154630809,0
2024-12-30T22:00:00Z,45.75,6.23,66.6,0.31733485121825233,0
2024-12-30T22:30:00Z,45.75,6.23,66.6,0.31733485121825233,0
2024-12-30T23:00:00Z,1.6666666666666667,3.85,82.8,0.13841095624727573,0
2024-12-30T23:30:00Z,1.6666666666666667,3.85,82.8,0.13841095624727573,0
2024-12-31T00:00:00Z,0.02777777777777778,2.77,92.2,0.058147889544249765,0
2024-12-31T00:30:00Z,0.02777777777777778,2.77,92.2,0.058147889544249765,0
2024-12-31T01:00:00Z,0,2.36,95.7,0.031133269265871344,0
2024-12-31T01:30:00Z,0,2.36,95.7,0.031133269265871344,0
2024-12-31T02:00:00Z,0.02777777777777778,0.93,97.6,0.015681577031624205,0
2024-12-31T02:30:00Z,0.02777777777777778,0.93,97.6,0.015681577031624205,0
2024-12-31T03:00:00Z,0.02777777777777778,0.24,98.9,0.006837064124174508,0
2024-12-31T03:30:00Z,0.02777777777777778,0.24,98.9,0.006837064124174508,0
2024-12-31T04:00:00Z,0.02777777777777778,0.88,99.3,0.0045573059479786515,0
2024-12-31T04:30:00Z,0.02777777777777778,0.88,99.3,0.0045573059479786515,0
2024-12-31T05:00:00Z,0.02777777777777778,-0.68,99.4,0.003487353475942756,0
2024-12-31T05:30:00Z,0.02777777777777778,-0.68,99.4,0.003487353475942756,0
2024-12-31T06:00:00Z,0,-1.05,99.6,0.0022626871240326585,0
2024-12-31T06:30:00Z,0,-1.05,99.6,0.0022626871240326585,0
2024-12-31T07:00:00Z,0.02777777777777778,-1.1,99.7,0.0016907952481727273,0
2024-12-31T07:30:00Z,0.02777777777777778,-1.1,99.7,0.0016907952481727273,0
2024-12-31T08:00:00Z,0,-0.59,99.7,0.0017551969701414816,0
2024-12-31T08:30:00Z,0,-0.59,99.7,0.0017551969701414816,0
2024-12-31T09:00:00Z,0.02777777777777778,0.31,99.6,0.0024988737105862135,0
2024-12-31T09:30:00Z,0.02777777777777778,0.31,99.6,0.0024988737105862135,0
2024-12-31T10:00:00Z,0.02777777777777778,-0.15,99.6,0.002416657022066726,0
2024-12-31T10:30:00Z,0.02777777777777778,-0.15,99.6,0.002416657022066726,0
2024-12-31T11:00:00Z,0.02777777777777778,-0.17,99.7,0.001809852971147552,0
2024-12-31T11:30:00Z,0.02777777777777778,-0.17,99.7,0.001809852971147552,0
2024-12-31T12:00:00Z,0.02777777777777778,0.14,99.6,0.0024682056730757074,0
2024-12-31T12:30:00Z,0.02777777777777778,0.14,99.6,0.0024682056730757074,0
2024-12-31T13:00:00Z,0.02777777777777778,0.19,96.4,0.022294718560616933,0
2024-12-31T13:30:00Z,0.02777777777777778,0.19,96.4,0.022294718560616933,0
2024-12-31T14:00:00Z,6.666666666666667,0.25,91.1,0.05535825473775535,0
2024-12-31T14:30:00Z,6.666666666666667,0.25,91.1,0.05535825473775535,0
2024-12-31T15:00:00Z,27.472222222222225,0.4,88.7,0.07105569141751844,0
2024-12-31T15:30:00Z,27.472222222222225,0.4,88.7,0.07105569141751844,0
2024-12-31T16:00:00Z,57.97222222222222,0.69,86.3,0.08797615495957989,0
2024-12-31T16:30:00Z,57.97222222222222,0.69,86.3,0.08797615495957989,0
2024-12-31T17:00:00Z,61.38888888888889,1.01,83.7,0.10712086911220664,0
2024-12-31T17:30:00Z,61.38888888888889,1.01,83.7,0.10712086911220664,0
2024-12-31T18:00:00Z,87.72222222222223,1.31,82.6,0.11684919181361053,0
2024-12-31T18:30:00Z,87.72222222222223,1.31,82.6,0.11684919181361053,0
2024-12-31T19:00:00Z,98.86111111111111,1.36,85.1,0.1004212065061687,0
2024-12-31T19:30:00Z,98.86111111111111,1.36,85.1,0.1004212065061687,0
2024-12-31T20:00:00Z,123.97222222222223,1.94,78.41,0.15169505170854536,0
2024-12-31T20:30:00Z,123.97222222222223,1.94,78.41,0.15169505170854536,0
2024-12-31T21:00:00Z,78.80555555555556,2.21,75.02,0.17893599194029808,0
2024-12-31T21:30:00Z,78.80555555555556,2.21,75.02,0.17893599194029808,0
2024-12-31T22:00:00Z,42.861111111111114,2.39,74.42,0.18560356513126164,0
2024-12-31T22:30:00Z,42.861111111111114,2.39,74.42,0.18560356513126164,0
2024-12-31T23:00:00Z,2.055555555555556,2.39,74.73,0.18335426469378346,0
2024-12-31T23:30:00Z,2.055555555555556,2.39,74.73,0.18335426469378346,0
2025-01-01T00:00:00Z,0,2.11,76.86,0.16457532467660463,0
2025-01-01T00:30:00Z,0,2.11,76.86,0.16457532467660463,0
2025-01-01T01:00:00Z,0,1.75,79.29,0.14354428421392296,0
2025-01-01T01:30:00Z,0,1.75,79.29,0.14354428421392296,0
2025-01-01T02:00:00Z,0,1.45,81.6,0.1248154087479727,0
2025-01-01T02:30:00Z,0,1.45,81.6,0.1248154087479727,0
2025-01-01T03:00:00Z,0,1.25,82.9,0.11433954724167805,0
2025-01-01T03:30:00Z,0,1.25,82.9,0.11433954724167805,0
2025-01-01T04:00:00Z,0.02777777777777778,0.97,85,0.09829330957837878,0
2025-01-01T04:30:00Z,0.02777777777777778,0.97,85,0.09829330957837878,0
