site,Year,Date,GrowingSeason,ustar_scenario,NEE_gC_day
LD,2024,2024-01-01,FALSE,U05,0.4649948077838351
LD,2024,2024-01-02,FALSE,U05,0.5312701917360001
LD,2024,2024-01-03,FALSE,U05,0.28582378981162193
LD,2024,2024-01-04,FALSE,U05,0.48904123855176945
LD,2024,2024-01-05,FALSE,U05,0.5379707283290063
LD,2024,2024-01-06,FALSE,U05,0.5587072119822859
LD,2024,2024-01-07,FALSE,U05,0.8635917363505714
LD,2024,2024-01-08,FALSE,U05,0.9106656184979997
LD,2024,2024-01-09,FALSE,U05,1.095609899197553
LD,2024,2024-01-10,FALSE,U05,1.033463307780192
LD,2024,2024-01-11,FALSE,U05,1.12363208272848
LD,2024,2024-01-12,FALSE,U05,0.9449756985076798
LD,2024,2024-01-13,FALSE,U05,1.0180076156155546
LD,2024,2024-01-14,FALSE,U05,0.7545328764191999
LD,2024,2024-01-15,FALSE,U05,0.834803703144
LD,2024,2024-01-16,FALSE,U05,0.8361191262960002
LD,2024,2024-01-17,FALSE,U05,0.8356685345205489
LD,2024,2024-01-18,FALSE,U05,0.7959023670095705
LD,2024,2024-01-19,FALSE,U05,0.7449884771389491
LD,2024,2024-01-20,FALSE,U05,0.694680526945307
LD,2024,2024-01-21,FALSE,U05,0.6890720194627169
LD,2024,2024-01-22,FALSE,U05,0.7075398366474306
LD,2024,2024-01-23,FALSE,U05,0.7596820220373258
LD,2024,2024-01-24,FALSE,U05,0.7122082259254106
LD,2024,2024-01-25,FALSE,U05,0.6755562480578159
LD,2024,2024-01-26,FALSE,U05,0.6875818180792383
LD,2024,2024-01-27,FALSE,U05,0.5986188921875557
LD,2024,2024-01-28,FALSE,U05,0.481583137158851
LD,2024,2024-01-29,FALSE,U05,0.8679368246393456
LD,2024,2024-01-30,FALSE,U05,0.92317663854168
LD,2024,2024-01-31,FALSE,U05,0.88108512250104
LD,2024,2024-02-01,FALSE,U05,0.21217078118695706
LD,2024,2024-02-02,FALSE,U05,0.4715544255769718
LD,2024,2024-02-03,FALSE,U05,0.45503446312230117
LD,2024,2024-02-04,FALSE,U05,0.12671364065142862
LD,2024,2024-02-05,FALSE,U05,0.11997546788957134
LD,2024,2024-02-06,FALSE,U05,0.1350793953600639
LD,2024,2024-02-07,FALSE,U05,0.39924125345490147
LD,2024,2024-02-08,FALSE,U05,0.5112673500445715
LD,2024,2024-02-09,FALSE,U05,2.0304618301727992
LD,2024,2024-02-10,FALSE,U05,1.8416477510906577
LD,2024,2024-02-11,FALSE,U05,1.699194870605315
LD,2024,2024-02-12,FALSE,U05,0.4458252441577788
LD,2024,2024-02-13,FALSE,U05,0.9079463551271654
LD,2024,2024-02-14,FALSE,U05,1.0842078213858177
LD,2024,2024-02-15,FALSE,U05,1.2647419865988556
LD,2024,2024-02-16,FALSE,U05,1.851520027385668
LD,2024,2024-02-17,FALSE,U05,1.5969350189762532
LD,2024,2024-02-18,FALSE,U05,1.091275107827215
LD,2024,2024-02-19,FALSE,U05,0.5667774926432955
LD,2024,2024-02-20,FALSE,U05,0.9394358850497891
LD,2024,2024-02-21,FALSE,U05,1.1866124105759281
LD,2024,2024-02-22,FALSE,U05,-0.17702506283098846
LD,2024,2024-02-23,FALSE,U05,-0.0686540097841549
LD,2024,2024-02-24,FALSE,U05,-0.2158577166793262
LD,2024,2024-02-25,FALSE,U05,-0.10680736693028561
LD,2024,2024-02-26,FALSE,U05,0.32094487682187856
LD,2024,2024-02-27,FALSE,U05,0.7572244145971766
LD,2024,2024-02-28,FALSE,U05,0.6742952967211557
LD,2024,2024-02-29,FALSE,U05,0.3012725083578356
LD,2024,2024-03-01,FALSE,U05,0.3366791568202947
LD,2024,2024-03-02,FALSE,U05,-0.015344436419470576
LD,2024,2024-03-03,FALSE,U05,0.11274004741718886
LD,2024,2024-03-04,FALSE,U05,1.0136985484693852
LD,2024,2024-03-05,FALSE,U05,1.4056487481344613
LD,2024,2024-03-06,FALSE,U05,0.27164303377391424
LD,2024,2024-03-07,FALSE,U05,0.4408162235690926
LD,2024,2024-03-08,FALSE,U05,1.2033035127836906
LD,2024,2024-03-09,FALSE,U05,1.733519531672369
LD,2024,2024-03-10,FALSE,U05,0.9055240464593848
LD,2024,2024-03-11,FALSE,U05,1.0771997290751565
LD,2024,2024-03-12,FALSE,U05,1.5028526068223362
LD,2024,2024-03-13,FALSE,U05,1.2182640679779342
LD,2024,2024-03-14,FALSE,U05,3.126375208551063
LD,2024,2024-03-15,FALSE,U05,-0.6202351424429076
LD,2024,2024-03-16,FALSE,U05,1.6517365493047522
LD,2024,2024-03-17,FALSE,U05,0.6326069331076163
LD,2024,2024-03-18,FALSE,U05,1.2113823852891243
LD,2024,2024-03-19,FALSE,U05,-0.2306762107199999
LD,2024,2024-03-20,FALSE,U05,2.5287655836816407
LD,2024,2024-03-21,FALSE,U05,0.7442157094378943
LD,2024,2024-03-22,FALSE,U05,3.7955059627925105
LD,2024,2024-03-23,FALSE,U05,0.17148115597678423
LD,2024,2024-03-24,FALSE,U05,0.1496854798776033
LD,2024,2024-03-25,FALSE,U05,-0.5398979361120001
LD,2024,2024-03-26,FALSE,U05,-0.7034752429200002
LD,2024,2024-03-27,FALSE,U05,0.33019257592799994
LD,2024,2024-03-28,TRUE,U05,-1.1646248153617749
LD,2024,2024-03-29,TRUE,U05,-1.172848554921474
LD,2024,2024-03-30,TRUE,U05,0.18466014721624652
LD,2024,2024-03-31,TRUE,U05,-0.2667740062342283
LD,2024,2024-04-01,TRUE,U05,-1.1644579672761728
LD,2024,2024-04-02,TRUE,U05,1.0885308600730166
LD,2024,2024-04-03,TRUE,U05,-2.649772591264256
LD,2024,2024-04-04,TRUE,U05,-0.3261716333186254
LD,2024,2024-04-05,TRUE,U05,-1.904924862261388
LD,2024,2024-04-06,TRUE,U05,-2.8128776524309838
LD,2024,2024-04-07,TRUE,U05,-1.0271219683231565
LD,2024,2024-04-08,TRUE,U05,-1.170852338232
LD,2024,2024-04-09,TRUE,U05,-1.2795524247800767
LD,2024,2024-04-10,TRUE,U05,-1.5469477897670108
LD,2024,2024-04-11,TRUE,U05,1.141264963325898
LD,2024,2024-04-12,TRUE,U05,0.5417988416174004
LD,2024,2024-04-13,TRUE,U05,-1.2978324607476257
LD,2024,2024-04-14,TRUE,U05,-1.6260499642644004
LD,2024,2024-04-15,TRUE,U05,-1.7064619366401814
LD,2024,2024-04-16,TRUE,U05,-1.7626853856707771
LD,2024,2024-04-17,TRUE,U05,1.2577186107717508
LD,2024,2024-04-18,TRUE,U05,-1.2518840593875433
LD,2024,2024-04-19,TRUE,U05,-2.31350407407524
LD,2024,2024-04-20,TRUE,U05,-1.4694061791383999
LD,2024,2024-04-21,TRUE,U05,-2.950944477361416
LD,2024,2024-04-22,TRUE,U05,-2.420304898449532
LD,2024,2024-04-23,TRUE,U05,-0.6486452879965713
LD,2024,2024-04-24,TRUE,U05,-2.709990944933485
LD,2024,2024-04-25,TRUE,U05,-4.223778257507795
LD,2024,2024-04-26,TRUE,U05,-3.6417801541271615
LD,2024,2024-04-27,TRUE,U05,1.9241616494898002
LD,2024,2024-04-28,TRUE,U05,3.6351538604978577
LD,2024,2024-04-29,TRUE,U05,2.023574265133934
LD,2024,2024-04-30,TRUE,U05,-3.694873532371436
LD,2024,2024-05-01,TRUE,U05,-2.3570650184249167
LD,2024,2024-05-02,TRUE,U05,-3.795343299057886
LD,2024,2024-05-03,TRUE,U05,3.9939137428467624
LD,2024,2024-05-04,TRUE,U05,-4.481956737798417
LD,2024,2024-05-05,TRUE,U05,-1.7219604978327427
LD,2024,2024-05-06,TRUE,U05,-4.831869682605482
LD,2024,2024-05-07,TRUE,U05,0.24784587247171314
LD,2024,2024-05-08,TRUE,U05,-3.094767107823993
LD,2024,2024-05-09,TRUE,U05,-0.15871751454592486
LD,2024,2024-05-10,TRUE,U05,-4.385270844050212
LD,2024,2024-05-11,TRUE,U05,-2.8124740819512084
LD,2024,2024-05-12,TRUE,U05,-4.025038746353548
LD,2024,2024-05-13,TRUE,U05,-3.1253106049744592
LD,2024,2024-05-14,TRUE,U05,0.6282321915878308
LD,2024,2024-05-15,TRUE,U05,-6.117376100259647
LD,2024,2024-05-16,TRUE,U05,-6.907630620001126
LD,2024,2024-05-17,TRUE,U05,-3.8558075678282506
LD,2024,2024-05-18,TRUE,U05,-5.039462237796314
LD,2024,2024-05-19,TRUE,U05,-4.669584826697504
LD,2024,2024-05-20,TRUE,U05,-3.056404573031396
LD,2024,2024-05-21,TRUE,U05,-2.754442646859365
LD,2024,2024-05-22,TRUE,U05,-3.280175507519998
LD,2024,2024-05-23,TRUE,U05,-5.491956470589332
LD,2024,2024-05-24,TRUE,U05,-5.8474052610141465
LD,2024,2024-05-25,TRUE,U05,-4.2955187358390186
LD,2024,2024-05-26,TRUE,U05,-1.957713800288377
LD,2024,2024-05-27,TRUE,U05,-1.0735387380000003
LD,2024,2024-05-28,TRUE,U05,-7.162656614297782
LD,2024,2024-05-29,TRUE,U05,-6.856502263042922
LD,2024,2024-05-30,TRUE,U05,-6.820768535109707
LD,2024,2024-05-31,TRUE,U05,-5.13619459485638
LD,2024,2024-06-01,TRUE,U05,-2.7626313227442205
LD,2024,2024-06-02,TRUE,U05,-5.7696003399141285
LD,2024,2024-06-03,TRUE,U05,-6.064633367102591
LD,2024,2024-06-04,TRUE,U05,-5.290271354159999
LD,2024,2024-06-05,TRUE,U05,-0.2627245022511425
LD,2024,2024-06-06,TRUE,U05,-3.037809888686079
LD,2024,2024-06-07,TRUE,U05,-0.7947662963856595
LD,2024,2024-06-08,TRUE,U05,0.9221623890641021
LD,2024,2024-06-09,TRUE,U05,-0.43633106532367816
LD,2024,2024-06-10,TRUE,U05,-3.2907916403801436
LD,2024,2024-06-11,TRUE,U05,-3.655250559224776
LD,2024,2024-06-12,TRUE,U05,-4.434984579545504
LD,2024,2024-06-13,TRUE,U05,-4.446048852143165
LD,2024,2024-06-14,TRUE,U05,-5.313560703164721
LD,2024,2024-06-15,TRUE,U05,-3.6581311659933955
LD,2024,2024-06-16,TRUE,U05,-4.142228404398139
LD,2024,2024-06-17,TRUE,U05,-4.8918463466399995
LD,2024,2024-06-18,TRUE,U05,-5.308233382333328
LD,2024,2024-06-19,TRUE,U05,-2.9540354173200005
LD,2024,2024-06-20,TRUE,U05,-1.6766515302658493
LD,2024,2024-06-21,TRUE,U05,-3.6510953496024845
LD,2024,2024-06-22,TRUE,U05,1.9410637840167337
LD,2024,2024-06-23,TRUE,U05,2.5923249822179355
LD,2024,2024-06-24,TRUE,U05,-3.4726937993475513
LD,2024,2024-06-25,TRUE,U05,-1.1466535278771628
LD,2024,2024-06-26,TRUE,U05,0.9845866955606026
LD,2024,2024-06-27,TRUE,U05,-4.256713224218635
LD,2024,2024-06-28,TRUE,U05,-0.9326560960575719
LD,2024,2024-06-29,TRUE,U05,-0.2168236086522405
LD,2024,2024-06-30,TRUE,U05,-4.927679402698645
LD,2024,2024-07-01,TRUE,U05,-5.707951241313847
LD,2024,2024-07-02,TRUE,U05,-0.2628338059165283
LD,2024,2024-07-03,TRUE,U05,-1.342424892802042
LD,2024,2024-07-04,TRUE,U05,-4.912561664190398
LD,2024,2024-07-05,TRUE,U05,-4.720985765924369
LD,2024,2024-07-06,TRUE,U05,-3.527055633355889
LD,2024,2024-07-07,TRUE,U05,-3.6946534178547696
LD,2024,2024-07-08,TRUE,U05,-3.156124941721764
LD,2024,2024-07-09,TRUE,U05,-3.207241365690239
LD,2024,2024-07-10,TRUE,U05,-3.251946749745055
LD,2024,2024-07-11,TRUE,U05,-5.364451200052699
LD,2024,2024-07-12,TRUE,U05,-3.8357433935706164
LD,2024,2024-07-13,TRUE,U05,-5.3175201819363895
LD,2024,2024-07-14,TRUE,U05,-1.9811227922543395
LD,2024,2024-07-15,TRUE,U05,-2.003272560112147
LD,2024,2024-07-16,TRUE,U05,0.5547815444170875
LD,2024,2024-07-17,TRUE,U05,-7.497755659250832
LD,2024,2024-07-18,TRUE,U05,-3.876890730940275
LD,2024,2024-07-19,TRUE,U05,-3.9610586883479186
LD,2024,2024-07-20,TRUE,U05,-3.1090101866215907
LD,2024,2024-07-21,TRUE,U05,-4.267405813344117
LD,2024,2024-07-22,TRUE,U05,-5.449940863217921
LD,2024,2024-07-23,TRUE,U05,-3.656474074252846
LD,2024,2024-07-24,TRUE,U05,-2.8869743935635594
LD,2024,2024-07-25,TRUE,U05,-5.610044857698105
LD,2024,2024-07-26,TRUE,U05,-3.927268803112556
LD,2024,2024-07-27,TRUE,U05,-3.8653200402042134
LD,2024,2024-07-28,TRUE,U05,-4.528924101933291
LD,2024,2024-07-29,TRUE,U05,-1.6992285341957736
LD,2024,2024-07-30,TRUE,U05,-3.391002476678363
LD,2024,2024-07-31,TRUE,U05,-2.97485147247542
LD,2024,2024-08-01,TRUE,U05,-3.12280449487999
LD,2024,2024-08-02,TRUE,U05,-1.4486471240452774
LD,2024,2024-08-03,TRUE,U05,-4.141351441003421
LD,2024,2024-08-04,TRUE,U05,-4.616297174985339
LD,2024,2024-08-05,TRUE,U05,-0.992372078921579
LD,2024,2024-08-06,TRUE,U05,-1.9442349828359786
LD,2024,2024-08-07,TRUE,U05,-5.162806954307808
LD,2024,2024-08-08,TRUE,U05,-4.956127612743303
LD,2024,2024-08-09,TRUE,U05,-3.705459768461143
LD,2024,2024-08-10,TRUE,U05,-4.1853165330382405
LD,2024,2024-08-11,TRUE,U05,-4.625511646013759
LD,2024,2024-08-12,TRUE,U05,-4.5944334621460525
LD,2024,2024-08-13,TRUE,U05,-4.4186815154119135
LD,2024,2024-08-14,TRUE,U05,-2.659559536473714
LD,2024,2024-08-15,TRUE,U05,-1.883859534841417
LD,2024,2024-08-16,TRUE,U05,-1.5201086472719996
LD,2024,2024-08-17,TRUE,U05,-1.087887356352
LD,2024,2024-08-18,TRUE,U05,-1.681010751155205
LD,2024,2024-08-19,TRUE,U05,-3.0357784561564487
LD,2024,2024-08-20,TRUE,U05,-6.446410914799535
LD,2024,2024-08-21,TRUE,U05,-5.91706324943937
LD,2024,2024-08-22,TRUE,U05,-7.156589375713307
LD,2024,2024-08-23,TRUE,U05,-8.112468048765084
LD,2024,2024-08-24,TRUE,U05,-2.0695922149714288
LD,2024,2024-08-25,TRUE,U05,1.0514768749902863
LD,2024,2024-08-26,TRUE,U05,0.9459629773508553
LD,2024,2024-08-27,TRUE,U05,-0.18513851767475184
LD,2024,2024-08-28,TRUE,U05,-2.262961422404052
LD,2024,2024-08-29,TRUE,U05,-2.525834591166162
LD,2024,2024-08-30,TRUE,U05,-2.2244008641187714
LD,2024,2024-08-31,TRUE,U05,-1.3361445719783867
LD,2024,2024-09-01,TRUE,U05,0.08020773449999836
LD,2024,2024-09-02,TRUE,U05,-4.41337012782487
LD,2024,2024-09-03,TRUE,U05,-3.1307117151528696
LD,2024,2024-09-04,TRUE,U05,-3.3009541560666102
LD,2024,2024-09-05,TRUE,U05,-3.7079597318770277
LD,2024,2024-09-06,TRUE,U05,-3.710118654265827
LD,2024,2024-09-07,TRUE,U05,-3.0606780366317263
LD,2024,2024-09-08,TRUE,U05,-2.5626786976720735
LD,2024,2024-09-09,TRUE,U05,-4.107278292919714
LD,2024,2024-09-10,TRUE,U05,-4.146849958957715
LD,2024,2024-09-11,TRUE,U05,-4.269321506751879
LD,2024,2024-09-12,TRUE,U05,-3.365072673204606
LD,2024,2024-09-13,TRUE,U05,-3.611378949156125
LD,2024,2024-09-14,TRUE,U05,-2.804216026639554
LD,2024,2024-09-15,TRUE,U05,-1.7787907136799173
LD,2024,2024-09-16,TRUE,U05,-2.2084214481932154
LD,2024,2024-09-17,TRUE,U05,-3.0624031737191157
LD,2024,2024-09-18,TRUE,U05,-2.3841717446604616
LD,2024,2024-09-19,TRUE,U05,-2.1950512580293973
LD,2024,2024-09-20,TRUE,U05,-0.38340274463189306
LD,2024,2024-09-21,TRUE,U05,-0.15664716330123082
LD,2024,2024-09-22,TRUE,U05,2.340291383480103
LD,2024,2024-09-23,TRUE,U05,0.12148413550650115
LD,2024,2024-09-24,TRUE,U05,4.6260010035967
LD,2024,2024-09-25,TRUE,U05,1.8565832802198248
LD,2024,2024-09-26,TRUE,U05,-0.48453068823243306
LD,2024,2024-09-27,TRUE,U05,0.4019028572882368
LD,2024,2024-09-28,TRUE,U05,1.0832931685030258
LD,2024,2024-09-29,TRUE,U05,-0.25231892286022606
LD,2024,2024-09-30,TRUE,U05,0.46175330315784274
LD,2024,2024-10-01,TRUE,U05,1.9846672524022806
LD,2024,2024-10-02,TRUE,U05,-2.067886423395139
LD,2024,2024-10-03,TRUE,U05,-1.2385720108855494
LD,2024,2024-10-04,TRUE,U05,-0.3035950527632202
LD,2024,2024-10-05,TRUE,U05,-1.2094716019781386
LD,2024,2024-10-06,TRUE,U05,-0.6654016607862852
LD,2024,2024-10-07,TRUE,U05,-0.4272881867916481
LD,2024,2024-10-08,TRUE,U05,-1.5381819908799026
LD,2024,2024-10-09,TRUE,U05,-2.1397009919307193
LD,2024,2024-10-10,TRUE,U05,-1.5039041664954464
LD,2024,2024-10-11,TRUE,U05,-0.9081318844479696
LD,2024,2024-10-12,TRUE,U05,0.3016249093484884
LD,2024,2024-10-13,TRUE,U05,2.762515865169195
LD,2024,2024-10-14,TRUE,U05,-0.8787141518891373
LD,2024,2024-10-15,TRUE,U05,-1.4597543804093966
LD,2024,2024-10-16,TRUE,U05,-1.3425334839427512
LD,2024,2024-10-17,TRUE,U05,-1.1858607741329332
LD,2024,2024-10-18,TRUE,U05,-0.5591299802984621
LD,2024,2024-10-19,TRUE,U05,-0.9460282740950579
LD,2024,2024-10-20,TRUE,U05,-0.15289610110022261
LD,2024,2024-10-21,TRUE,U05,0.606741230555063
LD,2024,2024-10-22,TRUE,U05,0.456501872413416
LD,2024,2024-10-23,TRUE,U05,-0.23358661497227273
LD,2024,2024-10-24,TRUE,U05,-1.5308585820087979
LD,2024,2024-10-25,TRUE,U05,1.1481462481299922
LD,2024,2024-10-26,TRUE,U05,-1.6341877777530491
LD,2024,2024-10-27,TRUE,U05,-0.37056745429151716
LD,2024,2024-10-28,TRUE,U05,-1.4259096344530695
LD,2024,2024-10-29,TRUE,U05,0.9308194244127114
LD,2024,2024-10-30,TRUE,U05,1.8741967533360004
LD,2024,2024-10-31,TRUE,U05,4.054606036056001
LD,2024,2024-11-01,FALSE,U05,0.3855284771152227
LD,2024,2024-11-02,FALSE,U05,0.18227151918022172
LD,2024,2024-11-03,FALSE,U05,0.21903706576818455
LD,2024,2024-11-04,FALSE,U05,7.138119230637063
LD,2024,2024-11-05,FALSE,U05,6.566396117603161
LD,2024,2024-11-06,FALSE,U05,2.7986093379847943
LD,2024,2024-11-07,FALSE,U05,1.2900935467608425
LD,2024,2024-11-08,FALSE,U05,0.7631657560534294
LD,2024,2024-11-09,FALSE,U05,0.25641230662513453
LD,2024,2024-11-10,FALSE,U05,1.862077939128263
LD,2024,2024-11-11,FALSE,U05,1.964283171955965
LD,2024,2024-11-12,FALSE,U05,0.17319268549772357
LD,2024,2024-11-13,FALSE,U05,0.20968798805742855
LD,2024,2024-11-14,FALSE,U05,2.0476330910157907
LD,2024,2024-11-15,FALSE,U05,1.6068063351166253
LD,2024,2024-11-16,FALSE,U05,1.060276840745539
LD,2024,2024-11-17,FALSE,U05,0.6127841287224
LD,2024,2024-11-18,FALSE,U05,0.3690242186952704
LD,2024,2024-11-19,FALSE,U05,0.00876589755459823
LD,2024,2024-11-20,FALSE,U05,-0.2734602043570287
LD,2024,2024-11-21,FALSE,U05,0.5483512187343871
LD,2024,2024-11-22,FALSE,U05,1.0380893764324157
LD,2024,2024-11-23,FALSE,U05,2.5710980263212093
LD,2024,2024-11-24,FALSE,U05,0.5430695275238971
LD,2024,2024-11-25,FALSE,U05,1.3333691082352923
LD,2024,2024-11-26,FALSE,U05,1.0041844861603095
LD,2024,2024-11-27,FALSE,U05,1.1775583138876615
LD,2024,2024-11-28,FALSE,U05,1.2431456185684047
LD,2024,2024-11-29,FALSE,U05,1.496312215546247
LD,2024,2024-11-30,FALSE,U05,1.4322778722786251
LD,2024,2024-12-01,FALSE,U05,0.6354301345801641
LD,2024,2024-12-02,FALSE,U05,1.0100012319265785
LD,2024,2024-12-03,FALSE,U05,1.340669259113781
LD,2024,2024-12-04,FALSE,U05,1.367841041989765
LD,2024,2024-12-05,FALSE,U05,1.3390055166150834
LD,2024,2024-12-06,FALSE,U05,1.3429685480887414
LD,2024,2024-12-07,FALSE,U05,0.9608598839282306
LD,2024,2024-12-08,FALSE,U05,-0.14646628842428588
LD,2024,2024-12-09,FALSE,U05,1.2388290289099249
LD,2024,2024-12-10,FALSE,U05,1.4504487155150403
LD,2024,2024-12-11,FALSE,U05,1.379838677552143
LD,2024,2024-12-12,FALSE,U05,1.1852005114572723
LD,2024,2024-12-13,FALSE,U05,0.44846830148399974
LD,2024,2024-12-14,FALSE,U05,0.158032440576
LD,2024,2024-12-15,FALSE,U05,-0.5199044434365817
LD,2024,2024-12-16,FALSE,U05,3.837503259205426
LD,2024,2024-12-17,FALSE,U05,1.7043065999586189
LD,2024,2024-12-18,FALSE,U05,1.260664983194101
LD,2024,2024-12-19,FALSE,U05,0.6878168142075931
LD,2024,2024-12-20,FALSE,U05,0.22575999296037466
LD,2024,2024-12-21,FALSE,U05,0.71599900595941
LD,2024,2024-12-22,FALSE,U05,0.7040332400075066
LD,2024,2024-12-23,FALSE,U05,1.041598387825305
LD,2024,2024-12-24,FALSE,U05,1.1097386121281043
LD,2024,2024-12-25,FALSE,U05,0.7099064175157613
LD,2024,2024-12-26,FALSE,U05,0.7518269471835799
LD,2024,2024-12-27,FALSE,U05,1.1924184283267591
LD,2024,2024-12-28,FALSE,U05,1.3932724455533392
LD,2024,2024-12-29,FALSE,U05,1.6265945559834947
LD,2024,2024-12-30,FALSE,U05,0.19516197111798367
LD,2024,2024-12-31,FALSE,U05,1.200251160072942
LD,2024,2025-01-01,FALSE,U05,0.27984550954264614
LD,2024,2024-01-01,FALSE,U50,0.4640453713386759
LD,2024,2024-01-02,FALSE,U50,0.5268010390260002
LD,2024,2024-01-03,FALSE,U50,0.2910108216075852
LD,2024,2024-01-04,FALSE,U50,0.49296498668076766
LD,2024,2024-01-05,FALSE,U50,0.5362759119585134
LD,2024,2024-01-06,FALSE,U50,0.5891781544045716
LD,2024,2024-01-07,FALSE,U50,0.8914531123280572
LD,2024,2024-01-08,FALSE,U50,0.9405417090198854
LD,2024,2024-01-09,FALSE,U50,1.1187801510176674
LD,2024,2024-01-10,FALSE,U50,0.9688665717606232
LD,2024,2024-01-11,FALSE,U50,0.9857685816850353
LD,2024,2024-01-12,FALSE,U50,0.8051571712600798
LD,2024,2024-01-13,FALSE,U50,0.9007925885026973
LD,2024,2024-01-14,FALSE,U50,0.7545328764191999
LD,2024,2024-01-15,FALSE,U50,0.834803703144
LD,2024,2024-01-16,FALSE,U50,0.8361191262960002
LD,2024,2024-01-17,FALSE,U50,0.8356685345205489
LD,2024,2024-01-18,FALSE,U50,0.7648075015281018
LD,2024,2024-01-19,FALSE,U50,0.7138936116574804
LD,2024,2024-01-20,FALSE,U50,0.694680526945307
LD,2024,2024-01-21,FALSE,U50,0.6890720194627169
LD,2024,2024-01-22,FALSE,U50,0.7075398366474306
LD,2024,2024-01-23,FALSE,U50,0.7596820220373258
LD,2024,2024-01-24,FALSE,U50,0.7122082259254106
LD,2024,2024-01-25,FALSE,U50,0.6755562480578159
LD,2024,2024-01-26,FALSE,U50,0.6875818180792383
LD,2024,2024-01-27,FALSE,U50,0.5986188921875557
LD,2024,2024-01-28,FALSE,U50,0.481583137158851
LD,2024,2024-01-29,FALSE,U50,0.8679368246393456
LD,2024,2024-01-30,FALSE,U50,0.92317663854168
LD,2024,2024-01-31,FALSE,U50,0.91580336669304
LD,2024,2024-02-01,FALSE,U50,0.3735350131514721
LD,2024,2024-02-02,FALSE,U50,0.7171431920851558
LD,2024,2024-02-03,FALSE,U50,0.5656950096678157
LD,2024,2024-02-04,FALSE,U50,0.1703865049805042
LD,2024,2024-02-05,FALSE,U50,0.1809624632754857
LD,2024,2024-02-06,FALSE,U50,0.22595585633762658
LD,2024,2024-02-07,FALSE,U50,0.39620541720714186
LD,2024,2024-02-08,FALSE,U50,0.5447592734760001
LD,2024,2024-02-09,FALSE,U50,2.0304618301727992
LD,2024,2024-02-10,FALSE,U50,1.8416477510906577
LD,2024,2024-02-11,FALSE,U50,1.7168863200876008
LD,2024,2024-02-12,FALSE,U50,0.540576298038692
LD,2024,2024-02-13,FALSE,U50,0.9749545818158833
LD,2024,2024-02-14,FALSE,U50,1.1337218963786562
LD,2024,2024-02-15,FALSE,U50,1.328849810132238
LD,2024,2024-02-16,FALSE,U50,1.8780984900722817
LD,2024,2024-02-17,FALSE,U50,1.615107291644912
LD,2024,2024-02-18,FALSE,U50,1.091275107827215
LD,2024,2024-02-19,FALSE,U50,0.7020063412566234
LD,2024,2024-02-20,FALSE,U50,0.988108926576338
LD,2024,2024-02-21,FALSE,U50,1.1847679899355428
LD,2024,2024-02-22,FALSE,U50,-0.15311127143609865
LD,2024,2024-02-23,FALSE,U50,-0.0761919262862578
LD,2024,2024-02-24,FALSE,U50,-0.1981174188622681
LD,2024,2024-02-25,FALSE,U50,-0.1084097928624857
LD,2024,2024-02-26,FALSE,U50,0.32003971199812753
LD,2024,2024-02-27,FALSE,U50,0.7606218059692286
LD,2024,2024-02-28,FALSE,U50,0.6617892624454453
LD,2024,2024-02-29,FALSE,U50,0.3012725083578356
LD,2024,2024-03-01,FALSE,U50,0.32174101364687246
LD,2024,2024-03-02,FALSE,U50,0.0031336845263998502
LD,2024,2024-03-03,FALSE,U50,0.13864489750888426
LD,2024,2024-03-04,FALSE,U50,1.005643095022473
LD,2024,2024-03-05,FALSE,U50,1.4255908761699718
LD,2024,2024-03-06,FALSE,U50,0.32030807469504075
LD,2024,2024-03-07,FALSE,U50,0.46790746539566563
LD,2024,2024-03-08,FALSE,U50,1.2345113162205508
LD,2024,2024-03-09,FALSE,U50,1.7728123015770374
LD,2024,2024-03-10,FALSE,U50,0.9162743874356978
LD,2024,2024-03-11,FALSE,U50,1.1366401774918136
LD,2024,2024-03-12,FALSE,U50,1.5612826302149407
LD,2024,2024-03-13,FALSE,U50,1.2300453682794663
LD,2024,2024-03-14,FALSE,U50,3.1739344241239063
LD,2024,2024-03-15,FALSE,U50,-0.5989846844381173
LD,2024,2024-03-16,FALSE,U50,1.6648678683975067
LD,2024,2024-03-17,FALSE,U50,0.6752074432442943
LD,2024,2024-03-18,FALSE,U50,1.2176014951266874
LD,2024,2024-03-19,FALSE,U50,-0.2306762107199999
LD,2024,2024-03-20,FALSE,U50,2.5365732172962043
LD,2024,2024-03-21,FALSE,U50,0.7990536424692123
LD,2024,2024-03-22,FALSE,U50,3.8006348487963826
LD,2024,2024-03-23,FALSE,U50,0.18272967638546453
LD,2024,2024-03-24,FALSE,U50,0.25250829817376336
LD,2024,2024-03-25,FALSE,U50,-0.5398979361120001
LD,2024,2024-03-26,FALSE,U50,-0.7007095436953847
LD,2024,2024-03-27,FALSE,U50,0.3277806990969601
LD,2024,2024-03-28,TRUE,U50,-1.2034690796950613
LD,2024,2024-03-29,TRUE,U50,-1.1793384327232868
LD,2024,2024-03-30,TRUE,U50,0.12322643949367428
LD,2024,2024-03-31,TRUE,U50,-0.30721220175687425
LD,2024,2024-04-01,TRUE,U50,-1.2565041269022768
LD,2024,2024-04-02,TRUE,U50,0.9993684517124114
LD,2024,2024-04-03,TRUE,U50,-2.668589382757788
LD,2024,2024-04-04,TRUE,U50,-0.43659809169942904
LD,2024,2024-04-05,TRUE,U50,-2.2127895329798895
LD,2024,2024-04-06,TRUE,U50,-2.9511769218494326
LD,2024,2024-04-07,TRUE,U50,-1.1107801069783392
LD,2024,2024-04-08,TRUE,U50,-1.170852338232
LD,2024,2024-04-09,TRUE,U50,-1.5068921526786458
LD,2024,2024-04-10,TRUE,U50,-1.603644296161357
LD,2024,2024-04-11,TRUE,U50,1.130913860901552
LD,2024,2024-04-12,TRUE,U50,0.5343580136660264
LD,2024,2024-04-13,TRUE,U50,-1.2978324607476257
LD,2024,2024-04-14,TRUE,U50,-1.6260499642644004
LD,2024,2024-04-15,TRUE,U50,-1.7064619366401814
LD,2024,2024-04-16,TRUE,U50,-1.7505861123724908
LD,2024,2024-04-17,TRUE,U50,1.2577186107717508
LD,2024,2024-04-18,TRUE,U50,-1.2283090132435417
LD,2024,2024-04-19,TRUE,U50,-2.244643066397596
LD,2024,2024-04-20,TRUE,U50,-1.4694061791383999
LD,2024,2024-04-21,TRUE,U50,-2.8853909578571146
LD,2024,2024-04-22,TRUE,U50,-2.412616665302149
LD,2024,2024-04-23,TRUE,U50,-0.6486452879965713
LD,2024,2024-04-24,TRUE,U50,-2.5386503142603423
LD,2024,2024-04-25,TRUE,U50,-3.72016542859393
LD,2024,2024-04-26,TRUE,U50,-3.5698345100566056
LD,2024,2024-04-27,TRUE,U50,1.9238472909800606
LD,2024,2024-04-28,TRUE,U50,3.6394273874040395
LD,2024,2024-04-29,TRUE,U50,2.0224773387575614
LD,2024,2024-04-30,TRUE,U50,-3.503808193179064
LD,2024,2024-05-01,TRUE,U50,-2.1224462929727204
LD,2024,2024-05-02,TRUE,U50,-3.59182733914979
LD,2024,2024-05-03,TRUE,U50,4.0391485100621916
LD,2024,2024-05-04,TRUE,U50,-4.478398113015631
LD,2024,2024-05-05,TRUE,U50,-1.6337535486739703
LD,2024,2024-05-06,TRUE,U50,-4.873511915504252
LD,2024,2024-05-07,TRUE,U50,0.39634317999092666
LD,2024,2024-05-08,TRUE,U50,-3.0314032565201026
LD,2024,2024-05-09,TRUE,U50,0.11586564677074061
LD,2024,2024-05-10,TRUE,U50,-4.386404272666667
LD,2024,2024-05-11,TRUE,U50,-2.9179144375880863
LD,2024,2024-05-12,TRUE,U50,-4.1082255428428205
LD,2024,2024-05-13,TRUE,U50,-3.210359798417285
LD,2024,2024-05-14,TRUE,U50,0.6628872672390342
LD,2024,2024-05-15,TRUE,U50,-6.120951546001946
LD,2024,2024-05-16,TRUE,U50,-7.012141371092498
LD,2024,2024-05-17,TRUE,U50,-3.877407477669114
LD,2024,2024-05-18,TRUE,U50,-5.125305761530135
LD,2024,2024-05-19,TRUE,U50,-4.597798730354089
LD,2024,2024-05-20,TRUE,U50,-2.9898456005771226
LD,2024,2024-05-21,TRUE,U50,-2.7457790128300608
LD,2024,2024-05-22,TRUE,U50,-3.280175507519998
LD,2024,2024-05-23,TRUE,U50,-5.323272810656509
LD,2024,2024-05-24,TRUE,U50,-5.779507789665734
LD,2024,2024-05-25,TRUE,U50,-4.276460327195436
LD,2024,2024-05-26,TRUE,U50,-1.8844030063392672
LD,2024,2024-05-27,TRUE,U50,-1.0735387380000003
LD,2024,2024-05-28,TRUE,U50,-6.9857112245693544
LD,2024,2024-05-29,TRUE,U50,-6.73520596998167
LD,2024,2024-05-30,TRUE,U50,-6.720148629594723
LD,2024,2024-05-31,TRUE,U50,-5.128623478577411
LD,2024,2024-06-01,TRUE,U50,-2.664905366325522
LD,2024,2024-06-02,TRUE,U50,-5.788518590707834
LD,2024,2024-06-03,TRUE,U50,-6.109863471559899
LD,2024,2024-06-04,TRUE,U50,-4.993595522814545
LD,2024,2024-06-05,TRUE,U50,-0.12062291764043041
LD,2024,2024-06-06,TRUE,U50,-3.1569077047878893
LD,2024,2024-06-07,TRUE,U50,-0.7553831744065403
LD,2024,2024-06-08,TRUE,U50,0.8051301334073434
LD,2024,2024-06-09,TRUE,U50,-0.9050481639598182
LD,2024,2024-06-10,TRUE,U50,-3.4850076292839165
LD,2024,2024-06-11,TRUE,U50,-3.2319281202240955
LD,2024,2024-06-12,TRUE,U50,-4.321056177672593
LD,2024,2024-06-13,TRUE,U50,-4.503925356783376
LD,2024,2024-06-14,TRUE,U50,-5.234477022323429
LD,2024,2024-06-15,TRUE,U50,-3.654302776120048
LD,2024,2024-06-16,TRUE,U50,-4.103994938678066
LD,2024,2024-06-17,TRUE,U50,-4.8918463466399995
LD,2024,2024-06-18,TRUE,U50,-5.354957026304561
LD,2024,2024-06-19,TRUE,U50,-2.9540354173200005
LD,2024,2024-06-20,TRUE,U50,-1.6276856046128263
LD,2024,2024-06-21,TRUE,U50,-3.664418486045042
LD,2024,2024-06-22,TRUE,U50,2.1586510669495675
LD,2024,2024-06-23,TRUE,U50,2.6133552318059565
LD,2024,2024-06-24,TRUE,U50,-3.49571526018351
LD,2024,2024-06-25,TRUE,U50,-1.1747850106982811
LD,2024,2024-06-26,TRUE,U50,0.973570811596359
LD,2024,2024-06-27,TRUE,U50,-4.367312411033345
LD,2024,2024-06-28,TRUE,U50,-0.888642638157324
LD,2024,2024-06-29,TRUE,U50,-0.2091015664251731
LD,2024,2024-06-30,TRUE,U50,-4.900330663118642
LD,2024,2024-07-01,TRUE,U50,-5.655828098666343
LD,2024,2024-07-02,TRUE,U50,-0.13968376154415751
LD,2024,2024-07-03,TRUE,U50,-1.299261166682038
LD,2024,2024-07-04,TRUE,U50,-4.896290777723562
LD,2024,2024-07-05,TRUE,U50,-4.520878052269293
LD,2024,2024-07-06,TRUE,U50,-3.363146938373181
LD,2024,2024-07-07,TRUE,U50,-3.3611869673476362
LD,2024,2024-07-08,TRUE,U50,-2.7084161917427427
LD,2024,2024-07-09,TRUE,U50,-3.0600621631531513
LD,2024,2024-07-10,TRUE,U50,-3.1510673897633494
LD,2024,2024-07-11,TRUE,U50,-5.3381405638848545
LD,2024,2024-07-12,TRUE,U50,-3.400943439026313
LD,2024,2024-07-13,TRUE,U50,-5.243318098893926
LD,2024,2024-07-14,TRUE,U50,-1.9242806842822864
LD,2024,2024-07-15,TRUE,U50,-2.914964151854318
LD,2024,2024-07-16,TRUE,U50,0.5298899529974747
LD,2024,2024-07-17,TRUE,U50,-7.427401843100945
LD,2024,2024-07-18,TRUE,U50,-3.775905493760603
LD,2024,2024-07-19,TRUE,U50,-4.120810131490764
LD,2024,2024-07-20,TRUE,U50,-3.2877226612275936
LD,2024,2024-07-21,TRUE,U50,-4.462561515656863
LD,2024,2024-07-22,TRUE,U50,-5.714540637980343
LD,2024,2024-07-23,TRUE,U50,-3.7751871899036518
LD,2024,2024-07-24,TRUE,U50,-3.1093704137227918
LD,2024,2024-07-25,TRUE,U50,-5.728158135625555
LD,2024,2024-07-26,TRUE,U50,-3.9761468314659134
LD,2024,2024-07-27,TRUE,U50,-3.836795837886871
LD,2024,2024-07-28,TRUE,U50,-4.558983871212004
LD,2024,2024-07-29,TRUE,U50,-1.4200713067823045
LD,2024,2024-07-30,TRUE,U50,-2.804759301618985
LD,2024,2024-07-31,TRUE,U50,-2.2913513593546417
LD,2024,2024-08-01,TRUE,U50,-1.8777927927226523
LD,2024,2024-08-02,TRUE,U50,-1.016098706530797
LD,2024,2024-08-03,TRUE,U50,-3.6883072951664375
LD,2024,2024-08-04,TRUE,U50,-4.562462624649948
LD,2024,2024-08-05,TRUE,U50,-0.4430733968700499
LD,2024,2024-08-06,TRUE,U50,-1.7274751188526025
LD,2024,2024-08-07,TRUE,U50,-5.460062958859063
LD,2024,2024-08-08,TRUE,U50,-5.246208811701716
LD,2024,2024-08-09,TRUE,U50,-3.9062620347643486
LD,2024,2024-08-10,TRUE,U50,-4.607454647152731
LD,2024,2024-08-11,TRUE,U50,-4.900836319632978
LD,2024,2024-08-12,TRUE,U50,-5.80105564847282
LD,2024,2024-08-13,TRUE,U50,-4.564948342579039
LD,2024,2024-08-14,TRUE,U50,-2.487059142692707
LD,2024,2024-08-15,TRUE,U50,-1.683375196013687
LD,2024,2024-08-16,TRUE,U50,-1.5201086472719996
LD,2024,2024-08-17,TRUE,U50,-1.087887356352
LD,2024,2024-08-18,TRUE,U50,-1.681010751155205
LD,2024,2024-08-19,TRUE,U50,-2.9871722026789516
LD,2024,2024-08-20,TRUE,U50,-6.216618250023433
LD,2024,2024-08-21,TRUE,U50,-5.888428709372163
LD,2024,2024-08-22,TRUE,U50,-7.024328281704087
LD,2024,2024-08-23,TRUE,U50,-8.012717203363069
LD,2024,2024-08-24,TRUE,U50,-1.4483760419399987
LD,2024,2024-08-25,TRUE,U50,1.4060129005388575
LD,2024,2024-08-26,TRUE,U50,1.3768286382694275
LD,2024,2024-08-27,TRUE,U50,0.19692528076524676
LD,2024,2024-08-28,TRUE,U50,-1.8808976239640514
LD,2024,2024-08-29,TRUE,U50,-2.1437707927261616
LD,2024,2024-08-30,TRUE,U50,-1.8423370656787714
LD,2024,2024-08-31,TRUE,U50,-0.8953250667649055
LD,2024,2024-09-01,TRUE,U50,0.5545345023515639
LD,2024,2024-09-02,TRUE,U50,-3.347487696874092
LD,2024,2024-09-03,TRUE,U50,-2.433394094242091
LD,2024,2024-09-04,TRUE,U50,-2.5728555363801435
LD,2024,2024-09-05,TRUE,U50,-2.5872968126341713
LD,2024,2024-09-06,TRUE,U50,-2.981358386280593
LD,2024,2024-09-07,TRUE,U50,-2.256873445544662
LD,2024,2024-09-08,TRUE,U50,-1.74479663879893
LD,2024,2024-09-09,TRUE,U50,-3.4380172034331427
LD,2024,2024-09-10,TRUE,U50,-3.4971081705514293
LD,2024,2024-09-11,TRUE,U50,-3.4374995247553306
LD,2024,2024-09-12,TRUE,U50,-1.269921688244888
LD,2024,2024-09-13,TRUE,U50,-2.140166747291087
LD,2024,2024-09-14,TRUE,U50,-1.4415514013111699
LD,2024,2024-09-15,TRUE,U50,-1.2719223825851511
LD,2024,2024-09-16,TRUE,U50,-1.6762650309011071
LD,2024,2024-09-17,TRUE,U50,-1.3854388234155637
LD,2024,2024-09-18,TRUE,U50,-1.442287946928928
LD,2024,2024-09-19,TRUE,U50,-1.4157669076132517
LD,2024,2024-09-20,TRUE,U50,-0.29428995404353775
LD,2024,2024-09-21,TRUE,U50,-0.05972700941107255
LD,2024,2024-09-22,TRUE,U50,2.441059537670843
LD,2024,2024-09-23,TRUE,U50,0.3826220762487361
LD,2024,2024-09-24,TRUE,U50,5.5858098205137034
LD,2024,2024-09-25,TRUE,U50,1.991057004365015
LD,2024,2024-09-26,TRUE,U50,-0.37024117537379897
LD,2024,2024-09-27,TRUE,U50,0.43113219336889963
LD,2024,2024-09-28,TRUE,U50,1.1333162929085454
LD,2024,2024-09-29,TRUE,U50,-0.21253514502095497
LD,2024,2024-09-30,TRUE,U50,0.5008223266040251
LD,2024,2024-10-01,TRUE,U50,2.0333665161948686
LD,2024,2024-10-02,TRUE,U50,-1.3795179953287033
LD,2024,2024-10-03,TRUE,U50,-1.1521496618238771
LD,2024,2024-10-04,TRUE,U50,-0.22331569225216302
LD,2024,2024-10-05,TRUE,U50,-1.1742456736205835
LD,2024,2024-10-06,TRUE,U50,-0.667804517157599
LD,2024,2024-10-07,TRUE,U50,-0.2290425286304518
LD,2024,2024-10-08,TRUE,U50,-1.0118329814699663
LD,2024,2024-10-09,TRUE,U50,-1.7951887874928996
LD,2024,2024-10-10,TRUE,U50,-1.3153301044646255
LD,2024,2024-10-11,TRUE,U50,-0.6442439531545159
LD,2024,2024-10-12,TRUE,U50,0.4870400909893482
LD,2024,2024-10-13,TRUE,U50,3.3111793385937656
LD,2024,2024-10-14,TRUE,U50,-0.9139159406042849
LD,2024,2024-10-15,TRUE,U50,-1.5820777905185701
LD,2024,2024-10-16,TRUE,U50,-1.4044424810050224
LD,2024,2024-10-17,TRUE,U50,-1.1457976646456831
LD,2024,2024-10-18,TRUE,U50,-0.48442611784383743
LD,2024,2024-10-19,TRUE,U50,-0.9738419994119796
LD,2024,2024-10-20,TRUE,U50,0.03125337276409659
LD,2024,2024-10-21,TRUE,U50,0.6281250540486156
LD,2024,2024-10-22,TRUE,U50,0.602403684902868
LD,2024,2024-10-23,TRUE,U50,-0.1745763583715845
LD,2024,2024-10-24,TRUE,U50,-1.5504816462213467
LD,2024,2024-10-25,TRUE,U50,1.1794803178242943
LD,2024,2024-10-26,TRUE,U50,-1.6508865237636936
LD,2024,2024-10-27,TRUE,U50,-0.3606788290985663
LD,2024,2024-10-28,TRUE,U50,-1.4814683466538496
LD,2024,2024-10-29,TRUE,U50,0.9605102331923668
LD,2024,2024-10-30,TRUE,U50,1.8741967533360004
LD,2024,2024-10-31,TRUE,U50,4.054606036056001
LD,2024,2024-11-01,FALSE,U50,0.38313768826779837
LD,2024,2024-11-02,FALSE,U50,0.20384048858060744
LD,2024,2024-11-03,FALSE,U50,0.18078867383597114
LD,2024,2024-11-04,FALSE,U50,7.190760529230905
LD,2024,2024-11-05,FALSE,U50,6.5969031012647
LD,2024,2024-11-06,FALSE,U50,2.829172778862074
LD,2024,2024-11-07,FALSE,U50,1.1987979280915884
LD,2024,2024-11-08,FALSE,U50,0.7801166679876854
LD,2024,2024-11-09,FALSE,U50,0.28529893615444835
LD,2024,2024-11-10,FALSE,U50,1.8704864348237222
LD,2024,2024-11-11,FALSE,U50,1.9615393762616469
LD,2024,2024-11-12,FALSE,U50,0.1908555380644511
LD,2024,2024-11-13,FALSE,U50,0.24096596009735077
LD,2024,2024-11-14,FALSE,U50,2.030986557130982
LD,2024,2024-11-15,FALSE,U50,1.4943062971696968
LD,2024,2024-11-16,FALSE,U50,1.0827798228101724
LD,2024,2024-11-17,FALSE,U50,0.6127841287224
LD,2024,2024-11-18,FALSE,U50,0.3688182281747484
LD,2024,2024-11-19,FALSE,U50,-0.004227284721310211
LD,2024,2024-11-20,FALSE,U50,-0.30998004033976184
LD,2024,2024-11-21,FALSE,U50,0.506385159946295
LD,2024,2024-11-22,FALSE,U50,1.0115163715095938
LD,2024,2024-11-23,FALSE,U50,2.571263967981512
LD,2024,2024-11-24,FALSE,U50,0.5518373295924576
LD,2024,2024-11-25,FALSE,U50,1.3284726704220602
LD,2024,2024-11-26,FALSE,U50,1.0060474854622126
LD,2024,2024-11-27,FALSE,U50,1.1766133327843886
LD,2024,2024-11-28,FALSE,U50,1.2398890023865863
LD,2024,2024-11-29,FALSE,U50,1.4828382986145277
LD,2024,2024-11-30,FALSE,U50,1.4271338981341886
LD,2024,2024-12-01,FALSE,U50,0.6320970022472185
LD,2024,2024-12-02,FALSE,U50,1.0086973528837908
LD,2024,2024-12-03,FALSE,U50,1.3349078483682602
LD,2024,2024-12-04,FALSE,U50,1.3725292134532314
LD,2024,2024-12-05,FALSE,U50,1.3449830978328952
LD,2024,2024-12-06,FALSE,U50,1.3519685848263616
LD,2024,2024-12-07,FALSE,U50,1.0455423653412437
LD,2024,2024-12-08,FALSE,U50,-0.14911516442828598
LD,2024,2024-12-09,FALSE,U50,1.2642676407952678
LD,2024,2024-12-10,FALSE,U50,1.4709898152634278
LD,2024,2024-12-11,FALSE,U50,1.4158322751508896
LD,2024,2024-12-12,FALSE,U50,1.2071644834355362
LD,2024,2024-12-13,FALSE,U50,0.45478114622228544
LD,2024,2024-12-14,FALSE,U50,0.146382145344
LD,2024,2024-12-15,FALSE,U50,-0.5172566552189131
LD,2024,2024-12-16,FALSE,U50,3.8680973471579954
LD,2024,2024-12-17,FALSE,U50,1.7033224573766976
LD,2024,2024-12-18,FALSE,U50,1.1872031378035386
LD,2024,2024-12-19,FALSE,U50,0.6803648237436192
LD,2024,2024-12-20,FALSE,U50,0.2198499762082723
LD,2024,2024-12-21,FALSE,U50,0.7131384735398822
LD,2024,2024-12-22,FALSE,U50,0.7076820278891481
LD,2024,2024-12-23,FALSE,U50,1.0693207605729556
LD,2024,2024-12-24,FALSE,U50,0.8786628313796578
LD,2024,2024-12-25,FALSE,U50,0.6778576623274775
LD,2024,2024-12-26,FALSE,U50,0.7994296842078957
LD,2024,2024-12-27,FALSE,U50,1.1864059291112123
LD,2024,2024-12-28,FALSE,U50,1.3842536967300187
LD,2024,2024-12-29,FALSE,U50,1.5923591269846127
LD,2024,2024-12-30,FALSE,U50,0.14473648520125515
LD,2024,2024-12-31,FALSE,U50,1.2168170108894876
LD,2024,2025-01-01,FALSE,U50,0.2719801532772631
LD,2024,2024-01-01,FALSE,U95,0.4818644526085743
LD,2024,2024-01-02,FALSE,U95,0.5280202004325518
LD,2024,2024-01-03,FALSE,U95,0.3584133872115114
LD,2024,2024-01-04,FALSE,U95,0.519047392538946
LD,2024,2024-01-05,FALSE,U95,0.5798956361071733
LD,2024,2024-01-06,FALSE,U95,0.6436939527987194
LD,2024,2024-01-07,FALSE,U95,0.846644017704972
LD,2024,2024-01-08,FALSE,U95,0.7785830461426348
LD,2024,2024-01-09,FALSE,U95,1.0744066923811801
LD,2024,2024-01-10,FALSE,U95,0.9278675092865428
LD,2024,2024-01-11,FALSE,U95,0.8949321129096401
LD,2024,2024-01-12,FALSE,U95,0.805579204607417
LD,2024,2024-01-13,FALSE,U95,1.0027493756157113
LD,2024,2024-01-14,FALSE,U95,0.7545328764191999
LD,2024,2024-01-15,FALSE,U95,0.834803703144
LD,2024,2024-01-16,FALSE,U95,0.8361191262960002
LD,2024,2024-01-17,FALSE,U95,0.8342501132314579
LD,2024,2024-01-18,FALSE,U95,0.7511652740655455
LD,2024,2024-01-19,FALSE,U95,0.701669805484015
LD,2024,2024-01-20,FALSE,U95,0.694680526945307
LD,2024,2024-01-21,FALSE,U95,0.6890720194627169
LD,2024,2024-01-22,FALSE,U95,0.6977249668937143
LD,2024,2024-01-23,FALSE,U95,0.7510735297722859
LD,2024,2024-01-24,FALSE,U95,0.7028688793115877
LD,2024,2024-01-25,FALSE,U95,0.6819043364589353
LD,2024,2024-01-26,FALSE,U95,0.6856768519057806
LD,2024,2024-01-27,FALSE,U95,0.6044316169113759
LD,2024,2024-01-28,FALSE,U95,0.48326031085883375
LD,2024,2024-01-29,FALSE,U95,0.8776546531560002
LD,2024,2024-01-30,FALSE,U95,0.920544041226316
LD,2024,2024-01-31,FALSE,U95,0.9152243048520002
LD,2024,2024-02-01,FALSE,U95,0.5656358336245052
LD,2024,2024-02-02,FALSE,U95,1.200435024644103
LD,2024,2024-02-03,FALSE,U95,1.0726589462830454
LD,2024,2024-02-04,FALSE,U95,0.9874368526384458
LD,2024,2024-02-05,FALSE,U95,1.0009265765104456
LD,2024,2024-02-06,FALSE,U95,0.5073100805694299
LD,2024,2024-02-07,FALSE,U95,0.5536688373855894
LD,2024,2024-02-08,FALSE,U95,0.732282807456
LD,2024,2024-02-09,FALSE,U95,2.0304618301727992
LD,2024,2024-02-10,FALSE,U95,1.8416477510906577
LD,2024,2024-02-11,FALSE,U95,1.6068686259276006
LD,2024,2024-02-12,FALSE,U95,0.6283374111049719
LD,2024,2024-02-13,FALSE,U95,0.8843961266532918
LD,2024,2024-02-14,FALSE,U95,1.1505582132995937
LD,2024,2024-02-15,FALSE,U95,1.3879283632487798
LD,2024,2024-02-16,FALSE,U95,1.871607515581126
LD,2024,2024-02-17,FALSE,U95,1.6288445513964662
LD,2024,2024-02-18,FALSE,U95,1.091275107827215
LD,2024,2024-02-19,FALSE,U95,0.7065353304755031
LD,2024,2024-02-20,FALSE,U95,1.0981654595418524
LD,2024,2024-02-21,FALSE,U95,1.1731515059420898
LD,2024,2024-02-22,FALSE,U95,-0.12784749286251212
LD,2024,2024-02-23,FALSE,U95,-0.12298290875330391
LD,2024,2024-02-24,FALSE,U95,-0.18699252357026988
LD,2024,2024-02-25,FALSE,U95,-0.10774049031640326
LD,2024,2024-02-26,FALSE,U95,0.3477038329847365
LD,2024,2024-02-27,FALSE,U95,0.7551796312642737
LD,2024,2024-02-28,FALSE,U95,0.5099978576848365
LD,2024,2024-02-29,FALSE,U95,0.31184605039410396
LD,2024,2024-03-01,FALSE,U95,0.3059661952161866
LD,2024,2024-03-02,FALSE,U95,0.0337716252734115
LD,2024,2024-03-03,FALSE,U95,0.14052140932764673
LD,2024,2024-03-04,FALSE,U95,0.8865468952415945
LD,2024,2024-03-05,FALSE,U95,0.9925355556846582
LD,2024,2024-03-06,FALSE,U95,0.3619797477269199
LD,2024,2024-03-07,FALSE,U95,0.48041133532545927
LD,2024,2024-03-08,FALSE,U95,1.2878015558476181
LD,2024,2024-03-09,FALSE,U95,1.8468876179360454
LD,2024,2024-03-10,FALSE,U95,0.8883615257828714
LD,2024,2024-03-11,FALSE,U95,1.129804079324553
LD,2024,2024-03-12,FALSE,U95,1.5848635003352745
LD,2024,2024-03-13,FALSE,U95,1.2423931910590682
LD,2024,2024-03-14,FALSE,U95,3.2225372890561905
LD,2024,2024-03-15,FALSE,U95,-0.582909629615465
LD,2024,2024-03-16,FALSE,U95,1.609949376740207
LD,2024,2024-03-17,FALSE,U95,0.7337573684540122
LD,2024,2024-03-18,FALSE,U95,1.2186343460969176
LD,2024,2024-03-19,FALSE,U95,-0.21693709277255172
LD,2024,2024-03-20,FALSE,U95,2.5248578320908077
LD,2024,2024-03-21,FALSE,U95,0.7999272990958477
LD,2024,2024-03-22,FALSE,U95,3.799983877785754
LD,2024,2024-03-23,FALSE,U95,0.1832119482854536
LD,2024,2024-03-24,FALSE,U95,0.23953631376510356
LD,2024,2024-03-25,FALSE,U95,-0.5398979361120001
LD,2024,2024-03-26,FALSE,U95,-0.6714696525709092
LD,2024,2024-03-27,FALSE,U95,0.3244749531428572
LD,2024,2024-03-28,TRUE,U95,-1.3021178179446395
LD,2024,2024-03-29,TRUE,U95,-1.210036214485234
LD,2024,2024-03-30,TRUE,U95,-0.003971132653423692
LD,2024,2024-03-31,TRUE,U95,-0.3762550232207491
LD,2024,2024-04-01,TRUE,U95,-1.3654909505504125
LD,2024,2024-04-02,TRUE,U95,0.8621496013411699
LD,2024,2024-04-03,TRUE,U95,-2.690849627275064
LD,2024,2024-04-04,TRUE,U95,-0.7461765334157805
LD,2024,2024-04-05,TRUE,U95,-2.3027787769450345
LD,2024,2024-04-06,TRUE,U95,-3.028432218857006
LD,2024,2024-04-07,TRUE,U95,-0.9717148306623943
LD,2024,2024-04-08,TRUE,U95,-1.1552734399264613
LD,2024,2024-04-09,TRUE,U95,-1.910703683540472
LD,2024,2024-04-10,TRUE,U95,-0.7858933950261873
LD,2024,2024-04-11,TRUE,U95,1.054973471259408
LD,2024,2024-04-12,TRUE,U95,0.6874046276190122
LD,2024,2024-04-13,TRUE,U95,-1.2655098055332943
LD,2024,2024-04-14,TRUE,U95,-1.6375591024164007
LD,2024,2024-04-15,TRUE,U95,-1.8022977737099999
LD,2024,2024-04-16,TRUE,U95,-1.6218440612568672
LD,2024,2024-04-17,TRUE,U95,1.2577186107717508
LD,2024,2024-04-18,TRUE,U95,-1.189163451956193
LD,2024,2024-04-19,TRUE,U95,-2.2484962067357603
LD,2024,2024-04-20,TRUE,U95,-1.4694061791383999
LD,2024,2024-04-21,TRUE,U95,-2.7881303321485396
LD,2024,2024-04-22,TRUE,U95,-2.3318475590733247
LD,2024,2024-04-23,TRUE,U95,-0.6486452879965713
LD,2024,2024-04-24,TRUE,U95,-2.600219860053771
LD,2024,2024-04-25,TRUE,U95,-3.774644996475465
LD,2024,2024-04-26,TRUE,U95,-3.536269116746906
LD,2024,2024-04-27,TRUE,U95,1.977943671534117
LD,2024,2024-04-28,TRUE,U95,4.664703522568734
LD,2024,2024-04-29,TRUE,U95,2.1541387519996213
LD,2024,2024-04-30,TRUE,U95,-2.948529649429367
LD,2024,2024-05-01,TRUE,U95,-1.9826027385091436
LD,2024,2024-05-02,TRUE,U95,-3.3925860077740233
LD,2024,2024-05-03,TRUE,U95,3.2412136284487367
LD,2024,2024-05-04,TRUE,U95,-4.602053673109795
LD,2024,2024-05-05,TRUE,U95,-1.7937315681247197
LD,2024,2024-05-06,TRUE,U95,-4.827724032312264
LD,2024,2024-05-07,TRUE,U95,0.21013000493464568
LD,2024,2024-05-08,TRUE,U95,-2.972158764449427
LD,2024,2024-05-09,TRUE,U95,0.012180658708683208
LD,2024,2024-05-10,TRUE,U95,-4.418869991369125
LD,2024,2024-05-11,TRUE,U95,-3.030599136113877
LD,2024,2024-05-12,TRUE,U95,-4.196483584534296
LD,2024,2024-05-13,TRUE,U95,-3.2788525805705455
LD,2024,2024-05-14,TRUE,U95,0.5071418752479666
LD,2024,2024-05-15,TRUE,U95,-6.213037994240098
LD,2024,2024-05-16,TRUE,U95,-7.031268366721542
LD,2024,2024-05-17,TRUE,U95,-3.9484914144343666
LD,2024,2024-05-18,TRUE,U95,-5.240645632053323
LD,2024,2024-05-19,TRUE,U95,-4.38144888455715
LD,2024,2024-05-20,TRUE,U95,-2.940487143733123
LD,2024,2024-05-21,TRUE,U95,-2.710001591098092
LD,2024,2024-05-22,TRUE,U95,-3.160692563452939
LD,2024,2024-05-23,TRUE,U95,-5.215123794675187
LD,2024,2024-05-24,TRUE,U95,-5.81520560979616
LD,2024,2024-05-25,TRUE,U95,-4.100105001573514
LD,2024,2024-05-26,TRUE,U95,-1.6469702456377247
LD,2024,2024-05-27,TRUE,U95,-1.1614946734491425
LD,2024,2024-05-28,TRUE,U95,-6.87125683023933
LD,2024,2024-05-29,TRUE,U95,-6.805849956330396
LD,2024,2024-05-30,TRUE,U95,-6.688630205336782
LD,2024,2024-05-31,TRUE,U95,-5.080145579353435
LD,2024,2024-06-01,TRUE,U95,-2.450346447528223
LD,2024,2024-06-02,TRUE,U95,-6.05594495238976
LD,2024,2024-06-03,TRUE,U95,-6.2131043367495415
LD,2024,2024-06-04,TRUE,U95,-4.942104380530589
LD,2024,2024-06-05,TRUE,U95,-0.178045522305038
LD,2024,2024-06-06,TRUE,U95,-3.500366470918459
LD,2024,2024-06-07,TRUE,U95,-0.6374934465473697
LD,2024,2024-06-08,TRUE,U95,0.6422365725126546
LD,2024,2024-06-09,TRUE,U95,-1.7779331738274806
LD,2024,2024-06-10,TRUE,U95,-4.212493138186895
LD,2024,2024-06-11,TRUE,U95,-4.188217849307239
LD,2024,2024-06-12,TRUE,U95,-4.2957822411517554
LD,2024,2024-06-13,TRUE,U95,-4.290104146881546
LD,2024,2024-06-14,TRUE,U95,-5.123228156809975
LD,2024,2024-06-15,TRUE,U95,-3.961498157814893
LD,2024,2024-06-16,TRUE,U95,-3.9578989093664783
LD,2024,2024-06-17,TRUE,U95,-4.92043409088
LD,2024,2024-06-18,TRUE,U95,-4.429600126199472
LD,2024,2024-06-19,TRUE,U95,-2.942610988522501
LD,2024,2024-06-20,TRUE,U95,-1.646132008498815
LD,2024,2024-06-21,TRUE,U95,-3.712899229778528
LD,2024,2024-06-22,TRUE,U95,1.8175904027013337
LD,2024,2024-06-23,TRUE,U95,2.337726347619887
LD,2024,2024-06-24,TRUE,U95,-2.9691302547911587
LD,2024,2024-06-25,TRUE,U95,-1.153502071288237
LD,2024,2024-06-26,TRUE,U95,0.7976417449343942
LD,2024,2024-06-27,TRUE,U95,-3.5319593682390824
LD,2024,2024-06-28,TRUE,U95,-0.6862441000431427
LD,2024,2024-06-29,TRUE,U95,-0.08214609405768211
LD,2024,2024-06-30,TRUE,U95,-4.687762923364309
LD,2024,2024-07-01,TRUE,U95,-5.510579811319116
LD,2024,2024-07-02,TRUE,U95,-0.16632040824233763
LD,2024,2024-07-03,TRUE,U95,-0.6999016241789641
LD,2024,2024-07-04,TRUE,U95,-4.716053229164386
LD,2024,2024-07-05,TRUE,U95,-4.174548478496296
LD,2024,2024-07-06,TRUE,U95,-2.9564270627559366
LD,2024,2024-07-07,TRUE,U95,-4.797683653690285
LD,2024,2024-07-08,TRUE,U95,-3.066702203868907
LD,2024,2024-07-09,TRUE,U95,-2.893893695034472
LD,2024,2024-07-10,TRUE,U95,-2.99562953253136
LD,2024,2024-07-11,TRUE,U95,-5.276736074696696
LD,2024,2024-07-12,TRUE,U95,-3.9887894147026013
LD,2024,2024-07-13,TRUE,U95,-5.479147125803028
LD,2024,2024-07-14,TRUE,U95,-2.224414791283327
LD,2024,2024-07-15,TRUE,U95,-3.179704253530907
LD,2024,2024-07-16,TRUE,U95,0.1147726980497896
LD,2024,2024-07-17,TRUE,U95,-7.750414613043022
LD,2024,2024-07-18,TRUE,U95,-4.347384332955928
LD,2024,2024-07-19,TRUE,U95,-4.448923798496518
LD,2024,2024-07-20,TRUE,U95,-3.476949001156729
LD,2024,2024-07-21,TRUE,U95,-4.752600657566684
LD,2024,2024-07-22,TRUE,U95,-5.660274140700582
LD,2024,2024-07-23,TRUE,U95,-3.927458470757246
LD,2024,2024-07-24,TRUE,U95,-2.1317311624313753
LD,2024,2024-07-25,TRUE,U95,-5.588554300310335
LD,2024,2024-07-26,TRUE,U95,-3.874613966545454
LD,2024,2024-07-27,TRUE,U95,-3.3951648713822338
LD,2024,2024-07-28,TRUE,U95,-4.51299756503754
LD,2024,2024-07-29,TRUE,U95,-0.6259049124164617
LD,2024,2024-07-30,TRUE,U95,-0.6328861863209078
LD,2024,2024-07-31,TRUE,U95,-1.0302955355596362
LD,2024,2024-08-01,TRUE,U95,-0.7655238728571434
LD,2024,2024-08-02,TRUE,U95,-0.3580090816112423
LD,2024,2024-08-03,TRUE,U95,-2.8081570019174884
LD,2024,2024-08-04,TRUE,U95,-4.08301244804555
LD,2024,2024-08-05,TRUE,U95,0.4987018114025467
LD,2024,2024-08-06,TRUE,U95,-0.9680725310661146
LD,2024,2024-08-07,TRUE,U95,-5.383793873389615
LD,2024,2024-08-08,TRUE,U95,-5.480824628053546
LD,2024,2024-08-09,TRUE,U95,-4.076381925167382
LD,2024,2024-08-10,TRUE,U95,-5.144330649868705
LD,2024,2024-08-11,TRUE,U95,-5.051129605804244
LD,2024,2024-08-12,TRUE,U95,-6.1147338937166005
LD,2024,2024-08-13,TRUE,U95,-4.646117017133914
LD,2024,2024-08-14,TRUE,U95,-0.819837224505801
LD,2024,2024-08-15,TRUE,U95,-1.40887298962271
LD,2024,2024-08-16,TRUE,U95,-1.557183724272
LD,2024,2024-08-17,TRUE,U95,-1.0983198010320003
LD,2024,2024-08-18,TRUE,U95,-1.6914431958352052
LD,2024,2024-08-19,TRUE,U95,-2.1965960497349997
LD,2024,2024-08-20,TRUE,U95,-5.621866858364205
LD,2024,2024-08-21,TRUE,U95,-5.566474355378929
LD,2024,2024-08-22,TRUE,U95,-6.433545680608538
LD,2024,2024-08-23,TRUE,U95,-7.7709158602854425
LD,2024,2024-08-24,TRUE,U95,2.622256207251428
LD,2024,2024-08-25,TRUE,U95,4.693287513816002
LD,2024,2024-08-26,TRUE,U95,1.3428863395534265
LD,2024,2024-08-27,TRUE,U95,0.23549838183490182
LD,2024,2024-08-28,TRUE,U95,-1.256067486000087
LD,2024,2024-08-29,TRUE,U95,-1.7794589570384987
LD,2024,2024-08-30,TRUE,U95,-1.618668578567915
LD,2024,2024-08-31,TRUE,U95,1.1141496430194566
LD,2024,2024-09-01,TRUE,U95,0.8474550614387798
LD,2024,2024-09-02,TRUE,U95,-2.586866545679279
LD,2024,2024-09-03,TRUE,U95,-1.3755263948872782
LD,2024,2024-09-04,TRUE,U95,-1.2690382542291427
LD,2024,2024-09-05,TRUE,U95,-1.2115390687381715
LD,2024,2024-09-06,TRUE,U95,-1.6399516805412049
LD,2024,2024-09-07,TRUE,U95,-1.3363585361179362
LD,2024,2024-09-08,TRUE,U95,-1.4086966245010402
LD,2024,2024-09-09,TRUE,U95,-3.3150200803868572
LD,2024,2024-09-10,TRUE,U95,-3.3393061671480004
LD,2024,2024-09-11,TRUE,U95,-2.817398626866857
LD,2024,2024-09-12,TRUE,U95,-0.43639428179789524
LD,2024,2024-09-13,TRUE,U95,-1.9422054236699493
LD,2024,2024-09-14,TRUE,U95,-1.423738736969143
LD,2024,2024-09-15,TRUE,U95,-1.525087184796
LD,2024,2024-09-16,TRUE,U95,-1.7321013167587795
LD,2024,2024-09-17,TRUE,U95,-0.6893422772118168
LD,2024,2024-09-18,TRUE,U95,-0.20600346099823305
LD,2024,2024-09-19,TRUE,U95,-0.8673597614760543
LD,2024,2024-09-20,TRUE,U95,-0.14954856973726746
LD,2024,2024-09-21,TRUE,U95,0.14704542112204222
LD,2024,2024-09-22,TRUE,U95,2.874831475536866
LD,2024,2024-09-23,TRUE,U95,1.2421515727802002
LD,2024,2024-09-24,TRUE,U95,7.1339922036455
LD,2024,2024-09-25,TRUE,U95,2.311391005665
LD,2024,2024-09-26,TRUE,U95,0.06774986652620729
LD,2024,2024-09-27,TRUE,U95,0.974581733681723
LD,2024,2024-09-28,TRUE,U95,1.5804711956087478
LD,2024,2024-09-29,TRUE,U95,0.07892935502612337
LD,2024,2024-09-30,TRUE,U95,0.6250349755824527
LD,2024,2024-10-01,TRUE,U95,2.142811397846823
LD,2024,2024-10-02,TRUE,U95,-1.7637501615511342
LD,2024,2024-10-03,TRUE,U95,-0.8254155442016569
LD,2024,2024-10-04,TRUE,U95,-0.04210984326321815
LD,2024,2024-10-05,TRUE,U95,-1.165373154185041
LD,2024,2024-10-06,TRUE,U95,-0.66224406274789
LD,2024,2024-10-07,TRUE,U95,-0.08520132216861576
LD,2024,2024-10-08,TRUE,U95,-1.0958609019015575
LD,2024,2024-10-09,TRUE,U95,-2.205183077285541
LD,2024,2024-10-10,TRUE,U95,-2.083329931660055
LD,2024,2024-10-11,TRUE,U95,0.04452124784377108
LD,2024,2024-10-12,TRUE,U95,0.8730506361940211
LD,2024,2024-10-13,TRUE,U95,5.082436395867682
LD,2024,2024-10-14,TRUE,U95,-2.0973199902257926
LD,2024,2024-10-15,TRUE,U95,-4.205094339019271
LD,2024,2024-10-16,TRUE,U95,-3.64861531891543
LD,2024,2024-10-17,TRUE,U95,-2.12270305020478
LD,2024,2024-10-18,TRUE,U95,-0.6765569341303637
LD,2024,2024-10-19,TRUE,U95,-0.5150771858263861
LD,2024,2024-10-20,TRUE,U95,1.5172978510039934
LD,2024,2024-10-21,TRUE,U95,0.6602117416827522
LD,2024,2024-10-22,TRUE,U95,0.7485632278530374
LD,2024,2024-10-23,TRUE,U95,-0.036448520492537134
LD,2024,2024-10-24,TRUE,U95,-1.7299263274269323
LD,2024,2024-10-25,TRUE,U95,2.9567549066286243
LD,2024,2024-10-26,TRUE,U95,-1.1988597303146877
LD,2024,2024-10-27,TRUE,U95,-0.19271544358812015
LD,2024,2024-10-28,TRUE,U95,-1.7119523518696678
LD,2024,2024-10-29,TRUE,U95,1.8716130805900044
LD,2024,2024-10-30,TRUE,U95,1.881764119368001
LD,2024,2024-10-31,TRUE,U95,4.054606036056001
LD,2024,2024-11-01,FALSE,U95,0.4271537600643844
LD,2024,2024-11-02,FALSE,U95,0.30502883057554275
LD,2024,2024-11-03,FALSE,U95,-0.0549970371524804
LD,2024,2024-11-04,FALSE,U95,7.6588083672423295
LD,2024,2024-11-05,FALSE,U95,6.689441489285831
LD,2024,2024-11-06,FALSE,U95,2.7899015996035286
LD,2024,2024-11-07,FALSE,U95,1.0264716597899342
LD,2024,2024-11-08,FALSE,U95,0.627199790176344
LD,2024,2024-11-09,FALSE,U95,0.28581770616124524
LD,2024,2024-11-10,FALSE,U95,1.9579975335405575
LD,2024,2024-11-11,FALSE,U95,1.9524016344512904
LD,2024,2024-11-12,FALSE,U95,0.18732254942980858
LD,2024,2024-11-13,FALSE,U95,0.2728619913600005
LD,2024,2024-11-14,FALSE,U95,2.2795972594091802
LD,2024,2024-11-15,FALSE,U95,1.445125200715942
LD,2024,2024-11-16,FALSE,U95,1.096355430827719
LD,2024,2024-11-17,FALSE,U95,0.6774509151482782
LD,2024,2024-11-18,FALSE,U95,0.5234273446451909
LD,2024,2024-11-19,FALSE,U95,0.1489339065406256
LD,2024,2024-11-20,FALSE,U95,-0.20029615824131874
LD,2024,2024-11-21,FALSE,U95,0.6343803174463306
LD,2024,2024-11-22,FALSE,U95,0.8596826630372066
LD,2024,2024-11-23,FALSE,U95,2.587045546884608
LD,2024,2024-11-24,FALSE,U95,0.5017592883793673
LD,2024,2024-11-25,FALSE,U95,1.0913270838330562
LD,2024,2024-11-26,FALSE,U95,1.009738455875673
LD,2024,2024-11-27,FALSE,U95,1.2488518899892616
LD,2024,2024-11-28,FALSE,U95,1.2181840474537862
LD,2024,2024-11-29,FALSE,U95,1.4253852378816863
LD,2024,2024-11-30,FALSE,U95,1.3674138482490132
LD,2024,2024-12-01,FALSE,U95,0.38061443305360054
LD,2024,2024-12-02,FALSE,U95,0.8722076534789514
LD,2024,2024-12-03,FALSE,U95,1.3029988204452687
LD,2024,2024-12-04,FALSE,U95,1.3730344776250185
LD,2024,2024-12-05,FALSE,U95,1.342917152988458
LD,2024,2024-12-06,FALSE,U95,1.3704435381577451
LD,2024,2024-12-07,FALSE,U95,1.3498909210038232
LD,2024,2024-12-08,FALSE,U95,-0.008098413761549107
LD,2024,2024-12-09,FALSE,U95,1.2989630490455537
LD,2024,2024-12-10,FALSE,U95,1.4661204468669722
LD,2024,2024-12-11,FALSE,U95,1.4043055267858031
LD,2024,2024-12-12,FALSE,U95,1.2588206339375116
LD,2024,2024-12-13,FALSE,U95,0.5365287797759999
LD,2024,2024-12-14,FALSE,U95,0.12872636870400014
LD,2024,2024-12-15,FALSE,U95,-0.4926528241729762
LD,2024,2024-12-16,FALSE,U95,3.8442694147327545
LD,2024,2024-12-17,FALSE,U95,1.7173043123668974
LD,2024,2024-12-18,FALSE,U95,1.2448583054961693
LD,2024,2024-12-19,FALSE,U95,0.7294460162986374
LD,2024,2024-12-20,FALSE,U95,0.5386250287919344
LD,2024,2024-12-21,FALSE,U95,0.7920918910202533
LD,2024,2024-12-22,FALSE,U95,0.9232781699618275
LD,2024,2024-12-23,FALSE,U95,1.1070781166910881
LD,2024,2024-12-24,FALSE,U95,0.9317752599193329
LD,2024,2024-12-25,FALSE,U95,0.691393870458171
LD,2024,2024-12-26,FALSE,U95,1.1213579313303217
LD,2024,2024-12-27,FALSE,U95,1.1758981562045847
LD,2024,2024-12-28,FALSE,U95,1.4178358498937145
LD,2024,2024-12-29,FALSE,U95,1.6833918141506314
LD,2024,2024-12-30,FALSE,U95,0.1787284308831734
LD,2024,2024-12-31,FALSE,U95,1.3324418038638592
LD,2024,2025-01-01,FALSE,U95,0.2944389432865055
MD,2024,2024-01-01,FALSE,U05,0.2852295999767999
MD,2024,2024-01-02,FALSE,U05,0.30555387648000015
MD,2024,2024-01-03,FALSE,U05,0.598707872966634
MD,2024,2024-01-04,FALSE,U05,0.4185691636320002
MD,2024,2024-01-05,FALSE,U05,0.4603534375910409
MD,2024,2024-01-06,FALSE,U05,0.3259087440479999
MD,2024,2024-01-07,FALSE,U05,0.09334022515669085
MD,2024,2024-01-08,FALSE,U05,0.556629934608
MD,2024,2024-01-09,FALSE,U05,0.5617288681847087
MD,2024,2024-01-10,FALSE,U05,0.5167172266371095
MD,2024,2024-01-11,FALSE,U05,0.9009276235358631
MD,2024,2024-01-12,FALSE,U05,1.4449650278904003
MD,2024,2024-01-13,FALSE,U05,1.6074557687304003
MD,2024,2024-01-14,FALSE,U05,1.0952460409464002
MD,2024,2024-01-15,FALSE,U05,0.7317008314639202
MD,2024,2024-01-16,FALSE,U05,0.8798535989279999
MD,2024,2024-01-17,FALSE,U05,0.8333436453642857
MD,2024,2024-01-18,FALSE,U05,0.6742036692999346
MD,2024,2024-01-19,FALSE,U05,1.037166024265153
MD,2024,2024-01-20,FALSE,U05,1.0423111813686001
MD,2024,2024-01-21,FALSE,U05,0.9446789605679999
MD,2024,2024-01-22,FALSE,U05,0.8257598723520001
MD,2024,2024-01-23,FALSE,U05,13.814298351565716
MD,2024,2024-01-24,FALSE,U05,0.28074904267860595
MD,2024,2024-01-25,FALSE,U05,0.6918716064126315
MD,2024,2024-01-26,FALSE,U05,2.840450588918261
MD,2024,2024-01-27,FALSE,U05,0.5510909824783923
MD,2024,2024-01-28,FALSE,U05,0.3408941891985237
MD,2024,2024-01-29,FALSE,U05,0.4167541886399999
MD,2024,2024-01-30,FALSE,U05,0.8125129421999999
MD,2024,2024-01-31,FALSE,U05,0.7203763913760002
MD,2024,2024-02-01,FALSE,U05,0.7523709336370336
MD,2024,2024-02-02,FALSE,U05,1.2281831381084733
MD,2024,2024-02-03,FALSE,U05,0.6246024875553489
MD,2024,2024-02-04,FALSE,U05,-0.19483382375999994
MD,2024,2024-02-05,FALSE,U05,-0.14688426948685707
MD,2024,2024-02-06,FALSE,U05,-0.07128416978053023
MD,2024,2024-02-07,FALSE,U05,0.21291252140285877
MD,2024,2024-02-08,FALSE,U05,0.9026925367851428
MD,2024,2024-02-09,FALSE,U05,3.8856179601
MD,2024,2024-02-10,FALSE,U05,0.9300645206352001
MD,2024,2024-02-11,FALSE,U05,0.17146876170960013
MD,2024,2024-02-12,FALSE,U05,-0.29422330234734545
MD,2024,2024-02-13,FALSE,U05,0.2088271598416405
MD,2024,2024-02-14,FALSE,U05,-0.1498363201603526
MD,2024,2024-02-15,FALSE,U05,1.812735147293652
MD,2024,2024-02-16,FALSE,U05,1.4114188824873006
MD,2024,2024-02-17,FALSE,U05,0.6267610889192153
MD,2024,2024-02-18,FALSE,U05,0.9724522770000001
MD,2024,2024-02-19,FALSE,U05,0.5036491546401531
MD,2024,2024-02-20,FALSE,U05,0.3797540327741372
MD,2024,2024-02-21,FALSE,U05,1.6031694199680002
MD,2024,2024-02-22,FALSE,U05,0.2463333578132087
MD,2024,2024-02-23,FALSE,U05,0.3980044768747885
MD,2024,2024-02-24,FALSE,U05,-0.951549792408
MD,2024,2024-02-25,FALSE,U05,-0.45172231632000026
MD,2024,2024-02-26,FALSE,U05,-0.13019815562617107
MD,2024,2024-02-27,FALSE,U05,0.376794061416
MD,2024,2024-02-28,FALSE,U05,2.0093527753015388
MD,2024,2024-02-29,FALSE,U05,-0.3741095091743999
MD,2024,2024-03-01,FALSE,U05,-0.19411432235019027
MD,2024,2024-03-02,FALSE,U05,-0.8356720145556242
MD,2024,2024-03-03,FALSE,U05,-0.31545614901440405
MD,2024,2024-03-04,FALSE,U05,0.6488723560671459
MD,2024,2024-03-05,FALSE,U05,1.7269975350431626
MD,2024,2024-03-06,FALSE,U05,-0.6238930589253018
MD,2024,2024-03-07,FALSE,U05,0.24390459072000037
MD,2024,2024-03-08,FALSE,U05,2.807368759600001
MD,2024,2024-03-09,FALSE,U05,-0.14415232759548494
MD,2024,2024-03-10,FALSE,U05,0.13792672172159992
MD,2024,2024-03-11,FALSE,U05,-0.9444425624884147
MD,2024,2024-03-12,FALSE,U05,-0.4576180049834845
MD,2024,2024-03-13,FALSE,U05,-0.5468593162411782
MD,2024,2024-03-14,FALSE,U05,4.452809149077237
MD,2024,2024-03-15,FALSE,U05,-0.95746218807418
MD,2024,2024-03-16,FALSE,U05,0.03936735995108724
MD,2024,2024-03-17,FALSE,U05,-0.02301748739657158
MD,2024,2024-03-18,FALSE,U05,0.2207339841960001
MD,2024,2024-03-19,FALSE,U05,-1.2270824310096
MD,2024,2024-03-20,FALSE,U05,0.18757315392281845
MD,2024,2024-03-21,FALSE,U05,0.8325734973068123
MD,2024,2024-03-22,FALSE,U05,0.24402516579371017
MD,2024,2024-03-23,FALSE,U05,-0.8431114543431805
MD,2024,2024-03-24,FALSE,U05,-0.8038469005807247
MD,2024,2024-03-25,FALSE,U05,-1.072704807792
MD,2024,2024-03-26,FALSE,U05,3.4639362662528566
MD,2024,2024-03-27,FALSE,U05,0.20829697822447274
MD,2024,2024-03-28,TRUE,U05,-1.9927897112210804
MD,2024,2024-03-29,TRUE,U05,-2.102585269303893
MD,2024,2024-03-30,TRUE,U05,2.095471916989571
MD,2024,2024-03-31,TRUE,U05,-0.6685813678960686
MD,2024,2024-04-01,TRUE,U05,0.08703461141046104
MD,2024,2024-04-02,TRUE,U05,-0.12170812007278375
MD,2024,2024-04-03,TRUE,U05,-0.3302677566141491
MD,2024,2024-04-04,TRUE,U05,-0.6864054163996323
MD,2024,2024-04-05,TRUE,U05,-0.6929395750937495
MD,2024,2024-04-06,TRUE,U05,-1.31252505471075
MD,2024,2024-04-07,TRUE,U05,-0.1206683701854086
MD,2024,2024-04-08,TRUE,U05,-1.0881044048253914
MD,2024,2024-04-09,TRUE,U05,-1.2235035109763577
MD,2024,2024-04-10,TRUE,U05,-1.6098564971023979
MD,2024,2024-04-11,TRUE,U05,2.9639649638028724
MD,2024,2024-04-12,TRUE,U05,1.3901027341294079
MD,2024,2024-04-13,TRUE,U05,-1.9790927033040007
MD,2024,2024-04-14,TRUE,U05,-1.3511882238120003
MD,2024,2024-04-15,TRUE,U05,-2.0088573817778177
MD,2024,2024-04-16,TRUE,U05,-2.0483335423228204
MD,2024,2024-04-17,TRUE,U05,0.8628597067499293
MD,2024,2024-04-18,TRUE,U05,-1.308128917968
MD,2024,2024-04-19,TRUE,U05,-3.1348384519178913
MD,2024,2024-04-20,TRUE,U05,-1.9083844179360003
MD,2024,2024-04-21,TRUE,U05,-3.820937856316615
MD,2024,2024-04-22,TRUE,U05,-3.541599241394143
MD,2024,2024-04-23,TRUE,U05,-2.9492742725929095
MD,2024,2024-04-24,TRUE,U05,-2.490060473748
MD,2024,2024-04-25,TRUE,U05,-2.544847012739241
MD,2024,2024-04-26,TRUE,U05,-2.846843753995142
MD,2024,2024-04-27,TRUE,U05,2.3962012230055483
MD,2024,2024-04-28,TRUE,U05,0.13062919031999914
MD,2024,2024-04-29,TRUE,U05,-4.6184571514799995
MD,2024,2024-04-30,TRUE,U05,-2.381843188056236
MD,2024,2024-05-01,TRUE,U05,-2.5079585309433545
MD,2024,2024-05-02,TRUE,U05,-2.2662975430094514
MD,2024,2024-05-03,TRUE,U05,2.3021495518932427
MD,2024,2024-05-04,TRUE,U05,-2.4161256301947334
MD,2024,2024-05-05,TRUE,U05,-0.7126017987457625
MD,2024,2024-05-06,TRUE,U05,-3.228742262467464
MD,2024,2024-05-07,TRUE,U05,-1.3441188018517478
MD,2024,2024-05-08,TRUE,U05,-2.8803939068003928
MD,2024,2024-05-09,TRUE,U05,0.0031467539327542995
MD,2024,2024-05-10,TRUE,U05,-4.780739822415615
MD,2024,2024-05-11,TRUE,U05,-1.806009282932571
MD,2024,2024-05-12,TRUE,U05,-4.682707841520626
MD,2024,2024-05-13,TRUE,U05,-2.5190168703817837
MD,2024,2024-05-14,TRUE,U05,-1.4858635945100758
MD,2024,2024-05-15,TRUE,U05,-5.09390121816
MD,2024,2024-05-16,TRUE,U05,-5.653694552490973
MD,2024,2024-05-17,TRUE,U05,-3.1117302981273864
MD,2024,2024-05-18,TRUE,U05,-3.296352395068538
MD,2024,2024-05-19,TRUE,U05,-3.315748028098503
MD,2024,2024-05-20,TRUE,U05,1.1623563827326395
MD,2024,2024-05-21,TRUE,U05,-2.9069867777400002
MD,2024,2024-05-22,TRUE,U05,-1.2898827168552
MD,2024,2024-05-23,TRUE,U05,-3.293139024569202
MD,2024,2024-05-24,TRUE,U05,-3.105729180973864
MD,2024,2024-05-25,TRUE,U05,-1.2254168470565123
MD,2024,2024-05-26,TRUE,U05,-0.9682788325885968
MD,2024,2024-05-27,TRUE,U05,3.944973937768839
MD,2024,2024-05-28,TRUE,U05,-5.00154960168
MD,2024,2024-05-29,TRUE,U05,-3.7261848536579913
MD,2024,2024-05-30,TRUE,U05,-4.590046358909406
MD,2024,2024-05-31,TRUE,U05,-4.836221931601561
MD,2024,2024-06-01,TRUE,U05,-4.918327821723394
MD,2024,2024-06-02,TRUE,U05,-5.486797994086184
MD,2024,2024-06-03,TRUE,U05,-5.217010657433972
MD,2024,2024-06-04,TRUE,U05,-5.174537128889153
MD,2024,2024-06-05,TRUE,U05,-5.168015786363197
MD,2024,2024-06-06,TRUE,U05,-5.568217562734937
MD,2024,2024-06-07,TRUE,U05,-4.57948033239285
MD,2024,2024-06-08,TRUE,U05,-4.5770497528680005
MD,2024,2024-06-09,TRUE,U05,-4.714795598322607
MD,2024,2024-06-10,TRUE,U05,-5.8813682059440024
MD,2024,2024-06-11,TRUE,U05,-6.9297476584399496
MD,2024,2024-06-12,TRUE,U05,-6.284783345311876
MD,2024,2024-06-13,TRUE,U05,-5.464358981032739
MD,2024,2024-06-14,TRUE,U05,-6.389673578987799
MD,2024,2024-06-15,TRUE,U05,-6.915737435317012
MD,2024,2024-06-16,TRUE,U05,-4.782261934281601
MD,2024,2024-06-17,TRUE,U05,-5.37744406284
MD,2024,2024-06-18,TRUE,U05,-4.970280162123574
MD,2024,2024-06-19,TRUE,U05,-4.3924866084000005
MD,2024,2024-06-20,TRUE,U05,-6.62718284565761
MD,2024,2024-06-21,TRUE,U05,-6.366596665580552
MD,2024,2024-06-22,TRUE,U05,1.7047334544682324
MD,2024,2024-06-23,TRUE,U05,-2.3594959013138985
MD,2024,2024-06-24,TRUE,U05,-3.22766504756857
MD,2024,2024-06-25,TRUE,U05,1.7651927593586434
MD,2024,2024-06-26,TRUE,U05,0.3149565696874756
MD,2024,2024-06-27,TRUE,U05,-5.239555078838119
MD,2024,2024-06-28,TRUE,U05,-0.7748944038456631
MD,2024,2024-06-29,TRUE,U05,-2.3356351176436987
MD,2024,2024-06-30,TRUE,U05,-5.231016407448
MD,2024,2024-07-01,TRUE,U05,-5.99430452786734
MD,2024,2024-07-02,TRUE,U05,-0.8041666284325438
MD,2024,2024-07-03,TRUE,U05,-0.7020512364370906
MD,2024,2024-07-04,TRUE,U05,-3.167025745375875
MD,2024,2024-07-05,TRUE,U05,-5.260914933892186
MD,2024,2024-07-06,TRUE,U05,-2.910113652078394
MD,2024,2024-07-07,TRUE,U05,-3.9590212234782864
MD,2024,2024-07-08,TRUE,U05,-4.370283244512001
MD,2024,2024-07-09,TRUE,U05,-2.224858958720572
MD,2024,2024-07-10,TRUE,U05,-1.1766577014807251
MD,2024,2024-07-11,TRUE,U05,-5.336108660949756
MD,2024,2024-07-12,TRUE,U05,-3.177275823367924
MD,2024,2024-07-13,TRUE,U05,-2.709060725753949
MD,2024,2024-07-14,TRUE,U05,-0.4925450160122616
MD,2024,2024-07-15,TRUE,U05,-4.006683332113637
MD,2024,2024-07-16,TRUE,U05,2.204666782347274
MD,2024,2024-07-17,TRUE,U05,-4.165898058785689
MD,2024,2024-07-18,TRUE,U05,-5.205149984464821
MD,2024,2024-07-19,TRUE,U05,-7.452626589575411
MD,2024,2024-07-20,TRUE,U05,-4.648849253394916
MD,2024,2024-07-21,TRUE,U05,-6.8431431657218
MD,2024,2024-07-22,TRUE,U05,-5.194878914838498
MD,2024,2024-07-23,TRUE,U05,-5.510314570609199
MD,2024,2024-07-24,TRUE,U05,-4.6084826373080015
MD,2024,2024-07-25,TRUE,U05,-6.596148545701758
MD,2024,2024-07-26,TRUE,U05,-5.984403310640717
MD,2024,2024-07-27,TRUE,U05,-4.209495044638781
MD,2024,2024-07-28,TRUE,U05,-3.6582446039675425
MD,2024,2024-07-29,TRUE,U05,-1.1276476008750125
MD,2024,2024-07-30,TRUE,U05,-2.9822270295848283
MD,2024,2024-07-31,TRUE,U05,-3.880325479735639
MD,2024,2024-08-01,TRUE,U05,-2.555811078362099
MD,2024,2024-08-02,TRUE,U05,-1.1413956000344099
MD,2024,2024-08-03,TRUE,U05,-3.784875939093056
MD,2024,2024-08-04,TRUE,U05,-4.7552087139316255
MD,2024,2024-08-05,TRUE,U05,-3.3545636713526035
MD,2024,2024-08-06,TRUE,U05,1.007522715372384
MD,2024,2024-08-07,TRUE,U05,-5.031612263324248
MD,2024,2024-08-08,TRUE,U05,-4.9949506495886755
MD,2024,2024-08-09,TRUE,U05,-3.5381913983463917
MD,2024,2024-08-10,TRUE,U05,-5.2318125079704
MD,2024,2024-08-11,TRUE,U05,-3.6537919139160255
MD,2024,2024-08-12,TRUE,U05,-4.605623234807676
MD,2024,2024-08-13,TRUE,U05,-3.7602809406282867
MD,2024,2024-08-14,TRUE,U05,-5.056572229136708
MD,2024,2024-08-15,TRUE,U05,-2.6395755865969073
MD,2024,2024-08-16,TRUE,U05,1.5249422123999985
MD,2024,2024-08-17,TRUE,U05,-1.5766801177679999
MD,2024,2024-08-18,TRUE,U05,-2.703820122539999
MD,2024,2024-08-19,TRUE,U05,-1.9091234126880003
MD,2024,2024-08-20,TRUE,U05,-2.2320963804313965
MD,2024,2024-08-21,TRUE,U05,-3.1226548239036003
MD,2024,2024-08-22,TRUE,U05,-2.703538666406674
MD,2024,2024-08-23,TRUE,U05,-3.010244943629641
MD,2024,2024-08-24,TRUE,U05,-2.782413313159289
MD,2024,2024-08-25,TRUE,U05,-2.3515865954395783
MD,2024,2024-08-26,TRUE,U05,-1.041739140175765
MD,2024,2024-08-27,TRUE,U05,4.463676940602857
MD,2024,2024-08-28,TRUE,U05,-0.02942035676290902
MD,2024,2024-08-29,TRUE,U05,-1.1901523656960002
MD,2024,2024-08-30,TRUE,U05,0.2650789630080006
MD,2024,2024-08-31,TRUE,U05,-2.344283546825456
MD,2024,2024-09-01,TRUE,U05,-1.835985257275637
MD,2024,2024-09-02,TRUE,U05,-1.4148264774408807
MD,2024,2024-09-03,TRUE,U05,-1.602844549821428
MD,2024,2024-09-04,TRUE,U05,-3.2473583344799994
MD,2024,2024-09-05,TRUE,U05,-2.9613732631200005
MD,2024,2024-09-06,TRUE,U05,-2.5228023526799994
MD,2024,2024-09-07,TRUE,U05,-5.668030474896001
MD,2024,2024-09-08,TRUE,U05,-3.7035753430029352
MD,2024,2024-09-09,TRUE,U05,-2.889515682396
MD,2024,2024-09-10,TRUE,U05,-0.1812256178091424
MD,2024,2024-09-11,TRUE,U05,-2.232841793522903
MD,2024,2024-09-12,TRUE,U05,-3.0652611135181127
MD,2024,2024-09-13,TRUE,U05,-2.7024367898558648
MD,2024,2024-09-14,TRUE,U05,-1.903128871636839
MD,2024,2024-09-15,TRUE,U05,-1.1462978838785283
MD,2024,2024-09-16,TRUE,U05,-0.8431272559248073
MD,2024,2024-09-17,TRUE,U05,-0.9538141976051413
MD,2024,2024-09-18,TRUE,U05,-0.841785230997788
MD,2024,2024-09-19,TRUE,U05,-0.957232815301608
MD,2024,2024-09-20,TRUE,U05,-0.5699313957368538
MD,2024,2024-09-21,TRUE,U05,0.2571174741254012
MD,2024,2024-09-22,TRUE,U05,4.832600550752837
MD,2024,2024-09-23,TRUE,U05,-0.4187980046824619
MD,2024,2024-09-24,TRUE,U05,3.767525106598066
MD,2024,2024-09-25,TRUE,U05,1.3271605228800007
MD,2024,2024-09-26,TRUE,U05,0.6207117178485525
MD,2024,2024-09-27,TRUE,U05,-1.528682435224932
MD,2024,2024-09-28,TRUE,U05,-0.7466484854159989
MD,2024,2024-09-29,TRUE,U05,-0.2802075890843077
MD,2024,2024-09-30,TRUE,U05,-0.8327193582144009
MD,2024,2024-10-01,TRUE,U05,-0.4303199977804761
MD,2024,2024-10-02,TRUE,U05,-2.5702688136324463
MD,2024,2024-10-03,TRUE,U05,-2.0009007695529286
MD,2024,2024-10-04,TRUE,U05,-1.5694216485017396
MD,2024,2024-10-05,TRUE,U05,-2.203663423693071
MD,2024,2024-10-06,TRUE,U05,-1.3744116464665266
MD,2024,2024-10-07,TRUE,U05,-2.4782983206000266
MD,2024,2024-10-08,TRUE,U05,-1.9913511439693483
MD,2024,2024-10-09,TRUE,U05,-2.146433862300165
MD,2024,2024-10-10,TRUE,U05,-2.1755097201259925
MD,2024,2024-10-11,TRUE,U05,-3.1532626227096716
MD,2024,2024-10-12,TRUE,U05,-3.1864716053941327
MD,2024,2024-10-13,TRUE,U05,0.09189988893609398
MD,2024,2024-10-14,TRUE,U05,-2.987712446454113
MD,2024,2024-10-15,TRUE,U05,-1.322489125459865
MD,2024,2024-10-16,TRUE,U05,-1.8139783853125422
MD,2024,2024-10-17,TRUE,U05,-2.103628748839024
MD,2024,2024-10-18,TRUE,U05,-1.559927196988022
MD,2024,2024-10-19,TRUE,U05,-1.4402839482986822
MD,2024,2024-10-20,TRUE,U05,-1.7917207581292744
MD,2024,2024-10-21,TRUE,U05,-1.3142703081985443
MD,2024,2024-10-22,TRUE,U05,-0.8339471023624985
MD,2024,2024-10-23,TRUE,U05,-0.9561629080800004
MD,2024,2024-10-24,TRUE,U05,-1.638305949305805
MD,2024,2024-10-25,TRUE,U05,-0.7836896922121035
MD,2024,2024-10-26,TRUE,U05,-0.9947534561163912
MD,2024,2024-10-27,TRUE,U05,-0.6640592146819952
MD,2024,2024-10-28,TRUE,U05,-1.0444787473401715
MD,2024,2024-10-29,TRUE,U05,0.018552344831999537
MD,2024,2024-10-30,TRUE,U05,1.2778645743359998
MD,2024,2024-10-31,TRUE,U05,2.3516996477039998
MD,2024,2024-11-01,FALSE,U05,-0.09592849551758978
MD,2024,2024-11-02,FALSE,U05,-0.39237781878734784
MD,2024,2024-11-03,FALSE,U05,0.44969549327059966
MD,2024,2024-11-04,FALSE,U05,7.214128230214068
MD,2024,2024-11-05,FALSE,U05,3.3642443219557108
MD,2024,2024-11-06,FALSE,U05,3.453449671292005
MD,2024,2024-11-07,FALSE,U05,0.8681502554501657
MD,2024,2024-11-08,FALSE,U05,0.7448993965773737
MD,2024,2024-11-09,FALSE,U05,0.5573528524574546
MD,2024,2024-11-10,FALSE,U05,1.197328999808544
MD,2024,2024-11-11,FALSE,U05,1.6059160774799999
MD,2024,2024-11-12,FALSE,U05,0.4037869859255899
MD,2024,2024-11-13,FALSE,U05,0.3135316042034245
MD,2024,2024-11-14,FALSE,U05,4.13759000457119
MD,2024,2024-11-15,FALSE,U05,1.0976547877056215
MD,2024,2024-11-16,FALSE,U05,1.5747903560460341
MD,2024,2024-11-17,FALSE,U05,1.2713828353199998
MD,2024,2024-11-18,FALSE,U05,2.031259123882046
MD,2024,2024-11-19,FALSE,U05,3.2709744572938555
MD,2024,2024-11-20,FALSE,U05,2.0342038944917142
MD,2024,2024-11-21,FALSE,U05,1.0723188519013545
MD,2024,2024-11-22,FALSE,U05,1.6844162111052892
MD,2024,2024-11-23,FALSE,U05,1.2058159975943918
MD,2024,2024-11-24,FALSE,U05,0.7874698030693594
MD,2024,2024-11-25,FALSE,U05,2.950241375934002
MD,2024,2024-11-26,FALSE,U05,1.3619500353687266
MD,2024,2024-11-27,FALSE,U05,0.5101571220458959
MD,2024,2024-11-28,FALSE,U05,1.0258980387456
MD,2024,2024-11-29,FALSE,U05,1.130117879736
MD,2024,2024-11-30,FALSE,U05,1.2048058761551999
MD,2024,2024-12-01,FALSE,U05,1.2448074634913453
MD,2024,2024-12-02,FALSE,U05,0.8629274101117087
MD,2024,2024-12-03,FALSE,U05,2.085645397850182
MD,2024,2024-12-04,FALSE,U05,-0.07504600665599973
MD,2024,2024-12-05,FALSE,U05,2.955455176464
MD,2024,2024-12-06,FALSE,U05,1.5739323997007462
MD,2024,2024-12-07,FALSE,U05,1.7176111505741996
MD,2024,2024-12-08,FALSE,U05,0.8618118646974551
MD,2024,2024-12-09,FALSE,U05,1.7162816699323633
MD,2024,2024-12-10,FALSE,U05,1.154597230038857
MD,2024,2024-12-11,FALSE,U05,6.043957782802286
MD,2024,2024-12-12,FALSE,U05,1.572935307912
MD,2024,2024-12-13,FALSE,U05,0.7691252082725453
MD,2024,2024-12-14,FALSE,U05,0.9969489627839998
MD,2024,2024-12-15,FALSE,U05,2.887920249182042
MD,2024,2024-12-16,FALSE,U05,0.5084211547207566
MD,2024,2024-12-17,FALSE,U05,1.5600340058688
MD,2024,2024-12-18,FALSE,U05,0.9465872725388266
MD,2024,2024-12-19,FALSE,U05,0.6232065765483022
MD,2024,2024-12-20,FALSE,U05,0.8742432766320002
MD,2024,2024-12-21,FALSE,U05,1.1385301521043862
MD,2024,2024-12-22,FALSE,U05,0.8784024300349715
MD,2024,2024-12-23,FALSE,U05,0.981310881625961
MD,2024,2024-12-24,FALSE,U05,0.5590047451166434
MD,2024,2024-12-25,FALSE,U05,0.8499810890693138
MD,2024,2024-12-26,FALSE,U05,0.40475338759367613
MD,2024,2024-12-27,FALSE,U05,0.6962594936088893
MD,2024,2024-12-28,FALSE,U05,1.6950531124371462
MD,2024,2024-12-29,FALSE,U05,4.581667859470059
MD,2024,2024-12-30,FALSE,U05,0.8497213414608539
MD,2024,2024-12-31,FALSE,U05,1.3580705369973165
MD,2024,2025-01-01,FALSE,U05,0.35936802338400003
MD,2024,2024-01-01,FALSE,U50,0.2852295999767999
MD,2024,2024-01-02,FALSE,U50,0.30555387648000015
MD,2024,2024-01-03,FALSE,U50,0.5727379388265279
MD,2024,2024-01-04,FALSE,U50,0.4185691636320002
MD,2024,2024-01-05,FALSE,U50,0.4591696035401419
MD,2024,2024-01-06,FALSE,U50,0.25741598228999996
MD,2024,2024-01-07,FALSE,U50,0.04406871137830145
MD,2024,2024-01-08,FALSE,U50,0.5118355812240001
MD,2024,2024-01-09,FALSE,U50,0.526649937121853
MD,2024,2024-01-10,FALSE,U50,0.4780102656147454
MD,2024,2024-01-11,FALSE,U50,0.8898035312771212
MD,2024,2024-01-12,FALSE,U50,1.4449650278904003
MD,2024,2024-01-13,FALSE,U50,1.6074557687304003
MD,2024,2024-01-14,FALSE,U50,1.0952460409464002
MD,2024,2024-01-15,FALSE,U50,0.7317008314639202
MD,2024,2024-01-16,FALSE,U50,0.813054955608
MD,2024,2024-01-17,FALSE,U50,0.7791559523511429
MD,2024,2024-01-18,FALSE,U50,0.708329023958419
MD,2024,2024-01-19,FALSE,U50,1.0641402929076822
MD,2024,2024-01-20,FALSE,U50,1.0963294932132002
MD,2024,2024-01-21,FALSE,U50,0.9975351823631999
MD,2024,2024-01-22,FALSE,U50,0.8257598723520001
MD,2024,2024-01-23,FALSE,U50,14.613783413737716
MD,2024,2024-01-24,FALSE,U50,1.9308218791377703
MD,2024,2024-01-25,FALSE,U50,0.5713089135896102
MD,2024,2024-01-26,FALSE,U50,2.8378275224081686
MD,2024,2024-01-27,FALSE,U50,0.6635638144751511
MD,2024,2024-01-28,FALSE,U50,0.32148897854027
MD,2024,2024-01-29,FALSE,U50,0.42853186523220776
MD,2024,2024-01-30,FALSE,U50,0.7418838294719998
MD,2024,2024-01-31,FALSE,U50,0.6621032675520004
MD,2024,2024-02-01,FALSE,U50,0.6361190228868003
MD,2024,2024-02-02,FALSE,U50,1.3209528928715442
MD,2024,2024-02-03,FALSE,U50,0.7032389048030221
MD,2024,2024-02-04,FALSE,U50,-0.21904478705606825
MD,2024,2024-02-05,FALSE,U50,-0.17197616652698114
MD,2024,2024-02-06,FALSE,U50,-0.09802135953380356
MD,2024,2024-02-07,FALSE,U50,0.12193304503402314
MD,2024,2024-02-08,FALSE,U50,0.868751023248
MD,2024,2024-02-09,FALSE,U50,3.8856179601
MD,2024,2024-02-10,FALSE,U50,0.9181829562552001
MD,2024,2024-02-11,FALSE,U50,0.2211544036587928
MD,2024,2024-02-12,FALSE,U50,-0.219760138454297
MD,2024,2024-02-13,FALSE,U50,0.220041521494883
MD,2024,2024-02-14,FALSE,U50,-0.09749784193604638
MD,2024,2024-02-15,FALSE,U50,1.949440415646651
MD,2024,2024-02-16,FALSE,U50,1.4197858593857757
MD,2024,2024-02-17,FALSE,U50,0.6305648301027275
MD,2024,2024-02-18,FALSE,U50,0.9724522770000001
MD,2024,2024-02-19,FALSE,U50,0.5266084948878984
MD,2024,2024-02-20,FALSE,U50,0.42285982434007374
MD,2024,2024-02-21,FALSE,U50,1.600172498938909
MD,2024,2024-02-22,FALSE,U50,0.29110902032759894
MD,2024,2024-02-23,FALSE,U50,0.46212605983403493
MD,2024,2024-02-24,FALSE,U50,-0.9309997880748001
MD,2024,2024-02-25,FALSE,U50,-0.45172231632000026
MD,2024,2024-02-26,FALSE,U50,-0.1144757623176075
MD,2024,2024-02-27,FALSE,U50,0.4061015359790535
MD,2024,2024-02-28,FALSE,U50,2.003404753827244
MD,2024,2024-02-29,FALSE,U50,-0.37025390299139993
MD,2024,2024-03-01,FALSE,U50,-0.19772370335415063
MD,2024,2024-03-02,FALSE,U50,-0.5863707732803491
MD,2024,2024-03-03,FALSE,U50,-0.3417601179483413
MD,2024,2024-03-04,FALSE,U50,0.5866145686506483
MD,2024,2024-03-05,FALSE,U50,1.0919870625939274
MD,2024,2024-03-06,FALSE,U50,-0.6203053531674421
MD,2024,2024-03-07,FALSE,U50,0.24390459072000037
MD,2024,2024-03-08,FALSE,U50,2.808035548100836
MD,2024,2024-03-09,FALSE,U50,-0.10243348058450633
MD,2024,2024-03-10,FALSE,U50,0.13792672172159992
MD,2024,2024-03-11,FALSE,U50,-0.9518169854794347
MD,2024,2024-03-12,FALSE,U50,-0.44642705806594696
MD,2024,2024-03-13,FALSE,U50,-0.472323313193735
MD,2024,2024-03-14,FALSE,U50,4.358351162462271
MD,2024,2024-03-15,FALSE,U50,-0.9081823942808174
MD,2024,2024-03-16,FALSE,U50,0.010500041844412313
MD,2024,2024-03-17,FALSE,U50,0.009736376880973374
MD,2024,2024-03-18,FALSE,U50,0.2207339841960001
MD,2024,2024-03-19,FALSE,U50,-1.2270824310096
MD,2024,2024-03-20,FALSE,U50,0.18611396191465565
MD,2024,2024-03-21,FALSE,U50,0.8534399385093782
MD,2024,2024-03-22,FALSE,U50,0.33202485426576483
MD,2024,2024-03-23,FALSE,U50,-0.8628548836352903
MD,2024,2024-03-24,FALSE,U50,-0.6793440095589938
MD,2024,2024-03-25,FALSE,U50,-1.072704807792
MD,2024,2024-03-26,FALSE,U50,3.4651813373719476
MD,2024,2024-03-27,FALSE,U50,0.21054696708187975
MD,2024,2024-03-28,TRUE,U50,-2.06140918619474
MD,2024,2024-03-29,TRUE,U50,-2.1279319798462284
MD,2024,2024-03-30,TRUE,U50,2.126418440066336
MD,2024,2024-03-31,TRUE,U50,-0.6627066975920216
MD,2024,2024-04-01,TRUE,U50,0.15452732113921427
MD,2024,2024-04-02,TRUE,U50,-0.11910431084886436
MD,2024,2024-04-03,TRUE,U50,-0.3189310835121576
MD,2024,2024-04-04,TRUE,U50,-0.43104272385070036
MD,2024,2024-04-05,TRUE,U50,-0.41582125914965423
MD,2024,2024-04-06,TRUE,U50,-1.297863139552653
MD,2024,2024-04-07,TRUE,U50,0.00831818866018565
MD,2024,2024-04-08,TRUE,U50,-1.087331016591403
MD,2024,2024-04-09,TRUE,U50,-1.2678911892241413
MD,2024,2024-04-10,TRUE,U50,-1.5962651400871335
MD,2024,2024-04-11,TRUE,U50,3.1225994105469095
MD,2024,2024-04-12,TRUE,U50,1.4084816588993088
MD,2024,2024-04-13,TRUE,U50,-1.9790927033040007
MD,2024,2024-04-14,TRUE,U50,-1.3608903659472003
MD,2024,2024-04-15,TRUE,U50,-1.9233713702944668
MD,2024,2024-04-16,TRUE,U50,-1.9709432284468147
MD,2024,2024-04-17,TRUE,U50,0.8565754770842722
MD,2024,2024-04-18,TRUE,U50,-1.251937093128
MD,2024,2024-04-19,TRUE,U50,-2.834659312724034
MD,2024,2024-04-20,TRUE,U50,-1.9083844179360003
MD,2024,2024-04-21,TRUE,U50,-3.676304029379432
MD,2024,2024-04-22,TRUE,U50,-3.529190882913877
MD,2024,2024-04-23,TRUE,U50,-3.0180798308915375
MD,2024,2024-04-24,TRUE,U50,-2.548066168152
MD,2024,2024-04-25,TRUE,U50,-2.5102031825604088
MD,2024,2024-04-26,TRUE,U50,-2.8343053575182005
MD,2024,2024-04-27,TRUE,U50,2.3966317701915085
MD,2024,2024-04-28,TRUE,U50,0.13062919031999914
MD,2024,2024-04-29,TRUE,U50,-4.6184571514799995
MD,2024,2024-04-30,TRUE,U50,-2.356386231457222
MD,2024,2024-05-01,TRUE,U50,-2.519802053660901
MD,2024,2024-05-02,TRUE,U50,-2.258023045428142
MD,2024,2024-05-03,TRUE,U50,2.282269603064837
MD,2024,2024-05-04,TRUE,U50,-2.409817988580514
MD,2024,2024-05-05,TRUE,U50,-0.8799345605210774
MD,2024,2024-05-06,TRUE,U50,-3.4006590995879273
MD,2024,2024-05-07,TRUE,U50,-1.2941894583766516
MD,2024,2024-05-08,TRUE,U50,-2.7198221936289046
MD,2024,2024-05-09,TRUE,U50,-0.0021670949051782254
MD,2024,2024-05-10,TRUE,U50,-4.634177553984683
MD,2024,2024-05-11,TRUE,U50,-1.8766562911718287
MD,2024,2024-05-12,TRUE,U50,-4.429901662058544
MD,2024,2024-05-13,TRUE,U50,-2.5320567318918497
MD,2024,2024-05-14,TRUE,U50,-1.4824301492495058
MD,2024,2024-05-15,TRUE,U50,-5.09390121816
MD,2024,2024-05-16,TRUE,U50,-5.637602458896927
MD,2024,2024-05-17,TRUE,U50,-3.035048102117656
MD,2024,2024-05-18,TRUE,U50,-3.3225159310535015
MD,2024,2024-05-19,TRUE,U50,-3.1567430310673843
MD,2024,2024-05-20,TRUE,U50,1.1473673411910446
MD,2024,2024-05-21,TRUE,U50,-2.934012928511086
MD,2024,2024-05-22,TRUE,U50,-1.2898827168552
MD,2024,2024-05-23,TRUE,U50,-3.3876958907754275
MD,2024,2024-05-24,TRUE,U50,-3.278214990136028
MD,2024,2024-05-25,TRUE,U50,-0.9264811899746394
MD,2024,2024-05-26,TRUE,U50,-1.4774752391663726
MD,2024,2024-05-27,TRUE,U50,3.9522285775291777
MD,2024,2024-05-28,TRUE,U50,-4.692197751033547
MD,2024,2024-05-29,TRUE,U50,-4.177138725654266
MD,2024,2024-05-30,TRUE,U50,-4.6008345225371485
MD,2024,2024-05-31,TRUE,U50,-4.896470064849828
MD,2024,2024-06-01,TRUE,U50,-5.046685761477721
MD,2024,2024-06-02,TRUE,U50,-5.497406670413448
MD,2024,2024-06-03,TRUE,U50,-5.225647582759022
MD,2024,2024-06-04,TRUE,U50,-5.252620535013751
MD,2024,2024-06-05,TRUE,U50,-5.353565948441458
MD,2024,2024-06-06,TRUE,U50,-5.753176151822066
MD,2024,2024-06-07,TRUE,U50,-4.525259719232929
MD,2024,2024-06-08,TRUE,U50,-4.6174428941256
MD,2024,2024-06-09,TRUE,U50,-4.93397336068647
MD,2024,2024-06-10,TRUE,U50,-5.8813682059440024
MD,2024,2024-06-11,TRUE,U50,-7.000078461829248
MD,2024,2024-06-12,TRUE,U50,-6.368774117992383
MD,2024,2024-06-13,TRUE,U50,-5.772605412647729
MD,2024,2024-06-14,TRUE,U50,-6.314927185897293
MD,2024,2024-06-15,TRUE,U50,-6.890037512711603
MD,2024,2024-06-16,TRUE,U50,-4.782261934281601
MD,2024,2024-06-17,TRUE,U50,-5.37744406284
MD,2024,2024-06-18,TRUE,U50,-5.192838492348714
MD,2024,2024-06-19,TRUE,U50,-4.3924866084000005
MD,2024,2024-06-20,TRUE,U50,-6.638739996388668
MD,2024,2024-06-21,TRUE,U50,-5.917272206519842
MD,2024,2024-06-22,TRUE,U50,1.7767556520241459
MD,2024,2024-06-23,TRUE,U50,-2.2115279907486998
MD,2024,2024-06-24,TRUE,U50,-3.5591958787257645
MD,2024,2024-06-25,TRUE,U50,1.7741562405094333
MD,2024,2024-06-26,TRUE,U50,-0.2632338653668588
MD,2024,2024-06-27,TRUE,U50,-5.323806826952287
MD,2024,2024-06-28,TRUE,U50,-0.8085793186445256
MD,2024,2024-06-29,TRUE,U50,-2.4437039276873445
MD,2024,2024-06-30,TRUE,U50,-5.231016407448
MD,2024,2024-07-01,TRUE,U50,-5.990727532760146
MD,2024,2024-07-02,TRUE,U50,-0.8208555937056675
MD,2024,2024-07-03,TRUE,U50,-0.7667406633007918
MD,2024,2024-07-04,TRUE,U50,-3.0490475646612416
MD,2024,2024-07-05,TRUE,U50,-5.281745641156716
MD,2024,2024-07-06,TRUE,U50,-3.1688445517073447
MD,2024,2024-07-07,TRUE,U50,-4.68741228873713
MD,2024,2024-07-08,TRUE,U50,-7.124682684936236
MD,2024,2024-07-09,TRUE,U50,-2.8194528530649925
MD,2024,2024-07-10,TRUE,U50,-0.7726941106844195
MD,2024,2024-07-11,TRUE,U50,-5.258675012973992
MD,2024,2024-07-12,TRUE,U50,-2.9499287206241167
MD,2024,2024-07-13,TRUE,U50,-2.6143405795724797
MD,2024,2024-07-14,TRUE,U50,0.10769463920018116
MD,2024,2024-07-15,TRUE,U50,-4.007513122585786
MD,2024,2024-07-16,TRUE,U50,2.5021128231965917
MD,2024,2024-07-17,TRUE,U50,-4.108741654000548
MD,2024,2024-07-18,TRUE,U50,-4.947424351205144
MD,2024,2024-07-19,TRUE,U50,-7.128909061530635
MD,2024,2024-07-20,TRUE,U50,-4.362765271195475
MD,2024,2024-07-21,TRUE,U50,-6.706696163320646
MD,2024,2024-07-22,TRUE,U50,-4.9790989052865475
MD,2024,2024-07-23,TRUE,U50,-5.393390799529008
MD,2024,2024-07-24,TRUE,U50,-4.284196269208102
MD,2024,2024-07-25,TRUE,U50,-6.471696060782066
MD,2024,2024-07-26,TRUE,U50,-5.942330333064737
MD,2024,2024-07-27,TRUE,U50,-3.865688495280204
MD,2024,2024-07-28,TRUE,U50,-3.5390727421061925
MD,2024,2024-07-29,TRUE,U50,-0.689513679007399
MD,2024,2024-07-30,TRUE,U50,-3.058393760920668
MD,2024,2024-07-31,TRUE,U50,-3.4921752077336867
MD,2024,2024-08-01,TRUE,U50,-2.5010563286512277
MD,2024,2024-08-02,TRUE,U50,-1.0753511837277339
MD,2024,2024-08-03,TRUE,U50,-3.8251005909481375
MD,2024,2024-08-04,TRUE,U50,-4.684143275471366
MD,2024,2024-08-05,TRUE,U50,-2.58330252543871
MD,2024,2024-08-06,TRUE,U50,0.9808522943511033
MD,2024,2024-08-07,TRUE,U50,-5.376222090046185
MD,2024,2024-08-08,TRUE,U50,-5.094107411687092
MD,2024,2024-08-09,TRUE,U50,-3.2087221867628397
MD,2024,2024-08-10,TRUE,U50,-5.121363723963733
MD,2024,2024-08-11,TRUE,U50,-4.0333399513930095
MD,2024,2024-08-12,TRUE,U50,-4.38056507491044
MD,2024,2024-08-13,TRUE,U50,-3.7668417670611984
MD,2024,2024-08-14,TRUE,U50,-4.942016701119689
MD,2024,2024-08-15,TRUE,U50,-2.613908384120067
MD,2024,2024-08-16,TRUE,U50,1.3994393705999986
MD,2024,2024-08-17,TRUE,U50,-1.6563127183461819
MD,2024,2024-08-18,TRUE,U50,-2.7842893448399995
MD,2024,2024-08-19,TRUE,U50,-2.0123835166079997
MD,2024,2024-08-20,TRUE,U50,-2.304533591769122
MD,2024,2024-08-21,TRUE,U50,-3.1494425339691414
MD,2024,2024-08-22,TRUE,U50,-2.6308240941489003
MD,2024,2024-08-23,TRUE,U50,-2.9789948536110744
MD,2024,2024-08-24,TRUE,U50,-2.675428945801871
MD,2024,2024-08-25,TRUE,U50,-2.1794406892466487
MD,2024,2024-08-26,TRUE,U50,-0.6853535181131846
MD,2024,2024-08-27,TRUE,U50,4.868695165278002
MD,2024,2024-08-28,TRUE,U50,-0.44096311382976633
MD,2024,2024-08-29,TRUE,U50,-2.1592115098560005
MD,2024,2024-08-30,TRUE,U50,-0.09042178633714285
MD,2024,2024-08-31,TRUE,U50,-2.6190222865069104
MD,2024,2024-09-01,TRUE,U50,-1.8297177900709098
MD,2024,2024-09-02,TRUE,U50,-1.4370941983405725
MD,2024,2024-09-03,TRUE,U50,-1.64810058042
MD,2024,2024-09-04,TRUE,U50,-3.6955671201212463
MD,2024,2024-09-05,TRUE,U50,-3.4184322982748583
MD,2024,2024-09-06,TRUE,U50,-3.079467387647999
MD,2024,2024-09-07,TRUE,U50,-5.843361466568572
MD,2024,2024-09-08,TRUE,U50,-3.7777449659862867
MD,2024,2024-09-09,TRUE,U50,-2.9413302049079997
MD,2024,2024-09-10,TRUE,U50,-4.157975182987325
MD,2024,2024-09-11,TRUE,U50,-2.338076721801237
MD,2024,2024-09-12,TRUE,U50,-3.197890494216902
MD,2024,2024-09-13,TRUE,U50,-2.921486587334687
MD,2024,2024-09-14,TRUE,U50,-2.28216321178475
MD,2024,2024-09-15,TRUE,U50,-1.4675170732741016
MD,2024,2024-09-16,TRUE,U50,-1.1759194276332139
MD,2024,2024-09-17,TRUE,U50,-1.430683528967443
MD,2024,2024-09-18,TRUE,U50,-0.9494475979158656
MD,2024,2024-09-19,TRUE,U50,-1.0119399174217896
MD,2024,2024-09-20,TRUE,U50,-0.7160182951002286
MD,2024,2024-09-21,TRUE,U50,0.3119980170066014
MD,2024,2024-09-22,TRUE,U50,4.773999476257127
MD,2024,2024-09-23,TRUE,U50,-0.4139397504100743
MD,2024,2024-09-24,TRUE,U50,3.6151590415090085
MD,2024,2024-09-25,TRUE,U50,1.5665563861585357
MD,2024,2024-09-26,TRUE,U50,0.6219068202112531
MD,2024,2024-09-27,TRUE,U50,-1.5490003126521636
MD,2024,2024-09-28,TRUE,U50,-0.7466484854159989
MD,2024,2024-09-29,TRUE,U50,-0.259215682380787
MD,2024,2024-09-30,TRUE,U50,-0.9638717812492971
MD,2024,2024-10-01,TRUE,U50,-0.3359915670681093
MD,2024,2024-10-02,TRUE,U50,-2.5641485209036694
MD,2024,2024-10-03,TRUE,U50,-2.0818777670170965
MD,2024,2024-10-04,TRUE,U50,-1.6491454567268482
MD,2024,2024-10-05,TRUE,U50,-2.2831633266345692
MD,2024,2024-10-06,TRUE,U50,-1.3581796270635003
MD,2024,2024-10-07,TRUE,U50,-2.4389672194430054
MD,2024,2024-10-08,TRUE,U50,-2.069871984630345
MD,2024,2024-10-09,TRUE,U50,-2.1738405281530153
MD,2024,2024-10-10,TRUE,U50,-2.241461810074262
MD,2024,2024-10-11,TRUE,U50,-3.1691602436539346
MD,2024,2024-10-12,TRUE,U50,-3.185665810808384
MD,2024,2024-10-13,TRUE,U50,0.08742977484831813
MD,2024,2024-10-14,TRUE,U50,-3.0465120611179066
MD,2024,2024-10-15,TRUE,U50,-1.299351510926824
MD,2024,2024-10-16,TRUE,U50,-1.7851008211519015
MD,2024,2024-10-17,TRUE,U50,-2.0984052019602784
MD,2024,2024-10-18,TRUE,U50,-1.6012757869655736
MD,2024,2024-10-19,TRUE,U50,-1.4544247073240735
MD,2024,2024-10-20,TRUE,U50,-1.4264312266422465
MD,2024,2024-10-21,TRUE,U50,-1.2340915924721736
MD,2024,2024-10-22,TRUE,U50,-0.781349766982266
MD,2024,2024-10-23,TRUE,U50,-0.9095707810856982
MD,2024,2024-10-24,TRUE,U50,-1.7697507693208792
MD,2024,2024-10-25,TRUE,U50,-0.9146849089717799
MD,2024,2024-10-26,TRUE,U50,-1.0541268928673961
MD,2024,2024-10-27,TRUE,U50,-0.6706432495677246
MD,2024,2024-10-28,TRUE,U50,-1.0909929375824006
MD,2024,2024-10-29,TRUE,U50,0.10217053032795483
MD,2024,2024-10-30,TRUE,U50,1.2778645743359998
MD,2024,2024-10-31,TRUE,U50,2.3516996477039998
MD,2024,2024-11-01,FALSE,U50,-0.09300996113167563
MD,2024,2024-11-02,FALSE,U50,0.3852122120110769
MD,2024,2024-11-03,FALSE,U50,0.47018490124172074
MD,2024,2024-11-04,FALSE,U50,7.221283426992493
MD,2024,2024-11-05,FALSE,U50,3.373267489471613
MD,2024,2024-11-06,FALSE,U50,3.432089274253072
MD,2024,2024-11-07,FALSE,U50,0.9368818061609991
MD,2024,2024-11-08,FALSE,U50,0.8456363541023431
MD,2024,2024-11-09,FALSE,U50,0.7237829417909015
MD,2024,2024-11-10,FALSE,U50,1.2404667970852479
MD,2024,2024-11-11,FALSE,U50,1.612665841718571
MD,2024,2024-11-12,FALSE,U50,0.45050520442793174
MD,2024,2024-11-13,FALSE,U50,0.3218020151886546
MD,2024,2024-11-14,FALSE,U50,4.176164259164683
MD,2024,2024-11-15,FALSE,U50,1.733306761652902
MD,2024,2024-11-16,FALSE,U50,1.602625391244306
MD,2024,2024-11-17,FALSE,U50,1.2713828353199998
MD,2024,2024-11-18,FALSE,U50,1.3057848336316185
MD,2024,2024-11-19,FALSE,U50,3.273221168288336
MD,2024,2024-11-20,FALSE,U50,2.0216589740931434
MD,2024,2024-11-21,FALSE,U50,1.1481324456087632
MD,2024,2024-11-22,FALSE,U50,1.5297109779861813
MD,2024,2024-11-23,FALSE,U50,1.2031704146573414
MD,2024,2024-11-24,FALSE,U50,0.8767120803920248
MD,2024,2024-11-25,FALSE,U50,2.979152017351816
MD,2024,2024-11-26,FALSE,U50,1.3610843342159993
MD,2024,2024-11-27,FALSE,U50,0.8497025312031143
MD,2024,2024-11-28,FALSE,U50,0.9722668473348001
MD,2024,2024-11-29,FALSE,U50,1.130117879736
MD,2024,2024-11-30,FALSE,U50,1.2048058761551999
MD,2024,2024-12-01,FALSE,U50,1.245018269893309
MD,2024,2024-12-02,FALSE,U50,0.902532636392509
MD,2024,2024-12-03,FALSE,U50,1.8897771936616057
MD,2024,2024-12-04,FALSE,U50,-0.07504600665599973
MD,2024,2024-12-05,FALSE,U50,2.955455176464
MD,2024,2024-12-06,FALSE,U50,1.855077503996361
MD,2024,2024-12-07,FALSE,U50,1.8620306180098285
MD,2024,2024-12-08,FALSE,U50,0.9211893955616499
MD,2024,2024-12-09,FALSE,U50,1.7640387385494547
MD,2024,2024-12-10,FALSE,U50,2.089895306688935
MD,2024,2024-12-11,FALSE,U50,6.1553443698504005
MD,2024,2024-12-12,FALSE,U50,1.6180321183920001
MD,2024,2024-12-13,FALSE,U50,1.095265792672111
MD,2024,2024-12-14,FALSE,U50,0.9913977478648419
MD,2024,2024-12-15,FALSE,U50,2.8833185849334027
MD,2024,2024-12-16,FALSE,U50,0.4680394226994371
MD,2024,2024-12-17,FALSE,U50,1.5664887164928
MD,2024,2024-12-18,FALSE,U50,0.9176968494940414
MD,2024,2024-12-19,FALSE,U50,0.6724700356504286
MD,2024,2024-12-20,FALSE,U50,0.8742432766320002
MD,2024,2024-12-21,FALSE,U50,1.0720703254424426
MD,2024,2024-12-22,FALSE,U50,0.7790974117181299
MD,2024,2024-12-23,FALSE,U50,1.114346069719178
MD,2024,2024-12-24,FALSE,U50,0.5332573777875503
MD,2024,2024-12-25,FALSE,U50,0.7493006178588877
MD,2024,2024-12-26,FALSE,U50,0.4012473551911024
MD,2024,2024-12-27,FALSE,U50,0.6924105631492142
MD,2024,2024-12-28,FALSE,U50,1.6917921680278014
MD,2024,2024-12-29,FALSE,U50,4.445960354525582
MD,2024,2024-12-30,FALSE,U50,0.8364305263414923
MD,2024,2024-12-31,FALSE,U50,1.3252925809176466
MD,2024,2025-01-01,FALSE,U50,0.35936802338400003
MD,2024,2024-01-01,FALSE,U95,0.2786605431787999
MD,2024,2024-01-02,FALSE,U95,0.3011965699299624
MD,2024,2024-01-03,FALSE,U95,0.5017367420349638
MD,2024,2024-01-04,FALSE,U95,0.4185691636320002
MD,2024,2024-01-05,FALSE,U95,0.46411209636595735
MD,2024,2024-01-06,FALSE,U95,0.2519939118111429
MD,2024,2024-01-07,FALSE,U95,0.12652845279606562
MD,2024,2024-01-08,FALSE,U95,0.5075273809717458
MD,2024,2024-01-09,FALSE,U95,0.5105635648978557
MD,2024,2024-01-10,FALSE,U95,0.44967451693728594
MD,2024,2024-01-11,FALSE,U95,0.9066656881255614
MD,2024,2024-01-12,FALSE,U95,1.4449650278904003
MD,2024,2024-01-13,FALSE,U95,1.6074557687304003
MD,2024,2024-01-14,FALSE,U95,1.0952460409464002
MD,2024,2024-01-15,FALSE,U95,0.6481332852964201
MD,2024,2024-01-16,FALSE,U95,0.70083405683064
MD,2024,2024-01-17,FALSE,U95,0.7082673985809257
MD,2024,2024-01-18,FALSE,U95,0.6810579603170193
MD,2024,2024-01-19,FALSE,U95,1.0085664190362251
MD,2024,2024-01-20,FALSE,U95,1.0763007025536002
MD,2024,2024-01-21,FALSE,U95,1.0062070403387997
MD,2024,2024-01-22,FALSE,U95,0.82068443514
MD,2024,2024-01-23,FALSE,U95,11.462944545738518
MD,2024,2024-01-24,FALSE,U95,4.421227711089
MD,2024,2024-01-25,FALSE,U95,0.5809117218317144
MD,2024,2024-01-26,FALSE,U95,2.843898715053818
MD,2024,2024-01-27,FALSE,U95,0.677280230741543
MD,2024,2024-01-28,FALSE,U95,0.3385315313421888
MD,2024,2024-01-29,FALSE,U95,0.45017222576914273
MD,2024,2024-01-30,FALSE,U95,0.8984822841936001
MD,2024,2024-01-31,FALSE,U95,0.8207234786736006
MD,2024,2024-02-01,FALSE,U95,0.758629728806866
MD,2024,2024-02-02,FALSE,U95,1.3961105444743205
MD,2024,2024-02-03,FALSE,U95,0.7749957155065149
MD,2024,2024-02-04,FALSE,U95,-0.19070716732971785
MD,2024,2024-02-05,FALSE,U95,-0.14118438404208294
MD,2024,2024-02-06,FALSE,U95,-0.1478365959063105
MD,2024,2024-02-07,FALSE,U95,0.11595508053670994
MD,2024,2024-02-08,FALSE,U95,0.905924148138
MD,2024,2024-02-09,FALSE,U95,3.8856179601
MD,2024,2024-02-10,FALSE,U95,0.9202548071952
MD,2024,2024-02-11,FALSE,U95,0.36877641598223065
MD,2024,2024-02-12,FALSE,U95,-0.25209771164208
MD,2024,2024-02-13,FALSE,U95,0.21386544996719362
MD,2024,2024-02-14,FALSE,U95,-0.005219255727286168
MD,2024,2024-02-15,FALSE,U95,2.069708955767558
MD,2024,2024-02-16,FALSE,U95,1.4258205359530782
MD,2024,2024-02-17,FALSE,U95,0.643799138542383
MD,2024,2024-02-18,FALSE,U95,0.9724522770000001
MD,2024,2024-02-19,FALSE,U95,0.5577844848485147
MD,2024,2024-02-20,FALSE,U95,0.49053836577806964
MD,2024,2024-02-21,FALSE,U95,1.5817699749057055
MD,2024,2024-02-22,FALSE,U95,0.2936032701868205
MD,2024,2024-02-23,FALSE,U95,0.42033506974865537
MD,2024,2024-02-24,FALSE,U95,-0.9243171752318046
MD,2024,2024-02-25,FALSE,U95,-0.45172231632000026
MD,2024,2024-02-26,FALSE,U95,-0.12647355295213988
MD,2024,2024-02-27,FALSE,U95,0.4040646009117811
MD,2024,2024-02-28,FALSE,U95,1.9846683602550288
MD,2024,2024-02-29,FALSE,U95,-0.36923652656143446
MD,2024,2024-03-01,FALSE,U95,-0.19692488520974566
MD,2024,2024-03-02,FALSE,U95,-0.5557816580690592
MD,2024,2024-03-03,FALSE,U95,-0.3339782809732578
MD,2024,2024-03-04,FALSE,U95,0.6070998080563543
MD,2024,2024-03-05,FALSE,U95,0.7546293869231712
MD,2024,2024-03-06,FALSE,U95,-0.573531114948649
MD,2024,2024-03-07,FALSE,U95,0.24390459072000037
MD,2024,2024-03-08,FALSE,U95,2.8380494741336477
MD,2024,2024-03-09,FALSE,U95,-0.08366160621288846
MD,2024,2024-03-10,FALSE,U95,0.13792672172159992
MD,2024,2024-03-11,FALSE,U95,-1.0484007386885623
MD,2024,2024-03-12,FALSE,U95,-0.36983917754588946
MD,2024,2024-03-13,FALSE,U95,-0.4004587325779825
MD,2024,2024-03-14,FALSE,U95,4.998179513334238
MD,2024,2024-03-15,FALSE,U95,-0.9017120299269503
MD,2024,2024-03-16,FALSE,U95,-0.016519202080880882
MD,2024,2024-03-17,FALSE,U95,0.011921861517421339
MD,2024,2024-03-18,FALSE,U95,0.2207339841960001
MD,2024,2024-03-19,FALSE,U95,-1.2270824310096
MD,2024,2024-03-20,FALSE,U95,0.18260757898681065
MD,2024,2024-03-21,FALSE,U95,0.7161938061552304
MD,2024,2024-03-22,FALSE,U95,0.09193143685404906
MD,2024,2024-03-23,FALSE,U95,-0.9650002005719991
MD,2024,2024-03-24,FALSE,U95,-0.657363969821384
MD,2024,2024-03-25,FALSE,U95,-1.072704807792
MD,2024,2024-03-26,FALSE,U95,3.4776287790110922
MD,2024,2024-03-27,FALSE,U95,0.22012777052226035
MD,2024,2024-03-28,TRUE,U95,-2.1208211286544985
MD,2024,2024-03-29,TRUE,U95,-2.173481686676387
MD,2024,2024-03-30,TRUE,U95,2.161858634425671
MD,2024,2024-03-31,TRUE,U95,-0.5111546494566626
MD,2024,2024-04-01,TRUE,U95,0.39774120258120793
MD,2024,2024-04-02,TRUE,U95,-0.11447766201539583
MD,2024,2024-04-03,TRUE,U95,-0.30121288072907315
MD,2024,2024-04-04,TRUE,U95,-0.3432488571655696
MD,2024,2024-04-05,TRUE,U95,-0.3982446055056364
MD,2024,2024-04-06,TRUE,U95,-1.389889682667071
MD,2024,2024-04-07,TRUE,U95,0.2844823065468744
MD,2024,2024-04-08,TRUE,U95,-1.0869296158999384
MD,2024,2024-04-09,TRUE,U95,-1.3930479569400127
MD,2024,2024-04-10,TRUE,U95,-1.5950859014944485
MD,2024,2024-04-11,TRUE,U95,3.0508019287547925
MD,2024,2024-04-12,TRUE,U95,1.4166580502353112
MD,2024,2024-04-13,TRUE,U95,-1.9277285863236926
MD,2024,2024-04-14,TRUE,U95,-1.2720014130132007
MD,2024,2024-04-15,TRUE,U95,-1.9372359125584675
MD,2024,2024-04-16,TRUE,U95,-2.0602194616831264
MD,2024,2024-04-17,TRUE,U95,0.8538616779281991
MD,2024,2024-04-18,TRUE,U95,-1.171323192115737
MD,2024,2024-04-19,TRUE,U95,-2.78743300006457
MD,2024,2024-04-20,TRUE,U95,-1.9083844179360003
MD,2024,2024-04-21,TRUE,U95,-3.5372544828536494
MD,2024,2024-04-22,TRUE,U95,-3.428998597234141
MD,2024,2024-04-23,TRUE,U95,-2.8737726637486594
MD,2024,2024-04-24,TRUE,U95,-2.548066168152
MD,2024,2024-04-25,TRUE,U95,-2.5059462148729437
MD,2024,2024-04-26,TRUE,U95,-2.8730676900686585
MD,2024,2024-04-27,TRUE,U95,2.396525387742176
MD,2024,2024-04-28,TRUE,U95,0.17853138086887127
MD,2024,2024-04-29,TRUE,U95,-4.6184571514799995
MD,2024,2024-04-30,TRUE,U95,-2.4297331742891712
MD,2024,2024-05-01,TRUE,U95,-2.5220669147576236
MD,2024,2024-05-02,TRUE,U95,-2.339571652981939
MD,2024,2024-05-03,TRUE,U95,2.2585983323886665
MD,2024,2024-05-04,TRUE,U95,-2.4354978210485423
MD,2024,2024-05-05,TRUE,U95,-1.1872831509231931
MD,2024,2024-05-06,TRUE,U95,-3.6001444141718464
MD,2024,2024-05-07,TRUE,U95,-1.3189850130124574
MD,2024,2024-05-08,TRUE,U95,-2.785693795298087
MD,2024,2024-05-09,TRUE,U95,-0.028778327120412762
MD,2024,2024-05-10,TRUE,U95,-4.647911775431018
MD,2024,2024-05-11,TRUE,U95,-1.900475093544195
MD,2024,2024-05-12,TRUE,U95,-4.459886283284682
MD,2024,2024-05-13,TRUE,U95,-2.8449873549913414
MD,2024,2024-05-14,TRUE,U95,-1.5262944632812843
MD,2024,2024-05-15,TRUE,U95,-5.09390121816
MD,2024,2024-05-16,TRUE,U95,-5.673905861477642
MD,2024,2024-05-17,TRUE,U95,-2.944617783485301
MD,2024,2024-05-18,TRUE,U95,-3.3612861985180706
MD,2024,2024-05-19,TRUE,U95,-3.058770310817432
MD,2024,2024-05-20,TRUE,U95,1.0394968093171675
MD,2024,2024-05-21,TRUE,U95,-2.9844053280226372
MD,2024,2024-05-22,TRUE,U95,-1.2898827168552
MD,2024,2024-05-23,TRUE,U95,-3.399622930097475
MD,2024,2024-05-24,TRUE,U95,-3.560668034519327
MD,2024,2024-05-25,TRUE,U95,-0.672261706745318
MD,2024,2024-05-26,TRUE,U95,-1.20040585146507
MD,2024,2024-05-27,TRUE,U95,3.9603172664340014
MD,2024,2024-05-28,TRUE,U95,-4.6263202413142315
MD,2024,2024-05-29,TRUE,U95,-4.408102859873802
MD,2024,2024-05-30,TRUE,U95,-4.575164239695835
MD,2024,2024-05-31,TRUE,U95,-4.964037384697391
MD,2024,2024-06-01,TRUE,U95,-5.215279283511779
MD,2024,2024-06-02,TRUE,U95,-5.206879485796789
MD,2024,2024-06-03,TRUE,U95,-5.073346809165331
MD,2024,2024-06-04,TRUE,U95,-5.1147094050280995
MD,2024,2024-06-05,TRUE,U95,-5.2735214241358905
MD,2024,2024-06-06,TRUE,U95,-5.577047343339165
MD,2024,2024-06-07,TRUE,U95,-4.322761786355011
MD,2024,2024-06-08,TRUE,U95,-4.183119136576799
MD,2024,2024-06-09,TRUE,U95,-4.567801270064661
MD,2024,2024-06-10,TRUE,U95,-5.8813682059440024
MD,2024,2024-06-11,TRUE,U95,-7.185907778946391
MD,2024,2024-06-12,TRUE,U95,-6.6759662452713195
MD,2024,2024-06-13,TRUE,U95,-5.494531348513492
MD,2024,2024-06-14,TRUE,U95,-6.392105792942919
MD,2024,2024-06-15,TRUE,U95,-6.917357206938956
MD,2024,2024-06-16,TRUE,U95,-4.782261934281601
MD,2024,2024-06-17,TRUE,U95,-5.37744406284
MD,2024,2024-06-18,TRUE,U95,-5.285942381620748
MD,2024,2024-06-19,TRUE,U95,-4.3924866084000005
MD,2024,2024-06-20,TRUE,U95,-6.569150192661576
MD,2024,2024-06-21,TRUE,U95,-5.659381830607534
MD,2024,2024-06-22,TRUE,U95,1.8067873400375851
MD,2024,2024-06-23,TRUE,U95,-1.9853396247739081
MD,2024,2024-06-24,TRUE,U95,-3.494644816865328
MD,2024,2024-06-25,TRUE,U95,1.8504267556921419
MD,2024,2024-06-26,TRUE,U95,-0.16408855413120615
MD,2024,2024-06-27,TRUE,U95,-5.436370180239669
MD,2024,2024-06-28,TRUE,U95,-0.7278046847752566
MD,2024,2024-06-29,TRUE,U95,-2.3110568693688927
MD,2024,2024-06-30,TRUE,U95,-5.231016407448
MD,2024,2024-07-01,TRUE,U95,-5.981955649819461
MD,2024,2024-07-02,TRUE,U95,-0.770373975829582
MD,2024,2024-07-03,TRUE,U95,-0.6955222226158864
MD,2024,2024-07-04,TRUE,U95,-3.0383096108299488
MD,2024,2024-07-05,TRUE,U95,-5.23402178495898
MD,2024,2024-07-06,TRUE,U95,-2.905561536815515
MD,2024,2024-07-07,TRUE,U95,-4.220037900615006
MD,2024,2024-07-08,TRUE,U95,-6.2633247554640015
MD,2024,2024-07-09,TRUE,U95,-3.4092416629656395
MD,2024,2024-07-10,TRUE,U95,-1.8176300513680217
MD,2024,2024-07-11,TRUE,U95,-5.042742169663594
MD,2024,2024-07-12,TRUE,U95,-2.8789770201166442
MD,2024,2024-07-13,TRUE,U95,-2.5001431251414243
MD,2024,2024-07-14,TRUE,U95,0.05956847881606017
MD,2024,2024-07-15,TRUE,U95,-4.0048463211021375
MD,2024,2024-07-16,TRUE,U95,2.402726820820941
MD,2024,2024-07-17,TRUE,U95,-4.09119048622397
MD,2024,2024-07-18,TRUE,U95,-4.843670492566197
MD,2024,2024-07-19,TRUE,U95,-6.970559015219507
MD,2024,2024-07-20,TRUE,U95,-4.193714706485476
MD,2024,2024-07-21,TRUE,U95,-6.642801344735296
MD,2024,2024-07-22,TRUE,U95,-4.723318920419584
MD,2024,2024-07-23,TRUE,U95,-5.405612791990753
MD,2024,2024-07-24,TRUE,U95,-4.272557041763309
MD,2024,2024-07-25,TRUE,U95,-6.406263428798332
MD,2024,2024-07-26,TRUE,U95,-6.0088459823801905
MD,2024,2024-07-27,TRUE,U95,-5.021495534703428
MD,2024,2024-07-28,TRUE,U95,-4.041733730052653
MD,2024,2024-07-29,TRUE,U95,-1.9944272229450706
MD,2024,2024-07-30,TRUE,U95,-3.818414658162725
MD,2024,2024-07-31,TRUE,U95,-4.600040123415141
MD,2024,2024-08-01,TRUE,U95,-2.6785294169486504
MD,2024,2024-08-02,TRUE,U95,-3.4316010641938797
MD,2024,2024-08-03,TRUE,U95,-4.682808667168046
MD,2024,2024-08-04,TRUE,U95,-5.090051736257114
MD,2024,2024-08-05,TRUE,U95,-3.7233078112294296
MD,2024,2024-08-06,TRUE,U95,0.9888677286938694
MD,2024,2024-08-07,TRUE,U95,-5.428564206173114
MD,2024,2024-08-08,TRUE,U95,-5.139290985685951
MD,2024,2024-08-09,TRUE,U95,-3.8163001051992618
MD,2024,2024-08-10,TRUE,U95,-5.022947751702802
MD,2024,2024-08-11,TRUE,U95,-4.019015394689808
MD,2024,2024-08-12,TRUE,U95,-4.302161121564559
MD,2024,2024-08-13,TRUE,U95,-3.737417628044381
MD,2024,2024-08-14,TRUE,U95,-4.939341147608094
MD,2024,2024-08-15,TRUE,U95,-2.704783778036492
MD,2024,2024-08-16,TRUE,U95,1.3994393705999986
MD,2024,2024-08-17,TRUE,U95,-1.7633328237342858
MD,2024,2024-08-18,TRUE,U95,-3.186352788140571
MD,2024,2024-08-19,TRUE,U95,-2.1011493134880004
MD,2024,2024-08-20,TRUE,U95,-2.5554443621199305
MD,2024,2024-08-21,TRUE,U95,-3.453241451998629
MD,2024,2024-08-22,TRUE,U95,-2.7299846580264933
MD,2024,2024-08-23,TRUE,U95,-3.389328006144433
MD,2024,2024-08-24,TRUE,U95,-2.686565916813176
MD,2024,2024-08-25,TRUE,U95,-2.170052761573687
MD,2024,2024-08-26,TRUE,U95,-0.851550977289428
MD,2024,2024-08-27,TRUE,U95,4.4258203018877165
MD,2024,2024-08-28,TRUE,U95,-0.5415368261424596
MD,2024,2024-08-29,TRUE,U95,-1.523973247044901
MD,2024,2024-08-30,TRUE,U95,-0.1185585231161739
MD,2024,2024-08-31,TRUE,U95,-1.4049807385172737
MD,2024,2024-09-01,TRUE,U95,-1.864236913008001
MD,2024,2024-09-02,TRUE,U95,-1.5775479120325717
MD,2024,2024-09-03,TRUE,U95,-2.0331336912516305
MD,2024,2024-09-04,TRUE,U95,-3.3820102801110803
MD,2024,2024-09-05,TRUE,U95,-3.0440639138168577
MD,2024,2024-09-06,TRUE,U95,-2.731174657874181
MD,2024,2024-09-07,TRUE,U95,-5.908021714440002
MD,2024,2024-09-08,TRUE,U95,-4.069480498750287
MD,2024,2024-09-09,TRUE,U95,-2.8388291076120002
MD,2024,2024-09-10,TRUE,U95,-3.434057180561666
MD,2024,2024-09-11,TRUE,U95,-2.6237521188809314
MD,2024,2024-09-12,TRUE,U95,-2.9767919330343906
MD,2024,2024-09-13,TRUE,U95,-2.885510366342628
MD,2024,2024-09-14,TRUE,U95,-2.2835153469997818
MD,2024,2024-09-15,TRUE,U95,-1.3329409352896477
MD,2024,2024-09-16,TRUE,U95,-1.2373525611629284
MD,2024,2024-09-17,TRUE,U95,-1.4984039563963414
MD,2024,2024-09-18,TRUE,U95,-1.1300010375968261
MD,2024,2024-09-19,TRUE,U95,-1.0349723433363032
MD,2024,2024-09-20,TRUE,U95,-0.5808167830228793
MD,2024,2024-09-21,TRUE,U95,0.36400898297601975
MD,2024,2024-09-22,TRUE,U95,4.857331876056933
MD,2024,2024-09-23,TRUE,U95,-0.40427088689623475
MD,2024,2024-09-24,TRUE,U95,3.3455916969748745
MD,2024,2024-09-25,TRUE,U95,1.6128186339257145
MD,2024,2024-09-26,TRUE,U95,0.7350350331157104
MD,2024,2024-09-27,TRUE,U95,-1.4371367494534182
MD,2024,2024-09-28,TRUE,U95,-0.7466484854159989
MD,2024,2024-09-29,TRUE,U95,-0.23785111414004798
MD,2024,2024-09-30,TRUE,U95,-0.822391049430217
MD,2024,2024-10-01,TRUE,U95,0.49754856179092105
MD,2024,2024-10-02,TRUE,U95,-2.707799752524023
MD,2024,2024-10-03,TRUE,U95,-2.2305063403551806
MD,2024,2024-10-04,TRUE,U95,-1.69428366862742
MD,2024,2024-10-05,TRUE,U95,-2.562229243333366
MD,2024,2024-10-06,TRUE,U95,-1.291633137503714
MD,2024,2024-10-07,TRUE,U95,-2.339317427072527
MD,2024,2024-10-08,TRUE,U95,-1.787979012681231
MD,2024,2024-10-09,TRUE,U95,-2.0759979593238924
MD,2024,2024-10-10,TRUE,U95,-2.1341167621349553
MD,2024,2024-10-11,TRUE,U95,-2.886348180469551
MD,2024,2024-10-12,TRUE,U95,-2.475046463440639
MD,2024,2024-10-13,TRUE,U95,0.7075254217826005
MD,2024,2024-10-14,TRUE,U95,-3.1057627077781267
MD,2024,2024-10-15,TRUE,U95,-1.4454576296149493
MD,2024,2024-10-16,TRUE,U95,-2.016356247662709
MD,2024,2024-10-17,TRUE,U95,-2.0188273677525723
MD,2024,2024-10-18,TRUE,U95,-1.4720287450632825
MD,2024,2024-10-19,TRUE,U95,-1.1744762127795023
MD,2024,2024-10-20,TRUE,U95,-1.016961657790339
MD,2024,2024-10-21,TRUE,U95,-1.2065093998335545
MD,2024,2024-10-22,TRUE,U95,-0.7687584650289383
MD,2024,2024-10-23,TRUE,U95,-0.8331450745755578
MD,2024,2024-10-24,TRUE,U95,-1.7635109556569386
MD,2024,2024-10-25,TRUE,U95,-0.8936426371411054
MD,2024,2024-10-26,TRUE,U95,-1.0639988751013156
MD,2024,2024-10-27,TRUE,U95,-0.6568561725300668
MD,2024,2024-10-28,TRUE,U95,-1.0689740272452286
MD,2024,2024-10-29,TRUE,U95,0.17912180732317223
MD,2024,2024-10-30,TRUE,U95,1.2778645743359998
MD,2024,2024-10-31,TRUE,U95,2.3516996477039998
MD,2024,2024-11-01,FALSE,U95,-0.09753470328979058
MD,2024,2024-11-02,FALSE,U95,0.38481789004235006
MD,2024,2024-11-03,FALSE,U95,0.4901102369239634
MD,2024,2024-11-04,FALSE,U95,7.221816573853635
MD,2024,2024-11-05,FALSE,U95,3.376608785026646
MD,2024,2024-11-06,FALSE,U95,3.4523436994943806
MD,2024,2024-11-07,FALSE,U95,0.6450839230046639
MD,2024,2024-11-08,FALSE,U95,0.781527114728978
MD,2024,2024-11-09,FALSE,U95,0.6341684925786475
MD,2024,2024-11-10,FALSE,U95,1.2381383257625946
MD,2024,2024-11-11,FALSE,U95,1.6123670533028567
MD,2024,2024-11-12,FALSE,U95,0.4299101776659531
MD,2024,2024-11-13,FALSE,U95,0.3526764138858415
MD,2024,2024-11-14,FALSE,U95,3.750770507732089
MD,2024,2024-11-15,FALSE,U95,1.5357002098673216
MD,2024,2024-11-16,FALSE,U95,1.4960192292529804
MD,2024,2024-11-17,FALSE,U95,1.2713828353199998
MD,2024,2024-11-18,FALSE,U95,1.3778209932033474
MD,2024,2024-11-19,FALSE,U95,3.2561903983011926
MD,2024,2024-11-20,FALSE,U95,2.005658350069714
MD,2024,2024-11-21,FALSE,U95,1.1098771477880656
MD,2024,2024-11-22,FALSE,U95,1.4872718194742964
MD,2024,2024-11-23,FALSE,U95,1.2161387710632774
MD,2024,2024-11-24,FALSE,U95,0.8545497815979598
MD,2024,2024-11-25,FALSE,U95,2.9459391804426844
MD,2024,2024-11-26,FALSE,U95,1.3608022343348565
MD,2024,2024-11-27,FALSE,U95,1.1447700170147999
MD,2024,2024-11-28,FALSE,U95,1.0103814975395142
MD,2024,2024-11-29,FALSE,U95,1.130117879736
MD,2024,2024-11-30,FALSE,U95,1.2166714817842907
MD,2024,2024-12-01,FALSE,U95,1.266114321301309
MD,2024,2024-12-02,FALSE,U95,1.4843849271500498
MD,2024,2024-12-03,FALSE,U95,1.2201722932860781
MD,2024,2024-12-04,FALSE,U95,-0.07504600665599973
MD,2024,2024-12-05,FALSE,U95,2.965874506704
MD,2024,2024-12-06,FALSE,U95,1.9941041955185528
MD,2024,2024-12-07,FALSE,U95,1.8766780217912562
MD,2024,2024-12-08,FALSE,U95,0.8276171901790921
MD,2024,2024-12-09,FALSE,U95,1.9211629311960001
MD,2024,2024-12-10,FALSE,U95,1.7820179586370284
MD,2024,2024-12-11,FALSE,U95,4.9188162706344
MD,2024,2024-12-12,FALSE,U95,1.3816744589699999
MD,2024,2024-12-13,FALSE,U95,1.1211485319926184
MD,2024,2024-12-14,FALSE,U95,0.9740235828239996
MD,2024,2024-12-15,FALSE,U95,2.903282740835968
MD,2024,2024-12-16,FALSE,U95,0.5979860659570211
MD,2024,2024-12-17,FALSE,U95,1.569117019392626
MD,2024,2024-12-18,FALSE,U95,0.9580724672478844
MD,2024,2024-12-19,FALSE,U95,0.7129066177340602
MD,2024,2024-12-20,FALSE,U95,0.8815585877630272
MD,2024,2024-12-21,FALSE,U95,1.0349668515730508
MD,2024,2024-12-22,FALSE,U95,0.7015932960548371
MD,2024,2024-12-23,FALSE,U95,1.1115049728154338
MD,2024,2024-12-24,FALSE,U95,0.5767473243320163
MD,2024,2024-12-25,FALSE,U95,0.7599557692632773
MD,2024,2024-12-26,FALSE,U95,0.3171631892965269
MD,2024,2024-12-27,FALSE,U95,0.6909850653625436
MD,2024,2024-12-28,FALSE,U95,1.691003630164919
MD,2024,2024-12-29,FALSE,U95,4.424016093472859
MD,2024,2024-12-30,FALSE,U95,0.833087417480975
MD,2024,2024-12-31,FALSE,U95,1.2915093386972545
MD,2024,2025-01-01,FALSE,U95,0.35936802338400003
