site,Date,Year,DOY,GrowingSeason,NEE_gC_day,GPP_gC_day,Reco_gC_day,cum_NEE_gC,cum_GPP_gC,cum_Reco_gC
LD,2025-01-01,2025,1,FALSE,0.7434393397948801,0.31604533247217836,1.0594846722670586,0.7434393397948801,0.31604533247217836,1.0594846722670586
LD,2025-01-02,2025,2,FALSE,1.0051156529612788,0.3717972353558489,1.3769128883171278,1.748554992756159,0.6878425678280273,2.4363975605841866
LD,2025-01-03,2025,3,FALSE,0.7811337405442897,0.5229850568669424,1.3041187974112325,2.529688733300449,1.2108276246949696,3.740516357995419
LD,2025-01-04,2025,4,FALSE,0.9589455765503996,0.11891892110407391,1.0778644976544738,3.4886343098508483,1.3297465457990436,4.818380855649893
LD,2025-01-05,2025,5,FALSE,1.3847783024773626,-0.3852931263643685,0.9994851761129945,4.873412612328211,0.9444534194346751,5.817866031762887
LD,2025-01-06,2025,6,FALSE,1.2624032837123624,-0.19722760895267932,1.0651756747596828,6.135815896040574,0.7472258104819958,6.88304170652257
LD,2025-01-07,2025,7,FALSE,0.9463134256118609,0.18123039657750148,1.1275438221893619,7.0821293216524355,0.9284562070594973,8.010585528711932
LD,2025-01-08,2025,8,FALSE,0.5676986527777418,0.4337896294125224,1.001488282190264,7.649827974430178,1.3622458364720198,9.012073810902196
LD,2025-01-09,2025,9,FALSE,0.9305784856918868,-0.06571018155305439,0.8648683041388324,8.580406460122065,1.2965356549189655,9.876942115041029
LD,2025-01-10,2025,10,FALSE,0.4404176593000119,0.5519236493791668,0.9923413086791787,9.020824119422077,1.8484593042981323,10.869283423720207
LD,2025-01-11,2025,11,FALSE,1.396443097219428,-0.31250683480580527,1.0839362624136222,10.417267216641505,1.535952469492327,11.95321968613383
LD,2025-01-12,2025,12,FALSE,1.5283395553756882,-0.3120125113190136,1.2163270440566756,11.945606772017193,1.2239399581733135,13.169546730190506
LD,2025-01-13,2025,13,FALSE,0.9836507123712,0.1377126766812073,1.1213633890524075,12.929257484388392,1.3616526348545208,14.290910119242913
LD,2025-01-14,2025,14,FALSE,0.8126151915320493,0.05133453912865112,0.8639497306607006,13.741872675920442,1.4129871739831719,15.154859849903612
LD,2025-01-15,2025,15,FALSE,0.9542723377133575,0.13524676307075104,1.0895191007841085,14.6961450136338,1.5482339370539229,16.24437895068772
LD,2025-01-16,2025,16,FALSE,1.2168243435600001,0.11640785378038487,1.3332321973403847,15.9129693571938,1.6646417908343079,17.577611148028105
LD,2025-01-17,2025,17,FALSE,1.231245710940527,0.43404648748603136,1.6652921984265592,17.144215068134326,2.0986882783203393,19.242903346454664
LD,2025-01-18,2025,18,FALSE,1.1528382601522669,0.5235352752113787,1.6763735353636453,18.297053328286594,2.622223553531718,20.91927688181831
LD,2025-01-19,2025,19,FALSE,0.44485240106114204,0.548469515640474,0.993321916701616,18.741905729347735,3.1706930691721924,21.912598798519927
LD,2025-01-20,2025,20,FALSE,0.35130654908911724,0.19207344273198262,0.5433799918211001,19.09321227843685,3.362766511904175,22.455978790341028
LD,2025-01-21,2025,21,FALSE,-0.017532398821175015,0.5202348959223875,0.5027024971012126,19.075679879615677,3.883001407826563,22.95868128744224
LD,2025-01-22,2025,22,FALSE,0.1467632369207911,0.40576204384440556,0.5525252807651968,19.222443116536468,4.2887634516709685,23.511206568207434
LD,2025-01-23,2025,23,FALSE,0.8978433302149215,0.2933636084671677,1.191206938682089,20.12028644675139,4.582127060138136,24.702413506889524
LD,2025-01-24,2025,24,FALSE,0.982947324854791,0.12168384694408343,1.1046311717988742,21.10323377160618,4.70381090708222,25.8070446786884
LD,2025-01-25,2025,25,FALSE,0.9945157790879998,0.4846480220123864,1.4791638011003867,22.097749550694182,5.188458929094606,27.286208479788787
LD,2025-01-26,2025,26,FALSE,1.2940113450265716,0.34719304788012817,1.6412043929066995,23.391760895720754,5.5356519769747345,28.927412872695488
LD,2025-01-27,2025,27,FALSE,1.6563264654054,-0.0509792630735518,1.6053472023318487,25.048087361126154,5.484672713901182,30.532760075027337
LD,2025-01-28,2025,28,FALSE,1.9165990187888027,-0.15345464453874158,1.763144374250061,26.964686379914955,5.331218069362441,32.2959044492774
LD,2025-01-29,2025,29,FALSE,1.8353338423931336,0.05056067030465647,1.8858945126977904,28.80002022230809,5.381778739667097,34.18179896197519
LD,2025-01-30,2025,30,FALSE,1.3704590686561602,0.16184085487158567,1.5322999235277455,30.17047929096425,5.543619594538683,35.714098885502935
LD,2025-01-31,2025,31,FALSE,1.671021679830536,0.047851522277027506,1.7188732021075641,31.841500970794783,5.59147111681571,37.4329720876105
LD,2025-02-01,2025,32,FALSE,0.9608080967949997,0.22973381248573838,1.1905419092807377,32.80230906758978,5.821204929301449,38.62351399689124
LD,2025-02-02,2025,33,FALSE,0.4682903537081534,0.6355569235690733,1.103847277277227,33.27059942129794,6.456761852870522,39.727361274168466
LD,2025-02-03,2025,34,FALSE,1.4793420054064101,-6.814831069733226e-4,1.4786605222994362,34.749941426704346,6.456080369763549,41.2060217964679
LD,2025-02-04,2025,35,FALSE,1.1550023353010443,0.1745327279847519,1.329535063285797,35.90494376200539,6.6306130977483,42.5355568597537
LD,2025-02-05,2025,36,FALSE,0.9413842768281423,0.2009289986444791,1.142313275472621,36.84632803883353,6.83154209639278,43.67787013522632
LD,2025-02-06,2025,37,FALSE,1.0951030988519532,0.3176537065506213,1.4127568054025745,37.941431137685484,7.149195802943401,45.090626940628894
LD,2025-02-07,2025,38,FALSE,1.481388586473657,-0.17297822445413594,1.3084103620195207,39.42281972415914,6.9762175784892655,46.399037302648416
LD,2025-02-08,2025,39,FALSE,0.7681873387247896,0.342427149577819,1.1106144883026088,40.191007062883926,7.318644728067085,47.509651790951025
LD,2025-02-09,2025,40,FALSE,0.7083682099823936,0.20237214119048408,0.9107403511728777,40.89937527286632,7.5210168692575685,48.4203921421239
LD,2025-02-10,2025,41,FALSE,0.7934824497122548,-0.18334002939557933,0.6101424203166751,41.69285772257858,7.337676839861989,49.03053456244058
LD,2025-02-11,2025,42,FALSE,0.537451550155101,0.0747692845752909,0.612220834730392,42.230309272733685,7.41244612443728,49.64275539717097
LD,2025-02-12,2025,43,FALSE,0.6612899982859609,-0.12524790351835124,0.5360420947676096,42.89159927101964,7.2871982209189285,50.17879749193858
LD,2025-02-13,2025,44,FALSE,0.3729817741983678,0.19569721641008794,0.568678990608456,43.26458104521801,7.482895437329017,50.747476482547036
LD,2025-02-14,2025,45,FALSE,0.7771762210618013,-0.28018134673612816,0.4969948743256729,44.04175726627981,7.202714090592888,51.24447135687271
LD,2025-02-15,2025,46,FALSE,0.49925845715384043,0.07084639603179964,0.5701048531856401,44.54101572343365,7.273560486624688,51.81457621005835
LD,2025-02-16,2025,47,FALSE,0.6642469147534531,0.0836754320022718,0.7479223467557247,45.20526263818711,7.35723591862696,52.56249855681407
LD,2025-02-17,2025,48,FALSE,0.5454376697192727,0.18784612560194608,0.7332837953212189,45.75070030790638,7.545082044228906,53.29578235213529
LD,2025-02-18,2025,49,FALSE,1.3980951303234297,-0.7475831068299819,0.6505120234934471,47.148795438229804,6.797498937398924,53.94629437562874
LD,2025-02-19,2025,50,FALSE,0.5873941739887707,0.24555457917885617,0.8329487531676268,47.736189612218574,7.04305351657778,54.77924312879637
LD,2025-02-20,2025,51,FALSE,0.534082194550145,0.5087466372796534,1.042828831829798,48.27027180676872,7.5518001538574335,55.82207196062616
LD,2025-02-21,2025,52,FALSE,0.6952415783315093,0.5693687396646392,1.2646103179961496,48.96551338510023,8.121168893522073,57.08668227862231
LD,2025-02-22,2025,53,FALSE,1.2947880861133712,0.06036610198994927,1.3551541881033207,50.2603014712136,8.181534995512022,58.44183646672563
LD,2025-02-23,2025,54,FALSE,1.600933320188517,-0.0664383013381195,1.5344950188503974,51.86123479140212,8.115096694173904,59.97633148557603
LD,2025-02-24,2025,55,FALSE,1.7494058646222064,0.09602216015865123,1.8454280247808565,53.61064065602432,8.211118854332554,61.82175951035689
LD,2025-02-25,2025,56,FALSE,1.0812800433376037,0.9235579666558565,2.0048380099934606,54.69192069936193,9.13467682098841,63.826597520350354
LD,2025-02-26,2025,57,FALSE,2.8137775416263344,-1.1361352591010638,1.6776422825252708,57.505698240988266,7.998541561887347,65.50423980287563
LD,2025-02-27,2025,58,FALSE,1.14413499563359,0.6551083662792,1.79924336191279,58.64983323662186,8.653649928166546,67.30348316478842
LD,2025-02-28,2025,59,FALSE,1.2858467938503688,0.6660516855947771,1.9518984794451462,59.93568003047223,9.319701613761323,69.25538164423357
LD,2025-03-01,2025,60,FALSE,0.5705705739791067,1.0405519689017901,1.6111225428808966,60.50625060445133,10.360253582663113,70.86650418711446
LD,2025-03-02,2025,61,FALSE,0.285247187964336,1.1991695044826827,1.4844166924470186,60.79149779241567,11.559423087145795,72.35092087956147
LD,2025-03-03,2025,62,FALSE,0.11526526720805268,1.6700279893765355,1.785293256584588,60.90676305962372,13.22945107652233,74.13621413614607
LD,2025-03-04,2025,63,FALSE,1.284329772864423,1.070713457753633,2.3550432306180564,62.191092832488145,14.300164534275964,76.49125736676412
LD,2025-03-05,2025,64,FALSE,2.7577900136787767,-0.1254695751288239,2.632320438549952,64.94888284616692,14.174694959147141,79.12357780531407
LD,2025-03-06,2025,65,FALSE,1.8024520154097594,0.06538828377194521,1.8678402991817045,66.75133486157668,14.240083242919086,80.99141810449578
LD,2025-03-07,2025,66,FALSE,0.9958068702169173,0.9659262004292697,1.9617330706461877,67.7471417317936,15.206009443348355,82.95315117514197
LD,2025-03-08,2025,67,FALSE,0.7548922008314101,1.0905484740480698,1.8454406748794796,68.50203393262501,16.296557917396424,84.79859185002145
LD,2025-03-09,2025,68,FALSE,1.2565246697812134,0.9955154740160644,2.2520401437972772,69.75855860240623,17.292073391412487,87.05063199381873
LD,2025-03-10,2025,69,FALSE,1.4659080898769692,1.0618648721244526,2.527772962001422,71.2244666922832,18.35393826353694,89.57840495582015
LD,2025-03-11,2025,70,FALSE,1.1974994725385089,1.3333078378346235,2.5308073103731314,72.42196616482171,19.687246101371564,92.10921226619328
LD,2025-03-12,2025,71,FALSE,0.5413967243814144,1.4909530351283244,2.032349759509739,72.96336288920313,21.178199136499888,94.14156202570302
LD,2025-03-13,2025,72,FALSE,0.30940828412883314,1.8914947932894715,2.2009030774183045,73.27277117333196,23.06969392978936,96.34246510312133
LD,2025-03-14,2025,73,FALSE,0.9248370972726926,1.856367859784965,2.781204957057658,74.19760827060465,24.926061789574323,99.12367006017898
LD,2025-03-15,2025,74,FALSE,2.4911855112833527,0.7269532142300035,3.2181387255133576,76.688793781888,25.653015003804327,102.34180878569234
LD,2025-03-16,2025,75,FALSE,3.1194529733409464,-0.9376583088946456,2.1817946644463007,79.80824675522894,24.715356694909683,104.52360345013864
LD,2025-03-17,2025,76,FALSE,0.7828571643877013,1.2100044683346132,1.9928616327223145,80.59110391961664,25.925361163244297,106.51646508286095
LD,2025-03-18,2025,77,FALSE,0.9453349434990859,1.9669203384281928,2.91225528192728,81.53643886311573,27.89228150167249,109.42872036478823
LD,2025-03-19,2025,78,FALSE,1.877070456493385,1.4670979690970187,3.3441684255904045,83.41350931960912,29.359379470769507,112.77288879037864
LD,2025-03-20,2025,79,FALSE,1.5026442246741165,0.8206854083331816,2.323329633007298,84.91615354428323,30.180064879102687,115.09621842338595
LD,2025-03-21,2025,80,FALSE,0.9421554978062372,1.151753082555195,2.0939085803614317,85.85830904208947,31.331817961657883,117.19012700374738
LD,2025-03-22,2025,81,FALSE,-0.06912675267237646,2.0103338666929025,1.9412071140205256,85.7891822894171,33.34215182835079,119.1313341177679
LD,2025-03-23,2025,82,FALSE,-0.5195523371966491,1.9582005712661272,1.438648234069479,85.26962995222046,35.30035239961691,120.56998235183738
LD,2025-03-24,2025,83,FALSE,0.32245675150921055,1.2303554877758758,1.5528122392850858,85.59208670372966,36.530707887392786,122.12279459112247
LD,2025-03-25,2025,84,FALSE,1.3641550613844105,0.5756169786487464,1.9397720400331566,86.95624176511407,37.10632486604153,124.06256663115563
LD,2025-03-26,2025,85,FALSE,1.6116655927026344,0.7383991621638945,2.350064754866528,88.56790735781671,37.84472402820543,126.41263138602216
LD,2025-03-27,2025,86,FALSE,1.6403941866325724,0.7890971531489425,2.429491339781516,90.20830154444928,38.63382118135437,128.84212272580368
LD,2025-03-28,2025,87,FALSE,4.552459557043435,-1.6554152954860164,2.897044261557417,94.76076110149272,36.978405885868355,131.7391669873611
LD,2025-03-29,2025,88,FALSE,4.672104226668001,-1.5017533095595736,3.1703509171084265,99.43286532816072,35.47665257630878,134.90951790446954
LD,2025-03-30,2025,89,FALSE,5.0670790011901365,-1.723553692628557,3.3435253085615804,104.49994432935085,33.753098883680224,138.2530432130311
LD,2025-03-31,2025,90,FALSE,0.44033476148188233,2.4506467047178195,2.890981466199702,104.94027909083273,36.20374558839804,141.1440246792308
LD,2025-04-01,2025,91,FALSE,-0.491577629721701,3.180313445218859,2.688735815497158,104.44870146111103,39.3840590336169,143.83276049472795
LD,2025-04-02,2025,92,FALSE,0.42293043477365416,2.534157274525446,2.9570877092991013,104.87163189588468,41.91821630814235,146.78984820402704
LD,2025-04-03,2025,93,FALSE,1.69087232241,2.0077040483103223,3.6985763707203225,106.56250421829468,43.92592035645267,150.48842457474737
LD,2025-04-04,2025,94,FALSE,-0.2754023316531995,3.3210697605066737,3.045667428853473,106.28710188664148,47.246990116959346,153.53409200360085
LD,2025-04-05,2025,95,FALSE,-0.046930832598826216,3.1965057374301096,3.1495749048312818,106.24017105404265,50.443495854389454,156.68366690843212
LD,2025-04-06,2025,96,FALSE,-0.839737508986664,3.510076463434197,2.670338954447532,105.40043354505599,53.95357231782365,159.35400586287966
LD,2025-04-07,2025,97,FALSE,0.16588934471958172,2.193455158384261,2.359344503103844,105.56632288977558,56.14702747620791,161.7133503659835
LD,2025-04-08,2025,98,FALSE,-0.6151025886719156,2.3365748838295124,1.7214722951575963,104.95122030110366,58.48360236003742,163.43482266114108
LD,2025-04-09,2025,99,FALSE,-0.9249732030756284,2.4821112328874926,1.5571380298118647,104.02624709802804,60.965713592924914,164.99196069095294
LD,2025-04-10,2025,100,FALSE,-0.005330919403615422,1.294393313440772,1.2890623940371562,104.02091617862442,62.260106906365685,166.2810230849901
LD,2025-04-11,2025,101,FALSE,-1.5507969625993612,2.546731329940246,0.9959343673408844,102.47011921602505,64.80683823630594,167.27695745233098
LD,2025-04-12,2025,102,FALSE,-1.2245831296112992,1.832587337014512,0.608004207403213,101.24553608641375,66.63942557332045,167.8849616597342
LD,2025-04-13,2025,103,FALSE,0.7234206056388447,-0.1544440279676335,0.5689765776712105,101.9689566920526,66.48498154535282,168.4539382374054
LD,2025-04-14,2025,104,FALSE,-2.573105630475685,3.795334087927631,1.222228457451946,99.39585106157692,70.28031563328045,169.67616669485733
LD,2025-04-15,2025,105,TRUE,-0.038099497551428,1.549928649032694,1.5118291514812652,99.35775156402549,71.83024428231315,171.1879958463386
LD,2025-04-16,2025,106,TRUE,-1.2655996121871307,3.1605400950762297,1.8949404828890988,98.09215195183836,74.99078437738937,173.0829363292277
LD,2025-04-17,2025,107,TRUE,-0.857542527416194,3.0286237812537413,2.171081253837549,97.23460942442216,78.01940815864312,175.25401758306523
LD,2025-04-18,2025,108,TRUE,0.48601578539187906,2.318769120899688,2.804784906291567,97.72062520981405,80.3381772795428,178.0588024893568
LD,2025-04-19,2025,109,TRUE,-1.2648929457438838,3.808999073472913,2.5441061277290284,96.45573226407016,84.14717635301572,180.60290861708583
LD,2025-04-20,2025,110,TRUE,-2.43570458125586,4.7801310121835225,2.344426430927662,94.0200276828143,88.92730736519924,182.94733504801349
LD,2025-04-21,2025,111,TRUE,-0.022069698012861703,2.7796560542626736,2.7575863562498113,93.99795798480145,91.70696341946191,185.7049214042633
LD,2025-04-22,2025,112,TRUE,-1.3325367322567168,4.259756403241707,2.927219670984991,92.66542125254473,95.96671982270362,188.63214107524828
LD,2025-04-23,2025,113,TRUE,-1.9454332856910423,5.565253388296701,3.61982010260566,90.7199879668537,101.53197321100032,192.25196117785396
LD,2025-04-24,2025,114,TRUE,-1.798508882122129,6.328663556879921,4.530154674757792,88.92147908473156,107.86063676788024,196.78211585261175
LD,2025-04-25,2025,115,TRUE,-3.4094918370440377,8.118527083848267,4.7090352468042305,85.51198724768751,115.9791638517285,201.491151099416
LD,2025-04-26,2025,116,TRUE,-3.6570319380953746,7.9046821011179835,4.247650163022607,81.85495530959214,123.88384595284649,205.73880126243859
LD,2025-04-27,2025,117,TRUE,-3.3941270244799404,7.937073566649619,4.542946542169679,78.4608282851122,131.8209195194961,210.28174780460827
LD,2025-04-28,2025,118,TRUE,-2.629586006934147,8.270118365934112,5.6405323589999625,75.83124227817805,140.0910378854302,215.92228016360824
LD,2025-04-29,2025,119,TRUE,-2.9145117792888007,9.388326247902672,6.473814468613873,72.91673049888925,149.4793641333329,222.39609463222212
LD,2025-04-30,2025,120,TRUE,-3.188875478027843,8.062126133916045,4.873250655888203,69.72785502086141,157.54149026724895,227.26934528811032
LD,2025-05-01,2025,121,TRUE,5.395647489292552,0.03460849472718548,5.430255984019738,75.12350251015397,157.57609876197614,232.69960127213005
LD,2025-05-02,2025,122,TRUE,-4.029029361809542,8.930285232018404,4.9012558702088604,71.09447314834443,166.50638399399455,237.60085714233892
LD,2025-05-03,2025,123,TRUE,-2.4159127805566034,7.629274761233996,5.213361980677395,68.67856036778782,174.13565875522855,242.81421912301633
LD,2025-05-04,2025,124,TRUE,-2.9924025903282123,8.454942447662331,5.462539857334119,65.68615777745961,182.59060120289087,248.27675898035045
LD,2025-05-05,2025,125,TRUE,-2.3433474126563487,8.26999210512299,5.92664469246664,63.34281036480326,190.86059330801385,254.2034036728171
LD,2025-05-06,2025,126,TRUE,-0.03525095353121474,6.187228861517802,6.151977907986585,63.307559411272045,197.04782216953166,260.3553815808037
LD,2025-05-07,2025,127,TRUE,-4.748220462990715,11.201995696018084,6.453775233027368,58.55933894828133,208.24981786554974,266.80915681383107
LD,2025-05-08,2025,128,TRUE,-4.514631564602979,10.204886529466233,5.690254964863251,54.04470738367835,218.45470439501597,272.4994117786943
LD,2025-05-09,2025,129,TRUE,-4.229050095733783,9.574858963828321,5.345808868094537,49.81565728794457,228.02956335884429,277.84522064678885
LD,2025-05-10,2025,130,TRUE,-5.759877931989199,11.83732287794705,6.077444945957849,44.055779355955366,239.86688623679134,283.9226655927467
LD,2025-05-11,2025,131,TRUE,-4.385614642269904,10.54023783475267,6.154623192482761,39.67016471368546,250.40712407154402,290.0772887852294
LD,2025-05-12,2025,132,TRUE,-2.449464660571626,9.650035796138155,7.200571135566528,37.22070005311383,260.0571598676822,297.27785992079595
LD,2025-05-13,2025,133,TRUE,-1.0980197798105062,8.704880863254722,7.606861083444217,36.122680273303324,268.7620407309369,304.8847210042402
LD,2025-05-14,2025,134,TRUE,-2.193946496647882,9.906740197631912,7.712793700984031,33.92873377665544,278.6687809285688,312.5975147052242
LD,2025-05-15,2025,135,TRUE,-0.8049462892215924,8.686979556360232,7.882033267138644,33.12378748743385,287.3557604849291,320.47954797236287
LD,2025-05-16,2025,136,TRUE,-3.1168993976017716,11.100697967733582,7.983798570131812,30.00688808983208,298.4564584526627,328.46334654249466
LD,2025-05-17,2025,137,TRUE,0.9628606734564152,5.684730646021905,6.64759131947832,30.969748763288496,304.1411890986846,335.11093786197296
LD,2025-05-18,2025,138,TRUE,-6.4021638371486445,12.280040170405378,5.877876333256732,24.56758492613985,316.42122926908996,340.9888141952297
LD,2025-05-19,2025,139,TRUE,-4.623903697725318,9.4443253601023809,4.820421662377062,19.943681228414533,325.86555462919233,345.8092358576067
LD,2025-05-20,2025,140,TRUE,3.3684469268586943,1.0004904259838674,4.368937352842563,23.31212815527323,326.8660450551762,350.1781732104493
LD,2025-05-21,2025,141,TRUE,5.4238180590640095,-1.5151957722715124,3.9086222867924953,28.73594621433724,325.3508492829047,354.0867954972418
LD,2025-05-22,2025,142,TRUE,-6.690890882541897,9.628692606718879,2.9378017241769796,22.045055331795343,334.97954188962353,357.0245972214188
LD,2025-05-23,2025,143,TRUE,-5.835191556319715,8.354278699802258,2.519087143482543,16.20986377547563,343.3338205894258,359.5436843649013
LD,2025-05-24,2025,144,TRUE,-5.535824179134242,8.826223176338884,3.290398997204638,10.674039596341387,352.16004376576467,362.83408336210596
LD,2025-05-25,2025,145,TRUE,-6.828329573277159,10.969304571126838,4.140974997849677,3.8457100230642283,363.1293483368915,366.97505835995565
LD,2025-05-26,2025,146,TRUE,-5.275687428637553,10.3964551638126,5.120767735175043,-1.4299774055733243,373.5258035007041,372.0958260951307
LD,2025-05-27,2025,147,TRUE,-3.6317114751301323,9.873597638219708,6.241886163089576,-5.061688880703457,383.39940113892385,378.3377122582203
LD,2025-05-28,2025,148,TRUE,2.0305212409174054,4.926702499110423,6.9572237400278265,-3.0311676397860516,388.3261036380343,385.2949359982481
LD,2025-05-29,2025,149,TRUE,-3.287522370446534,10.53427374114204,7.246751370695509,-6.318690010232586,398.8603773791763,392.5416873689436
LD,2025-05-30,2025,150,TRUE,-1.154789867984192,9.11107679445591,7.956286926471717,-7.473479878216778,407.97145417363225,400.4979742954153
LD,2025-05-31,2025,151,TRUE,-7.650665851833259,15.479002647888825,7.828336796055568,-15.124145730050037,423.4504568215211,408.32631109147087
LD,2025-06-01,2025,152,TRUE,-8.8499822613156,15.97062953967069,7.1206472783550865,-23.974127991365634,439.4210863611918,415.44695836982595
LD,2025-06-02,2025,153,TRUE,-6.652097052911999,13.788513341805555,7.136416288893551,-30.626225044277632,453.20959970299737,422.5833746587195
LD,2025-06-03,2025,154,TRUE,-3.989670692761798,12.217330469242613,8.227659776480815,-34.61589573703943,465.42693017223996,430.8110344352003
LD,2025-06-04,2025,155,TRUE,0.3853745582323935,7.354189134822153,7.7395636930545475,-34.23052117880704,472.7811193070621,438.5505981282549
LD,2025-06-05,2025,156,TRUE,-5.624877323891563,12.853926810939814,7.2290494870482505,-39.8553985026986,485.6350461180019,445.77964761530313
LD,2025-06-06,2025,157,TRUE,-5.409638250957455,12.519346962678192,7.1097087117207325,-45.265036753656055,498.1543930806801,452.88935632702385
LD,2025-06-07,2025,158,TRUE,-6.201451741849015,13.351966994213138,7.150515252364127,-51.46648849550507,511.5063600748932,460.039871579388
LD,2025-06-08,2025,159,TRUE,-4.927191844806132,12.384993446791386,7.457801601985253,-56.3936803403112,523.8913535216847,467.4976731813732
LD,2025-06-09,2025,160,TRUE,-5.823238069734833,12.624515003506358,6.801276933771523,-62.216918410046034,536.515868525191,474.29895011514475
LD,2025-06-10,2025,161,TRUE,-4.346037158367272,10.416414643383522,6.070377485016252,-66.5629555684133,546.9322831685745,480.369327600161
LD,2025-06-11,2025,162,TRUE,-5.6696254086131175,11.859213054296697,6.1895876456835754,-72.23258097702642,558.7914962228712,486.55891524584456
LD,2025-06-12,2025,163,TRUE,-2.879333873946228,8.794064160841828,5.914730286895598,-75.11191485097264,567.585560383713,492.47364553274014
LD,2025-06-13,2025,164,TRUE,-4.02846147520508,9.296714538749288,5.268253063544211,-79.14037632617772,576.8822749224622,497.74189859628433
LD,2025-06-14,2025,165,TRUE,-6.922959294393938,11.628324712418577,4.705365418024635,-86.06333562057165,588.5105996348808,502.447264014309
LD,2025-06-15,2025,166,TRUE,-4.518750746051828,9.718183837279826,5.1994330912279985,-90.58208636662347,598.2287834721607,507.646697105537
LD,2025-06-16,2025,167,TRUE,-4.150980176728199,10.889575712306657,6.7385955355784555,-94.73306654335167,609.1183591844673,514.3852926411155
LD,2025-06-17,2025,168,TRUE,-4.2469248302798315,12.569289747150803,8.32236491687097,-98.9799913736315,621.6876489316181,522.7076575579864
LD,2025-06-18,2025,169,TRUE,3.0571722597315047,6.295767431527527,9.352939691259031,-95.9228191139,627.9834163631457,532.0605972492455
LD,2025-06-19,2025,170,TRUE,1.2615044115465235,8.908255192060299,10.169759603606822,-94.66131470235348,636.891671555206,542.2303568528523
LD,2025-06-20,2025,171,TRUE,-2.306680561009642,13.213896239201405,10.907215678191768,-96.96799526336312,650.1055677944074,553.137572531044
LD,2025-06-21,2025,172,TRUE,-1.7989444590319714,13.45967529966906,11.660730840637092,-98.7669397223951,663.5652430940764,564.7983033716812
LD,2025-06-22,2025,173,TRUE,-2.608827696216001,13.880337966119992,11.27151026990399,-101.37576741861109,677.4455810601964,576.0698136415851
LD,2025-06-23,2025,174,TRUE,-2.7983230977947016,13.402327224540976,10.604004126746279,-104.1740905164058,690.8479082847374,586.6738177683314
LD,2025-06-24,2025,175,TRUE,-3.6495235529391983,13.311784734239623,9.662261181300426,-107.823614069345,704.159693018977,596.3360789496319
LD,2025-06-25,2025,176,TRUE,0.8175520638548627,7.864486385343477,8.682038449198338,-107.00606200549014,712.0241794043205,605.0181173988302
LD,2025-06-26,2025,177,TRUE,-5.300767425925403,14.339178129367884,9.03841070344248,-112.30682943141554,726.3633575336884,614.0565281022728
LD,2025-06-27,2025,178,TRUE,-3.6035867512105764,13.426704953771882,9.823118202561307,-115.91041618262611,739.7900624874602,623.8796463048341
LD,2025-06-28,2025,179,TRUE,-2.7182311680371742,12.734797266073633,10.01656609803646,-118.62864735066329,752.5248597535339,633.8962124028706
LD,2025-06-29,2025,180,TRUE,-4.3659084889768955,14.697598012418188,10.33168952344129,-122.99455583964019,767.2224577659521,644.2279019263118
LD,2025-06-30,2025,181,TRUE,-3.8231240415360004,13.770053550596286,9.946929509060292,-126.81767988117619,780.9925113165483,654.1748314353721
LD,2025-07-01,2025,182,TRUE,-4.746036549374469,14.249660945000624,9.503624395626153,-131.56371643055067,795.242172261549,663.6784558309982
LD,2025-07-02,2025,183,TRUE,-5.177690479552733,14.124246346980652,8.946555867427922,-136.7414069101034,809.3664186085296,672.6250116984262
LD,2025-07-03,2025,184,TRUE,-3.783628735995528,11.883548326095374,8.099919590099843,-140.52503564609893,821.2499669346249,680.724931288526
LD,2025-07-04,2025,185,TRUE,-5.207785711050465,12.465691027429196,7.257905316378735,-145.7328213571494,833.7156579620541,687.9828366049047
LD,2025-07-05,2025,186,TRUE,-5.338563362474113,11.843183676625813,6.504620314151701,-151.0713847196235,845.55884163868,694.4874569190564
LD,2025-07-06,2025,187,TRUE,-5.052955575806078,10.223212725704435,5.170257149898356,-156.12434029542956,855.7820543643844,699.6577140689548
LD,2025-07-07,2025,188,TRUE,-3.6071085993664718,7.931208115255445,4.324099515888973,-159.73144889479605,863.7132624796399,703.9818135848437
LD,2025-07-08,2025,189,TRUE,-6.236575899805295,10.571553970106951,4.334978070301656,-165.96802479460135,874.2848164497468,708.3167916551454
LD,2025-07-09,2025,190,TRUE,-4.233855667263614,8.880530823129991,4.646675155866378,-170.20188046186496,883.1653472728768,712.9634668110118
LD,2025-07-10,2025,191,TRUE,-6.0402571908020795,10.513349282772595,4.473092091970514,-176.24213765266703,893.6786965556494,717.4365589029824
LD,2025-07-11,2025,192,TRUE,-1.5253332911683444,6.123294071623984,4.59796078045564,-177.76747094383538,899.8019906272733,722.034519683438
LD,2025-07-12,2025,193,TRUE,-5.598101555794678,10.359165842675317,4.761064286880642,-183.36557249963005,910.1611564699487,726.7955839703187
LD,2025-07-13,2025,194,TRUE,-6.168442057204487,10.72396387098968,4.55552181378519,-189.53401455683453,920.8851203409383,731.3511057841039
LD,2025-07-14,2025,195,TRUE,-4.333613282193634,8.651071404107578,4.317458121913945,-193.86762783902816,929.5361917450459,735.6685639060179
LD,2025-07-15,2025,196,TRUE,-2.9309277584685822,7.137101150964261,4.206173392495678,-196.79855559749674,936.6732928960101,739.8747372985135
LD,2025-07-16,2025,197,TRUE,-5.025812382924404,9.3273484610391435,4.301536078114737,-201.82436798042116,946.0006413570493,744.1762733766283
LD,2025-07-17,2025,198,TRUE,-2.2436752550334567,6.249762821339534,4.006087566306078,-204.0680432354546,952.2504041783889,748.1823609429343
LD,2025-07-18,2025,199,TRUE,-2.4896407298853958,6.878849299206534,4.389208569321138,-206.55768396534,959.1292534775954,752.5715695122555
LD,2025-07-19,2025,200,TRUE,-1.1293628190704526,6.457334132509958,5.3279713134395035,-207.68704678441046,965.5865876101053,757.899540825695
LD,2025-07-20,2025,201,TRUE,-3.401657663938952,9.5453624166911,6.14370475275215,-211.0887044483494,975.1319500267964,764.0432455784471
LD,2025-07-21,2025,202,TRUE,-3.2754980284742667,9.763748177230624,6.48825014875636,-214.36420247682366,984.895698204027,770.5314957272035
LD,2025-07-22,2025,203,TRUE,-3.864758772548572,10.37053321424877,6.505774441700197,-218.22896124937225,995.2662314182758,777.0372701689037
LD,2025-07-23,2025,204,TRUE,-3.370093123225268,9.506726827064965,6.136633703839698,-221.59905437259752,1004.7729582453408,783.1739038727434
LD,2025-07-24,2025,205,TRUE,-3.949341025205275,10.248431887272389,6.299090862067113,-225.5483953978028,1015.0213901326132,789.4729947348105
LD,2025-07-25,2025,206,TRUE,-2.89604257983256,8.649547028720573,5.7535044488880125,-228.44443797763537,1023.6709371613338,795.2264991836986
LD,2025-07-26,2025,207,TRUE,-3.2120389521568753,8.68444647969761,5.472407527540735,-231.65647692979226,1032.3553836410313,800.6989067112394
LD,2025-07-27,2025,208,TRUE,-3.3756143713296503,8.793213861275312,5.417599489945664,-235.0320913011219,1041.1485975023065,806.1165062011851
LD,2025-07-28,2025,209,TRUE,-4.913651719999894,10.193741259155571,5.2800895391556795,-239.9457430211218,1051.342338761462,811.3965957403408
LD,2025-07-29,2025,210,TRUE,-4.65515357300292,9.491632255895823,4.836478682892903,-244.60089659412472,1060.833971017358,816.2330744232337
LD,2025-07-30,2025,211,TRUE,-2.8769190325411964,7.3041600013330825,4.427240968791887,-247.47781562666592,1068.138131018691,820.6603153920256
LD,2025-07-31,2025,212,TRUE,-2.9468940731023836,6.928679950568339,3.981785877465956,-250.4247096997683,1075.0668109692592,824.6421012694916
LD,2025-08-01,2025,213,TRUE,-3.244174184110342,7.094900189413813,3.850726005303471,-253.66888388387864,1082.1617111586731,828.4928272747951
LD,2025-08-02,2025,214,TRUE,-3.6256390792010116,7.2958771735712125,3.670238094370199,-257.29452296307966,1089.4575883322443,832.1630653691653
LD,2025-08-03,2025,215,TRUE,-4.379408461669064,8.201628605029088,3.8222201433600254,-261.67393142474873,1097.6592169372734,835.9852855125254
LD,2025-08-04,2025,216,TRUE,-5.018095651371562,8.715667516687972,3.6975718653164136,-266.69202707612027,1106.3748844539614,839.6828573778417
LD,2025-08-05,2025,217,TRUE,-4.1386801036826,7.635380656468357,3.496700552785756,-270.83070717980286,1114.0102651104298,843.1795579306275
LD,2025-08-06,2025,218,TRUE,-2.7339906354668693,6.112417949397433,3.3784273139305645,-273.5646978152697,1120.1226830598273,846.5579852445582
LD,2025-08-07,2025,219,TRUE,-3.081011744081358,6.251709577307818,3.1706978332264617,-276.6457095593511,1126.374392637135,849.7286830777846
LD,2025-08-08,2025,220,TRUE,-3.3893038633417096,6.36059708385431,2.9712932205126,-280.03501342269277,1132.7349897209895,852.6999762982972
LD,2025-08-09,2025,221,TRUE,-4.675755202057515,7.499325758801244,2.823570556743727,-284.7107686247503,1140.2343154797907,855.5235468550409
LD,2025-08-10,2025,222,TRUE,-4.400633202409503,6.982014267321302,2.5813810649117985,-289.1114018271598,1147.216329747112,858.1049279199527
LD,2025-08-11,2025,223,TRUE,-5.808229067901734,9.516850673390648,3.708621605488913,-294.9196308950615,1156.7331804205025,861.8135495254417
LD,2025-08-12,2025,224,TRUE,3.795523798433925,1.3364801173961727,5.132003915830099,-291.1241070966276,1158.0696605378987,866.9455534412717
LD,2025-08-13,2025,225,TRUE,0.03673508967699006,6.2801605360510635,6.316895625728052,-291.0873720069506,1164.3498210739497,873.2624490669998
LD,2025-08-14,2025,226,TRUE,-1.9089135227452967,8.995878355308973,7.086964832563678,-292.9962855296959,1173.3456994292587,880.3494138995635
LD,2025-08-15,2025,227,TRUE,-2.699634234549397,11.106607657964263,8.406973423414865,-295.69591976424533,1184.452307087223,888.7563873229784
LD,2025-08-16,2025,228,TRUE,-1.119086749873442,10.755558388536043,9.6364716386626,-296.81500651411875,1195.207865475759,898.392858961641
LD,2025-08-17,2025,229,TRUE,-1.0344628179455413,11.39838897840482,10.363926160459282,-297.8494693320643,1206.606254454164,908.7567851221003
LD,2025-08-18,2025,230,TRUE,0.14292994015816152,10.170228453052495,10.313158393210658,-297.7065393919061,1216.7764829072164,919.0699435153109
LD,2025-08-19,2025,231,TRUE,3.6662733090617388,6.664827136285073,10.331100445346811,-294.04026608284437,1223.4413100435015,929.4010439606577
LD,2025-08-20,2025,232,TRUE,-0.4379129733113726,10.32899346382166,9.891080490510278,-294.47817905615574,1233.7703035073232,939.292124451168
LD,2025-08-21,2025,233,TRUE,-1.7489903630826398,11.151336766229281,9.40234640314664,-296.22716941923835,1244.9216402735524,948.6944708543147
LD,2025-08-22,2025,234,TRUE,-3.859144844969566,12.961908645895033,9.102763800925468,-300.08631426420794,1257.8835489194473,957.7972346552401
LD,2025-08-23,2025,235,TRUE,-1.9865926046880653,10.667347934951904,8.680755330263842,-302.072906868896,1268.5508968543993,966.477989985504
LD,2025-08-24,2025,236,TRUE,-2.1474121275474305,9.553519485026007,7.406107357478573,-304.22031899644344,1278.1044163394254,973.8840973429826
LD,2025-08-25,2025,237,TRUE,-3.4548578427791026,9.74638506997408,6.291527227194975,-307.67517683922256,1287.8508014093995,980.1756245701775
LD,2025-08-26,2025,238,TRUE,-4.174616880649024,9.639274166535925,5.464657285886902,-311.84979371987157,1297.4900755759354,985.6402818560645
LD,2025-08-27,2025,239,TRUE,-5.19925710101987,10.028490691342853,4.829233590322985,-317.04905082089147,1307.5185662672782,990.4695154463874
LD,2025-08-28,2025,240,TRUE,-2.864841851260858,7.9439812696996,5.07913941843874,-319.9138926721523,1315.4625475369778,995.5486548648262
LD,2025-08-29,2025,241,TRUE,-3.424436820683704,7.897455368973251,4.473018548289549,-323.338329492836,1323.360002905951,1000.0216734131158
LD,2025-08-30,2025,242,TRUE,-3.747333793148912,8.34764763278864,4.600313839639723,-327.08566328598494,1331.7076505387397,1004.6219872527555
LD,2025-08-31,2025,243,TRUE,-4.160065154256796,9.06105878988653,4.900993635629733,-331.24572844024175,1340.7687093286263,1009.5229808883853
LD,2025-09-01,2025,244,TRUE,-4.393580667991152,9.430227649035077,5.036646981043923,-335.6393091082329,1350.1989369776613,1014.5596278694292
LD,2025-09-02,2025,245,TRUE,-5.138158752897341,10.168282857981024,5.030124105083682,-340.7774678611303,1360.3672198356423,1019.5897519745129
LD,2025-09-03,2025,246,TRUE,0.34572295097288536,4.602974275870341,4.948697226843229,-340.43174491015736,1364.9701941115127,1024.5384492013561
LD,2025-09-04,2025,247,TRUE,-3.09469150251302,7.51124658715558,4.41655508464256,-343.52643641267036,1372.4814406986682,1028.9550042859987
LD,2025-09-05,2025,248,TRUE,-2.5728746793908295,7.205226885265263,4.632352205874432,-346.0993110920612,1379.6866675839335,1033.5873564918732
LD,2025-09-06,2025,249,TRUE,-1.572447546110091,6.2921800650534845,4.719732518943392,-347.6717586381713,1385.978847648987,1038.3070890108165
LD,2025-09-07,2025,250,TRUE,-3.683693206028521,8.495123398916636,4.811430192888116,-351.3554518441998,1394.4739710479037,1043.1185192037046
LD,2025-09-08,2025,251,TRUE,-4.131801695740185,9.100303230788025,4.968501535047841,-355.48725353994,1403.5742742786917,1048.0870207387525
LD,2025-09-09,2025,252,TRUE,-4.179124460212281,9.946768557141699,5.767644096929421,-359.6663780001523,1413.5210428358334,1053.854664835682
LD,2025-09-10,2025,253,TRUE,-3.084869756518266,9.396789589334391,6.311919832816124,-362.7512477566706,1422.917832425168,1060.166584668498
LD,2025-09-11,2025,254,TRUE,-3.1155889683077818,9.880743147308152,6.765154179000372,-365.8668367249784,1432.798575572476,1066.9317388474983
LD,2025-09-12,2025,255,TRUE,-3.210675309254183,10.270248669427097,7.059573360172917,-369.07751203423254,1443.068824241903,1073.9913122076712
LD,2025-09-13,2025,256,TRUE,-3.3204619136797424,10.512001691087946,7.1915397774082015,-372.3979739479123,1453.580825932991,1081.1828519850794
LD,2025-09-14,2025,257,TRUE,-2.9485155547182016,10.642641332504098,7.6941257777859,-375.3464895026305,1464.2234672654952,1088.8769777628654
LD,2025-09-15,2025,258,TRUE,-1.5318473981244851,9.500404890923162,7.968557492798678,-376.878336900755,1473.7238721564183,1096.8455352556641
LD,2025-09-16,2025,259,TRUE,-1.7794837157209245,9.869029011726436,8.089545296005507,-378.65782061647593,1483.5929011681449,1104.9350805516697
LD,2025-09-17,2025,260,TRUE,-1.6532141526246633,9.882236195558814,8.229022042934147,-380.3110347691006,1493.4751373637037,1113.1641025946037
LD,2025-09-18,2025,261,TRUE,-2.1670969973075076,10.7501584353441,8.58306143803659,-382.4781317664081,1504.2252957990477,1121.7471640326403
LD,2025-09-19,2025,262,TRUE,-1.893420546754799,10.76565036247468,8.872229815719882,-384.3715523131629,1514.9909461615223,1130.6193938483602
LD,2025-09-20,2025,263,TRUE,-0.5687074623718792,9.330124558257902,8.76141709588602,-384.9402597755348,1524.3210707197802,1139.3808109442462
LD,2025-09-21,2025,264,TRUE,1.5303719627187193,7.247736864436855,8.778108827155572,-383.40988781281607,1531.568807584217,1148.1589197714018
LD,2025-09-22,2025,265,TRUE,1.0015523953131453,8.063230411865112,9.064782807178256,-382.40833541750294,1539.632037996082,1157.22370257858
LD,2025-09-23,2025,266,TRUE,0.40881959201669266,8.497947154053065,8.906766746069762,-381.99951582548624,1548.129985150135,1166.1304693246498
LD,2025-09-24,2025,267,TRUE,1.7476240928042175,6.791211232404938,8.538835325209154,-380.251891732682,1554.92119638254,1174.669304649859
LD,2025-09-25,2025,268,TRUE,1.0608410666051555,7.55263146948342,8.613472536088578,-379.1910506660768,1562.4738278520235,1183.2827771859475
LD,2025-09-26,2025,269,TRUE,-0.7602339827232005,9.547349161645332,8.787115178922134,-379.9512846488,1572.0211770136689,1192.0698923648695
LD,2025-09-27,2025,270,TRUE,0.7258634675629954,8.125744576212655,8.851608043775647,-379.22542118123704,1580.1469215898815,1200.9215004086452
LD,2025-09-28,2025,271,TRUE,-1.3707207329052258,10.594622498876888,9.223901765971663,-380.59614191414227,1590.7415440887582,1210.145402174617
LD,2025-09-29,2025,272,TRUE,-2.866948569190604,11.588247493542378,8.721298924351771,-383.46309048333285,1602.3297915823007,1218.8667010989686
LD,2025-09-30,2025,273,TRUE,-2.483654466773801,11.65396848957326,9.170314022799458,-385.9467449501067,1613.983760071874,1228.037015121768
LD,2025-10-01,2025,274,TRUE,-2.1955734442326724,11.19297122181797,8.997397777585297,-388.1423183943393,1625.176731293692,1237.0344128993534
LD,2025-10-02,2025,275,TRUE,-2.811296124189626,11.186070895945416,8.37477477175579,-390.953614518529,1636.3628021896375,1245.409187671109
LD,2025-10-03,2025,276,TRUE,-2.17872080345611,9.274385614087304,7.095664810631193,-393.13233532198507,1645.6371878037248,1252.5048524817403
LD,2025-10-04,2025,277,TRUE,-2.139954693617731,7.34677467343222,5.206819979814492,-395.2722900156028,1652.983962477157,1257.7116724615548
LD,2025-10-05,2025,278,TRUE,-2.8835163851982646,6.651183778837863,3.7676673936395986,-398.15580640080105,1659.6351462559949,1261.4793398551944
LD,2025-10-06,2025,279,TRUE,-2.220546043235151,5.291304328649828,3.070758285414676,-400.37635244403623,1664.9264505846447,1264.5500981406092
LD,2025-10-07,2025,280,TRUE,-1.509025322214316,4.626934006643929,3.1179086844296138,-401.88537776625054,1669.5533845912887,1267.668006825039
LD,2025-10-08,2025,281,TRUE,-2.7029334893645847,5.815245776081322,3.112312286716738,-404.5883112556151,1675.36863036737,1270.7803191117557
LD,2025-10-09,2025,282,TRUE,-1.1866303577942878,4.5257682922295475,3.3391379344352603,-405.7749416134094,1679.8943986595996,1274.119457046191
LD,2025-10-10,2025,283,TRUE,0.11238260378654254,3.8012913596368945,3.9136739634234377,-405.66255900962284,1683.6956900192365,1278.0331310096144
LD,2025-10-11,2025,284,TRUE,-0.4493181085813652,4.980651359524231,4.531333250942865,-406.1118771182042,1688.6763413787608,1282.5644642605573
LD,2025-10-12,2025,285,TRUE,-1.2749755266665321,6.032691790282581,4.757716263616049,-407.3868526448707,1694.7090331690433,1287.3221805241733
LD,2025-10-13,2025,286,TRUE,-1.8243672851532737,7.5312293285993785,5.706862043446105,-409.211219930024,1702.2402624976428,1293.0290425676194
LD,2025-10-14,2025,287,TRUE,-1.9102825773713972,7.713641886154772,5.803359308783377,-411.1215025073954,1709.9539043837976,1298.8324018764029
LD,2025-10-15,2025,288,TRUE,-0.8451395350551774,5.963401625691005,5.118262090635827,-411.9666420424506,1715.9173060094886,1303.9506639670387
LD,2025-10-16,2025,289,TRUE,-0.433369093386346,5.080444562492635,4.647075469106289,-412.4000111358369,1720.9977505719812,1308.597739436145
LD,2025-10-17,2025,290,TRUE,-0.32760760189283067,5.306447794251135,4.978840192358307,-412.72761873772976,1726.3041983662324,1313.5765796285034
LD,2025-10-18,2025,291,TRUE,0.9192565699771789,4.812487402827974,5.731743972805154,-411.8083621677526,1731.1166857690605,1319.3083236013085
LD,2025-10-19,2025,292,TRUE,0.6901512400471336,4.944402636227731,5.634553876274865,-411.11821092770543,1736.0610884052883,1324.9428774775834
LD,2025-10-20,2025,293,TRUE,-0.5730714128187354,6.164861292830644,5.591789880011909,-411.6912823405242,1742.225949698119,1330.5346673575953
LD,2025-10-21,2025,294,TRUE,0.6584028718125848,5.7018399056242375,6.360242777436822,-411.0328794687116,1747.9277896037431,1336.894910135032
LD,2025-10-22,2025,295,TRUE,2.2140917179249713,4.2597277331529835,6.473819451077953,-408.8187877507866,1752.187517336896,1343.36872958611
LD,2025-10-23,2025,296,TRUE,2.8620951795360114,3.4852864497434664,6.347381629279477,-405.9566925712506,1755.6728037866394,1349.7161112153894
LD,2025-10-24,2025,297,TRUE,-0.3279161648091782,6.411806417321348,6.083890252512168,-406.28460873605974,1762.0846102039607,1355.8000014679017
LD,2025-10-25,2025,298,TRUE,0.1369386058631845,5.198802735697097,5.335741341560281,-406.14767013019656,1767.2834129396579,1361.135742809462
LD,2025-10-26,2025,299,TRUE,-0.6600475793535944,6.155526715852322,5.4954791364987265,-406.80771770955016,1773.4389396555102,1366.6312219459608
LD,2025-10-27,2025,300,TRUE,-0.39120914268575524,5.762614197105189,5.371405054419434,-407.1989268522359,1779.2015538526155,1372.0026270003802
LD,2025-10-28,2025,301,TRUE,0.23027672812866593,5.145635212765154,5.375911940893821,-406.9686501241072,1784.3471890653807,1377.378538941274
LD,2025-10-29,2025,302,TRUE,0.5979149903056303,4.650045065345527,5.247960055651158,-406.3707351338016,1788.9972341307262,1382.6264989969252
LD,2025-10-30,2025,303,TRUE,-0.6962294445465108,5.442500004790562,4.746270560244052,-407.0669645783481,1794.4397341355168,1387.3727695571692
LD,2025-10-31,2025,304,TRUE,1.4377986498580853,3.121561548392972,4.559360198251058,-405.62916592849,1797.5612956839097,1391.9321297554204
LD,2025-11-01,2025,305,FALSE,2.4788385410349902,1.5375994119038776,4.016437952938869,-403.15032738745504,1799.0988950958135,1395.9485677083592
LD,2025-11-02,2025,306,FALSE,0.8202860335953492,2.7940770092657345,3.6143630428610845,-402.3300413538597,1801.8929721050793,1399.5629307512202
LD,2025-11-03,2025,307,FALSE,0.48407753951236365,3.35213787737447,3.836215416886833,-401.84596381434733,1805.2451099824536,1403.399146168107
LD,2025-11-04,2025,308,FALSE,0.6550955622629042,3.975032684005827,4.630128246268732,-401.19086825208444,1809.2201426664594,1408.0292744143758
LD,2025-11-05,2025,309,FALSE,0.8812543187005213,3.650542505981036,4.531796824681558,-400.3096139333839,1812.8706851724405,1412.5610712390574
LD,2025-11-06,2025,310,FALSE,-0.3353747390404125,4.082780908082122,3.7474061690417106,-400.6449886724243,1816.9534660805227,1416.3084774080992
LD,2025-11-07,2025,311,FALSE,1.6229885104599215,2.5182707316525024,4.141259242112425,-399.02200016196434,1819.4717368121753,1420.4497366502117
LD,2025-11-08,2025,312,FALSE,1.2149755304611844,2.2788808593067613,3.4938563897679438,-397.80702463150317,1821.7506176714821,1423.9435930399795
LD,2025-11-09,2025,313,FALSE,0.7135018741419863,2.157406003716154,2.8709078778581394,-397.0935227573612,1823.9080236751984,1426.8145009178377
LD,2025-11-10,2025,314,FALSE,0.9525323097308167,1.5302367793662799,2.4827690890970957,-396.1409904476304,1825.4382604545647,1429.2972700069347
LD,2025-11-11,2025,315,FALSE,0.9111193045141964,1.743053833889817,2.6541731384040137,-395.22987114311616,1827.1813142884546,1431.9514431453388
LD,2025-11-12,2025,316,FALSE,0.9412677192866086,2.412035249920698,3.3533029692073058,-394.28860342382956,1829.5933495383754,1435.304746114546
LD,2025-11-13,2025,317,FALSE,0.2823709637947502,2.8933695364093253,3.1757405002040753,-394.0062324600348,1832.4867190747848,1438.4804866147501
LD,2025-11-14,2025,318,FALSE,0.48189563964886956,2.8621475144697004,3.34404315411857,-393.52433682038594,1835.3488665892544,1441.8245297688686
LD,2025-11-15,2025,319,FALSE,2.4328136874511967,1.7667392576372432,4.19955294508844,-391.09152313293475,1837.1156058468916,1446.0240827139571
LD,2025-11-16,2025,320,FALSE,1.12585262543217,2.416642495298329,3.542495120730498,-389.9656705075026,1839.5322483421899,1449.5665778346877
LD,2025-11-17,2025,321,FALSE,0.5451915683350875,2.392543710450876,2.937735278785965,-389.4204789391675,1841.9247920526407,1452.5043131134737
LD,2025-11-18,2025,322,FALSE,1.4105243318269438,1.3547476069204625,2.765271938747407,-388.00995460734055,1843.2795396595611,1455.2695850522211
LD,2025-11-19,2025,323,FALSE,0.8752555593215795,1.907123794227359,2.7823793535489387,-387.13469904801894,1845.1866634537885,1458.0519644057701
LD,2025-11-20,2025,324,FALSE,3.966726872067685,-0.94206211058491,3.0246647614827764,-383.16797217595126,1844.2446013432036,1461.076629167253
LD,2025-11-21,2025,325,FALSE,1.7380346083725569,1.6356940185611637,3.3737286269337203,-381.4299375675787,1845.8802953617649,1464.4503577941869
LD,2025-11-22,2025,326,FALSE,1.1415613693772908,1.618541049046065,2.7601024184233554,-380.2883761982014,1847.498836410811,1467.2104602126103
LD,2025-11-23,2025,327,FALSE,0.8947625679289547,2.295022697493118,3.1897852654220737,-379.3936136302724,1849.793859108304,1470.4002454780323
LD,2025-11-24,2025,328,FALSE,1.2470895513912421,1.5379463809213425,2.7850359323125855,-378.14652407888116,1851.3318054892254,1473.185281410345
LD,2025-11-25,2025,329,FALSE,2.5269120750812446,0.585879436760551,3.1127915118417966,-375.6196120037999,1851.917684925986,1476.2980729221867
LD,2025-11-26,2025,330,FALSE,3.7781205898654555,-1.090449935919571,2.687670653945885,-371.8414914139344,1850.8272349900662,1478.9857435761326
LD,2025-11-27,2025,331,FALSE,2.602323634590066,-0.44606353371301133,2.1562601008770543,-369.23916777934437,1850.3811714563533,1481.1420036770096
LD,2025-11-28,2025,332,FALSE,2.1962522923703998,-0.19420051623700596,2.0020517761333942,-367.042915486974,1850.1869709401162,1483.144055453143
LD,2025-11-29,2025,333,FALSE,1.72325573436156,0.20999600981811828,1.9332517441796777,-365.31965975261244,1850.3969669499343,1485.0773071973226
LD,2025-11-30,2025,334,FALSE,1.8408324801798117,0.03443195150106756,1.8752644316808789,-363.4788272724326,1850.4313989014354,1486.9525716290036
LD,2025-12-01,2025,335,FALSE,2.3779939554646847,-0.6790200172210011,1.6989739382436833,-361.10083331696796,1849.7523788842143,1488.6515455672472
LD,2025-12-02,2025,336,FALSE,1.8122928124107949,-0.29822885269304206,1.5140639597177525,-359.28854050455715,1849.4541500315213,1490.165609526965
LD,2025-12-03,2025,337,FALSE,1.1632033043280001,0.3644136432624165,1.5276169475904164,-358.1253372002291,1849.8185636747837,1491.6932264745553
LD,2025-12-04,2025,338,FALSE,1.6510887449817726,-0.3103864868265633,1.3407022581552095,-356.47424845524733,1849.5081771879572,1493.0339287327106
LD,2025-12-05,2025,339,FALSE,1.1843300983352514,0.13235149900021045,1.3166815973354615,-355.2899183569121,1849.6405286869574,1494.350610330046
LD,2025-12-06,2025,340,FALSE,1.5636000106054322,0.28849031721591045,1.8520903278213432,-353.72631834630664,1849.9290190041734,1496.2027006578674
LD,2025-12-07,2025,341,FALSE,1.9198414709197213,-0.28858398137676,1.631257489542961,-351.8064768753869,1849.6404350227965,1497.8339581474104
LD,2025-12-08,2025,342,FALSE,2.8088744951269082,-1.5431595122600594,1.2657149828668488,-348.99760238026,1848.0972755105365,1499.0996731302773
LD,2025-12-09,2025,343,FALSE,3.115792381186039,-1.4210028761158604,1.6947895050701784,-345.88180999907394,1846.6762726344207,1500.7944626353476
LD,2025-12-10,2025,344,FALSE,1.6421733216957857,0.4199174793377054,2.0620908010334906,-344.23963667737814,1847.0961901137584,1502.856553436381
LD,2025-12-11,2025,345,FALSE,1.3320703333024757,0.4322698613463032,1.7643401946487787,-342.9075663440757,1847.5284599751049,1504.62089363103
LD,2025-12-12,2025,346,FALSE,2.009263815967786,-0.17502572708534025,1.8342380888824459,-340.8983025281079,1847.3534342480195,1506.4551317199125
LD,2025-12-13,2025,347,FALSE,1.3648638644588555,0.03469824317016942,1.3995621076290234,-339.533438663649,1847.3881324911897,1507.8546938275415
LD,2025-12-14,2025,348,FALSE,1.1365565398024493,-0.13412793637663928,1.0024286034258099,-338.3968821238466,1847.254004554813,1508.8571224309674
LD,2025-12-15,2025,349,FALSE,1.0921369728373067,0.12336911760592284,1.2155060904432295,-337.3047451510093,1847.377373672419,1510.0726285214107
LD,2025-12-16,2025,350,FALSE,0.9483158098206252,0.5836321331668647,1.5319479429874898,-336.3564293411887,1847.961005805586,1511.6045764643982
LD,2025-12-17,2025,351,FALSE,1.7267078332089612,0.4160921335866164,2.142799966795577,-334.62972150797975,1848.3770979391725,1513.7473764311937
LD,2025-12-18,2025,352,FALSE,1.7390323103410148,0.3097376989949834,2.0487700093359984,-332.8906891976387,1848.6868356381674,1515.7961464405298
LD,2025-12-19,2025,353,FALSE,1.208015961360403,0.26170855728998993,1.4697245186503929,-331.68267323627833,1848.9485441954573,1517.2658709591801
LD,2025-12-20,2025,354,FALSE,0.879395433529003,0.44444913280446874,1.3238445663334713,-330.80327780274934,1849.3929933282618,1518.5897155255136
LD,2025-12-21,2025,355,FALSE,1.224917276428344,-0.0923594401705538,1.1325578362577897,-329.578360526321,1849.3006338880912,1519.7222733617714
LD,2025-12-22,2025,356,FALSE,0.9980884136924911,0.13466966652849605,1.1327580802209876,-328.5802721126285,1849.4353035546196,1520.8550314419924
LD,2025-12-23,2025,357,FALSE,1.0431992834156012,0.39395152229389935,1.4371508057095006,-327.5370728292129,1849.8292550769136,1522.292182247702
LD,2025-12-24,2025,358,FALSE,1.0093647501448402,0.29550687152296407,1.304871621667804,-326.527708079068,1850.1247619484366,1523.5970538693698
LD,2025-12-25,2025,359,FALSE,2.078247819390712,-0.7087819297864816,1.3694658896042304,-324.4494602596773,1849.41598001865,1524.966519758974
LD,2025-12-26,2025,360,FALSE,3.6104973907379345,-2.2677068410158516,1.3427905497220844,-320.8389628689394,1847.1482731776343,1526.3093103086962
LD,2025-12-27,2025,361,FALSE,0.9059448081910524,0.524649279998625,1.4305940881896775,-319.93301806074834,1847.672922457633,1527.739904396886
LD,2025-12-28,2025,362,FALSE,1.934828161928131,-0.15007159645716212,1.784756565470969,-317.9981898988202,1847.5228508611758,1529.524660962357
LD,2025-12-29,2025,363,FALSE,2.3386558586971953,-0.2586162733998943,2.0800395852973,-315.659534040123,1847.264234587776,1531.6047005476544
LD,2025-12-30,2025,364,FALSE,1.251194745560057,0.6220446455715088,1.8732393911315661,-314.40833929456295,1847.8862792333475,1533.477939938786
LD,2025-12-31,2025,365,FALSE,1.9694611870509113,-0.27793681179458524,1.6915243752563254,-312.43887810751204,1847.6083424215528,1535.1694643140422
LD,2026-01-01,2025,1,FALSE,0.45236783734342106,-0.14865464543131113,0.30371319191210994,-311.9865102701686,1847.4596877761214,1535.4731775059543
MD,2025-01-01,2025,1,FALSE,1.1973819557880003,-0.326369876096795,0.8710120796912049,1.1973819557880003,-0.326369876096795,0.8710120796912049
MD,2025-01-02,2025,2,FALSE,0.8503687506999286,0.28137017222497424,1.1317389229249029,2.047750706487929,-0.044999703871820784,2.0027510026161077
MD,2025-01-03,2025,3,FALSE,0.6957937658819289,0.37090378883509373,1.066697554717023,2.743544472369858,0.32590408496327294,3.0694485573331307
MD,2025-01-04,2025,4,FALSE,0.9117053376336,-0.02711023956578831,0.8845950980678119,3.6552498100034576,0.29879384539748466,3.954043655400943
MD,2025-01-05,2025,5,FALSE,0.9197257650170206,-0.07185009381859608,0.8478756711984244,4.574975575020479,0.22694375157888858,4.801919326599367
MD,2025-01-06,2025,6,FALSE,0.576254126313,0.35404984989202504,0.9303039762050254,5.151229701333478,0.5809936014709136,5.7322233028043925
MD,2025-01-07,2025,7,FALSE,0.7305100098855531,0.27019344995956407,1.0007034598451172,5.881739711219032,0.8511870514304777,6.73292676264951
MD,2025-01-08,2025,8,FALSE,0.7716103792278728,0.12597134207379787,0.8975817213016707,6.653350090446905,0.9771583935042756,7.63050848395118
MD,2025-01-09,2025,9,FALSE,0.5352857133940115,0.25175124604958665,0.7870369594435984,7.188635803840916,1.2289096395538621,8.41754544339478
MD,2025-01-10,2025,10,FALSE,0.4077852927839999,0.5398797390554664,0.9476650318394667,7.596421096624916,1.7687893786093285,9.365210475234246
MD,2025-01-11,2025,11,FALSE,0.8972432556020656,0.19260870247422623,1.089851958076292,8.493664352226983,1.9613980810835547,10.455062433310538
MD,2025-01-12,2025,12,FALSE,0.3130330196029281,0.850904782090339,1.1639378016932673,8.80669737182991,2.812302863173894,11.619000235003805
MD,2025-01-13,2025,13,FALSE,0.7809041610719997,0.23270207477808072,1.0136062358500808,9.58760153290191,3.045004937951975,12.632606470853885
MD,2025-01-14,2025,14,FALSE,0.8076196700639998,-0.049857723854199815,0.7577619462098,10.39522120296591,2.995147214097775,13.390368417063685
MD,2025-01-15,2025,15,FALSE,0.8354203561440001,0.14553541351373128,0.9809557696577313,11.23064155910991,3.1406826276115063,14.371324186721417
MD,2025-01-16,2025,16,FALSE,0.8529052929139724,0.40422182924060823,1.257127122154581,12.083546852023883,3.5449044568521146,15.628451308875997
MD,2025-01-17,2025,17,FALSE,0.9014311863123307,0.7356337692039107,1.637064955516241,12.984978038336214,4.280538226056025,17.26551626439224
MD,2025-01-18,2025,18,FALSE,1.2977985367440004,0.3213291652260204,1.61912770197002,14.282776575080215,4.601867391282045,18.88464396636226
MD,2025-01-19,2025,19,FALSE,0.5772490055757369,0.3328270754176982,0.9100760809934355,14.860025580655952,4.934694466699743,19.794720047355693
MD,2025-01-20,2025,20,FALSE,0.5790779445950238,-0.1045977357934598,0.4744802088015641,15.439103525250976,4.830096730906283,20.269200256157255
MD,2025-01-21,2025,21,FALSE,0.73430516711186955,-0.3063459121864619,0.4279592549254079,16.173408692362845,4.523750818719821,20.697159511082663
MD,2025-01-22,2025,22,FALSE,-0.16631894399970104,0.6430663961090365,0.4767474521093355,16.007089748363143,5.166817214828858,21.173906963192
MD,2025-01-23,2025,23,FALSE,0.5496353722306472,0.5181073673862139,1.0677427396168613,16.55672512059379,5.684924582215071,22.24164970280886
MD,2025-01-24,2025,24,FALSE,0.4627941588108683,0.5011214869792201,0.9639156457900883,17.01951927940466,6.186046069194291,23.20556534859895
MD,2025-01-25,2025,25,FALSE,0.35734385281509096,0.9584798777286827,1.3158237305437739,17.37686313221975,7.144525946922974,24.521389079142722
MD,2025-01-26,2025,26,FALSE,0.6380590987439999,0.8253989206290299,1.4634580193730298,18.01492223096375,7.969924867552003,25.98484709851575
MD,2025-01-27,2025,27,FALSE,1.3401863070623996,0.15779605336073255,1.4979823604231328,19.35510853802615,8.127720920912736,27.482829458938884
MD,2025-01-28,2025,28,FALSE,1.4407311562625462,0.24721928014200192,1.687950436404548,20.7958396942887,8.374940201054738,29.170779895343433
MD,2025-01-29,2025,29,FALSE,1.4646336066438381,0.40330019796117406,1.8679338046050122,22.260473300932535,8.778240399015912,31.038713699948445
MD,2025-01-30,2025,30,FALSE,0.6767178780930238,0.7993638666199766,1.476081744713,22.937191179025557,9.57760426563589,32.514795444661445
MD,2025-01-31,2025,31,FALSE,0.9899505398454816,0.6402977969824714,1.6302483368279537,23.927141718871038,10.21790206261836,34.1450437814894
MD,2025-02-01,2025,32,FALSE,0.8224081355856119,0.23550345414952906,1.057911589735141,24.74954985445665,10.453405516767889,35.20295537122454
MD,2025-02-02,2025,33,FALSE,1.1198728110009204,-0.2162472955216841,0.9036255154792364,25.86942266545757,10.237158221246204,36.106580886703775
MD,2025-02-03,2025,34,FALSE,-0.25624981157535565,1.453132961259576,1.19688314968422,25.613172853882215,11.690291182505781,37.30346403638799
MD,2025-02-04,2025,35,FALSE,0.8091931733532208,0.27478304309747625,1.0839762164506972,26.422366027235437,11.965074225603258,38.38744025283869
MD,2025-02-05,2025,36,FALSE,0.49143109665441465,0.46079997210092977,0.9522310687553445,26.91379712388985,12.425874197704188,39.33967132159403
MD,2025-02-06,2025,37,FALSE,-0.5668571641701846,1.8058567825995278,1.2389996184293428,26.346939959719666,14.231730980303716,40.57867094002337
MD,2025-02-07,2025,38,FALSE,0.934055865109858,0.15418927485757758,1.0882451399674355,27.280995824829525,14.385920255161293,41.666916079990806
MD,2025-02-08,2025,39,FALSE,0.5351272975386905,0.5125854680086278,1.0477127655473182,27.816123122368214,14.89850572316992,42.71462884553812
MD,2025-02-09,2025,40,FALSE,0.20172406874961332,0.8390732854106697,1.0407973541602826,28.017847191117827,15.73757900858059,43.755426199698405
MD,2025-02-10,2025,41,FALSE,0.31207285271687224,0.5263465496371813,0.8384194023540532,28.3299200438347,16.26392555821777,44.59384560205246
MD,2025-02-11,2025,42,FALSE,0.13501740803086143,0.7252391902657964,0.8602565982966582,28.464937451865563,16.989164748483567,45.45410220034912
MD,2025-02-12,2025,43,FALSE,0.6833905737930323,0.08414157609854826,0.767532149891581,29.148328025658596,17.073306324582116,46.2216343502407
MD,2025-02-13,2025,44,FALSE,0.35390090190468,0.48675917365952476,0.8406600755642047,29.502228927563277,17.56006549824164,47.0622944258049
MD,2025-02-14,2025,45,FALSE,0.4625596047824913,0.28565594491824153,0.748215549700733,29.964788532345768,17.84572144315988,47.81050997550563
MD,2025-02-15,2025,46,FALSE,0.5079835843128001,0.393855692888497,0.9018392772012971,30.472772116658568,18.23957713604838,48.71234925270693
MD,2025-02-16,2025,47,FALSE,0.5166362609994894,0.5375703018272896,1.0542065628267796,30.98940837765806,18.77714743787567,49.76655581553371
MD,2025-02-17,2025,48,FALSE,0.42481183881600004,0.4047251376883921,0.8295369765043918,31.41422021647406,19.18187257556406,50.5960927920381
MD,2025-02-18,2025,49,FALSE,2.9566291912615394,-2.3728538246456954,0.5837753666158422,34.3708494077356,16.809018750918366,51.17986815865394
MD,2025-02-19,2025,50,FALSE,0.2780785259399157,0.46286440886369773,0.7409429348036133,34.648927933675516,17.271883159782064,51.92081109345755
MD,2025-02-20,2025,51,FALSE,0.5799103934283887,0.24341528148525804,0.8233256749136467,35.22883832710391,17.515298441267323,52.7441367683712
MD,2025-02-21,2025,52,FALSE,0.5922165182706691,0.32212937037651346,0.9143458886471832,35.821054845374576,17.837427811643835,53.65848265701838
MD,2025-02-22,2025,53,FALSE,0.8988021861604867,0.010985595370032242,0.9097877815305189,36.719857031535064,17.84841340701387,54.5682704385489
MD,2025-02-23,2025,54,FALSE,0.8785482835207428,0.3457876482858832,1.2243359318066263,37.59840531505581,18.19420105529975,55.79260637035553
MD,2025-02-24,2025,55,FALSE,1.6062194925878397,-0.11503116773916405,1.4911883248486764,39.20462480764365,18.079169887560585,57.28379469520421
MD,2025-02-25,2025,56,FALSE,1.5771109660877602,-0.08106963580066397,1.496041330287096,40.781735773731405,17.998100251759922,58.779836025491306
MD,2025-02-26,2025,57,FALSE,1.2463125353012972,0.1643423425808633,1.4106548778821604,42.028048309032705,18.162442594340785,60.190490903373465
MD,2025-02-27,2025,58,FALSE,1.9638251946387282,-0.5151825848475163,1.4486426097912128,43.991873503671435,17.64726000949327,61.63913351316468
MD,2025-02-28,2025,59,FALSE,0.8567627738669317,0.6541841586599445,1.5109469325268758,44.84863627753837,18.301444168153214,63.15008044569156
MD,2025-03-01,2025,60,FALSE,1.002527935128,0.17177314643930033,1.1743010815672998,45.85116421266637,18.473217314592514,64.32438152725885
MD,2025-03-02,2025,61,FALSE,-0.32976393976073737,1.4016867599052887,1.0719228201445516,45.52140027290563,19.874904074497802,65.3963043474034
MD,2025-03-03,2025,62,FALSE,0.6241461222008493,0.7300489062240417,1.3541950284248916,46.14554639510648,20.604952980721844,66.7504993758283
MD,2025-03-04,2025,63,FALSE,3.028315609360362,-1.1324408481573682,1.895874761202994,49.17386200446684,19.472512132564475,68.64637413703129
MD,2025-03-05,2025,64,FALSE,1.4308184950368183,0.7750606839380769,2.2058791789748944,50.60468049950366,20.24757281650255,70.85225331600618
MD,2025-03-06,2025,65,FALSE,0.14156970117864023,1.4172590293475174,1.5588287305261574,50.7462502006823,21.664831845850067,72.41108204653234
MD,2025-03-07,2025,66,FALSE,0.14952934799843487,1.5843187870457898,1.7338481350442239,50.895779548680736,23.249150632895855,74.14493018157657
MD,2025-03-08,2025,67,FALSE,-0.5520963459308068,2.2238497786875677,1.6717534327567602,50.34368320274993,25.473000411583424,75.81668361433333
MD,2025-03-09,2025,68,FALSE,0.009626443488000277,2.200410317675868,2.210036761163868,50.35330964623793,27.67341072925929,78.02672037549719
MD,2025-03-10,2025,69,FALSE,0.4750809607189711,2.135508977188272,2.6105899379072435,50.8283906069569,29.808919706447565,80.63731031340444
MD,2025-03-11,2025,70,FALSE,0.4306877016145412,2.2847686425094964,2.715456344124038,51.25907830857144,32.09368834895706,83.35276665752848
MD,2025-03-12,2025,71,FALSE,-0.5186608332681909,2.665478132577821,2.14681729930963,50.740417475303246,34.759166481534876,85.49958395683811
MD,2025-03-13,2025,72,FALSE,-0.5415627753072001,2.6322979456557407,2.0907351703485406,50.19885469999605,37.39146442719062,87.59031912718665
MD,2025-03-14,2025,73,FALSE,-0.5068309490604002,2.5346624820030184,2.0278315329426184,49.69202375093565,39.92612690919364,89.61815066012926
MD,2025-03-15,2025,74,FALSE,-0.027234430397701834,2.170983544289856,2.1437491138921536,49.66478932053794,42.097110453483495,91.76189977402142
MD,2025-03-16,2025,75,FALSE,0.09954467373018813,2.100952824287197,2.200497498017385,49.76433399426813,44.19806327777069,93.9623972720388
MD,2025-03-17,2025,76,FALSE,0.14520447937937725,2.0308776295446043,2.176082108923983,49.90953847364751,46.2289409073153,96.13847938096278
MD,2025-03-18,2025,77,FALSE,-0.04501244541565741,2.0788652767734583,2.0338528313578017,49.86452602823185,48.307806184088754,98.17233221232058
MD,2025-03-19,2025,78,FALSE,-0.39407744121963295,2.1270246024778086,1.7329471612581755,49.470448587012214,50.434830786566565,99.90527937357876
MD,2025-03-20,2025,79,FALSE,0.07510994801558138,1.638734490223757,1.7138444382393394,49.545558535027794,52.07356527679032,101.6191238118181
MD,2025-03-21,2025,80,FALSE,0.0029252627216437843,1.7102120932209972,1.7131373559426413,49.54848379774944,53.783777370011315,103.33226116776073
MD,2025-03-22,2025,81,FALSE,-0.027234430397701834,1.733029629708975,1.705795199311273,49.521249367351736,55.51680699972029,105.038056367072
MD,2025-03-23,2025,82,FALSE,0.09954467373018813,1.637881911254587,1.7374265849847752,49.62079404108192,57.154688910974876,106.77548295205678
MD,2025-03-24,2025,83,FALSE,0.14520447937937725,1.5588260427509009,1.7040305221302783,49.7659985204613,58.71351495372578,108.47951347418706
MD,2025-03-25,2025,84,FALSE,-0.04501244541565741,1.6236855197875777,1.5786730743719202,49.720986075045644,60.337200473513356,110.05818654855898
MD,2025-03-26,2025,85,FALSE,-0.45517443724275064,1.7961062841706592,1.3409318469279081,49.26581163780289,62.13330675768402,111.39911839548688
MD,2025-03-27,2025,86,FALSE,-0.2940358146379526,1.7131060912104377,1.4190702765724852,48.97177582316494,63.84641284889445,112.81818867205936
MD,2025-03-28,2025,87,FALSE,-0.19216109841874202,1.616767620487814,1.4246065220690718,48.779614724746196,65.46318046938227,114.24279519412843
MD,2025-03-29,2025,88,FALSE,-0.8413774233557407,2.178577085538588,1.3371996621828475,47.93823730139046,67.64175755492086,115.57999485631129
MD,2025-03-30,2025,89,FALSE,-0.33545812761116517,1.7054036211742356,1.369945493563071,47.6027791737793,69.3471611760951,116.94994034987435
MD,2025-03-31,2025,90,FALSE,-1.7947465296212226,3.157134661753034,1.3623881321318116,45.808032644158075,72.50429583784813,118.31232848200617
MD,2025-04-01,2025,91,FALSE,-0.5817152764552457,1.8254539511302166,1.243738674674971,45.226317367702826,74.32974978897835,119.55606715668114
MD,2025-04-02,2025,92,FALSE,-0.6559325656565355,1.7902977875226256,1.1343652218660905,44.57038480204629,76.12004757650098,120.69043237854723
MD,2025-04-03,2025,93,FALSE,-0.6862473035728252,1.745537322924486,1.0592900193516612,43.884137498473464,77.86558489942547,121.74972239789889
MD,2025-04-04,2025,94,FALSE,-0.37436512110919173,1.404719975366438,1.030354854257246,43.50977237736427,79.2703048747919,122.78007725215613
MD,2025-04-05,2025,95,FALSE,-0.7715549592227648,1.6586001280502067,0.8870451688274418,42.73821741814151,80.92890500284211,123.66712242098357
MD,2025-04-06,2025,96,FALSE,-0.3509112757069754,1.222782043111593,0.8718707674046176,42.38730614243453,82.15168704595371,124.53899318838819
MD,2025-04-07,2025,97,FALSE,-1.7926268366805083,2.6327852682983024,0.8401584316177944,40.59467930575403,84.78447231425201,125.37915162000598
MD,2025-04-08,2025,98,FALSE,-0.5817152764552457,1.3212947739985568,0.7395794975433114,40.01296402929878,86.10576708825057,126.1187311175493
MD,2025-04-09,2025,99,FALSE,-0.6559325656565355,1.3021260501062581,0.646193484449723,39.357031463642244,87.40789313835683,126.76492460199903
MD,2025-04-10,2025,100,FALSE,-0.9199296069474778,1.4635026078346016,0.5435730008871231,38.43710185669477,88.87139574619142,127.30849760288615
MD,2025-04-11,2025,101,FALSE,-1.0103394366252316,1.4910412358821732,0.48070179925694206,37.42676242006954,90.3624369820736,127.7891994021431
MD,2025-04-12,2025,102,FALSE,-1.351419510715334,1.766226789201533,0.4148072784861992,36.075342909354205,92.12866377127514,128.2040066806293
MD,2025-04-13,2025,103,FALSE,0.5716343522851153,-0.17326141706162274,0.39837293522349204,36.64697726163932,91.95540235421352,128.6023796158528
MD,2025-04-14,2025,104,FALSE,-2.5979024534095077,3.106976293086784,0.5090738396772773,34.04907480822981,95.0623786473003,129.1114534555301
MD,2025-04-15,2025,105,TRUE,1.2639801982319996,-0.3796170096389741,0.8843631885930261,35.31305500646181,94.68276163766133,129.99581664412312
MD,2025-04-16,2025,106,TRUE,-1.3440293042832,2.7243240591919724,1.3802947549087716,33.96902570217861,97.4070856968533,131.37611139903188
MD,2025-04-17,2025,107,TRUE,-0.8049773960793284,2.994455866119939,2.189478470040611,33.16404830609928,100.40154156297324,133.56558986907248
MD,2025-04-18,2025,108,TRUE,1.7587908919112731,1.6545645766195134,3.413355468530787,34.92283919801056,102.05610613959274,136.97894533760328
MD,2025-04-19,2025,109,TRUE,-0.18427118529203343,3.47678425007953,3.2925130647874967,34.738568012718524,105.53289038967227,140.27145840239078
MD,2025-04-20,2025,110,TRUE,-0.9558445699519457,3.9596222650362223,3.003777695084278,33.78272344276658,109.49251265470849,143.27523609747504
MD,2025-04-21,2025,111,TRUE,-0.4940309244743997,3.720144320719975,3.2261133962455735,33.28869251829218,113.21265697542847,146.50134949372062
MD,2025-04-22,2025,112,TRUE,-1.0408961406396509,4.733858176754035,3.6929620361143853,32.24779637765253,117.94651515218251,150.194311529835
MD,2025-04-23,2025,113,TRUE,-1.648355986728001,6.218289328565088,4.569933341837086,30.599440390924528,124.1648044807476,154.7642448716721
MD,2025-04-24,2025,114,TRUE,-1.5454512930240005,6.305459327215351,4.760008034191351,29.053989097900526,130.47026380796297,159.52425290586345
MD,2025-04-25,2025,115,TRUE,-1.574876587896,6.607419227043099,5.032542639147099,27.479112510004526,137.07768303500606,164.55679554501054
MD,2025-04-26,2025,116,TRUE,-1.7807576673599999,6.602892955972641,4.822135288612642,25.698354842644527,143.6805759909787,169.37893083362317
MD,2025-04-27,2025,117,TRUE,-2.2730664362809834,7.017955281121345,4.744888844840361,23.425288406363542,150.69853127210004,174.12381967846352
MD,2025-04-28,2025,118,TRUE,-2.519946177260466,8.158698051026049,5.638751873765583,20.905342229103077,158.8572293231261,179.7625715522291
MD,2025-04-29,2025,119,TRUE,-2.7139969360368004,9.168303204092313,6.454306268055514,18.191345293066277,168.02553252721842,186.21687782028462
MD,2025-04-30,2025,120,TRUE,-2.7064874294979977,7.388814798657324,4.682327369159325,15.48485786356828,175.41434732587575,190.89920518944396
MD,2025-05-01,2025,121,TRUE,-0.7383427837419999,5.964608247401114,5.226265463659111,14.74651507982628,181.37895557327687,196.12547065310306
MD,2025-05-02,2025,122,TRUE,-2.2839158507040014,6.976843103804667,4.692927253100664,12.462599229122278,188.35579867708154,200.81839790620373
MD,2025-05-03,2025,123,TRUE,-2.358490070865388,7.397938609446582,5.039448538581194,10.10410915825689,195.75373728652812,205.8578464447849
MD,2025-05-04,2025,124,TRUE,-2.9394186333158485,8.285764437712428,5.346345804396583,7.164690524941041,204.03950172424055,211.2041922491815
MD,2025-05-05,2025,125,TRUE,-3.8237847785827404,9.714239026801355,5.8904542482186155,3.3409057463583007,213.7537407510419,217.0946464974001
MD,2025-05-06,2025,126,TRUE,-1.0038301463676182,7.185697608853894,6.181867462486277,2.3370755999906825,220.9394383598958,223.2765139598864
MD,2025-05-07,2025,127,TRUE,-4.7159889656630085,11.281359761590066,6.565370795927055,-2.378913365672326,232.22079812148587,229.84188475581345
MD,2025-05-08,2025,128,TRUE,-3.410376585839999,9.178433170077188,5.768056584237191,-5.789289951512325,241.39923129156307,235.60994134005065
MD,2025-05-09,2025,129,TRUE,-1.1337391837777255,6.573605521310361,5.439866337532635,-6.923029135290051,247.97283681287342,241.0498076775833
MD,2025-05-10,2025,130,TRUE,-3.629531628555115,10.159670931817221,6.530139303262102,-10.552560763845166,258.13250774469066,247.5799469808454
MD,2025-05-11,2025,131,TRUE,-3.862890950007298,10.932724129457261,7.06983317944996,-14.415451713852464,269.0652318741479,254.64978016029536
MD,2025-05-12,2025,132,TRUE,-2.2644304942758033,11.138768840911913,8.874338346636108,-16.67988220812827,280.2040007150598,263.5241185069315
MD,2025-05-13,2025,133,TRUE,-0.6689303786721038,10.53461396350787,9.865683584835763,-17.348812586800374,290.73861467856767,273.38980209176725
MD,2025-05-14,2025,134,TRUE,-1.6817317504156584,11.902249660954014,10.220517910538357,-19.030544337216032,302.64086433952167,283.6103200023056
MD,2025-05-15,2025,135,TRUE,-1.2170219924378025,11.923001127471284,10.705979135033482,-20.247566329653836,314.563865466993,294.3162991373391
MD,2025-05-16,2025,136,TRUE,-1.2829998533497164,12.383391431172353,11.100391577822634,-21.53056618300355,326.94725689816534,305.41669071516174
MD,2025-05-17,2025,137,TRUE,2.674851660132489,6.730142088562646,9.404993748695134,-18.85571452287106,333.677398986728,314.82168446385685
MD,2025-05-18,2025,138,TRUE,-6.1324840692,15.143088037411612,9.010603968211612,-24.98819859207106,348.8204870241396,323.8322884320685
MD,2025-05-19,2025,139,TRUE,-5.72499192054694,13.339103199301546,7.614111278754607,-30.713190512618002,362.1595902234411,331.4463997108231
MD,2025-05-20,2025,140,TRUE,-0.5002555649760003,7.623140815499279,7.122885250523279,-31.213446077594003,369.78273103894037,338.56928496134634
MD,2025-05-21,2025,141,TRUE,2.9336807431556995,3.9575499547164785,6.891230697872176,-28.279765334438302,373.7402809936568,345.4605156592185
MD,2025-05-22,2025,142,TRUE,-5.348199235967999,12.237226907464018,6.88902767149602,-33.6279645704063,385.9775079011208,352.34954333071454
MD,2025-05-23,2025,143,TRUE,-4.883453406253175,11.030969130002164,6.1475157237489935,-38.51141797665947,397.008477031123,358.49705905446353
MD,2025-05-24,2025,144,TRUE,-3.993244024727845,10.25235124580823,6.259107221080385,-42.50466200138732,407.26082827693125,364.75616627554393
MD,2025-05-25,2025,145,TRUE,-2.0673276668211575,8.463619600197788,6.396291933376627,-44.571989668208474,415.724447877129,371.15245820892056
MD,2025-05-26,2025,146,TRUE,-2.0394919335371,8.887822038629883,6.848330105092785,-46.611481601745574,424.61226991575893,378.00078831401333
MD,2025-05-27,2025,147,TRUE,-4.1852692238582785,11.632033099216104,7.446763875357818,-50.79675082560385,436.24430301497506,385.44755218937115
MD,2025-05-28,2025,148,TRUE,0.32113897145999937,7.151925945301498,7.473064916761498,-50.47561185414385,443.3962289602766,392.9206171061326
MD,2025-05-29,2025,149,TRUE,-3.5686063943691413,10.594652249062053,7.026045854692913,-54.04421824851299,453.9908812093386,399.94666296082556
MD,2025-05-30,2025,150,TRUE,-2.0534757026750174,9.118426270573424,7.064950567898408,-56.097693951188006,463.10930747991205,407.01161352872396
MD,2025-05-31,2025,151,TRUE,-6.235649323147638,12.843038250155045,6.607388927007405,-62.33334327433565,475.95234573006707,413.61900245573133
MD,2025-06-01,2025,152,TRUE,-4.9225220965457925,11.375459904961893,6.452937808416101,-67.25586537088144,487.32780563502894,420.07194026414743
MD,2025-06-02,2025,153,TRUE,-4.968666739319116,12.038042452466746,7.06937571314763,-72.22453211020056,499.3658480874957,427.14131597729505
MD,2025-06-03,2025,154,TRUE,-2.57318897859555,11.132719308329076,8.559530329733525,-74.79772108879611,510.49856739582475,435.7008463070286
MD,2025-06-04,2025,155,TRUE,-2.3147189970479993,10.490222693647128,8.175503696599131,-77.11244008584411,520.9887900894719,443.87635000362775
MD,2025-06-05,2025,156,TRUE,-3.2834653047697593,11.050707998311,7.767242693541241,-80.39590539061388,532.0394980877829,451.64359269716897
MD,2025-06-06,2025,157,TRUE,-4.612461757629637,12.33767445780508,7.725212700175447,-85.00836714824351,544.377172545588,459.36880539734443
MD,2025-06-07,2025,158,TRUE,-5.918081883717917,13.640935088154151,7.722853204436237,-90.92644903196143,558.0181076337421,467.0916586017807
MD,2025-06-08,2025,159,TRUE,-4.514748802430401,12.539737187413772,8.02498838498337,-95.44119783439183,570.5578448211559,475.11664698676407
MD,2025-06-09,2025,160,TRUE,-6.824592147125068,14.121175228141722,7.296583081016657,-102.2657899815169,584.6790200492976,482.4132300677807
MD,2025-06-10,2025,161,TRUE,-4.819575732698964,11.715730210100276,6.896154477401314,-107.08536571421587,596.3947502593978,489.309384545182
MD,2025-06-11,2025,162,TRUE,-6.686653026776334,14.242172113092641,7.55551908631631,-113.7720187409922,610.6369223724905,496.86490363149835
MD,2025-06-12,2025,163,TRUE,-5.277005825854266,12.925694096601132,7.648688270746862,-119.04902456684646,623.5626164690916,504.5135919022452
MD,2025-06-13,2025,164,TRUE,-8.329145813731545,15.573646531618934,7.244500717887389,-127.378170380578,639.1362630007105,511.7580926201326
MD,2025-06-14,2025,165,TRUE,-8.028357290639999,15.426533251245322,7.39817596060532,-135.406527671218,654.5627962519559,519.1562685807379
MD,2025-06-15,2025,166,TRUE,-7.553433711189263,15.978005893470348,8.424572182281088,-142.95996138240724,670.5408021454263,527.580840763019
MD,2025-06-16,2025,167,TRUE,-6.430529996860784,16.023944176102432,9.593414179241654,-149.39049137926804,686.5647463215287,537.1742549422606
MD,2025-06-17,2025,168,TRUE,-5.904958371992964,16.641486779822017,10.736528407829054,-155.295449751261,703.2062331013507,547.9107833500897
MD,2025-06-18,2025,169,TRUE,0.21253887962881235,10.904065714236696,11.116604593865503,-155.08291087163218,714.1102988155874,559.0273879439552
MD,2025-06-19,2025,170,TRUE,1.3974137276962635,9.856629841932962,11.254043569629228,-153.68549714393592,723.9669286575204,570.2814315135844
MD,2025-06-20,2025,171,TRUE,-2.918948107519343,13.947326423817096,11.028378316297749,-156.60444525145527,737.9142550813375,581.3098098298822
MD,2025-06-21,2025,172,TRUE,-3.6222795525846374,15.5053996763821,11.883120123797465,-160.22672480403992,753.4196547577196,593.1929299536796
MD,2025-06-22,2025,173,TRUE,-4.293034890696,15.921328919318894,11.628294028622895,-164.5197596947359,769.3409836770385,604.8212239823025
MD,2025-06-23,2025,174,TRUE,-4.849670005670631,16.060420430504074,11.210750424833442,-169.36942970040653,785.4014041075426,616.031974407136
MD,2025-06-24,2025,175,TRUE,-5.620966900864964,16.077905323470674,10.456938422605708,-174.9903966012715,801.4793094310132,626.4889128297417
MD,2025-06-25,2025,176,TRUE,-3.8610018215232365,13.48630963869397,9.625307817170729,-178.85139842279474,814.9656190697073,636.1142206469125
MD,2025-06-26,2025,177,TRUE,-6.230175823013147,16.07783742614145,9.8476616031283,-185.0815742458079,831.0434564958487,645.9618822500407
MD,2025-06-27,2025,178,TRUE,-4.051102223376001,14.072534260062028,10.021432036686033,-189.1326764691839,845.1159907559107,655.9833142867268
MD,2025-06-28,2025,179,TRUE,-4.460731329385013,14.052472768893445,9.591741439508432,-193.59340779856893,859.1684635248042,665.5750557262352
MD,2025-06-29,2025,180,TRUE,-4.737784722223168,14.147670444897384,9.409885722674215,-198.33119252079211,873.3161339697016,674.9849414489094
MD,2025-06-30,2025,181,TRUE,-5.972038284110871,14.882339350272709,8.910301066161836,-204.303230804903,888.1984733199743,683.8952425150712
MD,2025-07-01,2025,182,TRUE,-4.038831842005286,12.43862340161797,8.399791559612682,-208.3420626469083,900.6370967215922,692.2950340746839
MD,2025-07-02,2025,183,TRUE,-5.3326209393983905,13.117298792501105,7.784677853102717,-213.67468358630668,913.7543955140933,700.0797119277867
MD,2025-07-03,2025,184,TRUE,-5.227575122171776,12.116552541395501,6.8889774192237265,-218.90225870847846,925.8709480554888,706.9686893470104
MD,2025-07-04,2025,185,TRUE,-7.8321080127242,13.913973720938158,6.081865708213959,-226.73436672120266,939.784921776427,713.0505550552243
MD,2025-07-05,2025,186,TRUE,-6.5340908375285345,12.269355628554043,5.735264791025513,-233.2684575587312,952.0542774049811,718.7858198462499
MD,2025-07-06,2025,187,TRUE,-5.889901133526962,11.118540763823646,5.228639630296677,-239.15835869225816,963.1728181688047,724.0144594765466
MD,2025-07-07,2025,188,TRUE,-5.714828638272,10.271564530763678,4.556735892491678,-244.87318733053016,973.4443826995685,728.5711953690383
MD,2025-07-08,2025,189,TRUE,-6.827284155508177,11.34210702368674,4.514822868178565,-251.70047148603834,984.7864897232552,733.0860182372169
MD,2025-07-09,2025,190,TRUE,-5.386006360325968,10.195084777482435,4.809078417156466,-257.0864778463643,994.9815745007376,737.8950966543733
MD,2025-07-10,2025,191,TRUE,-6.5089273563477805,11.069273490094638,4.560346133746856,-263.5954052027121,1006.0508479908322,742.4554427881202
MD,2025-07-11,2025,192,TRUE,-3.3504365074224483,7.992586177155086,4.642149669732638,-266.9458417101345,1014.0434341679872,747.0975924578528
MD,2025-07-12,2025,193,TRUE,-6.869091883675639,11.68307080400255,4.813978920326912,-273.81493359381017,1025.7265049719897,751.9115713781797
MD,2025-07-13,2025,194,TRUE,-7.902502467418532,12.586884676336508,4.684382208917975,-281.7174360612287,1038.3133896483262,756.5959535870977
MD,2025-07-14,2025,195,TRUE,-6.432242599476828,10.952647848454227,4.520405248977402,-288.1496786607055,1049.2660374967804,761.1163588360752
MD,2025-07-15,2025,196,TRUE,-5.648558592003264,10.148117729277068,4.4995591372738035,-293.79823725270876,1059.4141552260576,765.6159179733489
MD,2025-07-16,2025,197,TRUE,-6.586528098622406,11.306055653623988,4.719527555001583,-300.38476535133117,1070.7202108796816,770.3354455283505
MD,2025-07-17,2025,198,TRUE,-5.667131744666342,9.734815419964258,4.067683675297918,-306.0518970959975,1080.4550262996459,774.4031292036484
MD,2025-07-18,2025,199,TRUE,-6.0652636570032525,9.837652880199444,3.7723892231961895,-312.11716075300075,1090.2926791798452,778.1755184268446
MD,2025-07-19,2025,200,TRUE,-0.6214640458553251,4.635149487806597,4.01368544195127,-312.73862479885605,1094.9278286676517,782.1892038687959
MD,2025-07-20,2025,201,TRUE,-3.070160811684799,7.161539747825737,4.09137893614094,-315.80878561054084,1102.0893684154776,786.2805828049368
MD,2025-07-21,2025,202,TRUE,-5.091231738098745,9.242498934308689,4.151267196209942,-320.9000173486396,1111.3318673497863,790.4318500011467
MD,2025-07-22,2025,203,TRUE,-5.650350709680001,10.731392311223107,5.081041601543107,-326.55036805831963,1122.0632596610094,795.5128916026898
MD,2025-07-23,2025,204,TRUE,-4.647892386302981,10.830948871427893,6.183056485124911,-331.19826044462263,1132.8942085324372,801.6959480878147
MD,2025-07-24,2025,205,TRUE,-4.81638431664,11.981977295992776,7.165592979352775,-336.0146447612626,1144.87618582843,808.8615410671675
MD,2025-07-25,2025,206,TRUE,-5.061172874531966,12.16270769998775,7.101534825455786,-341.0758176357946,1157.0388935284177,815.9630758926234
MD,2025-07-26,2025,207,TRUE,-1.4587610321052864,8.795942955137486,7.337181923032198,-342.53457866789984,1165.8348364835551,823.3002578156555
MD,2025-07-27,2025,208,TRUE,-3.782835970293348,11.71094691157154,7.928110941278192,-346.31741463819316,1177.5457833951266,831.2283687569337
MD,2025-07-28,2025,209,TRUE,-3.381273805301169,11.783946420149736,8.402672614848562,-349.69868844349435,1189.3297298152763,839.6310413717823
MD,2025-07-29,2025,210,TRUE,-5.1987872166644715,13.531892431304014,8.333105214639543,-354.8974756601588,1202.8616222465803,847.9641465864219
MD,2025-07-30,2025,211,TRUE,-1.730506549230419,10.253273825535517,8.5227672763051,-356.62798220938924,1213.1148960721157,856.486913862727
MD,2025-07-31,2025,212,TRUE,-3.8959115510566016,12.28932436511977,8.393412814063167,-360.52389376044584,1225.4042204372354,864.8803266767901
MD,2025-08-01,2025,213,TRUE,-4.436495614198286,12.530004669421118,8.093509055222832,-364.96038937464414,1237.9342251066564,872.973835732013
MD,2025-08-02,2025,214,TRUE,-5.414214483965145,13.012329272111003,7.598114788145862,-370.3746038586093,1250.9465543787674,880.5719505201588
MD,2025-08-03,2025,215,TRUE,-6.749339371924148,14.590031082320396,7.840691710396244,-377.1239432305334,1265.5365854610877,888.4126422305551
MD,2025-08-04,2025,216,TRUE,-7.711899651728181,15.166240523581033,7.454340871852849,-384.8358428822616,1280.7028259846688,895.866983102408
MD,2025-08-05,2025,217,TRUE,-6.721414290494475,13.636119826547134,6.91470553605266,-391.55725717275607,1294.338945811216,902.7816886384607
MD,2025-08-06,2025,218,TRUE,-6.3464507180419485,12.860068537417929,6.513617819375979,-397.903707890798,1307.199014348634,909.2953064578367
MD,2025-08-07,2025,219,TRUE,-4.5413892067903525,10.478317510564928,5.936928303774575,-402.44509709758836,1317.6773318591988,915.2322347616113
MD,2025-08-08,2025,220,TRUE,-3.5410762803626827,8.913874560770342,5.3727982804076575,-405.98617337795105,1326.5912064199692,920.6050330420189
MD,2025-08-09,2025,221,TRUE,-4.687517768489581,9.595850415436928,4.908332646947347,-410.6736911464406,1336.187056835406,925.5133656889662
MD,2025-08-10,2025,222,TRUE,-4.920769045268356,9.168170158600004,4.247401113331646,-415.59446019170895,1345.3552269940062,929.7607668022979
MD,2025-08-11,2025,223,TRUE,-6.063419021620508,10.750492155349429,4.687073133728918,-421.65787921332947,1356.1057191493555,934.4478399360269
MD,2025-08-12,2025,224,TRUE,3.749946364165957,1.6070300932122374,5.356976457378194,-417.9079328491635,1357.7127492425677,939.8048163934051
MD,2025-08-13,2025,225,TRUE,0.15360811695409568,6.212696083130067,6.366304200084162,-417.7543247322094,1363.9254453256979,946.1711205934893
MD,2025-08-14,2025,226,TRUE,-3.5804494449369852,10.495781181994179,6.915331737057192,-421.33477417714636,1374.4212265076922,953.0864523305464
MD,2025-08-15,2025,227,TRUE,-3.968516297385288,12.01213407523663,8.04361777785134,-425.30329047453165,1386.4333605829288,961.1300701083977
MD,2025-08-16,2025,228,TRUE,-0.8617326681044223,9.92898577187303,9.067253103768607,-426.1650231426361,1396.3623463548017,970.1973232121663
MD,2025-08-17,2025,229,TRUE,-2.5373638511931698,12.116616621152328,9.579252769959158,-428.70238699382924,1408.4789629759541,979.7765759821255
MD,2025-08-18,2025,230,TRUE,-3.3437376276551998,12.79575772985457,9.452020102199368,-432.0461246214844,1421.2747207058087,989.2285960843249
MD,2025-08-19,2025,231,TRUE,4.272682217700524,5.555170260213227,9.82785247791375,-427.77344240378386,1426.8298909660218,999.0564485622386
MD,2025-08-20,2025,232,TRUE,-1.9367972086348293,11.637448062686287,9.70065085405146,-429.7102396124187,1438.467339028708,1008.7570994162901
MD,2025-08-21,2025,233,TRUE,-2.1947747183419035,11.50608413309676,9.311309414754858,-431.9050143307606,1449.9734231618047,1018.068408831045
MD,2025-08-22,2025,234,TRUE,-4.51687620175313,13.687585599125736,9.170709397372606,-436.4218905325137,1463.6610087609304,1027.2391182284175
MD,2025-08-23,2025,235,TRUE,-2.1216057202123624,11.02162378613831,8.900018065925948,-438.5434962527261,1474.6826325470686,1036.1391362943434
MD,2025-08-24,2025,236,TRUE,-3.577421507521167,11.278925934095575,7.701504426574416,-442.12091776024727,1485.961558481164,1043.840640720918
MD,2025-08-25,2025,237,TRUE,-2.3892710499741074,9.373048406745903,6.983777356771793,-444.5101888102214,1495.33460688791,1050.8244180776896
MD,2025-08-26,2025,238,TRUE,-1.1529779114927448,8.182438724554506,7.029460813061761,-445.66316672171416,1503.5170456124645,1057.8538788907515
MD,2025-08-27,2025,239,TRUE,-4.7178477688621365,12.049665515116484,7.331817746254348,-450.3810144905763,1515.566711127581,1065.1856966370058
MD,2025-08-28,2025,240,TRUE,-1.641498111008858,9.889810492337727,8.248312381328867,-452.02251260158516,1525.4565216199187,1073.4340090183346
MD,2025-08-29,2025,241,TRUE,-3.8205397862469477,11.174141727637899,7.353601941390955,-455.84305238783213,1536.6306633475565,1080.7876109597255
MD,2025-08-30,2025,242,TRUE,-0.8193567494053091,8.538717054912642,7.719360305507331,-456.66240913723743,1545.1693804024692,1088.5069712652328
MD,2025-08-31,2025,243,TRUE,-4.2674637763023995,12.681504130998025,8.414040354695626,-460.92987291353984,1557.8508845334673,1096.9210116199283
MD,2025-09-01,2025,244,TRUE,-4.265734878687286,13.080941065033311,8.815206186346026,-465.1956077922271,1570.9318255985006,1105.7362178062745
MD,2025-09-02,2025,245,TRUE,-3.6520779298845323,12.60450143278746,8.952423502902924,-468.84768572211163,1583.536327031288,1114.6886413091775
MD,2025-09-03,2025,246,TRUE,3.4365190137512855,5.496927419521937,8.933446433273224,-465.4111667083603,1589.0332544508099,1123.6220877424507
MD,2025-09-04,2025,247,TRUE,-5.42992868717415,13.455406368076751,8.025477680902599,-470.84109539553447,1602.4886608188867,1131.6475654233534
MD,2025-09-05,2025,248,TRUE,-2.4843828708500744,10.61614633320193,8.131763462351858,-473.32547826638455,1613.1048071520886,1139.7793288857054
MD,2025-09-06,2025,249,TRUE,-1.8204077352410954,9.566779536083867,7.7463718008427715,-475.1458860016256,1622.6715866881725,1147.5257006865481
MD,2025-09-07,2025,250,TRUE,-3.735155805316672,11.122273542474726,7.387117737158058,-478.8810418069423,1633.7938602306472,1154.912818423706
MD,2025-09-08,2025,251,TRUE,-4.515670657978514,11.681127452082967,7.165456794104455,-483.39671246492077,1645.4749876827302,1162.0782752178106
MD,2025-09-09,2025,252,TRUE,-5.183769753152069,13.089460773187872,7.905691020035805,-488.58048221807286,1658.5644484559182,1169.9839662378465
MD,2025-09-10,2025,253,TRUE,-3.8939699772379743,12.155183553684504,8.26121357644653,-492.47445219531085,1670.7196320096027,1178.2451798142931
MD,2025-09-11,2025,254,TRUE,-3.771390040521218,12.260712655191607,8.489322614670392,-496.2458422358321,1682.9803446647943,1186.7345024289634
MD,2025-09-12,2025,255,TRUE,-3.752900078516786,12.232726925506768,8.479826846989983,-499.9987423143489,1695.213071590301,1195.2143292759533
MD,2025-09-13,2025,256,TRUE,-5.418554320463597,13.675271203007346,8.256716882543747,-505.4172966348125,1708.8883427933083,1203.471046158497
MD,2025-09-14,2025,257,TRUE,-3.0990880175351525,11.584277851530429,8.48518983399528,-508.51638465234765,1720.4726206448388,1211.9562359924923
MD,2025-09-15,2025,258,TRUE,-2.6072701833798106,11.030145597157977,8.422875413778167,-511.12365483572745,1731.5027662419968,1220.3791114062706
MD,2025-09-16,2025,259,TRUE,-3.113385208392733,11.299380769217953,8.185995560825221,-514.2370400441201,1742.8021470112149,1228.5651069670957
MD,2025-09-17,2025,260,TRUE,-3.766188412177925,11.742027395824715,7.975838983646795,-518.0032284562981,1754.5441744070395,1236.5409459507425
MD,2025-09-18,2025,261,TRUE,-3.9963705966702125,11.986189742344628,7.989819145674414,-521.9995990529683,1766.530364149384,1244.5307650964169
MD,2025-09-19,2025,262,TRUE,-3.721920377419915,11.649908231256573,7.927987853836658,-525.7215194303882,1778.1802723806406,1252.4587529502535
MD,2025-09-20,2025,263,TRUE,-5.443387329023999,12.942473863370829,7.4990865343468265,-531.1649067594121,1791.1227462440115,1259.9578394846003
MD,2025-09-21,2025,264,TRUE,-1.224662854114035,8.741700378977107,7.517037524863068,-532.3895696135262,1799.8644466229887,1267.4748770094634
MD,2025-09-22,2025,265,TRUE,-1.2165084762853864,9.145383467749152,7.92887499146376,-533.6060780898116,1809.0098300907378,1275.4037520009272
MD,2025-09-23,2025,266,TRUE,-1.834613010978527,9.776434287687438,7.94182127670891,-535.4406911007901,1818.7862643784251,1283.345573277636
MD,2025-09-24,2025,267,TRUE,-0.6096659437832097,8.352023137082982,7.742357193299773,-536.0503570445733,1827.1382875155082,1291.0879304709358
MD,2025-09-25,2025,268,TRUE,-1.0117772908000475,8.807558391620608,7.7957811008205615,-537.0621343353733,1835.9458459071288,1298.8837115717563
MD,2025-09-26,2025,269,TRUE,-2.665609037227868,10.339167324886043,7.6735582876581745,-539.7277433726013,1846.285013232015,1306.5572698594144
MD,2025-09-27,2025,270,TRUE,-2.4612972173654906,9.882128562483967,7.420831345118475,-542.1890405899668,1856.167141794499,1313.978101204533
MD,2025-09-28,2025,271,TRUE,-1.6581059494717179,9.099262176671163,7.441156227199446,-543.8471465394385,1865.2664039711701,1321.4192574317324
MD,2025-09-29,2025,272,TRUE,-1.5600172605000269,8.264067313113642,6.7040500526136135,-545.4071637999385,1873.5304712842837,1328.123307484346
MD,2025-09-30,2025,273,TRUE,-1.172571699862798,7.948027899597164,6.775456199734366,-546.5797354998014,1881.478499183881,1334.8987636840804
MD,2025-10-01,2025,274,TRUE,-4.13768267723399,10.570285120160126,6.432602442926139,-550.7174181770354,1892.0487843040412,1341.3313661270065
MD,2025-10-02,2025,275,TRUE,-2.39921295693262,8.769257871759592,6.370044914826971,-553.116631133968,1900.8180421758009,1347.7014110418336
MD,2025-10-03,2025,276,TRUE,-2.280469351983214,9.461870600270824,7.181401248287611,-555.3971004859512,1910.2799127760718,1354.8828122901211
MD,2025-10-04,2025,277,TRUE,-1.5367827185834304,9.409199612571914,7.8724168939884835,-556.9338832045347,1919.6891123886437,1362.7552291841096
MD,2025-10-05,2025,278,TRUE,-2.6201278659409275,11.27200709025519,8.65187922431426,-559.5540110704757,1930.9611194788988,1371.407108408424
MD,2025-10-06,2025,279,TRUE,-2.239610984685572,11.483171065794698,9.243560081109122,-561.7936220551612,1942.4442905446936,1380.650668489533
MD,2025-10-07,2025,280,TRUE,1.396868580468769,7.211018341239896,8.607886921708662,-560.3967534746924,1949.6553088859334,1389.2585554112418
MD,2025-10-08,2025,281,TRUE,1.1853232790950354,5.969399194418171,7.154722473513208,-559.2114301955974,1955.6247080803516,1396.413277884755
MD,2025-10-09,2025,282,TRUE,0.7501312105344814,5.754052376580142,6.504183587114625,-558.4612989850629,1961.3787604569318,1402.9174614718695
MD,2025-10-10,2025,283,TRUE,3.6221218314669157,2.9996343606686873,6.621756192135599,-554.839177153596,1964.3783948176006,1409.539217664005
MD,2025-10-11,2025,284,TRUE,2.086303726298855,4.652418366710388,6.7387220930092475,-552.7528734272971,1969.030813184311,1416.2779397570143
MD,2025-10-12,2025,285,TRUE,-2.0706563012583064,8.265128760077468,6.1944724588191615,-554.8235297285554,1977.2959419443885,1422.4724122158334
MD,2025-10-13,2025,286,TRUE,-2.389826297795665,9.184490165226519,6.794663867430856,-557.2133560263511,1986.4804321096149,1429.2670760832643
MD,2025-10-14,2025,287,TRUE,-1.3821790234866203,8.092423343597298,6.710244320110681,-558.5955350498377,1994.5728554532122,1435.977320403375
MD,2025-10-15,2025,288,TRUE,-2.7874519465134204,8.311198269393428,5.5237463228800054,-561.3829869963512,2002.8840537226056,1441.501066726255
MD,2025-10-16,2025,289,TRUE,-1.2905981332548604,5.927668556391648,4.637070423136787,-562.6735851296061,2008.8117222789972,1446.1381371493917
MD,2025-10-17,2025,290,TRUE,-0.7625176652307313,5.721446275741876,4.958928610511144,-563.4361027948368,2014.5331685547392,1451.0970657599028
MD,2025-10-18,2025,291,TRUE,1.2557304802922045,4.430460894803532,5.686191375095738,-562.1803723145446,2018.9636294495426,1456.7832571349984
MD,2025-10-19,2025,292,TRUE,3.0552568660220105,2.316136548047267,5.371393414069276,-559.1251154485226,2021.27976599759,1462.1546505490676
MD,2025-10-20,2025,293,TRUE,-0.648997872474641,5.784197823827189,5.135199951352549,-559.7741133209972,2027.0639638214172,1467.2898505004202
MD,2025-10-21,2025,294,TRUE,1.2525719624112002,4.196400600699883,5.448972563111082,-558.521541358586,2031.2603644221172,1472.7388230635313
MD,2025-10-22,2025,295,TRUE,5.448139907092365,-0.430311610309626,5.0178282967827395,-553.0734014514936,2030.8300528118075,1477.756651360314
MD,2025-10-23,2025,296,TRUE,1.3582421503487458,3.491287329412675,4.849529479761422,-551.7151593011449,2034.3213401412202,1482.6061808400755
MD,2025-10-24,2025,297,TRUE,-0.7641544759578742,5.668469961178086,4.904315485220213,-552.4793137771028,2039.9898101023982,1487.5104963252957
MD,2025-10-25,2025,298,TRUE,-1.262051460449351,5.502889301066782,4.240837840617432,-553.7413652375521,2045.492699403465,1491.751334165913
MD,2025-10-26,2025,299,TRUE,-0.9820394699789551,5.248779851290108,4.266740381311153,-554.7234047075311,2050.741479254755,1496.0180745472242
MD,2025-10-27,2025,300,TRUE,-0.9077014949303412,4.9590174527467505,4.051315957816409,-555.6311062024615,2055.7004967075018,1500.0693905050405
MD,2025-10-28,2025,301,TRUE,-0.8648495618116201,4.796991673096768,3.9321421112851467,-556.4959557642732,2060.4974883805985,1504.0015326163257
MD,2025-10-29,2025,302,TRUE,-0.8140825585470512,4.691776194551695,3.8776936360046435,-557.3100383228202,2065.18926457515,1507.8792262523302
MD,2025-10-30,2025,303,TRUE,0.6171658617931819,3.032561525569465,3.6497273873626463,-556.692872461027,2068.2218261007197,1511.5289536396929
MD,2025-10-31,2025,304,TRUE,1.0716528616192074,2.6134806455144326,3.6851335071336413,-555.6212195994078,2070.835306746234,1515.2140871468266
MD,2025-11-01,2025,305,FALSE,0.9734787642911332,2.3980941259566144,3.3715728902477493,-554.6477408351167,2073.2334008721905,1518.5856600370744
MD,2025-11-02,2025,306,FALSE,0.04782330122364144,3.053887299087538,3.1017106003111796,-554.5999175338931,2076.287288171278,1521.6873706373856
MD,2025-11-03,2025,307,FALSE,0.9095062054319994,2.374219752222366,3.283725957654367,-553.6904113284611,2078.6615079235003,1524.9710965950399
MD,2025-11-04,2025,308,FALSE,0.24404841308563247,3.7144488307491734,3.958497243834805,-553.4463629153755,2082.3759567542493,1528.9295938388746
MD,2025-11-05,2025,309,FALSE,1.074909695133805,2.7420391693032036,3.8169488644370078,-552.3714532202417,2085.1179959235524,1532.7465427033117
MD,2025-11-06,2025,310,FALSE,-0.10793812034714173,3.1793496747787153,3.071411554431573,-552.4793913405889,2088.297345598331,1535.8179542577432
MD,2025-11-07,2025,311,FALSE,0.8710628846914369,2.5468592810528237,3.41792216574426,-551.6083284558974,2090.844204879384,1539.2358764234875
MD,2025-11-08,2025,312,FALSE,0.04883162419714891,2.804937091589125,2.8537687157862734,-551.5594968317002,2093.6491419709732,1542.089645139274
MD,2025-11-09,2025,313,FALSE,0.2876557031496201,2.029116105305625,2.3167718084552456,-551.2718411285506,2095.678258076279,1544.4064169477292
MD,2025-11-10,2025,314,FALSE,0.48734781206400024,1.4932692717308746,1.9806170837948747,-550.7844933164866,2097.1715273480095,1546.387034031524
MD,2025-11-11,2025,315,FALSE,0.5785269069382473,1.5735689134901387,2.152095820428386,-550.2059664095484,2098.7450962615,1548.5391298519526
MD,2025-11-12,2025,316,FALSE,0.5574274167600001,2.2471348515847254,2.8045622683447244,-549.6485389927884,2100.9922311130845,1551.3436921202972
MD,2025-11-13,2025,317,FALSE,0.4263475584222268,2.2539090113819538,2.68025656980418,-549.2221914343662,2103.2461401244664,1554.0239486901014
MD,2025-11-14,2025,318,FALSE,-0.2169724196240745,3.034529586569834,2.8175571669457593,-549.4391638539903,2106.2806697110364,1556.8415058570472
MD,2025-11-15,2025,319,FALSE,1.7608786512728163,1.5599194855277079,3.3207981368005233,-547.6782852027175,2107.840589196564,1560.1623039938477
MD,2025-11-16,2025,320,FALSE,1.408794220843469,1.1760912528743455,2.5848854737178155,-546.269490981874,2109.0166804494384,1562.7471894675655
MD,2025-11-17,2025,321,FALSE,0.591192181919705,1.522533078056005,2.11372525997571,-545.6782987999543,2110.539213527494,1564.8609147275413
MD,2025-11-18,2025,322,FALSE,0.6913233381747377,1.3031803342397612,1.9945036724144987,-544.9869754617796,2111.842393861734,1566.8554183999559
MD,2025-11-19,2025,323,FALSE,0.6126890984958205,1.420573833205122,2.0332629317009423,-544.3742863632838,2113.262967694939,1568.8886813316567
MD,2025-11-20,2025,324,FALSE,1.4493981824190905,0.7992456585714577,2.248643840990548,-542.9248881808646,2114.0622133535107,1571.1373251726473
MD,2025-11-21,2025,325,FALSE,1.644951170020492,0.914370222808784,2.559321392829276,-541.2799370108442,2114.9765835763196,1573.6966465654766
MD,2025-11-22,2025,326,FALSE,1.3429235116014193,0.7507532777725369,2.093676789373956,-539.9370134992428,2115.7273368540923,1575.7903233548507
MD,2025-11-23,2025,327,FALSE,1.344948183400465,1.233205476387229,2.578153659787694,-538.5920653158423,2116.9605423304797,1578.3684770146383
MD,2025-11-24,2025,328,FALSE,0.8054705398615174,1.5672511967327165,2.372721736594235,-537.7865947759808,2118.5277935272125,1580.7411987512326
MD,2025-11-25,2025,329,FALSE,2.3560646984348215,0.47912643221764384,2.835191130652465,-535.430530077546,2119.00691995943,1583.576389881885
MD,2025-11-26,2025,330,FALSE,1.6506393487949766,0.9088742563475316,2.559513605142508,-533.7798907287511,2119.9157942157776,1586.1359034870275
MD,2025-11-27,2025,331,FALSE,2.1663090684000004,-0.03401107442393369,2.1322979939760667,-531.6135816603511,2119.8817831413535,1588.2682014810034
MD,2025-11-28,2025,332,FALSE,1.78112385,0.29277581785134643,2.073899667851346,-529.8324578103511,2120.1745589592047,1590.3421011488547
MD,2025-11-29,2025,333,FALSE,1.780323225365778,0.27305117296621717,2.053374398331995,-528.0521345849853,2120.4476101321707,1592.3954755471866
MD,2025-11-30,2025,334,FALSE,1.5623305067050801,0.4435559732811902,2.0058864799862697,-526.4898040782803,2120.8911661054517,1594.4013620271728
MD,2025-12-01,2025,335,FALSE,1.9338091311256986,-0.13500327261250733,1.7988058585131914,-524.5559949471545,2120.756162832839,1596.200167885686
MD,2025-12-02,2025,336,FALSE,1.050754515247717,0.5444135178180686,1.5951680330657858,-523.5052404319068,2121.300576350657,1597.7953359187518
MD,2025-12-03,2025,337,FALSE,1.2167311202967281,0.4018958967624611,1.6186270170591883,-522.2885093116101,2121.70247224742,1599.413962935811
MD,2025-12-04,2025,338,FALSE,1.2798277289397464,0.097121239523253855,1.3769489684630005,-521.0086815826704,2121.799593486943,1600.790911904274
MD,2025-12-05,2025,339,FALSE,1.6353220431078808,-0.3464226797238195,1.2888993633840613,-519.3733595395626,2121.4531708072195,1602.079811267658
MD,2025-12-06,2025,340,FALSE,1.4323353564735108,0.34875533872424463,1.7810906951977554,-517.9410241830891,2121.801926145944,1603.8609019628557
MD,2025-12-07,2025,341,FALSE,1.371581591306982,0.1343893191951469,1.5059709105021286,-516.5694425917821,2121.936315465139,1605.3668728733578
MD,2025-12-08,2025,342,FALSE,2.0697338894386346,-0.9555445968566554,1.1141892925819796,-514.4997087023435,2120.9807708682824,1606.4810621659399
MD,2025-12-09,2025,343,FALSE,1.222007399993837,0.2549667591710982,1.476974159164936,-513.2777013023497,2121.2357376274535,1607.9580363251048
MD,2025-12-10,2025,344,FALSE,-0.6132877734107469,2.377699757414509,1.7644119840037618,-513.8909890757604,2123.613437384868,1609.7224483091086
MD,2025-12-11,2025,345,FALSE,0.9600510053482726,0.4769276443893325,1.4369786497376056,-512.9309380704121,2124.0903650292576,1611.159426958846
MD,2025-12-12,2025,346,FALSE,1.1969201164581018,0.3717197153805517,1.5686398318386534,-511.73401795395404,2124.462084744638,1612.7280667906848
MD,2025-12-13,2025,347,FALSE,1.0392126917928561,0.23746099432041,1.2766736861132664,-510.6948052621612,2124.6995457389585,1614.0047404767981
MD,2025-12-14,2025,348,FALSE,1.2671214619377769,-0.28235768813500417,0.9847637738027725,-509.4276838002234,2124.4171880508234,1614.989504250601
MD,2025-12-15,2025,349,FALSE,1.009109253779518,0.29879370973384334,1.3079029635133612,-508.4185745464439,2124.715981760557,1616.2974072141144
MD,2025-12-16,2025,350,FALSE,1.0113373536123957,0.8142458234138605,1.825583177026256,-507.4072371928315,2125.530227583971,1618.1229903911405
MD,2025-12-17,2025,351,FALSE,1.5022825513336553,1.200106413568024,2.7023889649016786,-505.9049546414978,2126.7303339975388,1620.8253793560423
MD,2025-12-18,2025,352,FALSE,3.2859659916739554,-0.6013625522569715,2.6846034394169833,-502.61898864982385,2126.128971445282,1623.5099827954593
MD,2025-12-19,2025,353,FALSE,0.8515607227344001,1.0733863805728454,1.9249471033072456,-501.76742792708944,2127.2023578258545,1625.4349298987665
MD,2025-12-20,2025,354,FALSE,0.9893740640472534,0.8210228549165165,1.8103969189637699,-500.7780538630422,2128.023380680771,1627.2453268177303
MD,2025-12-21,2025,355,FALSE,0.8025842057940001,0.7470414230143043,1.5496256288083041,-499.9754696572482,2128.770422103785,1628.7949524465387
MD,2025-12-22,2025,356,FALSE,0.9699256905835417,0.6696289665454528,1.6395546571289943,-499.0055439666647,2129.440051070331,1630.4345071036676
MD,2025-12-23,2025,357,FALSE,1.9148219535171849,0.044511348880059615,1.9593333023972437,-497.0907220131475,2129.4845624192108,1632.3938404060648
MD,2025-12-24,2025,358,FALSE,1.1032397913202598,0.5068387375856925,1.6100785289059523,-495.98748222182724,2129.9914011567967,1634.0039189349707
MD,2025-12-25,2025,359,FALSE,1.1876913264571427,0.3713606411456201,1.5590519676027634,-494.7997908953701,2130.3627617979423,1635.5629709025734
MD,2025-12-26,2025,360,FALSE,1.6104970304802333,-0.23702375969517342,1.3734732707850597,-493.18929386488986,2130.125738038247,1636.9364441733585
MD,2025-12-27,2025,361,FALSE,1.2150215326969662,0.12554864308592031,1.340570175782887,-491.97427233219287,2130.251286681333,1638.2770143491414
MD,2025-12-28,2025,362,FALSE,2.7791778795558617,-1.1990912904573778,1.5800865890984837,-489.195094452637,2129.0521953908756,1639.85710093824
MD,2025-12-29,2025,363,FALSE,1.8171073469295211,-0.16659051686576282,1.6505168300637587,-487.3779871057075,2128.88560487401,1641.5076177683036
MD,2025-12-30,2025,364,FALSE,0.9408167289719999,0.5883796926945962,1.5291964216665965,-486.43717037673554,2129.4739845667045,1643.03681418997
MD,2025-12-31,2025,365,FALSE,1.0492066009303584,0.3011028901005717,1.3503094910309303,-485.3879637758052,2129.775087456805,1644.387123681001
MD,2026-01-01,2025,1,FALSE,0.2844802944,-0.04507947455693034,0.23940081984306966,-485.1034834814052,2129.730007982248,1644.626524500844
