Date,LD_NEE_gC_day,MD_NEE_gC_day,LD_GPP_gC_day,MD_GPP_gC_day,LD_Reco_gC_day,MD_Reco_gC_day,LD_VPD_mean_kPa,MD_VPD_mean_kPa,LD_VPD_day_kPa,MD_VPD_day_kPa,LD_VPD_midday_kPa,MD_VPD_midday_kPa,n_hh,n_Rg,frac_Rg,Rg_mean_Wm2,Rg_max_Wm2,Tair_mean_C,Tair_max_C,Tair_min_C,RH_mean_pct,VPD_mean_kPa,VPD_max_kPa,P_used_mm,SWC_mean,TS_mean_C,n_SWC_mean,n_TS_mean,n_Rg_from_Grant,n_Tair_from_Grant,n_RH_from_Grant,frac_Rg_from_Grant,frac_Tair_from_Grant,frac_RH_from_Grant
2025-01-01,0.7434393397948801,1.1973819557880003,0.31604533247217836,-0.326369876096795,1.0594846722670586,0.8710120796912049,NA,0.011595369729729733,NA,NA,NA,0.008236588,NA,NA,NA,NA,NA,NA,NA,NA,NA,NA,NA,NA,NA,NA,NA,NA,NA,NA,NA,NA,NA,NA
2025-01-02,1.0051156529612788,0.8503687506999286,0.3717972353558489,0.28137017222497424,1.3769128883171278,1.1317389229249029,0.10182146052631579,0.09095197727272727,NA,NA,0.10117226,0.1033997,38,38,1,28.115711739226843,109.471,-4.5234736842105026,-3.2539999999999623,-5.291999999999973,76.04473157894736,0.10489845568262963,0.13001516105818217,0,0.284102,2.1987719298245842,2,3,0,0,0,0,0,0
2025-01-03,0.7811337405442897,0.6957937658819289,0.5229850568669424,0.37090378883509373,1.3041187974112325,1.066697554717023,0.05173201769787234,0.05035853323333333,NA,NA,0.07857193,0.07704577,47,47,1,38.088238644685106,165.664,-5.535872340425508,-4.233000000000004,-7.168999999999983,86.76258936170213,0.05662043673623048,0.09214823584504961,0,0.27990736170212765,1.8041134751773258,2,3,0,0,0,0,0,0
2025-01-04,0.9589455765503996,0.9117053376336,0.11891892110407391,-0.02711023956578831,1.0778644976544738,0.8845950980678119,0.0718149625,0.07087473333333333,NA,NA,0.0905272,0.08913156,48,48,1,41.14866283706494,202.188,-8.298708333333314,-7.189999999999998,-9.142999999999972,77.59108125,0.07356497088125327,0.10072292813442205,0,0.27766957291666666,1.5838611111111345,2,3,0,0,0,0,0,0
2025-01-05,1.3847783024773626,0.9197257650170206,-0.3852931263643685,-0.07185009381859608,0.9994851761129945,0.8478756711984244,0.06508455714285714,0.0569328,NA,NA,0.077556275,0.06325714,37,37,1,25.600457821469732,134.851,-9.112891891891872,-6.231999999999971,-10.604999999999961,77.4062972972973,0.06967988945401499,0.09805700632357933,0,0.2746052972972973,1.3997747747748015,2,3,0,0,0,0,0,0
2025-01-06,1.2624032837123624,0.576254126313,-0.19722760895267932,0.35404984989202504,1.0651756747596828,0.9303039762050254,0.1216525,0.03677461279166667,NA,NA,NA,0.07124638,5,5,1,4.6936297638,16.8626,-5.2259999999999875,-4.59699999999998,-5.689999999999998,68.35332,0.13127579518405294,0.14960669854096525,0,0.2683418,1.1628666666666958,2,3,0,0,0,0,0,0
2025-01-07,0.9463134256118609,0.7305100098855531,0.18123039657750148,0.27019344995956407,1.1275438221893619,1.0007034598451172,0.10575456451612902,0.11617835833333333,NA,NA,NA,0.14963690000000002,31,31,1,8.483514136049244,97.4287,-5.416645161290297,-3.7889999999999873,-7.984999999999957,73.90216129032258,0.10972174249943138,0.15031045311001745,0,0.2648967741935484,1.0294086021505604,2,3,0,0,0,0,0,0
2025-01-08,0.5676986527777418,0.7716103792278728,0.4337896294125224,0.12597134207379787,1.001488282190264,0.8975817213016707,0.08591348181818181,0.06125545625,NA,NA,0.1065465,0.08245995,14,14,1,46.98024318692857,136.808,-6.184285714285693,-5.5919999999999845,-6.728999999999985,76.57229285714286,0.09025445035315471,0.12036233450455919,0,0.2628178214285714,0.9427619047619292,2,3,0,0,0,0,0,0
2025-01-09,0.9305784856918868,0.5352857133940115,-0.06571018155305439,0.25175124604958665,0.8648683041388324,0.7870369594435984,0.07003974571428571,0.07653216458333333,NA,NA,NA,0.08279408,36,36,1,10.136241350350831,129.789,-9.524472222222204,-4.213999999999999,-12.149000000000001,75.34858055555556,0.07644264563604124,0.18539203795073217,0,0.2612997222222222,0.8091759259259482,2,3,0,0,0,0,0,0
2025-01-10,0.4404176593000119,0.4077852927839999,0.5519236493791668,0.5398797390554664,0.9923413086791787,0.9476650318394667,0.0781579044,0.07777937489583332,NA,NA,0.02617995,0.02576202,48,48,1,30.166852926927703,130.179,-5.378354166666641,-3.984999999999957,-6.377999999999986,79.55531875,0.08417850445102801,0.16214989067013383,0,0.2538354479166667,0.567277777777799,2,3,0,0,0,0,0,0
2025-01-11,1.396443097219428,0.8972432556020656,-0.31250683480580527,0.19260870247422623,1.0839362624136222,1.089851958076292,0.015650086334375,0.04094081013125,NA,NA,NA,0.09204017,34,34,1,8.670545666999999,146.214,-3.4622941176470396,-0.9279999999999973,-4.266999999999996,95.92201176470589,0.04988316435774745,0.1666713711654616,0,0.25819604411764707,0.5970686274510028,2,3,0,0,0,0,0,0
2025-01-12,1.5283395553756882,0.3130330196029281,-0.3120125113190136,0.850904782090339,1.2163270440566756,1.1639378016932673,0.05806532095416666,0.057197322622916665,NA,NA,0.025852904,0.025491897,48,48,1,30.5447141083125,184.867,-2.534458333333312,0.04600000000004911,-4.132000000000005,88.03154583333334,0.0701423631849822,0.1471224943655829,0,0.26230032291666666,0.7817500000000261,2,3,0,0,0,0,0,0
2025-01-13,0.9836507123712,0.7809041610719997,0.1377126766812073,0.23270207477808072,1.1213633890524075,1.0136062358500808,0.07770356416666667,0.076323273125,NA,NA,0.0764568,0.07558595,48,48,1,36.423364886729175,175.905,-5.563624999999978,0.3690000000000282,-9.391999999999996,79.70450625,0.08026326193432544,0.1121842343588233,0,0.2638779375,0.9643472222222419,2,3,0,0,0,0,0,0
2025-01-14,0.8126151915320493,0.8076196700639998,0.05133453912865112,-0.049857723854199815,0.8639497306607006,0.7577619462098,0.0653130409090909,0.06727569583333333,NA,NA,0.09400628333333333,0.09372259,48,48,1,73.32423943233334,342.01,-10.175645833333308,-8.813999999999965,-12.177999999999997,75.41909375,0.06972196416170866,0.10393631585525834,0,0.2645154270833333,1.081812500000023,2,3,0,0,0,0,0,0
2025-01-15,0.9542723377133575,0.8354203561440001,0.13524676307075104,0.14553541351373128,1.0895191007841085,0.9809557696577313,0.06623162307692308,0.06799701041666667,NA,NA,0.08266860000000001,0.07367878,41,41,1,26.025442644791326,208.499,-7.685146341463391,-5.43,-10.132000000000005,79.4805756097561,0.07102737399410643,0.11963650055851077,0,0.264093125,1.1183166666666864,1.951219512195122,2.926829268292683,1,1,1,0.024390243902439025,0.024390243902439025,0.024390243902439025
2025-01-16,1.2168243435600001,0.8529052929139724,0.11640785378038487,0.40422182924060823,1.3332321973403847,1.257127122154581,0.061261757066666665,0.06074165215208333,NA,NA,0.09129625,0.09007512,48,48,1,36.9274298753125,178.428,-4.456104166666648,0.68100000000004,-9.267999999999972,86.76938125,0.07006917084693445,0.16142484170402638,0.7999999999999999,0.2646063229166667,1.1845972222222467,2,3,0,0,0,0,0,0
2025-01-17,1.231245710940527,0.9014311863123307,0.43404648748603136,0.7356337692039107,1.6652921984265592,1.637064955516241,0.15579167435897437,0.16556764375000002,NA,NA,0.34719350000000004,0.253874,41,41,1,46.07931867902684,471.441,-0.17629268292680744,4.381000000000029,-4.1159999999999854,73.93885365853659,0.17370449873105953,0.37448826583728906,3.5000000000000004,0.26610748780487803,1.2896016260162841,2,3,0,0,0,0,0,0
2025-01-18,1.1528382601522669,1.2977985367440004,0.5235352752113787,0.3213291652260204,1.6763735353636453,1.61912770197002,0.17129656976744187,0.16805197291666668,NA,NA,0.1957364,0.173009,44,44,1,63.467521804111364,491.007,-0.40629545454543115,4.748000000000047,-6.4909999999999854,69.26177954545454,0.17932637743352242,0.31494868547917887,0,0.2681092272727273,1.4099318181818397,2,3,0,0,0,0,0,0
2025-01-19,0.44485240106114204,0.5772490055757369,0.548469515640474,0.3328270754176982,0.993321916701616,0.9100760809934355,0.09799082631578947,0.09004230416666667,NA,NA,0.0986087,0.06971155,40,40,1,34.000120255339716,278.11,-9.836824999999974,-6.397999999999968,-14.823999999999955,65.551295,0.1025172108010117,0.14872224870158968,0,0.26844873076923076,1.4131196581196817,1.95,2.925,1,1,1,0.025,0.025,0.025
2025-01-20,0.35130654908911724,0.5790779445950238,0.19207344273198262,-0.1045977357934598,0.5433799918211001,0.4744802088015641,0.028052276470588236,0.021594178854166667,NA,NA,NA,0.0023628085,35,35,1,9.903113028375142,143.276,-16.42125714285712,-15.236999999999966,-17.603999999999985,82.44950571428572,0.029823512971626963,0.04290850830735793,0,0.26469262857142856,1.1322761904762177,2,3,0,0,0,0,0,0
2025-01-21,-0.017532398821175015,0.73430516711186955,0.5202348959223875,-0.3063459121864619,0.5027024971012126,0.4279592549254079,0.033858582978723406,0.03368640638297872,NA,NA,0.05164064,0.05158588,47,47,1,85.72972727988511,557.396,-17.003680851063812,-16.055999999999983,-19.00999999999999,78.82455957446808,0.03416546066154718,0.06356816120618272,0,0.2591451914893617,0.8714397163120801,2,3,0,0,0,0,0,0
2025-01-22,0.1467632369207911,-0.16631894399970104,0.40576204384440556,0.6430663961090365,0.5525252807651968,0.4767474521093355,0.04763638333333334,0.046970214583333336,NA,NA,0.08036928,0.07825633,48,48,1,75.43722192193542,391.27,-16.415979166666645,-9.30499999999995,-20.272999999999968,73.15388125,0.04822053879561865,0.09300924234757021,0,0.2567018020833333,0.8049097222222462,2,3,0,0,0,0,0,0
2025-01-23,0.8978433302149215,0.5496353722306472,0.2933636084671677,0.5181073673862139,1.191206938682089,1.0677427396168613,0.048349669375,0.04765524458333334,NA,NA,0.11561847,0.11333767,48,48,1,75.6749241098,553.551,-7.4524374999999745,-6.325999999999965,-8.992999999999995,85.94159375,0.04890866362002646,0.14682181372492087,0,0.2571650729166667,0.8153888888889114,2,3,0,0,0,0,0,0
2025-01-24,0.982947324854791,0.4627941588108683,0.12168384694408343,0.5011214869792201,1.1046311717988742,0.9639156457900883,0.07603773333333333,0.07560886458333334,NA,NA,0.11942517,0.11928372,48,48,1,73.91811580767916,399.71,-9.25095833333331,-7.891999999999996,-10.589999999999975,74.728875,0.0776985854696755,0.13687623172254587,0,0.26094055208333333,0.9408055555555824,2,3,0,0,0,0,0,0
2025-01-25,0.9945157790879998,0.35734385281509096,0.4846480220123864,0.9584798777286827,1.4791638011003867,1.3158237305437739,0.10168511395348837,0.10729159583333334,NA,NA,0.14617833333333333,0.15217,48,48,1,83.89164751917502,463.076,-4.9471458333333045,1.1480000000000246,-10.105999999999995,75.11623958333334,0.11003451968468288,0.2353416587670616,6.1000000000000005,0.26305472916666667,1.0832430555555763,2,3,0,0,0,0,0,0
2025-01-26,1.2940113450265716,0.6380590987439999,0.34719304788012817,0.8253989206290299,1.6412043929066995,1.4634580193730298,0.15347593,0.14483523541666665,NA,NA,0.18273399999999998,0.13345918,42,42,1,79.85956276655902,492.163,-3.5206428571428336,0.5510000000000446,-6.086999999999989,66.72016904761905,0.1603843111823301,0.22871407793877363,0,0.2646090487804878,1.2038943089431173,1.9523809523809523,2.9285714285714284,1,1,1,0.023809523809523808,0.023809523809523808,0.023809523809523808
2025-01-27,1.6563264654054,1.3401863070623996,-0.0509792630735518,0.15779605336073255,1.6053472023318487,1.4979823604231328,0.15278774634146342,0.15583145625,NA,NA,0.279436625,0.27176,43,43,1,101.57618687447798,511.791,-2.506976744186024,1.5720000000000027,-6.277999999999963,69.66441162790697,0.164135941904325,0.31665973251193974,0.1,0.2655648214285714,1.300341269841294,1.9534883720930232,2.9302325581395348,1,1,1,0.023255813953488372,0.023255813953488372,0.023255813953488372
2025-01-28,1.9165990187888027,1.4407311562625462,-0.15345464453874158,0.24721928014200192,1.763144374250061,1.687950436404548,0.1967447738095238,0.18279444375,NA,NA,0.2149515,0.16933204,43,43,1,64.23293217774211,338.475,-0.1971860465116057,3.9670000000000414,-4.864999999999952,67.92637209302326,0.20447841568286063,0.402030783528234,0.5,0.2663928953488372,1.3575038759690157,2,3,0,0,0,0,0,0
2025-01-29,1.8353338423931336,1.4646336066438381,0.05056067030465647,0.40330019796117406,1.8858945126977904,1.8679338046050122,0.2582250243902439,0.24153852083333333,NA,NA,0.24368533333333334,0.1816654,43,43,1,66.73856232468836,511.974,2.2834883720930454,5.538000000000011,-2.0009999999999764,63.135246511627905,0.26803149292205103,0.37741448543248635,0,0.26996482558139534,1.39843410852716,2,3,0,0,0,0,0,0
2025-01-30,1.3704590686561602,0.6767178780930238,0.16184085487158567,0.7993638666199766,1.5322999235277455,1.476081744713,0.20796129736842106,0.20175951041666668,NA,NA,0.520054,0.4086439,39,39,1,85.22745341723079,548.075,-1.143794871794853,7.721000000000004,-6.370999999999981,69.82172307692308,0.22446418046153968,0.6195647190329648,0,0.2731255512820513,1.4190769230769449,2,3,0,0,0,0,0,0
2025-01-31,1.671021679830536,0.9899505398454816,0.047851522277027506,0.6402977969824714,1.7188732021075641,1.6302483368279537,0.141501467875,0.14102983066666666,NA,NA,0.2274471,0.2268257,48,48,1,68.37151615210416,445.073,3.2443541666666924,5.451999999999998,1.76400000000001,81.23909583333334,0.2207862392057395,0.4259678843782646,0,0.2811156458333333,1.4134791666666946,2,3,0,0,0,0,0,0
2025-02-01,0.9608080967949997,0.8224081355856119,0.22973381248573838,0.23550345414952906,1.1905419092807377,1.057911589735141,0.16989267631578947,0.15572739375,NA,NA,0.2024196,0.173431,39,39,1,56.628923446556406,322.647,-3.992282051282029,2.112000000000023,-8.48399999999998,61.43456666666667,0.17987128671138752,0.28140074403847376,0,0.28639317948717946,1.3552564102564326,2,3,0,0,0,0,0,0
2025-02-02,0.4682903537081534,1.1198728110009204,0.6355569235690733,-0.2162472955216841,1.103847277277227,0.9036255154792364,0.06913494221621622,0.05493697897916667,NA,NA,0.011740065,0.0036549819999999998,39,39,1,13.03908399765373,111.816,-4.525512820512797,-0.9179999999999495,-5.798999999999978,83.66915128205129,0.0777399543795137,0.11656831276500601,0,0.27973434210526316,1.1913508771930055,1.9487179487179487,2.923076923076923,1,1,1,0.02564102564102564,0.02564102564102564,0.02564102564102564
2025-02-03,1.4793420054064101,-0.25624981157535565,-6.814831069733226e-4,1.453132961259576,1.4786605222994362,1.19688314968422,0.012090168404255319,0.0130293573125,NA,NA,0.0034012458000000005,0.0033802056999999996,47,47,1,26.70545120015957,111.543,0.5985319148936407,1.4500000000000455,-0.7999999999999545,97.96500638297873,0.07470783589351758,0.10538375342333972,1.3,0.2802416489361702,1.2358510638298097,2,3,0,0,0,0,0,0
2025-02-04,1.1550023353010443,0.8091931733532208,0.1745327279847519,0.27478304309747625,1.329535063285797,1.0839762164506972,0.09310151666666666,0.09535014166666667,NA,NA,NA,0.10801481,38,38,1,29.6195382987052,218.7777777777778,-4.157789473684192,0.03500000000002501,-7.08299999999997,77.00034473684211,0.09958756627338546,0.1534538806544136,0,0.2844816891891892,1.3210630630630884,1.9473684210526316,2.9210526315789473,1,1,1,0.02631578947368421,0.02631578947368421,0.02631578947368421
2025-02-05,0.9413842768281423,0.49143109665441465,0.2009289986444791,0.46079997210092977,1.142313275472621,0.9522310687553445,0.09332541891891892,0.08811750625,NA,NA,0.1691525,0.10981294999999999,39,39,1,43.49950916119944,380.27777777777777,-7.818692307692285,-4.5919999999999845,-11.063999999999965,72.03437435897436,0.10059158289309035,0.17718736889862646,0,0.27903905263157897,1.1380964912280935,1.9487179487179487,2.923076923076923,1,1,1,0.02564102564102564,0.02564102564102564,0.02564102564102564
2025-02-06,1.0951030988519532,-0.5668571641701846,0.3176537065506213,1.8058567825995278,1.4127568054025745,1.2389996184293428,0.07855812399268293,0.08823141079791667,NA,NA,0.08386717142857143,0.09385058,42,42,1,30.756333208238885,201.58333333333334,-4.059738095238077,1.5760000000000218,-5.826999999999998,82.69698095238095,0.0873738985060868,0.33609583335140714,0,0.2744182682926829,0.9009512195122137,1.9523809523809523,2.9285714285714284,1,1,1,0.023809523809523808,0.023809523809523808,0.023809523809523808
2025-02-07,1.481388586473657,0.934055865109858,-0.17297822445413594,0.15418927485757758,1.3084103620195207,1.0882451399674355,0.15455639722222222,0.13522408541666667,NA,NA,0.17704950000000003,0.11953097,37,37,1,42.326562238724314,370.368,-6.769081081081057,1.4770000000000323,-11.414999999999964,59.66874324324324,0.16336944381905877,0.38919923557584796,0,0.27192097297297296,0.8266036036036208,2,3,0,0,0,0,0,0
2025-02-08,0.7681873387247896,0.5351272975386905,0.342427149577819,0.5125854680086278,1.1106144883026088,1.0477127655473182,0.08385487368421053,0.08688713958333333,NA,NA,0.13943,0.11937481,39,39,1,16.704659489176922,102.874,-6.108717948717927,-4.197000000000003,-8.920999999999992,78.03936153846153,0.08698783964554628,0.14351321903204362,0,0.26569141025641024,0.6455470085470318,2,3,0,0,0,0,0,0
2025-02-09,0.7083682099823936,0.20172406874961332,0.20237214119048408,0.8390732854106697,0.9107403511728777,1.0407973541602826,0.0775756138888889,0.08862102083333333,NA,NA,NA,0.12337085,37,37,1,36.810726722370276,356.547,-5.346459459459435,-3.509999999999991,-7.1679999999999495,79.49521351351352,0.08369445123604667,0.18861244753411963,0,0.26198435135135134,0.5919009009009252,2,3,0,0,0,0,0,0
2025-02-10,0.7934824497122548,0.31207285271687224,-0.18334002939557933,0.5263465496371813,0.6101424203166751,0.8384194023540532,0.09112365135135135,0.098994925,NA,NA,0.232489,0.15237024999999998,38,38,1,54.3409242517079,463.396,-8.170052631578923,-3.4729999999999563,-11.113999999999976,72.24520789473684,0.10079547091990394,0.24314680766727353,0,0.25597748684210525,0.47915789473686227,2,3,0,0,0,0,0,0
2025-02-11,0.537451550155101,0.13501740803086143,0.0747692845752909,0.7252391902657964,0.612220834730392,0.8602565982966582,0.08213825135135136,0.08968830416666666,NA,NA,NA,0.12165659000000001,40,40,1,58.801590430194445,413.77777777777777,-6.895624999999978,-5.58,-7.852999999999952,75.3619625,0.09066070519917506,0.1818002283176317,0,0.24103515384615384,0.2840341880342072,1.95,2.925,1,1,1,0.025,0.025,0.025
2025-02-12,0.6612899982859609,0.6833905737930323,-0.12524790351835124,0.08414157609854826,0.5360420947676096,0.767532149891581,0.08237254705882353,0.06495145,NA,NA,NA,0.02904157,35,35,1,11.41288196357143,126.689,-9.217942857142834,-6.328999999999951,-10.769999999999982,71.92910571428571,0.08392088992205393,0.15826915103491498,0,0.22000204285714287,0.14144761904764375,2,3,0,0,0,0,0,0
2025-02-13,0.3729817741983678,0.35390090190468,0.19569721641008794,0.48675917365952476,0.568678990608456,0.8406600755642047,0.034631972727272725,0.037511449999999995,NA,NA,NA,0.03610786,34,34,1,14.675272044558827,200.083,-7.249470588235275,-6.3139999999999645,-8.75,89.19908235294118,0.03771616372236287,0.11009150593305347,0,0.21860005882352943,0.10573529411767127,2,3,0,0,0,0,0,0
2025-02-14,0.7771762210618013,0.4625596047824913,-0.28018134673612816,0.28565594491824153,0.4969948743256729,0.748215549700733,0.1057263057142857,0.09284862291666666,NA,NA,0.1465705,0.10414097,36,36,1,27.790852108416665,206.043,-8.838527777777754,-6.021999999999991,-14.66799999999995,66.11911388888889,0.110694092940201,0.15766627017773466,0,0.23448908333333332,0.13835185185187507,2,3,0,0,0,0,0,0
2025-02-15,0.49925845715384043,0.5079835843128001,0.07084639603179964,0.393855692888497,0.5701048531856401,0.9018392772012971,0.06277239142857143,0.048949065416666666,NA,NA,0.050358,0.010299801,37,37,1,14.014449125545944,107.155,-6.461675675675652,-3.88,-8.060999999999979,82.61401891891892,0.06550073712107071,0.13890449159011056,0,0.23947137500000001,0.1429259259259431,1.945945945945946,2.918918918918919,1,1,1,0.02702702702702703,0.02702702702702703,0.02702702702702703
2025-02-16,0.6642469147534531,0.5166362609994894,0.0836754320022718,0.5375703018272896,0.7479223467557247,1.0542065628267796,0.04614093915675676,0.059381936927083344,NA,NA,0.116816,0.10911669,39,39,1,44.84971079011539,347.184,-4.5608974358974095,-3.8239999999999554,-5.979999999999961,87.86111538461539,0.06155649093773084,0.1342640440578401,0,0.2448832564102564,0.15951282051284393,2,3,0,0,0,0,0,0
2025-02-17,0.5454376697192727,0.42481183881600004,0.18784612560194608,0.4047251376883921,0.7332837953212189,0.8295369765043918,0.06978956216216216,0.060030848125,NA,NA,0.0815699,0.04678356,40,40,1,67.32779157610305,517.4722222222223,-10.461749999999977,-6.1159999999999854,-14.66799999999995,73.531335,0.07142756314569486,0.11808005409247357,0,0.24710221794871795,0.18129914529916755,1.95,2.925,1,1,1,0.025,0.025,0.025
2025-02-18,1.3980951303234297,2.9566291912615394,-0.7475831068299819,-2.3728538246456954,0.6505120234934471,0.5837753666158422,0.04634412894736842,0.046856421951219515,NA,NA,0.1036428,0.086496375,39,39,1,62.821463292861544,450.244,-14.400461538461514,-11.014999999999986,-16.74799999999999,78.1251,0.049116687943337047,0.10799850234536071,0,0.24617678205128204,0.18371794871797112,2,3,0,0,0,0,0,0
2025-02-19,0.5873941739887707,0.2780785259399157,0.24555457917885617,0.46286440886369773,0.8329487531676268,0.7409429348036133,0.0641271875,0.062123427083333335,NA,NA,NA,0.060762039999999996,33,33,1,7.6818143209212115,91.8355,-11.132242424242405,-8.721000000000004,-12.115999999999985,74.62242727272728,0.06653986630232954,0.09448615333645749,0,0.24216233333333334,0.15386868686871677,2,3,0,0,0,0,0,0
2025-02-20,0.534082194550145,0.5799103934283887,0.5087466372796534,0.24341528148525804,1.042828831829798,0.8233256749136467,0.06233963513513514,0.06866454791666667,NA,NA,NA,0.08380674,39,39,1,46.206757515193615,281.945,-8.570076923076902,-3.4529999999999745,-10.284999999999968,80.22874871794872,0.06932129469160526,0.18000568471571915,0,0.24180680263157894,0.15061403508774088,1.9487179487179487,2.923076923076923,1,1,1,0.02564102564102564,0.02564102564102564,0.02564102564102564
2025-02-21,0.6952415783315093,0.5922165182706691,0.5693687396646392,0.32212937037651346,1.2646103179961496,0.9143458886471832,0.1423952,0.10559666666666667,NA,NA,0.2439318,NA,40,40,1,125.0540109549836,653.948,-4.159899999999981,-0.950999999999965,-8.775999999999954,67.6393275,0.15183665777157823,0.25882048355070997,0,0.24396860256410258,0.1671111111111346,1.95,2.925,1,1,1,0.025,0.025,0.025
2025-02-22,1.2947880861133712,0.8988021861604867,0.06036610198994927,0.010985595370032242,1.3551541881033207,0.9097877815305189,0.13462626578947368,NA,NA,NA,0.1988042,NA,39,39,1,87.45767000268643,489.746,-4.242435897435875,-2.055999999999983,-6.599999999999966,69.26003846153846,0.14173650069992771,0.2409604500375963,0,0.2462692564102564,0.17800000000001914,2,3,0,0,0,0,0,0
2025-02-23,1.600933320188517,0.8785482835207428,-0.0664383013381195,0.3457876482858832,1.5344950188503974,1.2243359318066263,0.11040312162162162,NA,NA,NA,0.135095,NA,39,39,1,44.71524663537104,286.75,-2.539307692307669,1.094000000000051,-4.9979999999999905,78.33161538461539,0.11672780726810855,0.2231024341970736,0,0.24723759210526317,0.18707017543862411,1.9487179487179487,2.923076923076923,1,1,1,0.02564102564102564,0.02564102564102564,0.02564102564102564
2025-02-24,1.7494058646222064,1.6062194925878397,0.09602216015865123,-0.11503116773916405,1.8454280247808565,1.4911883248486764,0.23055712765957445,NA,NA,NA,0.3205311,NA,47,47,1,129.25056762654896,515.095,3.204531914893639,6.55600000000004,-0.58299999999997,69.58654468085106,0.2392973840192,0.3395192975964142,0,0.24879252127659574,0.20096453900711406,2,3,0,0,0,0,0,0
2025-02-25,1.0812800433376037,1.5771109660877602,0.9235579666558565,-0.08106963580066397,2.0048380099934606,1.496041330287096,0.2930170875,0.4908860909090909,NA,NA,0.4571534,0.537471,48,48,1,184.6413820070833,691.947,5.722250000000026,9.102000000000032,2.698000000000036,68.629497916666665,0.3039940683832141,0.5631470121800142,0,0.27778259375000003,0.2130694444444702,2,3,0,0,0,0,0,0
2025-02-26,2.8137775416263344,1.2463125353012972,-1.1361352591010638,0.1643423425808633,1.6776422825252708,1.4106548778821604,0.09001391147916667,0.09063125866666667,NA,NA,0.082650135,0.081471287,48,48,1,41.0872935544,183.721,0.888041666666691,3.9700000000000273,-3.276999999999987,85.75427708333333,0.10527548716611426,0.3225941941979643,1,0.30019341666666666,0.2529652777778004,2,3,0,0,0,0,0,0
2025-02-27,1.14413499563359,1.9638251946387282,0.6551083662792,-0.5151825848475163,1.79924336191279,1.4486426097912128,0.019667480708333338,0.0194596329375,NA,NA,0.0322554208,0.031816524900000004,48,48,1,39.220912963749996,270.149,1.4915416666666903,2.7660000000000196,0.63900000000001,97.13978541666667,0.06296571584146055,0.1598973341567277,0.9,0.3060241354166667,0.3105486111111375,2,3,0,0,0,0,0,0
2025-02-28,1.2858467938503688,0.8567627738669317,0.6660516855947771,0.6541841586599445,1.9518984794451462,1.5109469325268758,0.20742510833333336,0.20565737916666665,NA,NA,0.3990585,0.3985515,48,48,1,78.18278502671662,563.028,2.3891041666666872,7.611000000000047,-1.988999999999976,73.66655625,0.21558040842008797,0.46730326397604827,0,0.30363935416666665,0.3809444444444677,2,3,0,0,0,0,0,0
2025-03-01,0.5705705739791067,1.002527935128,1.0405519689017901,0.17177314643930033,1.6111225428808966,1.1743010815672998,0.15795620789473686,0.149170375,NA,NA,0.1579092,0.1476222,40,40,1,78.62054108112805,450.063,-4.372574999999979,5.379000000000019,-8.308999999999969,63.7054475,0.1633293803113195,0.33055754363592194,0,0.2970607948717949,0.37776068376070404,1.95,2.925,1,1,1,0.025,0.025,0.025
2025-03-02,0.285247187964336,-0.32976393976073737,1.1991695044826827,1.4016867599052887,1.4844166924470186,1.0719228201445516,0.1425885027027027,0.14402851666666666,NA,NA,0.24930433333333335,0.2004243,38,38,1,99.7727500137771,568.215,-6.264657894736817,-2.505999999999972,-7.98599999999999,62.57588157894737,0.14956583157001668,0.26700537661439805,0,0.26325061842105263,0.21927192982458693,2,3,0,0,0,0,0,0
2025-03-03,0.11526526720805268,0.6241461222008493,1.6700279893765355,0.7300489062240417,1.785293256584588,1.3541950284248916,0.17364038157894737,0.20398734791666667,NA,NA,0.422473,0.3578912,42,42,1,67.48822375372214,513.834,-2.9107142857142647,4.537000000000035,-6.144999999999982,62.2751,0.2074567993993003,0.48171575602620703,0.1,0.2430112142857143,0.10783333333335489,2,3,0,0,0,0,0,0
2025-03-04,1.284329772864423,3.028315609360362,1.070713457753633,-1.1324408481573682,2.3550432306180564,1.895874761202994,0.18564260297916665,0.18211046822916666,NA,NA,0.1018633028,0.10057912360000001,48,48,1,38.36825927583333,351.274,4.142520833333357,8.472000000000037,2.147000000000048,75.47425625,0.21488245442454287,0.3680477691000865,4.700000000000001,0.2672230729166667,0.11870138888890955,2,3,0,0,0,0,0,0
2025-03-05,2.7577900136787767,1.4308184950368183,-0.1254695751288239,0.7750606839380769,2.632320438549952,2.2058791789748944,0.010804367416666667,0.010695552166666667,NA,NA,0.0456718664,0.0452833728,48,48,1,42.60366681387501,265.566,6.838208333333357,10.511000000000024,0.34700000000003683,99.02166666666666,0.04762852791442922,0.1537841489048688,20.100000000000005,0.32018644791666667,1.461361111111131,2,3,0,0,0,0,0,0
2025-03-06,1.8024520154097594,0.14156970117864023,0.06538828377194521,1.4172590293475174,1.8678402991817045,1.5588287305261574,0.123875305,0.13518468541666664,NA,NA,0.13650466666666666,0.1714123,41,41,1,67.30962055509023,499.918,-2.8274390243902188,-0.026999999999986812,-4.5499999999999545,74.11504390243903,0.13152118339020577,0.2622947786575312,0.1,0.3033095731707317,1.1392520325203532,2,3,0,0,0,0,0,0
2025-03-07,0.9958068702169173,0.14952934799843487,0.9659262004292697,1.5843187870457898,1.9617330706461877,1.7338481350442239,0.1892957238095238,0.18738925833333334,NA,NA,0.3475129,0.3450209,43,43,1,112.50747061454183,476.169,-0.05934883720927558,2.6760000000000446,-2.3139999999999645,68.09657209302325,0.19982785442839865,0.36428570972920377,0,0.29128529069767445,0.5762093023256049,2,3,0,0,0,0,0,0
2025-03-08,0.7548922008314101,-0.5520963459308068,1.0905484740480698,2.2238497786875677,1.8454406748794796,1.6717534327567602,0.15665453399999998,0.15345740916666667,NA,NA,0.3217066666666667,0.2711414,40,40,1,160.06489675774748,696.418,-1.7635999999999776,1.4250000000000114,-7.808999999999969,69.906495,0.19603342854530206,0.3621821335952423,0.1,0.288796717948718,0.6908461538461752,1.95,2.925,1,1,1,0.025,0.025,0.025
2025-03-09,1.2565246697812134,0.009626443488000277,0.9955154740160644,2.200410317675868,2.2520401437972772,2.210036761163868,0.3280454872340426,0.3295198595744681,NA,NA,0.46206970000000003,0.46889200000000003,47,47,1,200.50531926663615,702.764,4.7665744680851265,10.508000000000038,0.5750000000000455,65.15631702127659,0.3394739196398753,0.7388484885297733,0,0.2858914893617021,1.5019148936170452,2,3,0,0,0,0,0,0
2025-03-10,1.4659080898769692,0.4750809607189711,1.0618648721244526,2.135508977188272,2.527772962001422,2.6105899379072435,0.4566766553191489,0.46670926875,NA,NA,0.6077998,0.6138004,47,47,1,207.2531028413617,696.99,8.367446808510659,15.248000000000047,2.507000000000005,62.35456170212766,0.4738915208566244,1.0114518147775482,0,0.2844587659574468,3.076787234042575,2,3,0,0,0,0,0,0
2025-03-11,1.1974994725385089,0.4306877016145412,1.3333078378346235,2.2847686425094964,2.5308073103731314,2.715456344124038,0.6007876041666667,0.5970609375,NA,NA,0.6370954,0.6361288,48,48,1,210.1228296995125,724.622,8.551312500000023,13.723000000000013,4.4010000000000105,44.844489583333335,0.6280168639724025,0.9368329773994274,0,0.28196775,4.115770833333356,2,3,0,0,0,0,0,0
2025-03-12,0.5413967243814144,-0.5186608332681909,1.4909530351283244,2.665478132577821,2.032349759509739,2.14681729930963,0.43452122916666663,0.4034723488372093,NA,NA,0.5918677,0.5962486,48,48,1,198.16118507682083,700.014,2.8023750000000196,9.564999999999998,-2.027999999999963,45.09794375,0.4535171019271445,0.8527085791474017,0,0.27733097916666666,2.6768194444444653,2,3,0,0,0,0,0,0
2025-03-13,0.30940828412883314,-0.5415627753072001,1.8914947932894715,2.6322979456557407,2.2009030774183045,2.0907351703485406,0.5388691520833333,NA,NA,NA,0.849999,NA,48,48,1,208.95812103970837,733.026,5.337375000000022,16.40500000000003,-3.137999999999977,52.87952916666667,0.5577499667187009,1.404078325577077,0,0.2737562708333333,3.0239305555555784,2,3,0,0,0,0,0,0
2025-03-14,0.9248370972726926,-0.5068309490604002,1.856367859784965,2.5346624820030184,2.781204957057658,2.0278315329426184,0.9266796666666666,NA,NA,NA,1.2361229,NA,48,48,1,194.5351637481027,714.365,13.111854166666694,23.882000000000005,6.1930000000000405,43.33359791666667,0.9600521950872857,1.9591263423510359,0,0.26920623958333334,5.083229166666688,2,3,0,0,0,0,0,0
2025-03-15,2.4911855112833527,-0.027234430397701834,0.7269532142300035,2.170983544289856,3.2181387255133576,2.1437491138921536,0.7853679729787234,NA,NA,NA,0.9912672,NA,47,47,1,146.0065165118957,596.194,17.298510638297895,21.39300000000003,11.715000000000032,62.16374042553191,0.9069302251348584,1.477854675691461,12,0.28841571276595745,8.64239007092201,2,3,0,0,0,0,0,0
2025-03-16,3.1194529733409464,0.09954467373018813,-0.9376583088946456,2.100952824287197,2.1817946644463007,2.200497498017385,0.07068468762499999,NA,NA,NA,0.0277712983,NA,48,48,1,43.596045487845835,205.487,2.9010833333333506,12.135000000000048,-2.7620000000000005,92.26417916666666,0.11054406543620623,0.4736743976275102,9.8,0.303419,6.448451388888914,2,3,0,0,0,0,0,0
2025-03-17,0.7828571643877013,0.14520447937937725,1.2100044683346132,2.0308776295446043,1.9928616327223145,2.176082108923983,0.2123042405405406,NA,NA,NA,0.47720599999999996,NA,39,39,1,127.83590044741823,719.631,-0.8448205128204915,8.895000000000039,-6.666999999999973,71.77901282051282,0.22929265658850057,0.6974474559815269,0,0.30007886842105264,3.8645087719298488,1.9487179487179487,2.923076923076923,1,1,1,0.02564102564102564,0.02564102564102564,0.02564102564102564
2025-03-18,0.9453349434990859,-0.04501244541565741,1.9669203384281928,2.0788652767734583,2.91225528192728,2.0338528313578017,0.5913127708333333,NA,NA,NA,0.7023618,NA,48,48,1,168.87157811457686,824.435,9.527958333333352,19,4.480000000000018,53.96328125,0.6144674857541559,1.441839406007403,0,0.29359858333333333,4.814319444444469,2,3,0,0,0,0,0,0
2025-03-19,1.877070456493385,-0.39407744121963295,1.4670979690970187,2.1270246024778086,3.3441684255904045,1.7329471612581755,0.7077364375,NA,NA,NA,1.0260794,NA,48,48,1,154.2658317851458,711.816,14.543104166666685,18.67700000000002,11.423000000000002,57.43484791666667,0.7269087376004626,1.1466150038797711,0.1,0.28873094791666665,7.173041666666693,2,3,0,0,0,0,0,0
2025-03-20,1.5026442246741165,0.07510994801558138,0.8206854083331816,1.638734490223757,2.323329633007298,1.7138444382393394,0.14956135236956522,NA,NA,NA,0.1650248375,NA,48,48,1,137.56401389157472,756.686,3.600500000000025,15.950000000000045,0.30400000000003047,80.4932,0.2050023123017729,0.5403007999468372,1.7000000000000002,0.28753216666666664,6.5190625000000235,2,3,0,0,0,0,0,0
2025-03-21,0.9421554978062372,0.0029252627216437843,1.151753082555195,1.7102120932209972,2.0939085803614317,1.7131373559426413,0.37302034666666667,NA,NA,NA,0.6464547,NA,46,46,1,177.45593848366045,740.358,2.8691956521739335,11.899000000000001,-2.6149999999999523,60.546,0.3840722461549762,0.9097281189225719,0,0.28279122826086955,3.8628840579710397,2,3,0,0,0,0,0,0
2025-03-22,-0.06912675267237646,-0.027234430397701834,2.0103338666929025,1.733029629708975,1.9412071140205256,1.705795199311273,0.26718312623809526,NA,NA,NA,0.2704667142857143,NA,43,43,1,219.58738417720534,818.86,2.360139534883737,11.097000000000037,-3.1059999999999945,63.49413488372093,0.28334477055492285,0.7571321045957035,2,0.27869347674418604,4.778837209302351,2,3,0,0,0,0,0,0
2025-03-23,-0.5195523371966491,0.09954467373018813,1.9582005712661272,1.637881911254587,1.438648234069479,1.7374265849847752,0.15429348,NA,NA,NA,NA,NA,26,26,1,21.402036758426075,466.77777777777783,-4.062730769230745,3.9,-5.257999999999981,61.86658461538462,0.17841224411161252,0.46959309286383183,0,0.27077698,2.5530933333333605,1.9230769230769231,2.8846153846153846,1,1,1,0.038461538461538464,0.038461538461538464,0.038461538461538464
2025-03-24,0.32245675150921055,0.14520447937937725,1.2303554877758758,1.5588260427509009,1.5528122392850858,1.7040305221302783,NA,NA,NA,NA,NA,NA,NA,NA,NA,NA,NA,NA,NA,NA,NA,NA,NA,NA,NA,NA,NA,NA,NA,NA,NA,NA,NA,NA
2025-03-25,1.3641550613844105,-0.04501244541565741,0.5756169786487464,1.6236855197875777,1.9397720400331566,1.5786730743719202,NA,NA,NA,NA,NA,NA,NA,NA,NA,NA,NA,NA,NA,NA,NA,NA,NA,NA,NA,NA,NA,NA,NA,NA,NA,NA,NA,NA
2025-03-26,1.6116655927026344,-0.45517443724275064,0.7383991621638945,1.7961062841706592,2.350064754866528,1.3409318469279081,NA,NA,NA,NA,NA,NA,NA,NA,NA,NA,NA,NA,NA,NA,NA,NA,NA,NA,NA,NA,NA,NA,NA,NA,NA,NA,NA,NA
2025-03-27,1.6403941866325724,-0.2940358146379526,0.7890971531489425,1.7131060912104377,2.429491339781516,1.4190702765724852,NA,NA,NA,NA,NA,NA,NA,NA,NA,NA,NA,NA,NA,NA,NA,NA,NA,NA,NA,NA,NA,NA,NA,NA,NA,NA,NA,NA
2025-03-28,4.552459557043435,-0.19216109841874202,-1.6554152954860164,1.616767620487814,2.897044261557417,1.4246065220690718,NA,NA,NA,NA,NA,NA,NA,NA,NA,NA,NA,NA,NA,NA,NA,NA,NA,NA,NA,NA,NA,NA,NA,NA,NA,NA,NA,NA
2025-03-29,4.672104226668001,-0.8413774233557407,-1.5017533095595736,2.178577085538588,3.1703509171084265,1.3371996621828475,NA,NA,NA,NA,NA,NA,NA,NA,NA,NA,NA,NA,NA,NA,NA,NA,NA,NA,NA,NA,NA,NA,NA,NA,NA,NA,NA,NA
2025-03-30,5.0670790011901365,-0.33545812761116517,-1.723553692628557,1.7054036211742356,3.3435253085615804,1.369945493563071,0.0013795462375000003,NA,NA,NA,-0.0016799817000000001,NA,25,25,1,55.4226224,191.943,11.226960000000028,17.616000000000042,3.6380000000000337,99.92964,0.07639975591432124,0.07639975591432124,13.5,0.30183926,6.773346666666692,2,3,0,0,0,0,0,0
2025-03-31,0.44033476148188233,-1.7947465296212226,2.4506467047178195,3.157134661753034,2.890981466199702,1.3623881321318116,0.07712108745833335,NA,NA,NA,0.1340214,NA,48,48,1,88.6498628925,327.224,1.939187500000024,11.39100000000002,-0.49399999999997135,87.72564166666666,0.11428764898416591,0.1935963039534,0,0.35413855208333334,6.110902777777797,2,3,0,0,0,0,0,0
2025-04-01,-0.491577629721701,-0.5817152764552457,3.180313445218859,1.8254539511302166,2.688735815497158,1.243738674674971,0.2547814947368421,NA,NA,NA,0.48280660000000003,NA,39,39,1,169.9089497669821,823.387,-0.1503846153845912,4.54200000000003,-5.697999999999979,60.23276666666666,0.270049938465012,0.5064814426463871,0,0.3558809230769231,3.7792649572649815,2,3,0,0,0,0,0,0
2025-04-02,0.42293043477365416,-0.6559325656565355,2.534157274525446,1.7902977875226256,2.9570877092991013,1.1343652218660905,0.10560890625581396,NA,NA,NA,-4.372842222222222e-4,NA,48,48,1,36.480374473364584,194.848,1.736583333333359,7.948000000000036,-1.1709999999999923,84.633475,0.1587480547479373,0.3732993574443095,20.8,0.3320484791666667,3.097368055555573,2,3,0,0,0,0,0,0
2025-04-03,1.69087232241,-0.6862473035728252,2.0077040483103223,1.745537322924486,3.6985763707203225,1.0592900193516612,0.2470962652083333,NA,NA,NA,0.3311963,NA,48,48,1,143.50362451458332,527.116,9.019333333333355,16.312000000000012,6.094000000000051,76.30000208333334,0.28401074397834397,0.3888632206466216,0,0.30040078124999997,5.865256944444463,2,3,0,0,0,0,0,0
2025-04-04,-0.2754023316531995,-0.37436512110919173,3.3210697605066737,1.404719975366438,3.045667428853473,1.030354854257246,0.28404617172916663,NA,NA,NA,0.5308335,NA,48,48,1,169.01799683774792,722.296,4.561291666666687,10.199000000000012,-2.1749999999999545,71.61821458333333,0.32626007829203485,0.6305770554414281,0,0.28684705208333333,4.669152777777798,2,3,0,0,0,0,0,0
2025-04-05,-0.046930832598826216,-0.7715549592227648,3.1965057374301096,1.6586001280502067,3.1495749048312818,0.8870451688274418,0.23451784539583334,NA,NA,NA,0.33178868,NA,48,48,1,171.47911869557498,626.924,6.498916666666692,10.676000000000045,2.9700000000000273,78.68826875,0.3701021168007262,0.6334491860920406,6.1,0.29464639583333335,6.2641458333333535,2,3,0,0,0,0,0,0
2025-04-06,-0.839737508986664,-0.3509112757069754,3.510076463434197,1.222782043111593,2.670338954447532,0.8718707674046176,0.3341715,NA,NA,NA,0.5959608,NA,48,48,1,266.19391159645204,858.835,3.098145833333353,7.180000000000007,-2.584000000000003,59.31820416666667,0.3425010538409938,0.6921112718478785,0,0.28695453125,5.463909722222244,2,3,0,0,0,0,0,0
2025-04-07,0.16588934471958172,-1.7926268366805083,2.193455158384261,2.6327852682983024,2.359344503103844,0.8401584316177944,0.3049113958333333,NA,NA,NA,0.3025016,NA,48,48,1,171.5514285561,892.662,1.4355416666666905,4.362000000000023,-2.858000000000004,53.20040625,0.3178551537007665,0.4786084933436082,0,0.27964039583333333,4.308291666666685,2,3,0,0,0,0,0,0
2025-04-08,-0.6151025886719156,-0.5817152764552457,2.3365748838295124,1.3212947739985568,1.7214722951575963,0.7395794975433114,0.1607740708333333,NA,NA,NA,NA,NA,24,24,1,3.6675098194875004,69.8431,-4.487249999999984,-3.217999999999961,-5.873999999999967,61.84684166666667,0.16956074655519682,0.23441183940078328,0,0.2732256041666667,2.67741666666669,2,3,0,0,0,0,0,0
2025-04-09,-0.9249732030756284,-0.6559325656565355,2.4821112328874926,1.3021260501062581,1.5571380298118647,0.646193484449723,0.19836600000000001,NA,NA,NA,NA,NA,2,2,1,13.3089,16.4013,4.179500000000019,4.524000000000001,3.8350000000000364,69.42734999999999,0.25266932588101937,0.29222530046107675,0,0.27567475,5.008833333333342,2,3,0,0,0,0,0,0
2025-04-10,-0.005330919403615422,-0.9199296069474778,1.294393313440772,1.4635026078346016,1.2890623940371562,0.5435730008871231,0.07396349975000001,NA,NA,NA,0.10698871,NA,48,48,1,70.07264799256873,350.444,2.0742083333333556,5.229000000000042,0.299000000000035,90.83814583333333,0.15270102416014025,0.30221525709845465,3.2000000000000006,0.2830855,3.8402152777777987,2,3,0,0,0,0,0,0
2025-04-11,-1.5507969625993612,-1.0103394366252316,2.546731329940246,1.4910412358821732,0.9959343673408844,0.48070179925694206,0.37500134468085106,NA,NA,NA,0.7328347777777778,NA,47,47,1,274.2969561315532,864.427,4.561638297872369,11.152000000000044,-2.0149999999999864,63.12983617021276,0.3808738387063155,0.8969513739457748,0,0.281340914893617,4.720234042553211,2,3,0,0,0,0,0,0
2025-04-12,-1.2245831296112992,-1.351419510715334,1.832587337014512,1.766226789201533,0.608004207403213,0.4148072784861992,0.5497056937499999,0.5914805550000001,NA,NA,0.9251665,0.9159093,48,48,1,286.03878620058333,875.36,5.875229166666687,13.855000000000018,-2.072999999999979,49.680283333333335,0.5667970665715967,1.1935207802958712,0,0.2755100833333333,5.4909027777778,2,3,0,0,0,0,0,0
2025-04-13,0.7234206056388447,0.5716343522851153,-0.1544440279676335,-0.17326141706162274,0.5689765776712105,0.39837293522349204,0.6306132916666667,0.6564127708333333,NA,NA,0.8550346,0.8706455,48,48,1,120.21742301787502,513.335,10.055458333333357,15.341000000000008,6.3320000000000505,49.66121666666667,0.6583818614124817,1.1621284924855075,0.7,0.2726508125,6.8041527777778015,2,3,0,0,0,0,0,0
2025-04-14,-2.573105630475685,-2.5979024534095077,3.795334087927631,3.106976293086784,1.222228457451946,0.5090738396772773,0.6053571249999999,0.6266310833333333,NA,NA,0.795096,0.805579,48,48,1,222.60218310734166,849.197,11.960729166666692,14.453000000000031,9.201000000000022,56.02017708333334,0.628537457824306,0.9571573145058535,4.8,0.28277717708333333,7.983763888888911,2,3,0,0,0,0,0,0
2025-04-15,-0.038099497551428,1.2639801982319996,1.549928649032694,-0.3796170096389741,1.5118291514812652,0.8843631885930261,0.24891056422916666,0.26198446204166664,NA,NA,0.1481392,0.15445694000000001,48,48,1,90.74536038099373,322.017,5.2491041666666884,10.94300000000004,1.2760000000000105,73.25985,0.274168783030542,0.6194426289073522,1.2000000000000002,0.2765777395833333,6.681347222222245,2,3,0,0,0,0,0,0
2025-04-16,-1.2655996121871307,-1.3440293042832,3.1605400950762297,2.7243240591919724,1.8949404828890988,1.3802947549087716,0.34922072916666663,0.3558014583333333,NA,NA,0.4925641,0.4838924,48,48,1,280.76297929065834,892.157,4.205812500000027,9.432000000000016,1.0360000000000014,60.08181041666667,0.3567829813602433,0.7420047559222913,0,0.27452073958333334,6.091006944444464,2,3,0,0,0,0,0,0
2025-04-17,-0.857542527416194,-0.8049773960793284,3.0286237812537413,2.994455866119939,2.171081253837549,2.189478470040611,0.5757109688125,0.5948312610208333,NA,NA,1.0122734,1.028854,48,48,1,197.55253079129582,828.155,7.1356041666666865,18.105000000000018,-2.3239999999999554,55.71963541666667,0.5965822854307918,1.4486803878521495,0,0.26938309375,6.443076388888912,2,3,0,0,0,0,0,0
2025-04-18,0.48601578539187906,1.7587908919112731,2.318769120899688,1.6545645766195134,2.804784906291567,3.413355468530787,0.6181077540425532,0.6402589122916666,NA,NA,0.30059216,0.319739459,47,47,1,67.96835672315744,670.987,15.298297872340447,19.488,11.365000000000009,62.51013191489362,0.6748301889343684,1.1049660504749892,13.299999999999999,0.2761750744680851,9.007539007092223,2,3,0,0,0,0,0,0
2025-04-19,-1.2648929457438838,-0.18427118529203343,3.808999073472913,3.47678425007953,2.5441061277290284,3.2925130647874967,0.18842950731249997,0.19137239268749998,NA,NA,0.2884954,0.2844222,48,48,1,160.01344373347916,648.379,11.14191666666669,19.230999999999995,5.274000000000001,85.09947083333333,0.2798788946103927,0.554267445702499,14.3,0.31819171875,11.134166666666696,2,3,0,0,0,0,0,0
2025-04-20,-2.43570458125586,-0.9558445699519457,4.7801310121835225,3.9596222650362223,2.344426430927662,3.003777695084278,0.33642423582978725,0.14566724184615387,NA,NA,0.6572604444444445,NA,47,47,1,195.87833751456037,826.714,7.022127659574489,12.153999999999996,1.7030000000000314,70.55307446808511,0.41292614593234583,0.7421540608140308,0.6,0.2994654255319149,8.11547517730499,2,3,0,0,0,0,0,0
2025-04-21,-0.022069698012861703,-0.4940309244743997,2.7796560542626736,3.720144320719975,2.7575863562498113,3.2261133962455735,0.31188711458333335,NA,NA,NA,0.17346625,NA,48,48,1,55.28496983727708,179.06,9.48985416666669,14.100999999999999,7.595000000000027,72.05416458333333,0.32499466417629097,0.616461356103739,0.5,0.29168841666666667,8.223861111111137,2,3,0,0,0,0,0,0
2025-04-22,-1.3325367322567168,-1.0408961406396509,4.259756403241707,4.733858176754035,2.927219670984991,3.6929620361143853,0.4764730833333333,NA,NA,NA,0.8681205,NA,48,48,1,200.47192031131038,870.781,8.636958333333357,14.975999999999999,2.8450000000000273,62.749643750000004,0.4834976858395276,1.0786465654314366,0,0.2867515520833333,8.0387777777778,2,3,0,0,0,0,0,0
2025-04-23,-1.9454332856910423,-1.648355986728001,5.565253388296701,6.218289328565088,3.61982010260566,4.569933341837086,0.5677250208333333,NA,NA,NA,0.6795249,NA,48,48,1,157.0463830044792,636,12.603645833333353,19.521000000000015,6.475000000000023,63.67612916666667,0.5872387787720262,1.1601537068468957,0,0.2818493541666667,9.304916666666688,2,3,0,0,0,0,0,0
2025-04-24,-1.798508882122129,-1.5454512930240005,6.328663556879921,6.305459327215351,4.530154674757792,4.760008034191351,1.0023563125000001,NA,NA,NA,1.5267174,NA,48,48,1,265.36168466041664,865.168,18.00547916666669,25.114000000000033,10.859000000000037,57.84096458333333,1.0083724717362028,2.096762139655008,0,0.27734054166666666,11.726569444444467,2,3,0,0,0,0,0,0
2025-04-25,-3.4094918370440377,-1.574876587896,8.118527083848267,6.607419227043099,4.7090352468042305,5.032542639147099,0.8773515106382979,1.22626275,NA,NA,1.1002822222222222,1.169041,48,48,1,232.0168748895833,811.951,16.01883333333336,23.621000000000038,9.961000000000013,54.857402083333334,0.8942444116864348,1.984694417541254,0,0.267516375,13.001069444444465,2,3,0,0,0,0,0,0
2025-04-26,-3.6570319380953746,-1.7807576673599999,7.9046821011179835,6.602892955972641,4.247650163022607,4.822135288612642,0.4028718470833333,0.4078533895833333,NA,NA,0.5585221,0.5569981,48,48,1,279.6519463599501,928.307,9.54614583333335,15.314000000000021,5.0020000000000095,70.82628749999999,0.41781788324869923,1.104419039802105,0.1,0.2579584166666667,12.059854166666689,2,3,0,0,0,0,0,0
2025-04-27,-3.3941270244799404,-2.2730664362809834,7.937073566649619,7.017955281121345,4.542946542169679,4.744888844840361,0.6385427270833334,0.6553277624999999,NA,NA,1.1105491,1.1031271999999999,48,48,1,267.6156970839813,915.911,9.587437500000021,18.387,0.1640000000000441,57.237825,0.6573012427736717,1.4708966131441217,0,0.24878548958333332,10.78859722222224,2,3,0,0,0,0,0,0
2025-04-28,-2.629586006934147,-2.519946177260466,8.270118365934112,8.158698051026049,5.6405323589999625,5.638751873765583,1.0504667291666665,1.0777600416666666,NA,NA,1.58521,1.5833089999999999,48,48,1,275.29660043241665,857.923,15.677333333333356,24.87900000000002,8.65500000000003,47.36300833333333,1.0809910367667874,2.1420496648686225,0,0.23601472916666666,11.85579166666669,2,3,0,0,0,0,0,0
2025-04-29,-2.9145117792888007,-2.7139969360368004,9.388326247902672,9.168303204092313,6.473814468613873,6.454306268055514,0.975669125,1.0055202083333334,NA,NA,0.8363269,0.8467949,48,48,1,234.9057097625,779.87,19.923020833333354,24.192000000000007,12.261000000000024,57.46157916666667,1.0085385398715456,1.8310726940210191,0,0.2127183125,14.682479166666688,2,3,0,0,0,0,0,0
2025-04-30,-3.188875478027843,-2.7064874294979977,8.062126133916045,7.388814798657324,4.873250655888203,4.682327369159325,0.4885101041666666,0.5023639999999999,NA,NA,0.7758127,0.7657858,48,48,1,231.68017998970834,909.189,8.266729166666686,14.947000000000003,0.6400000000000432,61.136475,0.5038614178948154,1.0539689426439822,0,0.19849403125,11.57682638888891,2,3,0,0,0,0,0,0
2025-05-01,5.395647489292552,-0.7383427837419999,0.03460849472718548,5.964608247401114,5.430255984019738,5.226265463659111,0.24445060145833333,0.2550303164583333,NA,NA,-0.001304653,-0.001354945,48,48,1,56.74975497514313,405.449,10.940958333333358,18.210000000000036,7.699000000000012,81.68838958333333,0.4242802360232032,0.8568343749558589,18.100000000000005,0.2408035,11.23626388888891,2,3,0,0,0,0,0,0
2025-05-02,-4.029029361809542,-2.2839158507040014,8.930285232018404,6.976843103804667,4.9012558702088604,4.692927253100664,0.1525002897479167,0.15183156085,NA,NA,0.26170408,0.25531498,48,48,1,182.431114388125,737.98,7.48041666666669,12.25,4.362000000000023,88.01006041666668,0.3053651128737438,0.5488578860036013,0,0.28899815625,10.958208333333351,2,3,0,0,0,0,0,0
2025-05-03,-2.4159127805566034,-2.358490070865388,7.629274761233996,7.397938609446582,5.213361980677395,5.039448538581194,0.37014738875,0.37591565354166667,NA,NA,0.5752186,0.567778,48,48,1,230.65427937944793,824.187,9.143583333333359,14.609000000000037,3.111000000000047,72.21834791666667,0.37704915051430665,0.8152477890614661,0,0.28914757291666665,10.7622777777778,2,3,0,0,0,0,0,0
2025-05-04,-2.9924025903282123,-2.9394186333158485,8.454942447662331,8.285764437712428,5.462539857334119,5.346345804396583,0.5641265527208332,0.5795341370895833,NA,NA,1.0381233,1.0531429,48,48,1,247.19265210001458,874.525,10.56554166666669,17.897000000000048,3.872000000000014,65.00231666666667,0.6489565751694458,1.3542497514142524,0,0.28507266666666664,10.415569444444472,2,3,0,0,0,0,0,0
2025-05-05,-2.3433474126563487,-3.8237847785827404,8.26999210512299,9.714239026801355,5.92664469246664,5.8904542482186155,0.5206345404166667,0.5232902183333333,NA,NA,0.5799442,0.5713976,48,48,1,256.9031283745833,911.29,13.349833333333356,21.25400000000002,8.535000000000025,70.77318125000001,0.5248775726365653,1.4243867370686236,0.6,0.28148692708333334,11.811472222222248,2,3,0,0,0,0,0,0
2025-05-06,-0.03525095353121474,-1.0038301463676182,6.187228861517802,7.185697608853894,6.151977907986585,6.181867462486277,0.40746281375,0.41309849125,NA,NA,0.6167802,0.6191447999999999,48,48,1,126.65581949965834,455.082,14.574000000000025,19.814999999999998,9.90500000000003,78.08602499999999,0.442078893703443,1.0031609781315614,0,0.27813252083333334,12.855465277777798,2,3,0,0,0,0,0,0
2025-05-07,-4.748220462990715,-4.7159889656630085,11.201995696018084,11.281359761590066,6.453775233027368,6.565370795927055,0.6354492354166666,0.6308032339583334,NA,NA,1.0633751,1.0343986,48,48,1,283.1410072275791,831.364,16.458812500000025,24.359000000000037,9.128000000000043,74.892225,0.8440624349026336,1.871573659336689,0,0.27563315625,13.428611111111138,2,3,0,0,0,0,0,0
2025-05-08,-4.514631564602979,-3.410376585839999,10.204886529466233,9.178433170077188,5.690254964863251,5.768056584237191,0.5528212708333333,0.5667840833333333,NA,NA,0.7108323,0.7167918,48,48,1,332.48584578337295,935.843,11.281083333333354,20.182000000000016,6.688000000000045,61.014700000000005,0.5685014977413785,1.2958929494567897,0,0.27134798958333334,13.287972222222239,2,3,0,0,0,0,0,0
2025-05-09,-4.229050095733783,-1.1337391837777255,9.574858963828321,6.573605521310361,5.345808868094537,5.439866337532635,0.7255518645833333,0.7414794833333334,NA,NA,1.2563955,1.2426066,48,48,1,335.7888952780625,941.414,9.319083333333353,18.15100000000001,-1.089999999999975,49.53923541666667,0.7437053441281275,1.6044007262489006,0,0.26711367708333333,11.849097222222243,2,3,0,0,0,0,0,0
2025-05-10,-5.759877931989199,-3.629531628555115,11.83732287794705,10.159670931817221,6.077444945957849,6.530139303262102,0.9577468125,0.9777814166666667,NA,NA,1.408611,1.3972989999999998,48,48,1,320.0951810937568,910.654,13.552145833333354,22.201000000000022,6.5049999999999955,43.55986875,0.9807164670897389,1.8178818024088823,0,0.26564862499999997,12.660631944444464,2,3,0,0,0,0,0,0
2025-05-11,-4.385614642269904,-3.862890950007298,10.54023783475267,10.932724129457261,6.154623192482761,7.06983317944996,0.8873108723404255,0.9413197916666667,NA,NA,1.2934452,1.3074593,48,48,1,327.89093904602294,916.383,13.074458333333359,21.89300000000003,3.6200000000000045,48.973227083333335,0.9441601358400123,2.039243218954658,0,0.249465625,12.741729166666689,1.1458333333333335,3,0,0,0,0,0,0
2025-05-12,-2.449464660571626,-2.2644304942758033,9.650035796138155,11.138768840911913,7.200571135566528,8.874338346636108,1.3585372083333334,1.4002405833333333,NA,NA,2.0611260000000002,2.06627,48,48,1,302.88900720854167,927.811,18.397729166666686,28.072000000000003,7.879000000000019,42.430585416666666,1.4043839710654635,2.6947518861800894,0,0.13479264583333334,13.251326388888906,1,3,0,0,0,0,0,0
2025-05-13,-1.0980197798105062,-0.6689303786721038,8.704880863254722,10.53461396350787,7.606861083444217,9.865683584835763,0.501716625625,0.5107851220833334,NA,NA,0.3842438,0.3749052,48,48,1,119.7682000370604,647.055,19.339458333333354,24.873000000000047,16.072000000000003,80.29554166666667,0.7698814313359107,2.0624221138869823,4.5,0.113623125,14.71649305555558,1,3,0,0,0,0,0,0
2025-05-14,-2.193946496647882,-1.6817317504156584,9.906740197631912,11.902249660954014,7.712793700984031,10.220517910538357,0.34384959041666663,0.33543978145833325,NA,NA,0.6099359000000001,0.5977846,48,48,1,186.4378676340604,636.02,19.423250000000024,25.45700000000005,16.197000000000003,88.32013125,0.7727306746954272,1.4849911917773704,3.5999999999999996,0.11423652083333333,15.689333333333359,1,3,0,0,0,0,0,0
2025-05-15,-0.8049462892215924,-1.2170219924378025,8.686979556360232,11.923001127471284,7.882033267138644,10.705979135033482,0.508629379875,0.5112044707083332,NA,NA,0.8219095599999999,0.82128036,48,48,1,231.672046665541,880.215,20.568958333333352,28.54000000000002,15.609000000000037,85.40842916666666,0.7953495206133417,1.846507213134526,0.5,0.11874235416666666,16.81581250000002,1,3,0,0,0,0,0,0
2025-05-16,-3.1168993976017716,-1.2829998533497164,11.100697967733582,12.383391431172353,7.983798570131812,11.100391577822634,1.0461979341666665,1.0585597408333334,NA,NA,1.745229,1.740357,48,48,1,311.30985692930625,912.361,21.035125000000022,27.521000000000015,12.885000000000048,65.03235416666666,1.1326324884288672,2.481253267505934,18.3,0.27736770833333335,17.34336805555558,1,3,0,0,0,0,0,0
2025-05-17,0.9628606734564152,2.674851660132489,5.684730646021905,6.730142088562646,6.64759131947832,9.404993748695134,0.37562905960416665,0.3948855699166667,NA,NA,0.1251166161,0.1271460656,48,48,1,107.0416851271875,494.025,13.474104166666688,25.009000000000015,9.411000000000001,79.29522291666666,0.4133439212979714,1.8995097859794787,4.699999999999999,0.2825594166666667,16.010819444444465,1,3,0,0,0,0,0,0
2025-05-18,-6.4021638371486445,-6.1324840692,12.280040170405378,15.143088037411612,5.877876333256732,9.010603968211612,0.3413169,0.3420809666666667,NA,NA,0.5201092,0.5086993,48,48,1,297.07819183014163,875.979,11.802979166666692,14.619000000000028,8.426000000000045,76.10603541666667,0.3431219556790054,0.6328770612762258,0,0.27771904166666667,15.044972222222249,1,3,0,0,0,0,0,0
2025-05-19,-4.623903697725318,-5.72499192054694,9.4443253601023809,13.339103199301546,4.820421662377062,7.614111278754607,0.23875466041666668,0.24315322083333335,NA,NA,0.34676819999999997,0.3423744,48,48,1,192.6848998599167,704.586,8.113604166666693,12.811000000000035,4.111000000000047,79.86514583333333,0.24387693223570825,0.5111087680062968,0,0.2691398125,13.96289583333336,1,3,0,0,0,0,0,0
2025-05-20,3.3684469268586943,-0.5002555649760003,1.0004904259838674,7.623140815499279,4.368937352842563,7.122885250523279,0.31973159229166664,0.33719253125,NA,NA,0.3047372,0.3210424,48,48,1,92.24276669623542,425.656,7.85295833333336,11.451999999999998,5.992999999999995,67.75914166666666,0.3453907867649793,0.4385042933144734,9.9,0.2638585625,12.412472222222242,1,3,0,0,0,0,0,0
2025-05-21,5.4238180590640095,2.9336807431556995,-1.5151957722715124,3.9575499547164785,3.9086222867924953,6.891230697872176,0.022182490077083335,0.023040696483333335,NA,NA,0.002542578,0.0026877542999999998,48,48,1,53.259160904166656,184.402,8.339250000000028,9.021000000000015,7.621000000000038,97.86301458333334,0.04937769461888144,0.1289654658244489,10.4,0.32332479166666667,11.541562500000023,1,3,0,0,0,0,0,0
2025-05-22,-6.690890882541897,-5.348199235967999,9.628692606718879,12.237226907464018,2.9378017241769796,6.88902767149602,0.24197171354166663,0.24320655635416666,NA,NA,0.5040436,0.5026905,48,48,1,212.5146274556875,742.132,9.55152083333336,12.555000000000007,6.912000000000035,82.37934375,0.4512631005564021,0.6571504721134184,3.600000000000001,0.32268464583333334,12.027243055555576,1,3,0,0,0,0,0,0
2025-05-23,-5.835191556319715,-4.883453406253175,8.354278699802258,11.030969130002164,2.519087143482543,6.1475157237489935,0.2534192525625,0.2596424911666667,NA,NA,0.3534191,0.3538064,48,48,1,190.67991882235,583.142,7.376229166666684,11.229000000000042,2.862000000000023,77.10444791666667,0.27174762672770897,0.5218266620852128,0,0.30320166666666665,11.50014583333335,1,3,0,0,0,0,0,0
2025-05-24,-5.535824179134242,-3.993244024727845,8.826223176338884,10.25235124580823,3.290398997204638,6.259107221080385,0.363723089125,0.3656861665625,NA,NA,0.6625669999999999,0.6503235,48,48,1,282.339160548104,932.826,9.225833333333355,15.055000000000007,3.1960000000000264,74.76024166666667,0.4402902281693634,0.8868923621167883,0,0.29523639583333333,11.745215277777804,1,3,0,0,0,0,0,0
2025-05-25,-6.828329573277159,-2.0673276668211575,10.969304571126838,8.463619600197788,4.140974997849677,6.396291933376627,0.5622835770833333,0.5695907833333332,NA,NA,0.9018574,0.8938921,48,48,1,334.8598304933125,995.136,11.174291666666685,18.00600000000003,3.9420000000000073,65.5001375,0.5713217438992158,1.305168962934577,0,0.28926366666666664,12.383951388888914,1,3,0,0,0,0,0,0
2025-05-26,-5.275687428637553,-2.0394919335371,10.3964551638126,8.887822038629883,5.120767735175043,6.848330105092785,0.7473443642916666,0.7634689133958333,NA,NA,1.2233991,1.2253020000000001,48,48,1,336.10374898354377,954.44,13.564979166666687,21.76800000000003,5.335000000000036,61.657439583333336,0.7991003770862393,1.750180284800025,0,0.2836597708333333,13.198500000000022,1,3,0,0,0,0,0,0
2025-05-27,-3.6317114751301323,-4.1852692238582785,9.873597638219708,11.632033099216104,6.241886163089576,7.446763875357818,0.8674233958333334,0.8881404166666667,NA,NA,1.3062069,1.3087152,48,48,1,260.30182177506254,938.616,16.23172916666669,22.09200000000004,9.515000000000043,57.254379166666666,0.8908298274132805,1.700239960867858,0,0.27803639583333334,14.110222222222244,1,3,0,0,0,0,0,0
2025-05-28,2.0305212409174054,0.32113897145999937,4.926702499110423,7.151925945301498,6.9572237400278265,7.473064916761498,0.6247955066666667,0.64459848,NA,NA,0.8239123,0.8349853,48,48,1,107.10079006622918,659.966,15.921250000000025,20.326000000000022,13.129000000000019,65.83118333333333,0.705540654231381,1.3373612177713823,11.5,0.27335058333333334,14.380263888888914,1,3,0,0,0,0,0,0
2025-05-29,-3.287522370446534,-3.5686063943691413,10.53427374114204,10.594652249062053,7.246751370695509,7.026045854692913,0.1762434501276596,0.17086582166666667,NA,NA,0.3421948716,0.332834383,48,48,1,194.28067111900216,755.891,13.665625000000022,18.634000000000015,10.367999999999995,91.47550416666667,0.45977942017246876,0.6690461665800178,1.5,0.30991366666666664,14.603833333333359,1,3,0,0,0,0,0,0
2025-05-30,-1.154789867984192,-2.0534757026750174,9.11107679445591,9.118426270573424,7.956286926471717,7.064950567898408,0.2533100847826087,0.2694675872916667,NA,NA,0.646361375,0.6313854,48,48,1,170.73163740425463,724.08,13.684125000000023,19.49200000000002,8.124000000000024,85.52224791666667,0.39210773615201583,0.8291475320405723,0,0.2938951914893617,14.723524822695055,0.9791666666666666,2.9375,1,1,1,0.020833333333333332,0.020833333333333332,0.020833333333333332
2025-05-31,-7.650665851833259,-6.235649323147638,15.479002647888825,12.843038250155045,7.828336796055568,6.607388927007405,0.43884769729166667,0.45202888,NA,NA,0.6942334,0.6984777,48,48,1,284.93161684854164,846.672,11.39047916666669,16.41300000000001,5.626000000000033,70.1028,0.45340513537682714,1.0020389198315605,0,0.2865674375,14.200215277777806,1,3,0,0,0,0,0,0
2025-06-01,-8.8499822613156,-4.9225220965457925,15.97062953967069,11.375459904961893,7.1206472783550865,6.452937808416101,0.6283179395833333,0.6441822729166666,NA,NA,1.0050331,1.0034967,48,48,1,333.45510425119375,930.734,10.77779166666669,19.00200000000001,3.274000000000001,60.04241666666667,0.6461285993151363,1.4530696047896332,0,0.2801633125,13.702562500000022,1,3,0,0,0,0,0,0
2025-06-02,-6.652097052911999,-4.968666739319116,13.788513341805555,12.038042452466746,7.136416288893551,7.06937571314763,0.9137561458333334,0.9316517645833333,NA,NA,1.638784,1.638049,48,48,1,303.7651747579659,880.246,13.967250000000021,23.397000000000048,4.066000000000031,56.07311875,0.9344436600928575,2.0956966074633097,0,0.2738086458333333,14.094416666666687,1,3,0,0,0,0,0,0
2025-06-03,-3.989670692761798,-2.57318897859555,12.217330469242613,11.132719308329076,8.227659776480815,8.559530329733525,1.1996609791666666,1.2268811041666667,NA,NA,1.4380652,1.4208483,48,48,1,248.12572782274063,831.332,21.681145833333353,28.899,16.148000000000025,54.44659583333333,1.2305178453290544,2.162025514820872,0,0.2669757916666667,15.55125694444447,1,3,0,0,0,0,0,0
2025-06-04,0.3853745582323935,-2.3147189970479993,7.354189134822153,10.490222693647128,7.7395636930545475,8.175503696599131,0.5466568145208334,0.5527483116458334,NA,NA,0.080720298,0.080508787,48,48,1,136.46521561289583,528.949,19.668604166666693,25.843000000000018,14.085000000000036,80.1887,0.7009180512379252,1.5263246137251008,7.299999999999999,0.26690108333333334,16.903506944444466,1,3,0,0,0,0,0,0
2025-06-05,-5.624877323891563,-3.2834653047697593,12.853926810939814,11.050707998311,7.2290494870482505,7.767242693541241,0.6671937506458333,0.6737711898958334,NA,NA,1.3078988,1.3195628,48,48,1,329.0524926608521,926.87,17.97883333333336,24.112000000000023,12.105000000000018,74.88432916666667,1.0825071404702526,1.8609135344461316,0,0.27430452083333334,17.009256944444466,1,3,0,0,0,0,0,0
2025-06-06,-5.409638250957455,-4.612461757629637,12.519346962678192,12.33767445780508,7.1097087117207325,7.725212700175447,1.0431233333333334,1.0510587916666667,NA,NA,1.6800080000000002,1.671444,48,48,1,311.7595459468313,974.664,17.985041666666692,24.658000000000015,10.94500000000005,56.907895833333335,1.0542035657967688,2.1428196756881874,0,0.2673564583333333,17.13798611111113,1,3,0,0,0,0,0,0
2025-06-07,-6.201451741849015,-5.918081883717917,13.351966994213138,13.640935088154151,7.150515252364127,7.722853204436237,1.0930875416666668,1.1117412291666668,NA,NA,1.727638,1.743876,48,48,1,327.4148211507271,939.955,18.073416666666688,25.25400000000002,9.141999999999996,54.595841666666665,1.1150582645652825,2.1015097222005035,0,0.25751175,17.040541666666687,1,3,0,0,0,0,0,0
2025-06-08,-4.927191844806132,-4.514748802430401,12.384993446791386,12.539737187413772,7.457801601985253,8.02498838498337,1.1080005,1.1246241666666668,NA,NA,1.508805,1.483444,48,48,1,288.29773300261417,931.225,19.55343750000002,25.117999999999995,14.066000000000031,51.94906666666667,1.1280147066570734,1.749174838173753,0,0.24460758333333332,17.79816666666669,1,3,0,0,0,0,0,0
2025-06-09,-5.823238069734833,-6.824592147125068,12.624515003506358,14.121175228141722,6.801276933771523,7.296583081016657,0.32248797916666666,0.32566142458333336,NA,NA,0.8618649,0.8568678000000001,48,48,1,267.9284079053959,909.916,15.824229166666683,21.394000000000005,12.326999999999998,84.58264791666667,0.4909191699121905,1.255424973755623,0.8,0.23420868749999998,17.451986111111136,1,3,0,0,0,0,0,0
2025-06-10,-4.346037158367272,-4.819575732698964,10.416414643383522,11.715730210100276,6.070377485016252,6.896154477401314,0.3223098166666667,0.329928525,NA,NA,0.4709908,0.4712863,48,48,1,149.35299649089583,529.968,13.94047916666669,17.03000000000003,10.379000000000019,80.7030125,0.33093826858789327,0.6110257661122098,0,0.23109575,16.10302083333336,1,3,0,0,0,0,0,0
2025-06-11,-5.6696254086131175,-6.686653026776334,11.859213054296697,14.242172113092641,6.1895876456835754,7.55551908631631,0.69986976375,0.7028884314583334,NA,NA,1.267749,1.26793,48,48,1,319.30034403291666,909.213,18.16989583333336,26.087000000000046,9.015000000000043,74.64653958333334,0.8255624921426734,1.684554817849633,0,0.22612395833333332,16.44585416666669,1,3,0,0,0,0,0,0
2025-06-12,-2.879333873946228,-5.277005825854266,8.794064160841828,12.925694096601132,5.914730286895598,7.648688270746862,0.6410714229166666,0.6480636895833334,NA,NA,0.9931354,0.9850485999999999,48,48,1,196.42556761986788,963.282,19.347437500000023,24.363,15.801000000000045,73.55433333333333,0.6500148497353238,1.3139456021305116,0.4,0.212699,17.579868055555576,1,3,0,0,0,0,0,0
2025-06-13,-4.02846147520508,-8.329145813731545,9.296714538749288,15.573646531618934,5.268253063544211,7.244500717887389,0.8574127708333333,0.8715080625,NA,NA,1.2830390999999999,1.2785256,48,48,1,246.030245187235,892.051,18.250020833333355,22.648000000000025,12.593000000000018,60.32997291666667,0.8741485685241297,1.5713463127629763,1.2000000000000002,0.20307316666666667,17.38082638888891,1,3,0,0,0,0,0,0
2025-06-14,-6.922959294393938,-8.028357290639999,11.628324712418577,15.426533251245322,4.705365418024635,7.39817596060532,0.8654525208333333,0.86548625,NA,NA,1.2007668,1.1876715999999998,48,48,1,325.0697728420708,886.928,17.856770833333353,25.33000000000004,12.177999999999997,63.17615416666666,0.8680769515698543,1.8670919862561015,0,0.18701620833333332,17.607159722222246,1,3,0,0,0,0,0,0
2025-06-15,-4.518750746051828,-7.553433711189263,9.718183837279826,15.978005893470348,5.1994330912279985,8.424572182281088,0.8916410833333334,0.889208875,NA,NA,1.1197926,1.081931,48,48,1,259.7538298774604,869.958,19.521604166666688,25.494000000000028,12.94300000000004,64.01873958333333,0.8918697633437037,1.5611646610376932,0,0.16135860416666667,18.261479166666692,1,3,0,0,0,0,0,0
2025-06-16,-4.150980176728199,-6.430529996860784,10.889575712306657,16.023944176102432,6.7385955355784555,9.593414179241654,1.0856864375,1.0906504375000001,NA,NA,1.588023,1.490141,48,48,1,298.4528873010167,863.239,21.707395833333354,28.47800000000001,14.647000000000048,61.75672083333333,1.09386849588069,2.060799443567559,0,0.14079329787234043,19.356722222222245,0.9791666666666666,3,0,0,0,0,0,0
2025-06-17,-4.2469248302798315,-5.904958371992964,12.569289747150803,16.641486779822017,8.32236491687097,10.736528407829054,0.810571,0.8026158333333334,NA,NA,1.1907416,1.1629654,48,48,1,307.10860476958334,918.611,23.435875000000017,28.76600000000002,17.625,75.04014583333334,0.8049576100834612,1.5419201419241317,0,0.12329270833333333,19.833902777777798,1,3,0,0,0,0,0,0
2025-06-18,3.0571722597315047,0.21253887962881235,6.295767431527527,10.904065714236696,9.352939691259031,11.116604593865503,0.2555589202083333,0.25377012895833334,NA,NA,0.5154226,0.4975093,48,48,1,138.57921181229167,750.572,21.672854166666692,27.47800000000001,19.259000000000015,91.54407708333333,0.3717901178912916,1.3180668853005528,12.6,0.11993445833333334,20.157312500000014,1,3,0,0,0,0,0,0
2025-06-19,1.2615044115465235,1.3974137276962635,8.908255192060299,9.856629841932962,10.169759603606822,11.254043569629228,0.2675740575833333,0.26541338995833325,NA,NA,0.5979411,0.5846091999999999,48,48,1,237.8238528753125,886.498,19.59687500000002,23.399,16.117999999999995,89.86390625,0.5591125344498308,0.9983344573085504,8.6,0.24359736458333334,20.264701388888913,1.8541666666666665,3,0,0,0,0,0,0
2025-06-20,-2.306680561009642,-2.918948107519343,13.213896239201405,13.947326423817096,10.907215678191768,11.028378316297749,0.35722946454166665,0.3552735418125,NA,NA,0.3986813,0.3978139,48,48,1,176.05293946541664,667.99,19.72366666666669,25.53200000000004,14.766999999999996,87.0305375,0.4175426184148958,1.144048173069534,0.30000000000000004,0.23830771875,19.694111111111134,2,3,0,0,0,0,0,0
2025-06-21,-1.7989444590319714,-3.6222795525846374,13.45967529966906,15.5053996763821,11.660730840637092,11.883120123797465,1.0358105833333333,1.0379093333333331,NA,NA,1.1070451000000001,1.0917382,48,48,1,287.8276617375,898.006,26.367062500000024,32.184000000000026,22.463000000000022,72.02023125,1.0408894829663276,2.2845629718149936,1.7000000000000002,0.22609158333333335,21.45082638888891,2,3,0,0,0,0,0,0
2025-06-22,-2.608827696216001,-4.293034890696,13.880337966119992,15.921328919318894,11.27151026990399,11.628294028622895,1.1182917916666666,1.1185517083333334,NA,NA,1.1175068,1.0898851,48,48,1,329.795928213125,911.34,28.621104166666687,31.560000000000002,25.52800000000002,72.48715416666667,1.1217327694859065,1.957708076081445,0,0.21046119791666668,23.358437500000022,2,3,0,0,0,0,0,0
2025-06-23,-2.7983230977947016,-4.849670005670631,13.402327224540976,16.060420430504074,10.604004126746279,11.210750424833442,1.1902379791666666,1.1890991249999998,NA,NA,1.467462,1.448191,48,48,1,333.9303584164584,901.75,28.39625000000002,31.576000000000022,24.922000000000025,70.56750833333334,1.1924824692254985,2.159420693176019,0,0.18334622916666668,23.7865902777778,2,3,0,0,0,0,0,0
2025-06-24,-3.6495235529391983,-5.620966900864964,13.311784734239623,16.077905323470674,9.662261181300426,10.456938422605708,0.9669972166666666,0.99228296875,NA,NA,1.4219247,1.547832,48,48,1,227.48240843833327,719.942,25.927895833333356,30.638000000000034,19.246000000000038,73.42301458333333,1.06167854538374,1.8885983122879848,0,0.15188528125,23.370354166666687,2,3,0,0,0,0,0,0
2025-06-25,0.8175520638548627,-3.8610018215232365,7.864486385343477,13.48630963869397,8.682038449198338,9.625307817170729,0.3237330682708333,0.3194702605,NA,NA,0.3523409,0.3472869,48,48,1,142.127196756875,503.036,23.08972916666669,26.273000000000025,20.375,89.65536041666667,0.3951763798286574,0.8157303849805673,1.0999999999999999,0.13540527083333334,22.59257638888891,2,3,0,0,0,0,0,0
2025-06-26,-5.300767425925403,-6.230175823013147,14.339178129367884,16.07783742614145,9.03841070344248,9.8476616031283,0.6269544134042553,0.6989277448936171,NA,NA,0.892893,0.9896586,48,48,1,274.41122260291667,825.958,24.751458333333357,30.956000000000017,18.662000000000035,80.5305875,0.7489703016118449,1.5497247738207909,0,0.12689458333333334,22.81650694444447,2,3,0,0,0,0,0,0
2025-06-27,-3.6035867512105764,-4.051102223376001,13.426704953771882,14.072534260062028,9.823118202561307,10.021432036686033,0.48110707708333333,0.4748548722916667,NA,NA,0.9716953,0.9460192,48,48,1,248.2195564097917,794.081,24.357520833333353,27.811000000000035,20.721000000000004,86.32090208333334,0.6363262759272943,1.18021586643777,13.499999999999998,0.16924948958333333,23.515479166666687,2,3,0,0,0,0,0,0
2025-06-28,-2.7182311680371742,-4.460731329385013,12.734797266073633,14.052472768893445,10.01656609803646,9.591741439508432,0.677345,0.6677058541666667,NA,NA,1.0209111,0.9835687,48,48,1,316.1549422708334,880.997,21.223291666666686,26.072000000000003,16.754999999999995,74.80634375,0.6697010290612925,1.3912117372582231,0,0.16855291666666666,22.780131944444467,2,3,0,0,0,0,0,0
2025-06-29,-4.3659084889768955,-4.737784722223168,14.697598012418188,14.147670444897384,10.33168952344129,9.409885722674215,0.22023460107142856,0.6039514314583333,NA,NA,NA,0.9422709,28,28,1,72.55020832392857,487.873,18.254250000000027,24.04600000000005,15.367000000000019,91.36931071428572,0.413805905410007,0.8290484251005847,0,0.15861476785714285,21.026095238095262,2,3,0,0,0,0,0,0
2025-06-30,-3.8231240415360004,-5.972038284110871,13.770053550596286,14.882339350272709,9.946929509060292,8.910301066161836,NA,0.2443462155555555,NA,NA,NA,0.37487635,NA,NA,NA,NA,NA,NA,NA,NA,NA,NA,NA,NA,NA,NA,NA,NA,NA,NA,NA,NA,NA,NA
2025-07-01,-4.746036549374469,-4.038831842005286,14.249660945000624,12.43862340161797,9.503624395626153,8.399791559612682,1.4362715909090908,0.8842758162162161,NA,NA,1.4089445999999999,1.3902686,24,24,1,613.4703148148149,893.741,24.425833333333355,26.258000000000038,17.68,58.12199583333334,1.337438852543884,1.787493563832148,0,0.1378280652173913,23.536884057971037,1.9166666666666667,2.875,1,1,1,0.041666666666666664,0.041666666666666664,0.041666666666666664
2025-07-02,-5.177690479552733,-5.3326209393983905,14.124246346980652,13.117298792501105,8.946555867427922,7.784677853102717,0.9459443959166668,0.938532980625,NA,NA,1.824152,1.783581,48,48,1,318.21665887062505,926.115,23.44897916666669,28.608000000000004,18.80600000000004,72.95975625,1.292060935863698,2.18417375202785,0,0.130419975,22.397000000000023,2,3,0,0,0,0,0,0
2025-07-03,-3.783628735995528,-5.227575122171776,11.883548326095374,12.116552541395501,8.099919590099843,6.8889774192237265,0.8484651089583334,0.81907950875,NA,NA,1.581105,1.4738635,48,48,1,293.6101637133333,874.179,22.80993750000002,28.88900000000001,15.64100000000002,76.251,0.9863330125403399,2.3011987387766872,0.1,0.121152584375,22.281340277777797,2,3,0,0,0,0,0,0
2025-07-04,-5.207785711050465,-7.8321080127242,12.465691027429196,13.913973720938158,7.257905316378735,6.081865708213959,0.7621392229166667,0.7421755875,NA,NA,0.9090482,0.8764315,48,48,1,265.0251089631249,907.846,22.606041666666687,27.939999999999998,16.998000000000047,76.25650208333333,0.74434916276854,1.797664151023098,0,0.112955290625,22.149291666666688,2,3,0,0,0,0,0,0
2025-07-05,-5.338563362474113,-6.5340908375285345,11.843183676625813,12.269355628554043,6.504620314151701,5.735264791025513,1.2118908510638298,1.1856186875,NA,NA,1.821262,1.779371,48,48,1,302.741988646875,874.619,26.319270833333352,30.988,22.177999999999997,68.85928125,1.1890132636611717,2.580461565269273,0,0.105530378125,22.897291666666685,2,3,0,0,0,0,0,0
2025-07-06,-5.052955575806078,-5.889901133526962,10.223212725704435,11.118540763823646,5.170257149898356,5.228639630296677,0.710413525,0.7106000625,NA,NA,0.7053575000000001,0.6808524,48,48,1,191.9241850853958,685.189,25.387250000000023,29.360000000000014,22.581000000000017,79.10756041666667,0.7126665584061821,2.081186001375499,0.1,0.097677421875,23.2509652777778,2,3,0,0,0,0,0,0
2025-07-07,-3.6071085993664718,-5.714828638272,7.931208115255445,10.271564530763678,4.324099515888973,4.556735892491678,0.42132007574468083,0.4033279945833334,NA,NA,0.6963965999999999,0.6804127000000001,48,48,1,261.6220405147084,889.648,20.299229166666695,25.033000000000015,16.83200000000005,86.13972916666667,0.7494277825301797,1.449069789944102,0.1,0.094854890625,22.594680555555573,2,3,0,0,0,0,0,0
2025-07-08,-6.236575899805295,-6.827284155508177,10.571553970106951,11.34210702368674,4.334978070301656,4.514822868178565,0.5431964672916666,0.5290647225,NA,NA,0.9067048,0.8664731999999999,48,48,1,251.29896830579835,823.935,20.02131250000002,26.744000000000028,13.211000000000013,82.00752708333333,0.7082377716749025,1.4614725065898737,0,0.08989186354166667,21.67017361111113,2,3,0,0,0,0,0,0
2025-07-09,-4.233855667263614,-5.386006360325968,8.880530823129991,10.195084777482435,4.646675155866378,4.809078417156466,0.5935160391666666,0.5813764775,NA,NA,0.9491273,0.9155773,48,48,1,238.95365257223756,919.452,22.875687500000023,27.608000000000004,16.974000000000046,82.76708125,0.7573774321706895,1.7680382559824461,0,0.085326303125,22.09257638888891,2,3,0,0,0,0,0,0
2025-07-10,-6.0402571908020795,-6.5089273563477805,10.513349282772595,11.069273490094638,4.473092091970514,4.560346133746856,0.737946794375,0.7129615783333334,NA,NA,1.217547,1.1670326,48,48,1,286.2755523144229,910.183,20.568666666666694,26.649,14.313000000000045,77.0559375,1.0738084791159404,1.8594552178188082,0,0.08022547395833333,21.586347222222244,2,3,0,0,0,0,0,0
2025-07-11,-1.5253332911683444,-3.3504365074224483,6.123294071623984,7.992586177155086,4.59796078045564,4.642149669732638,0.35248912875,0.35098095270833335,NA,NA,0.283655715,0.276718299,48,48,1,116.28374291147082,604.565,21.320708333333354,25.713000000000022,17.463000000000022,86.81349791666666,0.384357961993447,1.2887149492728605,0.1,0.07669871875,21.41539583333336,2,3,0,0,0,0,0,0
2025-07-12,-5.598101555794678,-6.869091883675639,10.359165842675317,11.68307080400255,4.761064286880642,4.813978920326912,0.3961924379166667,0.3915297004166667,NA,NA,0.7053866,0.6931246,48,48,1,217.89493578552498,810.321,23.284395833333352,25.68100000000004,20.726,87.23152708333333,0.48426666243241306,0.93683365733007,0,0.07572366875,22.100097222222242,2,3,0,0,0,0,0,0
2025-07-13,-6.168442057204487,-7.902502467418532,10.72396387098968,12.586884676336508,4.55552181378519,4.684382208917975,0.7115038802083332,0.6963823972916666,NA,NA,1.453097,1.394835,48,48,1,262.9059830865604,785.622,22.65916666666669,25.91900000000004,17.88900000000001,77.72804791666667,0.9591184029721919,1.5868255176999189,0,0.073035584375,22.037472222222245,2,3,0,0,0,0,0,0
2025-07-14,-4.333613282193634,-6.432242599476828,8.651071404107578,10.952647848454227,4.317458121913945,4.520405248977402,0.8212811475,0.8037667160416667,NA,NA,1.69365,1.6179578,48,48,1,307.9852229136041,880.83,21.879979166666683,28.27000000000004,13.980999999999995,75.76867291666667,1.1391568935468648,2.0538457809441937,0,0.070193596875,21.629854166666693,2,3,0,0,0,0,0,0
2025-07-15,-2.9309277584685822,-5.648558592003264,7.137101150964261,10.148117729277068,4.206173392495678,4.4995591372738035,1.0985950341666666,1.0589779202083331,NA,NA,2.0279380000000002,1.922476,48,48,1,312.35707159534786,872.486,22.512562500000023,30.067000000000007,14.492999999999995,71.11938333333333,1.4168155821859822,2.559996136776922,0,0.06773716041666666,21.867229166666686,2,3,0,0,0,0,0,0
2025-07-16,-5.025812382924404,-6.586528098622406,9.3273484610391435,11.306055653623988,4.301536078114737,4.719527555001583,0.8226921666666667,0.782185744680851,NA,NA,0.9572805,0.9107963,48,48,1,237.20296174627083,812.655,25.387437500000026,30.07800000000003,21.06400000000002,76.38887083333333,0.8091331827461592,1.9689179651075719,0,0.06596184166666667,22.932423611111133,2,3,0,0,0,0,0,0
2025-07-17,-2.2436752550334567,-5.667131744666342,6.249762821339534,9.734815419964258,4.006087566306078,4.067683675297918,0.22484929731249995,0.22220054812499995,NA,NA,0.34872791000000003,0.34196385,48,48,1,186.39601932645834,804.151,19.16133333333336,27.346000000000004,15.633000000000038,90.31393541666667,0.4142572854646785,0.9304657652965886,4.6,0.06980784583333334,22.44925000000002,2,3,0,0,0,0,0,0
2025-07-18,-2.4896407298853958,-6.0652636570032525,6.878849299206534,9.837652880199444,4.389208569321138,3.7723892231961895,0.642282852375,0.6398618688333333,NA,NA,1.1906152,1.1817099,48,48,1,324.36174695562914,917.554,17.23006250000002,25.43900000000002,9.494000000000028,75.67775,0.9341655294649168,1.62560264379484,0,0.06760949791666666,20.22460416666669,2,3,0,0,0,0,0,0
2025-07-19,-1.1293628190704526,-0.6214640458553251,6.457334132509958,4.635149487806597,5.3279713134395035,4.01368544195127,0.2398117606875,0.24035848666666668,NA,NA,0.5768856,0.5633087,48,48,1,108.98570990916667,506.59,20.238291666666694,25.78000000000003,14.334000000000003,91.58038333333333,0.4657143155598412,1.3477337795651014,17.3,0.08464824895833334,20.609187500000022,2,3,0,0,0,0,0,0
2025-07-20,-3.401657663938952,-3.070160811684799,9.5453624166911,7.161539747825737,6.14370475275215,4.09137893614094,0.5314817504583333,0.5207188755,NA,NA,0.9167267,0.8955744999999999,48,48,1,274.1007661991667,838.472,21.91941666666669,25.80400000000003,18.677999999999997,82.60623958333333,1.0484997789626687,1.8411784506702877,0.2,0.152703334375,21.995069444444468,2,3,0,0,0,0,0,0
2025-07-21,-3.2754980284742667,-5.091231738098745,9.763748177230624,9.242498934308689,6.48825014875636,4.151267196209942,0.5719174189189189,0.7377096347916666,NA,NA,1.0876136666666667,1.0848732,37,37,1,248.45035703648657,883.453,18.065243243243266,24.31400000000002,13.04200000000003,75.49061891891891,0.5857113429560624,1.4453920285702782,0,0.12970379324324324,20.125909909909932,2,3,0,0,0,0,0,0
2025-07-22,-3.864758772548572,-5.650350709680001,10.37053321424877,10.731392311223107,6.505774441700197,5.081041601543107,1.0369579545454546,1.0212581041666666,NA,NA,1.363666,1.337239,45,45,1,320.2725036372889,876.884,21.398288888888914,28.17700000000002,15.91500000000002,62.49239111111111,1.033095451678004,1.8730433866769935,0,0.11585228555555556,21.278466666666688,2,3,0,0,0,0,0,0
2025-07-23,-3.370093123225268,-4.647892386302981,9.506726827064965,10.830948871427893,6.136633703839698,6.183056485124911,0.965275,0.960599125,NA,NA,1.494982,1.449424,48,48,1,295.53361624402083,867.215,24.10862500000002,30.999000000000024,17.375,71.85070625,0.9633796723252783,1.9175403536294482,0,0.105758625,22.127597222222242,2,3,0,0,0,0,0,0
2025-07-24,-3.949341025205275,-4.81638431664,10.248431887272389,11.981977295992776,6.299090862067113,7.165592979352775,0.7386403043750001,0.7276687275,NA,NA,1.1028348,1.0778073,48,48,1,228.13113645624998,776.864,27.409979166666687,30.29600000000005,25.21700000000004,80.99177708333333,0.8767857161332508,1.886677658283189,0,0.09732923854166667,23.92780555555558,2,3,0,0,0,0,0,0
2025-07-25,-2.89604257983256,-5.061172874531966,8.649547028720573,12.16270769998775,5.7535044488880125,7.101534825455786,0.5472411495833333,0.5396014420833334,NA,NA,1.0396844,0.9819053,48,48,1,192.47318155674265,893.385,24.473083333333356,29.730000000000018,20.824000000000012,84.65401041666667,0.7890663022475041,1.7975298122969101,0,0.09055126770833334,23.543166666666686,2,3,0,0,0,0,0,0
2025-07-26,-3.2120389521568753,-1.4587610321052864,8.68444647969761,8.795942955137486,5.472407527540735,7.337181923032198,0.3235339285416667,0.32243328916666664,NA,NA,0.148759991,0.144761422,48,48,1,118.90037624750002,502.168,23.67212500000002,26.523000000000025,21.375,89.3929125,0.43263458719128495,0.6573880798712612,4.3999999999999995,0.08860956145833333,23.273694444444466,2,3,0,0,0,0,0,0
2025-07-27,-3.3756143713296503,-3.782835970293348,8.793213861275312,11.71094691157154,5.417599489945664,7.928110941278192,0.5465021006249999,0.6958126108333335,NA,NA,0.8992723,1.2612214000000002,48,48,1,296.3855454985417,949.908,25.317895833333356,32.547000000000025,21.099000000000046,83.96367500000001,1.3436232679850937,2.8833501286907106,0.1,0.09197780729166667,23.914513888888916,2,3,0,0,0,0,0,0
2025-07-28,-4.913651719999894,-3.381273805301169,10.193741259155571,11.783946420149736,5.2800895391556795,8.402672614848562,0.6113256445833333,0.7267867097916667,NA,NA,0.9792063,1.166973,48,48,1,243.81110635333337,849.433,25.94275000000002,31.839,20.102000000000032,82.18236458333334,0.8979445317384882,2.1523624558746617,0,0.08672662187499999,24.05132638888891,2,3,0,0,0,0,0,0
2025-07-29,-4.65515357300292,-5.1987872166644715,9.491632255895823,13.531892431304014,4.836478682892903,8.333105214639543,0.3329378434516129,0.6635172473260869,NA,NA,1.0288195,1.3042405000000001,31,31,1,106.55282672935485,645.108,22.029483870967763,28.887,18.41500000000002,89.70602258064517,0.37949790792717214,1.4121111517655205,0,0.08192108870967742,22.299602150537655,2,3,0,0,0,0,0,0
2025-07-30,-2.8769190325411964,-1.730506549230419,7.3041600013330825,10.253273825535517,4.427240968791887,8.5227672763051,0.2945970818604651,0.3097100708333333,NA,NA,0.8027476,0.7929527,44,44,1,122.14597495113637,633.96,20.851545454545477,25.460000000000036,16.736000000000047,89.52099090909091,0.44557539895249687,1.1132946847355312,7.600000000000001,0.0779074340909091,22.241530303030327,2,3,0,0,0,0,0,0
2025-07-31,-2.9468940731023836,-3.8959115510566016,6.928679950568339,12.28932436511977,3.981785877465956,8.393412814063167,0.5035722944042552,0.5050289815625,NA,NA,0.9913067777777778,0.9460831,47,47,1,234.5565109148936,739.966,18.32921276595747,24.461000000000013,13.855000000000018,81.07812553191489,0.7403703463785303,1.6632617183457057,0.5,0.11946331808510638,21.00041134751775,2,3,0,0,0,0,0,0
2025-08-01,-3.244174184110342,-4.436495614198286,7.094900189413813,12.530004669421118,3.850726005303471,8.093509055222832,0.5580375,0.7787592479166666,NA,NA,NA,1.3420274,8,8,1,9.724629626437501,55.3123,19.17087500000003,21.614000000000033,17.30400000000003,74.29418749999999,0.5849255068037673,0.9630996782061838,0,0.11005610625000001,21.342000000000027,2,3,0,0,0,0,0,0
2025-08-02,-3.6256390792010116,-5.414214483965145,7.2958771735712125,13.012329272111003,3.670238094370199,7.598114788145862,NA,0.7230927583333333,NA,NA,NA,1.3399651,NA,NA,NA,NA,NA,NA,NA,NA,NA,NA,NA,NA,NA,NA,NA,NA,NA,NA,NA,NA,NA,NA
2025-08-03,-4.379408461669064,-6.749339371924148,8.201628605029088,14.590031082320396,3.8222201433600254,7.840691710396244,NA,0.5903615760869564,NA,NA,NA,0.9015167,NA,NA,NA,NA,NA,NA,NA,NA,NA,NA,NA,NA,NA,NA,NA,NA,NA,NA,NA,NA,NA,NA
2025-08-04,-5.018095651371562,-7.711899651728181,8.715667516687972,15.166240523581033,3.6975718653164136,7.454340871852849,NA,0.5591415708333333,NA,NA,NA,1.0363738,NA,NA,NA,NA,NA,NA,NA,NA,NA,NA,NA,NA,NA,NA,NA,NA,NA,NA,NA,NA,NA,NA
2025-08-05,-4.1386801036826,-6.721414290494475,7.635380656468357,13.636119826547134,3.496700552785756,6.91470553605266,NA,0.6736804916666668,NA,NA,NA,1.1854512,NA,NA,NA,NA,NA,NA,NA,NA,NA,NA,NA,NA,NA,NA,NA,NA,NA,NA,NA,NA,NA,NA
2025-08-06,-2.7339906354668693,-6.3464507180419485,6.112417949397433,12.860068537417929,3.3784273139305645,6.513617819375979,NA,0.641637340909091,NA,NA,NA,0.9708089,NA,NA,NA,NA,NA,NA,NA,NA,NA,NA,NA,NA,NA,NA,NA,NA,NA,NA,NA,NA,NA,NA
2025-08-07,-3.081011744081358,-4.5413892067903525,6.251709577307818,10.478317510564928,3.1706978332264617,5.936928303774575,1.964758888888889,0.7509380652173914,NA,NA,NA,1.405429888888889,11,11,1,509.85368686868685,859.179,29.87863636363639,32.14,28.946000000000026,49.71382727272727,2.1269590159794256,2.722631252423676,0,0.0707564,25.875400000000024,1.8181818181818181,1.8181818181818181,1,1,1,0.09090909090909091,0.09090909090909091,0.09090909090909091
2025-08-08,-3.3893038633417096,-3.5410762803626827,6.36059708385431,8.913874560770342,2.9712932205126,5.3727982804076575,0.8909028468750001,0.9561581854166668,NA,NA,1.3759623,1.3200243,48,48,1,260.779140020625,842.388,25.847583333333354,31.079000000000008,20.363,75.03090625,1.123281715085098,2.13371370833172,1.7000000000000002,0.07035484270833334,23.32275000000002,2,2,0,0,0,0,0,0
2025-08-09,-4.675755202057515,-4.687517768489581,7.499325758801244,9.595850415436928,2.823570556743727,4.908332646947347,1.12895004375,1.1852678729166666,NA,NA,1.907958,1.86269,48,48,1,259.41375012850835,810.514,27.051229166666687,32.35000000000002,21.609000000000037,70.86406041666666,1.1886361576773152,2.6669306616263984,0,0.07010420208333333,23.850354166666687,2,2,0,0,0,0,0,0
2025-08-10,-4.400633202409503,-4.920769045268356,6.982014267321302,9.168170158600004,2.5813810649117985,4.247401113331646,1.1018629055416667,1.1023826252916666,NA,NA,1.735363,1.6965835,48,48,1,232.8320115726021,835.154,26.069479166666692,31.19500000000005,20.67500000000001,71.45361666666666,1.1055333914429724,2.355803450263621,0,0.06928237291666667,24.017208333333357,2,2,0,0,0,0,0,0
2025-08-11,-5.808229067901734,-6.063419021620508,9.516850673390648,10.750492155349429,3.708621605488913,4.687073133728918,0.7808598958333334,0.7757864791666667,NA,NA,0.8778452,0.863935,48,48,1,215.41541441875,696.846,25.612791666666695,28.599000000000046,22.946000000000026,76.99438333333333,0.7780453419658692,1.5367114491985312,0,0.06804141770833333,24.07225000000002,2,2,0,0,0,0,0,0
2025-08-12,3.795523798433925,3.749946364165957,1.3364801173961727,1.6070300932122374,5.132003915830099,5.356976457378194,0.13832471041666666,0.138190405,NA,NA,0.37391604300000003,0.368614782,48,48,1,96.13906994696457,730.594,21.726645833333357,25.576999999999998,19.82800000000003,95.33871041666667,0.28120068035493895,0.8581630657604169,50.60000000000001,0.13657432083333332,22.847208333333352,2,2,0,0,0,0,0,0
2025-08-13,0.03673508967699006,0.15360811695409568,6.2801605360510635,6.212696083130067,6.316895625728052,6.366304200084162,0.6440354172916667,0.6165833579166667,NA,NA,1.3585428,1.275499,48,48,1,278.31317575937504,946.586,23.00114583333336,28.003000000000043,19.864000000000033,82.28516458333334,1.4184840725706254,2.3426052106752397,1.6,0.2594562083333333,23.31580208333336,2,2,0,0,0,0,0,0
2025-08-14,-1.9089135227452967,-3.5804494449369852,8.995878355308973,10.495781181994179,7.086964832563678,6.915331737057192,0.7822473413541667,0.7812039747499999,NA,NA,1.3182809,1.2929493,48,48,1,274.52722913422286,805.605,21.436833333333357,27.430000000000007,15.358000000000004,73.85925208333333,0.8359029127403442,1.668147124818959,0,0.242144875,22.22496875000002,2,2,0,0,0,0,0,0
2025-08-15,-2.699634234549397,-3.968516297385288,11.106607657964263,12.01213407523663,8.406973423414865,8.04361777785134,0.9590047500000001,0.9284275,NA,NA,1.5939311,1.5066678,48,48,1,268.95181567110416,868.512,23.638729166666693,29.104000000000042,19.438000000000045,71.992325,0.931129208554116,2.1370263351622802,0,0.23066185416666665,22.95812500000002,2,2,0,0,0,0,0,0
2025-08-16,-1.119086749873442,-0.8617326681044223,10.755558388536043,9.92898577187303,9.6364716386626,9.067253103768607,0.5929541500000001,0.6502822958333333,NA,NA,1.0242732,1.2633993,48,48,1,184.54016817708336,784.53,24.78510416666669,30.437000000000012,20.67500000000001,81.17358125,0.6521666270671611,1.7042242225985111,0.8,0.2219955,23.545520833333352,2,2,0,0,0,0,0,0
2025-08-17,-1.0344628179455413,-2.5373638511931698,11.39838897840482,12.116616621152328,10.363926160459282,9.579252769959158,0.5718821713541666,0.5534915860208333,NA,NA,1.2312153,1.1764773,48,48,1,218.51739080208333,755.214,23.334833333333357,27.79400000000004,20.138000000000034,83.30728125,1.0281328532940917,1.6692439962228462,0,0.21538448958333334,23.503104166666688,2,2,0,0,0,0,0,0
2025-08-18,0.14292994015816152,-3.3437376276551998,10.170228453052495,12.79575772985457,10.313158393210658,9.452020102199368,0.6755405,0.6872743958333333,NA,NA,0.9025546,0.9069545999999999,48,48,1,140.39608320624998,670.182,19.53158333333336,25.489000000000033,15.503000000000043,71.87808333333334,0.6893380798222645,1.503409406331519,0,0.20798729166666666,21.76698958333336,2,2,0,0,0,0,0,0
2025-08-19,3.6662733090617388,4.272682217700524,6.664827136285073,5.555170260213227,10.331100445346811,9.82785247791375,0.14360492002083333,0.14700655454166667,NA,NA,0.020034257099999998,0.0198568928,48,48,1,68.22901525402084,296.964,20.28258333333336,23.883000000000038,18.011000000000024,94.64473333333333,0.3586796285835255,1.0984888304492968,92.79999999999998,0.28020986458333336,21.298604166666692,2,2,0,0,0,0,0,0
2025-08-20,-0.4379129733113726,-1.9367972086348293,10.32899346382166,11.637448062686287,9.891080490510278,9.70065085405146,0.45978219066666665,0.45122931239583325,NA,NA,0.7267055,0.7131103,48,48,1,206.4190444185417,860.048,19.900916666666692,25.27000000000004,16.216000000000008,84.04374375,0.7023329710570513,1.6464951416712466,0,0.2754083854166667,21.471218750000023,2,2,0,0,0,0,0,0
2025-08-21,-1.7489903630826398,-2.1947747183419035,11.151336766229281,11.50608413309676,9.40234640314664,9.311309414754858,0.5318557710416667,0.5290543818750001,NA,NA,0.9993593000000001,0.9823080000000001,48,48,1,232.30950030187495,972.716,19.595500000000023,25.785000000000025,14.408000000000015,81.5828625,0.8229309334144396,1.4487299014116306,0,0.26887221875,20.823635416666686,2,2,0,0,0,0,0,0
2025-08-22,-3.859144844969566,-4.51687620175313,12.961908645895033,13.687585599125736,9.102763800925468,9.170709397372606,0.569503474375,0.5562650864583333,NA,NA,1.1493749,1.1012431,48,48,1,258.03277964375,898.21,20.55562500000002,25.638000000000034,15.036000000000001,80.68374166666666,0.6379688340649404,1.3964029358049956,0,0.26408783333333335,21.097166666666688,2,2,0,0,0,0,0,0
2025-08-23,-1.9865926046880653,-2.1216057202123624,10.667347934951904,11.02162378613831,8.680755330263842,8.900018065925948,0.4675577477083333,0.47161880083333335,NA,NA,0.7777587,0.7705748,48,48,1,229.67696781152088,813.006,21.077145833333358,24.523000000000025,18.58000000000004,82.55862708333333,0.6692455865617093,1.3366513518845315,0,0.259772125,21.471385416666692,2,2,0,0,0,0,0,0
2025-08-24,-2.1474121275474305,-3.577421507521167,9.553519485026007,11.278925934095575,7.406107357478573,7.701504426574416,0.41718641458333333,0.42810103958333334,NA,NA,0.7182959,0.7175164,48,48,1,215.28736701979176,813.616,16.80722916666669,19.954000000000008,13.275000000000034,79.0525,0.42940696127549616,0.8270361936968271,1.4,0.2561209583333333,19.746187500000023,2,2,0,0,0,0,0,0
2025-08-25,-3.4548578427791026,-2.3892710499741074,9.74638506997408,9.373048406745903,6.291527227194975,6.983777356771793,0.3331196696458334,0.3361646839791666,NA,NA,0.763884,0.7607791,48,48,1,216.20073753916662,892.615,14.551187500000028,18.573000000000036,10.910000000000025,82.81940416666666,0.6007960316992778,0.9879625451067942,0.2,0.25495363541666666,18.567208333333355,2,2,0,0,0,0,0,0
2025-08-26,-4.174616880649024,-1.1529779114927448,9.639274166535925,8.182438724554506,5.464657285886902,7.029460813061761,0.5099683648958334,0.5189828512499999,NA,NA,0.9408152,0.9351721,48,48,1,220.66058925916667,890.818,13.941854166666689,19.406000000000006,7.152000000000044,73.12077708333334,0.640968875952623,1.254499279233865,0,0.2520204583333333,17.407687500000023,2,2,0,0,0,0,0,0
2025-08-27,-5.19925710101987,-4.7178477688621365,10.028490691342853,12.049665515116484,4.829233590322985,7.331817746254348,0.6109849803958334,0.6202794392291666,NA,NA,1.1998768,1.1924492,48,48,1,237.76929382437504,787.729,14.37281250000002,21.331000000000017,5.962000000000046,71.29435208333334,0.7659546259166815,1.407655203039332,0,0.2487733125,16.838125000000023,2,2,0,0,0,0,0,0
2025-08-28,-2.864841851260858,-1.641498111008858,7.9439812696996,9.889810492337727,5.07913941843874,8.248312381328867,0.5225259932291667,0.5318887586458333,NA,NA,0.8039026,0.7883922,48,48,1,233.8615551400042,859.569,17.57150000000002,22.480999999999995,14.105999999999995,76.77225416666667,0.6406868095374298,1.436090049816628,3.6,0.24823160416666668,18.051416666666686,2,2,0,0,0,0,0,0
2025-08-29,-3.424436820683704,-3.8205397862469477,7.897455368973251,11.174141727637899,4.473018548289549,7.353601941390955,0.4645265755833333,0.4733470978125,NA,NA,0.8457887000000001,0.8339799999999999,48,48,1,236.04653632395838,865.708,12.522979166666689,17.989000000000033,5.757000000000005,73.00596041666667,0.5300854029232157,1.0516261594324596,0,0.24664778125,16.465114583333357,2,2,0,0,0,0,0,0
2025-08-30,-3.747333793148912,-0.8193567494053091,8.34764763278864,8.538717054912642,4.600313839639723,7.719360305507331,0.49630086349999997,0.49601551404166677,NA,NA,0.9055187,0.8831783,48,48,1,273.970577235,834.358,13.70754166666669,21.410000000000025,5.93300000000005,76.14798333333333,0.6287080894331812,1.4982459415873968,0,0.241093,16.09856250000002,2,2,0,0,0,0,0,0
2025-08-31,-4.160065154256796,-4.2674637763023995,9.06105878988653,12.681504130998025,4.900993635629733,8.414040354695626,0.6952967690416667,0.6893258513541667,NA,NA,1.3524235,1.3102949,48,48,1,264.3745329054167,821.772,16.21885416666669,24.093000000000018,7.626000000000033,71.77141875,0.8096330746355541,1.715589331076621,0,0.23635392708333333,16.519031250000022,2,2,0,0,0,0,0,0
2025-09-01,-4.393580667991152,-4.265734878687286,9.430227649035077,13.080941065033311,5.036646981043923,8.815206186346026,0.717630980625,0.7234151383333334,NA,NA,1.282349,1.2536401,48,48,1,252.53660028887498,821.957,17.30720833333336,24.66500000000002,10.012,71.65984166666667,0.8709976133540487,1.6803634525319062,0,0.23108523958333332,17.14511458333336,2,2,0,0,0,0,0,0
2025-09-02,-5.138158752897341,-3.6520779298845323,10.168282857981024,12.60450143278746,5.030124105083682,8.952423502902924,0.6146678278166667,0.6070022206666668,NA,NA,1.2838291,1.2369071,48,48,1,245.02431532462498,792.011,17.195166666666687,24.572000000000003,9.985000000000014,77.2449125,0.8861796366989365,1.6252674893005696,0,0.22319310416666666,17.31945833333336,2,2,0,0,0,0,0,0
2025-09-03,0.34572295097288536,3.4365190137512855,4.602974275870341,5.496927419521937,4.948697226843229,8.933446433273224,0.16802950895833332,0.17515609541666666,NA,NA,0.097011021,0.099081405,48,48,1,75.18771078457917,528.946,16.331229166666688,20.354000000000042,12.043000000000006,90.91586666666667,0.2113501761831789,0.7852729854591805,23.800000000000004,0.238621,17.084718750000025,2,2,0,0,0,0,0,0
2025-09-04,-3.09469150251302,-5.42992868717415,7.51124658715558,13.455406368076751,4.41655508464256,8.025477680902599,0.31290137125,0.31767610741666663,NA,NA,0.5808816,0.5801965,48,48,1,222.20045942328545,733.245,11.986770833333354,16.177999999999997,5.869000000000028,79.76318958333333,0.37320567108426167,0.7847691017060806,0,0.271553125,15.911520833333357,2,2,0,0,0,0,0,0
2025-09-05,-2.5728746793908295,-2.4843828708500744,7.205226885265263,10.61614633320193,4.632352205874432,8.131763462351858,0.42947,0.44372127083333335,NA,NA,0.5461873,0.5544899,48,48,1,177.39624380743746,592.199,12.989729166666688,15.087000000000046,10.633000000000038,70.79136458333333,0.4450771957746347,0.7111062792395534,0.6000000000000001,0.26243740625,15.145427083333352,2,2,0,0,0,0,0,0
2025-09-06,-1.572447546110091,-1.8204077352410954,6.2921800650534845,9.566779536083867,4.719732518943392,7.7463718008427715,0.38082577083333335,0.39338968750000003,NA,NA,0.4929162,0.5006763,48,48,1,110.29257306430416,553.682,11.888729166666689,14.201000000000022,9.984000000000037,72.04414583333333,0.394585978300707,0.6046493768519356,0,0.2563392916666667,14.451906250000018,2,2,0,0,0,0,0,0
2025-09-07,-3.683693206028521,-3.735155805316672,8.495123398916636,11.122273542474726,4.811430192888116,7.387117737158058,0.3602709515208333,0.366829499625,NA,NA,0.7239734999999999,0.7218521,48,48,1,222.30676994729166,734.537,10.849083333333361,16.488,4.951000000000022,77.05205833333333,0.3925328394529724,0.8933539139803406,0,0.2514275208333333,13.784718750000021,2,2,0,0,0,0,0,0
2025-09-08,-4.131801695740185,-4.515670657978514,9.100303230788025,11.681127452082967,4.968501535047841,7.165456794104455,0.3944342168541667,0.4003310467916667,NA,NA,0.8568591,0.8557286,48,48,1,231.88294999308337,791.863,10.420687500000023,18.783000000000015,2.501000000000033,78.23293541666666,0.6428977435990906,1.0919833314344578,0,0.24676892708333334,13.451791666666693,2,2,0,0,0,0,0,0
2025-09-09,-4.179124460212281,-5.183769753152069,9.946768557141699,13.089460773187872,5.767644096929421,7.905691020035805,0.5611021063541667,0.56749865,NA,NA,1.1862794,1.1749306000000002,48,48,1,230.2515080307042,763.548,14.166041666666688,21.82000000000005,7.867000000000019,73.63133958333333,0.635534710799571,1.6186858940102358,0,0.24252280208333332,14.225385416666693,2,2,0,0,0,0,0,0
2025-09-10,-3.084869756518266,-3.8939699772379743,9.396789589334391,12.155183553684504,6.311919832816124,8.26121357644653,0.6684965991666666,0.6616769916666667,NA,NA,1.4699505,1.4252884,48,48,1,206.14457461502914,787.827,16.299000000000028,23.75,8.995000000000005,72.47785416666666,0.7079915259061926,1.6902809853624077,0,0.23773796875,15.334833333333355,2,2,0,0,0,0,0,0
2025-09-11,-3.1155889683077818,-3.771390040521218,9.880743147308152,12.260712655191607,6.765154179000372,8.489322614670392,0.7688873222291667,0.743073284375,NA,NA,1.45268,1.3958111,48,48,1,241.39757042369786,779.686,17.93847916666669,26.40100000000001,10.674000000000035,73.2453,0.8727477361332991,2.153545271411418,0,0.2325576875,16.02915625000002,2,2,0,0,0,0,0,0
2025-09-12,-3.210675309254183,-3.752900078516786,10.270248669427097,12.232726925506768,7.059573360172917,8.479826846989983,0.6890467808333334,0.6861404660416667,NA,NA,1.3222921,1.2784738,48,48,1,221.97560407437084,752.434,18.44939583333335,25.022000000000048,12.62700000000001,73.92910416666666,0.7028558371358388,1.6361675880346864,0,0.22567313541666667,16.356531250000018,2,2,0,0,0,0,0,0
2025-09-13,-3.3204619136797424,-5.418554320463597,10.512001691087946,13.675271203007346,7.1915397774082015,8.256716882543747,0.4553522110416667,0.45351905541666665,NA,NA,0.7497004,0.7328256,48,48,1,153.3924978347029,676.046,17.982437500000024,24.491000000000042,12.512,81.89534583333334,0.5328681248492245,1.2465660224639827,1.7,0.22081854166666667,17.07956250000002,2,2,0,0,0,0,0,0
2025-09-14,-2.9485155547182016,-3.0990880175351525,10.642641332504098,11.584277851530429,7.6941257777859,8.48518983399528,0.717783449125,0.7166855090416667,NA,NA,1.536607,1.5323272000000001,48,48,1,230.12242030695626,741.776,19.779520833333354,27.040999999999997,13.77800000000002,77.096925,1.0156441894861359,1.9548190803300776,0,0.21634288541666666,17.476354166666688,2,2,0,0,0,0,0,0
2025-09-15,-1.5318473981244851,-2.6072701833798106,9.500404890923162,11.030145597157977,7.968557492798678,8.422875413778167,0.7246180502708334,0.7264837494374999,NA,NA,1.2820363000000001,1.2807223,48,48,1,224.71419901339578,773.406,20.117666666666686,26.71700000000004,13.769000000000005,75.05165625,0.8972183832587923,1.843716836312051,0,0.20598816666666667,17.39031250000002,2,2,0,0,0,0,0,0
2025-09-16,-1.7794837157209245,-3.113385208392733,9.869029011726436,11.299380769217953,8.089545296005507,8.185995560825221,0.7430697065000001,0.7385034780833333,NA,NA,1.471728,1.406547,48,48,1,224.78625568456252,731.218,19.577583333333354,26.587000000000046,12.586000000000013,74.38993541666667,0.9360586827195642,1.8075748378655616,0,0.19531827083333334,17.352781250000024,2,2,0,0,0,0,0,0
2025-09-17,-1.6532141526246633,-3.766188412177925,9.882236195558814,11.742027395824715,8.229022042934147,7.975838983646795,0.7209079487500001,0.72657681625,NA,NA,1.543912,1.4455923,48,48,1,221.71801852866665,714.908,19.246020833333358,28.263000000000034,11.906000000000006,76.36050416666667,0.9722012699523631,2.094936255830787,0,0.18270165625,17.25648958333336,2,2,0,0,0,0,0,0
2025-09-18,-2.1670969973075076,-3.9963705966702125,10.7501584353441,11.986189742344628,8.58306143803659,7.989819145674414,0.73836473836875,0.7271527000416667,NA,NA,1.470497,1.4121252,48,48,1,211.48579897124998,699.612,19.97718750000002,27.261000000000024,12.923000000000002,76.03264166666666,0.9730289380009145,1.8568547880501178,0,0.17033829166666667,17.763000000000023,2,2,0,0,0,0,0,0
2025-09-19,-1.893420546754799,-3.721920377419915,10.76565036247468,11.649908231256573,8.872229815719882,7.927987853836658,0.46409351041666663,0.4641367177083333,NA,NA,1.0043937,0.9888482999999999,48,48,1,204.8501721325,690.096,20.29991666666669,26.36500000000001,15.921000000000049,84.51241875,0.7222522665390743,1.4146066908853956,0,0.15650541666666667,18.33391666666669,2,2,0,0,0,0,0,0
2025-09-20,-0.5687074623718792,-5.443387329023999,9.330124558257902,12.942473863370829,8.76141709588602,7.4990865343468265,0.5793050625,0.5906661458333333,NA,NA,0.9330485,0.9390109,48,48,1,164.38698319145828,646.968,18.66902083333336,25.238,13.233000000000004,75.28071041666666,0.5924369855104246,1.2926623302220346,0,0.14418823958333332,18.124552083333356,2,2,0,0,0,0,0,0
2025-09-21,1.5303719627187193,-1.224662854114035,7.247736864436855,8.741700378977107,8.778108827155572,7.517037524863068,0.24382583840208333,0.24437268811666668,NA,NA,0.4456427,0.44122669999999997,48,48,1,109.730935159125,527.96,18.537979166666695,22.766999999999996,15.28000000000003,90.03456666666666,0.2873013104232103,0.6351835766200038,32.2,0.24465024999999999,18.41529166666669,2,2,0,0,0,0,0,0
2025-09-22,1.0015523953131453,-1.2165084762853864,8.063230411865112,9.145383467749152,9.064782807178256,7.92887499146376,0.22578188562499998,0.22518520687499996,NA,NA,0.318110169,0.313606317,48,48,1,138.35903392100002,613.512,19.998250000000024,24.16700000000003,16.701999999999998,91.95807916666666,0.4964285440618604,0.9169456234675417,4,0.266289125,19.13429166666669,2,2,0,0,0,0,0,0
2025-09-23,0.40881959201669266,-1.834613010978527,8.497947154053065,9.776434287687438,8.906766746069762,7.94182127670891,0.207282695625,0.204607165625,NA,NA,0.45649469,0.44499469,48,48,1,128.4186671860417,650.156,19.077145833333358,22.523000000000025,16.128000000000043,92.05386875,0.39665854554278246,0.6837075695220736,2.8,0.26392478125,19.159979166666687,2,2,0,0,0,0,0,0
2025-09-24,1.7476240928042175,-0.6096659437832097,6.791211232404938,8.352023137082982,8.538835325209154,7.742357193299773,0.25206338166666664,0.24954776833333334,NA,NA,0.431365923,0.418636727,48,48,1,138.4901654395833,705.503,17.17847916666669,22.41900000000004,13.83200000000005,89.79804583333333,0.48268705499383885,1.0392517028247397,0,0.25880772916666667,18.65789583333336,2,2,0,0,0,0,0,0
2025-09-25,1.0608410666051555,-1.0117772908000475,7.55263146948342,8.807558391620608,8.613472536088578,7.7957811008205615,0.22217839488958332,0.219252321875,NA,NA,0.504658436,0.48258645000000006,48,48,1,144.70734270833336,667.654,17.44154166666669,21.53000000000003,14.611000000000047,90.64157291666666,0.4616778272585106,0.864923574215057,0,0.25320851041666664,18.575593750000028,2,2,0,0,0,0,0,0
2025-09-26,-0.7602339827232005,-2.665609037227868,9.547349161645332,10.339167324886043,8.787115178922134,7.6735582876581745,0.3873435970833333,0.3867596970833333,NA,NA,0.9217118,0.9048027,48,48,1,199.16040049729162,669.547,18.061062500000027,24.03800000000001,13.451999999999998,85.85118541666667,0.7469494200842124,1.275387657342739,0.1,0.248419125,17.86493750000002,2,2,0,0,0,0,0,0
2025-09-27,0.7258634675629954,-2.4612972173654906,8.125744576212655,9.882128562483967,8.851608043775647,7.420831345118475,0.4345606192291666,0.4350398038541667,NA,NA,0.8840987,0.8655758,48,48,1,195.56211820187502,664.661,18.00135416666669,26.122000000000014,11.574000000000012,85.72298125,0.8396156433335658,1.6346814134982655,0.1,0.24254416666666667,17.462281250000032,2,2,0,0,0,0,0,0
2025-09-28,-1.3707207329052258,-1.6581059494717179,10.594622498876888,9.099262176671163,9.223901765971663,7.441156227199446,0.7915574060208332,0.7954553556666666,NA,NA,1.516372,1.4816799999999999,48,48,1,210.26439290112498,696.138,19.17400000000002,24.307000000000016,13.27800000000002,69.39537708333333,0.9825006715385947,2.114338920924799,0,0.23671377083333334,17.295572916666693,2,2,0,0,0,0,0,0
2025-09-29,-2.866948569190604,-1.5600172605000269,11.588247493542378,8.264067313113642,8.721298924351771,6.7040500526136135,0.7190365645833334,0.6996966625,NA,NA,1.4253053,1.3364761,48,48,1,200.794358774375,669.902,16.617812500000017,26.973000000000013,8.540999999999997,72.74295625,0.7017629390414493,1.931121120627779,0,0.22970391666666667,15.987729166666687,2,2,0,0,0,0,0,0
2025-09-30,-2.483654466773801,-1.172571699862798,11.65396848957326,7.948027899597164,9.170314022799458,6.775456199734366,0.6421078172916667,0.643437031875,NA,NA,1.2606946,1.2423748000000001,48,48,1,194.47910699314588,661.23,18.143041666666686,25.476,10.733000000000004,77.01381875,0.8857167783452595,1.8399201921742225,0.1,0.22333664583333335,16.342031250000026,2,2,0,0,0,0,0,0
2025-10-01,-2.1955734442326724,-4.13768267723399,11.19297122181797,10.570285120160126,8.997397777585297,6.432602442926139,0.5259134791666666,0.5416164375,NA,NA,0.8014557,0.80646,48,48,1,144.62826511331252,568.495,16.749791666666688,21.05800000000005,12.781000000000006,74.54390208333334,0.543262782471775,1.2062094112926194,0,0.21602044791666666,16.377770833333354,2,2,0,0,0,0,0,0
2025-10-02,-2.811296124189626,-2.39921295693262,11.186070895945416,8.769257871759592,8.37477477175579,6.370044914826971,0.6462994729166666,0.67710209375,NA,NA,1.0708837,1.0838912,48,48,1,192.34923957206985,681.252,15.455500000000022,24.521000000000015,8.39100000000002,69.52326041666667,0.6791326482553528,1.9398688366152568,0,0.20851261458333334,15.433208333333354,2,2,0,0,0,0,0,0
2025-10-03,-2.17872080345611,-2.280469351983214,9.274385614087304,9.461870600270824,7.095664810631193,7.181401248287611,0.888710125,0.8880002083333334,NA,NA,1.3853782,1.3271293,48,48,1,178.90122680025002,623.568,18.95820833333336,27.614000000000033,11.734000000000037,64.19346875,0.8906380561546333,1.877454952463819,0,0.20061065625,15.77166666666669,2,2,0,0,0,0,0,0
2025-10-04,-2.139954693617731,-1.5367827185834304,7.34677467343222,9.409199612571914,5.206819979814492,7.8724168939884835,0.7037656779166668,0.7036520422916668,NA,NA,1.1696247,1.1377648,48,48,1,178.31543403140208,616.499,21.157479166666693,27.609000000000037,15.146000000000015,76.22651875,0.7365061877365825,1.7749537144603804,0,0.189693125,16.959625000000017,2,2,0,0,0,0,0,0
2025-10-05,-2.8835163851982646,-2.6201278659409275,6.651183778837863,11.27200709025519,3.7676673936395986,8.65187922431426,0.9012658333333333,0.9165844791666667,NA,NA,1.414372,1.4033516,48,48,1,172.26228859475003,606.601,21.558895833333356,25.511000000000024,16.76400000000001,66.72966041666666,0.9193117119147404,1.6889554948386614,0,0.17952795833333335,17.197541666666687,2,2,0,0,0,0,0,0
2025-10-06,-2.220546043235151,-2.239610984685572,5.291304328649828,11.483171065794698,3.070758285414676,9.243560081109122,0.6818412083333333,0.6989626041666667,NA,NA,0.9218176,0.9096619,48,48,1,174.082024598625,635.171,20.67710416666669,24.68300000000005,17.398000000000025,72.00277708333333,0.7010634041147645,1.0900350807147308,0,0.17013898958333334,17.137729166666695,2,2,0,0,0,0,0,0
2025-10-07,-1.509025322214316,1.396868580468769,4.626934006643929,7.211018341239896,3.1179086844296138,8.607886921708662,0.2716482985416667,0.27982083958333337,NA,NA,0.4068038,0.41204820000000003,48,48,1,108.04891368852918,473.328,15.38816666666669,20.12700000000001,12.159000000000049,84.5922125,0.5638294575194874,1.2365721359893378,17.8,0.2565398958333333,17.229833333333353,2,2,0,0,0,0,0,0
2025-10-08,-2.7029334893645847,1.1853232790950354,5.815245776081322,5.969399194418171,3.112312286716738,7.154722473513208,0.38804616729166663,0.3975838904166667,NA,NA,0.7129096,0.7066915,48,48,1,188.9312366482083,666.126,9.993875000000028,14.882000000000005,4.282000000000039,71.86467291666666,0.4073011865064656,0.9575384948387057,0,0.2605891979166667,14.015770833333365,2,2,0,0,0,0,0,0
2025-10-09,-1.1866303577942878,0.7501312105344814,4.5257682922295475,5.754052376580142,3.3391379344352603,6.504183587114625,0.35010904791666664,0.3655258416666667,NA,NA,0.7009689,0.7052434000000001,48,48,1,189.2874107774583,657.849,8.226125000000028,15.711000000000013,2.6370000000000005,73.91115416666666,0.3666270583342255,1.022979177686408,0.1,0.24713503125,12.061958333333362,2,2,0,0,0,0,0,0
2025-10-10,0.11238260378654254,3.6221218314669157,3.8012913596368945,2.9996343606686873,3.9136739634234377,6.621756192135599,0.26396933125,0.27252158125,NA,NA,0.4890166,0.4955708,48,48,1,67.90054731734791,415.575,9.880395833333358,15.569000000000017,5.407000000000039,79.83149375,0.2733405867807471,0.56349441897639,0,0.23954872916666667,11.704541666666701,2,2,0,0,0,0,0,0
2025-10-11,-0.4493181085813652,2.086303726298855,4.980651359524231,4.652418366710388,4.531333250942865,6.7387220930092475,0.19239234916666667,0.19744419395833335,NA,NA,0.2845571,0.28779340000000003,48,48,1,58.8956820003125,257.798,11.294520833333355,14.103000000000009,6.444000000000017,86.1103625,0.20229512205677871,0.4836702234071093,0.1,0.23565469791666668,12.643854166666696,2,2,0,0,0,0,0,0
2025-10-12,-1.2749755266665321,-2.0706563012583064,6.032691790282581,8.265128760077468,4.757716263616049,6.1944724588191615,0.19499441991666666,0.2019575887291667,NA,NA,0.405719105,0.411016327,48,48,1,161.49332224080356,619.667,9.900687500000027,17.810000000000002,3.8810000000000286,89.22999166666666,0.4875511871607971,0.8766774282338252,0.1,0.2315705625,11.969083333333357,2,2,0,0,0,0,0,0
2025-10-13,-1.8243672851532737,-2.389826297795665,7.5312293285993785,9.184490165226519,5.706862043446105,6.794663867430856,0.303156466875,0.3045734635416667,NA,NA,0.627666173,0.613882353,48,48,1,143.41659464569994,631.606,14.230583333333358,21.27800000000002,9.163000000000011,86.37193541666667,0.565416348750769,1.1506394452457833,0.1,0.226239625,13.041666666666687,2,2,0,0,0,0,0,0
2025-10-14,-1.9102825773713972,-1.3821790234866203,7.713641886154772,8.092423343597298,5.803359308783377,6.710244320110681,0.444164655625,0.44571531479166665,NA,NA,0.717397,0.7097471,48,48,1,168.73091392458332,604.152,15.629854166666695,19.960000000000036,11.896000000000015,77.51823541666667,0.5652488635163103,1.2694012206970542,0,0.21973832291666667,14.141906250000025,2,2,0,0,0,0,0,0
2025-10-15,-0.8451395350551774,-2.7874519465134204,5.963401625691005,8.311198269393428,5.118262090635827,5.5237463228800054,0.4132217972916667,0.4193645289583333,NA,NA,0.5964297,0.5781531,48,48,1,132.31063426416662,616.764,11.881750000000022,16.18300000000005,8.831000000000017,73.19055833333334,0.4697085036091043,0.9566777165729712,1.4,0.2124450625,13.869125000000018,2,2,0,0,0,0,0,0
2025-10-16,-0.433369093386346,-1.2905981332548604,5.080444562492635,5.927668556391648,4.647075469106289,4.637070423136787,0.3383874284166667,0.34992272762499993,NA,NA,0.68104,0.6800347999999999,48,48,1,169.95151243114168,606.042,9.918958333333356,17.576000000000022,4.314999999999998,79.03965625,0.46826287762728497,1.1227198783049068,0.1,0.20710244791666665,11.983427083333355,2,2,0,0,0,0,0,0
2025-10-17,-0.32760760189283067,-0.7625176652307313,5.306447794251135,5.721446275741876,4.978840192358307,4.958928610511144,0.5214561458333333,0.534987625,NA,NA,0.671997,0.6769783,48,48,1,78.51183832083333,366.819,13.254479166666693,18.02800000000002,10.028999999999996,66.15190833333334,0.5366178898452463,0.8587344255167986,0.30000000000000004,0.20293992708333333,12.584531250000023,2,2,0,0,0,0,0,0
2025-10-18,0.9192565699771789,1.2557304802922045,4.812487402827974,4.430460894803532,5.731743972805154,5.686191375095738,0.3379272589791667,0.3596009481276596,NA,NA,0.16930770299999998,0.17001876900000001,48,48,1,57.34095858983333,410.457,16.416520833333355,19.223000000000013,14.691000000000031,80.3878375,0.4352152345608308,0.8280015486200776,13,0.23300309375,13.899604166666691,2,2,0,0,0,0,0,0
2025-10-19,0.6901512400471336,3.0552568660220105,4.944402636227731,2.316136548047267,5.634553876274865,5.371393414069276,0.022993696520833336,0.024477681312499996,NA,NA,0.0144014923,0.0152981873,48,48,1,33.13919687916667,157.202,12.618958333333355,16.650000000000034,9.076000000000022,97.93620208333333,0.06905647762931695,0.19789129418306683,19.500000000000004,0.29731528125,14.234104166666686,2,2,0,0,0,0,0,0
2025-10-20,-0.5730714128187354,-0.648997872474641,6.164861292830644,5.784197823827189,5.591789880011909,5.135199951352549,0.42508554583333336,0.4416486145833334,NA,NA,0.701294,0.702728,48,48,1,162.95294818875,595.065,9.956604166666693,15.43100000000004,4.336000000000013,68.84477708333334,0.44298445996225844,1.080713091087413,0,0.28950227083333335,11.755395833333354,2,2,0,0,0,0,0,0
2025-10-21,0.6584028718125848,1.2525719624112002,5.7018399056242375,4.196400600699883,6.360242777436822,5.448972563111082,0.2541042156666667,0.2794085540625,NA,NA,NA,0.4159312,27,27,1,9.215827612592593,156.502,9.875851851851879,11.376000000000033,7.838999999999999,78.36717407407407,0.30321866784419726,0.5201666581294547,6.299999999999999,0.2882645555555555,11.289166666666688,2,2,0,0,0,0,0,0
2025-10-22,2.2140917179249713,5.448139907092365,4.2597277331529835,-0.430311610309626,6.473819451077953,5.0178282967827395,0.0989459,0.025091034146341458,NA,NA,NA,0.007346733333333333,9,9,1,72.03540221855556,204.824,8.162333333333347,8.995000000000005,7.302000000000021,90.1977888888889,0.10727102989705516,0.14870167352775587,0.1,0.29955461111111115,11.613888888888924,2,2,0,0,0,0,0,0
2025-10-23,2.8620951795360114,1.3582421503487458,3.4852864497434664,3.491287329412675,6.347381629279477,4.849529479761422,0.09449074350000002,0.09720197645833333,NA,NA,0.20360946,0.20637334000000002,48,48,1,121.1390488228125,634.115,6.0816458333333525,8.436000000000035,4.503000000000043,90.28293958333333,0.11713892429187091,0.36578504449568994,2.600000000000001,0.29304196875,10.256500000000015,2,2,0,0,0,0,0,0
2025-10-24,-0.3279161648091782,-0.7641544759578742,6.411806417321348,5.668469961178086,6.083890252512168,4.904315485220213,0.1774299505,0.18289604591666667,NA,NA,0.3406581,0.3444024,48,48,1,91.64944389083334,372.036,5.954937500000023,8.497000000000014,2.5190000000000055,81.9583625,0.22590847861438557,0.4297939122158789,0.1,0.28400828125,9.54661458333336,2,2,0,0,0,0,0,0
2025-10-25,0.1369386058631845,-1.262051460449351,5.198802735697097,5.502889301066782,5.335741341560281,4.240837840617432,0.16045457433333335,0.15949087914893617,NA,NA,0.33094608000000003,0.33222983,46,46,1,107.91544069699567,587.853,3.5845652173913267,11.094000000000051,-2.1469999999999914,85.72105869565218,0.28944525563205725,0.5862498895804582,0,0.27823369565217393,8.163380434782635,2,2,0,0,0,0,0,0
2025-10-26,-0.6600475793535944,-0.9820394699789551,6.155526715852322,5.248779851290108,5.4954791364987265,4.266740381311153,0.23479189568750003,0.2433497453333333,NA,NA,0.4985926,0.5061584,48,48,1,154.22997414045622,571.521,5.424791666666694,12.45700000000005,0.2580000000000382,79.95184375,0.24407386279735094,0.7429174336571956,0.1,0.27446705208333333,7.615083333333358,2,2,0,0,0,0,0,0
2025-10-27,-0.39120914268575524,-0.9077014949303412,5.762614197105189,4.9590174527467505,5.371405054419434,4.051315957816409,0.292100284375,0.3042438035416667,NA,NA,0.5511505,0.5597373,48,48,1,154.34643998863544,574.149,5.87741666666669,11.508000000000038,0.8400000000000318,72.50323333333333,0.3051351501597722,0.7493291410842431,0,0.27042164583333334,7.197927083333358,2,2,0,0,0,0,0,0
2025-10-28,0.23027672812866593,-0.8648495618116201,5.145635212765154,4.796991673096768,5.375911940893821,3.9321421112851467,0.30449647677083336,0.31825618525,NA,NA,0.5608854,0.5714197,48,48,1,149.89570408242497,565.121,7.2214375000000235,13.16700000000003,2.673000000000002,74.38675416666666,0.35639047693889037,0.7857472556996905,0,0.2615960104166667,7.267895833333359,2,2,0,0,0,0,0,0
2025-10-29,0.5979149903056303,-0.8140825585470512,4.650045065345527,4.691776194551695,5.247960055651158,3.8776936360046435,0.27917670625,0.2917744625,NA,NA,0.4298093,0.4344708,48,48,1,133.06334230080873,577.892,7.7243958333333556,12.04200000000003,4.461000000000013,74.88594166666667,0.2926384394421522,0.646187698587498,0,0.2638163333333333,7.6011250000000175,2,2,0,0,0,0,0,0
2025-10-30,-0.6962294445465108,0.6171658617931819,5.442500004790562,3.032561525569465,4.746270560244052,3.6497273873626463,0.27877935831250006,0.289776334625,NA,NA,0.55915,0.5634587,48,48,1,146.7639441653877,554.354,6.338333333333358,12.936000000000035,1.2220000000000368,76.84281874999999,0.31710766580221944,0.8820402311420095,0,0.2718069375,6.919562500000021,2,2,0,0,0,0,0,0
2025-10-31,1.4377986498580853,1.0716528616192074,3.121561548392972,2.6134806455144326,4.559360198251058,3.6851335071336413,0.2088516486666667,0.2175175435,NA,NA,0.4367581,0.44662989999999997,48,48,1,57.29666724302229,411.666,6.6576458333333575,9.45700000000005,2.612000000000023,80.28317916666667,0.2327403577850899,0.5951644471073932,0.4,0.27056965625,7.243708333333354,2,2,0,0,0,0,0,0
2025-11-01,2.4788385410349902,0.9734787642911332,1.5375994119038776,2.3980941259566144,4.016437952938869,3.3715728902477493,0.0947034701681875,0.09700753410416667,NA,NA,0.0851543324,0.086784076,48,48,1,35.5418553160427,207.553,4.741666666666692,8.052999999999997,0.25499999999999545,89.89380416666667,0.14035711247474053,0.30540542492569334,0.30000000000000004,0.27113075000000003,7.19538541666669,2,2,0,0,0,0,0,0
2025-11-02,0.8202860335953492,0.04782330122364144,2.7940770092657345,3.053887299087538,3.6143630428610845,3.1017106003111796,0.028773474583999998,0.1218765170173913,NA,NA,NA,0.271673,25,25,1,5.746170510180001,111.745,1.2198800000000207,5.6580000000000155,-2.1429999999999723,96.32572400000001,0.0780132596691621,0.17462316077401252,0,0.27087462,6.327320000000018,2,2,0,0,0,0,0,0
2025-11-03,0.48407753951236365,0.9095062054319994,3.35213787737447,2.374219752222366,3.836215416886833,3.283725957654367,NA,0.2601012272727272,NA,NA,NA,0.5180451,NA,NA,NA,NA,NA,NA,NA,NA,NA,NA,NA,NA,NA,NA,NA,NA,NA,NA,NA,NA,NA,NA
2025-11-04,0.6550955622629042,0.24404841308563247,3.975032684005827,3.7144488307491734,4.630128246268732,3.958497243834805,0.6756831333333333,0.389564921875,NA,NA,0.79361625,0.7806867,16,16,1,130.39015777974998,323.808,11.470875000000024,12.934000000000026,9.733000000000004,48.49135625,0.7049188277583561,0.9248744234151077,0,0.27074149999999997,8.025937500000015,2,2,0,0,0,0,0,0
2025-11-05,0.8812543187005213,1.074909695133805,3.650542505981036,2.7420391693032036,4.531796824681558,3.8169488644370078,0.449366625,0.45624441666666665,NA,NA,0.43144889999999997,0.4303959,48,48,1,69.18473098472292,352.436,10.564937500000026,12.266999999999996,6.390000000000043,62.8107,0.468865978721189,0.7753645336938537,0.2,0.27023717708333334,8.43091666666669,2,2,0,0,0,0,0,0
2025-11-06,-0.3353747390404125,-0.10793812034714173,4.082780908082122,3.1793496747787153,3.7474061690417106,3.071411554431573,0.2950407572916667,0.29368925625000003,NA,NA,0.5082657,0.5097003999999999,48,48,1,105.50663341083332,462.079,5.139791666666686,10.088999999999999,-2.534999999999968,69.47151041666666,0.31084733535310227,0.63675019255748,0,0.26865590625,6.557385416666683,2,2,0,0,0,0,0,0
2025-11-07,1.6229885104599215,0.8710628846914369,2.5182707316525024,2.5468592810528237,4.141259242112425,3.41792216574426,0.29887135714583335,0.30529428233333333,NA,NA,0.3354313,0.3443272,48,48,1,65.57003127402918,456.825,8.610187500000023,11.515000000000043,5.786000000000001,73.00781666666667,0.3584305290736877,0.6182239847740424,8.1,0.28244596875,7.579291666666693,2,2,0,0,0,0,0,0
2025-11-08,1.2149755304611844,0.04883162419714891,2.2788808593067613,2.804937091589125,3.4938563897679438,2.8537687157862734,0.23024226666666667,0.2313427875,NA,NA,0.347035,0.3497683,48,48,1,77.39882660966666,401.959,4.014458333333355,9.210000000000036,-0.15599999999994907,70.92125208333333,0.23859903123792955,0.40005622140980807,0,0.28307704166666664,7.583562500000025,2,2,0,0,0,0,0,0
2025-11-09,0.7135018741419863,0.2876557031496201,2.157406003716154,2.029116105305625,2.8709078778581394,2.3167718084552456,0.12516572755555555,0.12551941166666666,NA,NA,0.1123072,0.1176486,46,46,1,48.74119257545108,287.04,-0.2800652173912741,2.3950000000000387,-1.6889999999999645,78.9110652173913,0.13241132790049656,0.2935810125243549,0.4,0.27829409782608694,6.028391304347852,2,2,0,0,0,0,0,0
2025-11-10,0.9525323097308167,0.48734781206400024,1.5302367793662799,1.4932692717308746,2.4827690890970957,1.9806170837948747,0.11960067631578948,0.11800107083333333,NA,NA,0.2893002,0.2314365,39,39,1,61.682285233138465,508.502,-3.291974358974339,0.45400000000000773,-8.084000000000003,74.70476153846154,0.12915385312702957,0.3459771727459307,0,0.2753174358974359,4.525076923076951,2,2,0,0,0,0,0,0
2025-11-11,0.9111193045141964,0.5785269069382473,1.743053833889817,1.5735689134901387,2.6541731384040137,2.152095820428386,0.09699040027083333,0.09818436450000001,NA,NA,0.1891374,0.1901559,48,48,1,39.92922356782917,196.601,-0.7086458333333124,2.7450000000000045,-3.9359999999999786,84.26564583333334,0.10487770281317689,0.2589250996470524,0.1,0.27050276041666665,3.966885416666692,2,2,0,0,0,0,0,0
2025-11-12,0.9412677192866086,0.5574274167600001,2.412035249920698,2.2471348515847254,3.3533029692073058,2.8045622683447244,0.31087048958333335,0.31611935625,NA,NA,0.4876436,0.4874771,48,48,1,97.91707649939997,500.227,5.963541666666688,8.148000000000025,1.2309999999999945,66.44954791666666,0.32408579572331414,0.6234944159000984,0,0.27021742708333335,5.373583333333356,2,2,0,0,0,0,0,0
2025-11-13,0.2823709637947502,0.4263475584222268,2.8933695364093253,2.2539090113819538,3.1757405002040753,2.68025656980418,0.3407104375,0.34498827083333333,NA,NA,0.5910969,0.5935545,48,48,1,121.4236751601104,491.144,5.236708333333357,9.653999999999996,2.2630000000000337,61.62317708333333,0.3603395058805291,0.7637728401367264,0,0.26821203125,4.636625000000025,2,2,0,0,0,0,0,0
2025-11-14,0.48189563964886956,-0.2169724196240745,2.8621475144697004,3.034529586569834,3.34404315411857,2.8175571669457593,0.3570629708333333,0.35751782291666667,NA,NA,0.7196927,0.7190422,48,48,1,110.97449430479165,460.227,7.133687500000024,14.853000000000009,1.7930000000000064,68.54626666666667,0.3714705530578167,0.8531034965887934,0,0.26715402083333334,5.073968750000015,2,2,0,0,0,0,0,0
2025-11-15,2.4328136874511967,1.7608786512728163,1.7667392576372432,1.5599194855277079,4.19955294508844,3.3207981368005233,0.25007645041666665,0.24726968291666665,NA,NA,0.2886504,0.28901,48,48,1,44.39919363786666,275.37,12.267916666666688,15.973000000000013,8.527000000000044,81.52845833333333,0.26659497806893184,0.5623326671180426,0,0.26700745833333334,7.201656250000024,2,2,0,0,0,0,0,0
2025-11-16,1.12585262543217,1.408794220843469,2.416642495298329,1.1760912528743455,3.542495120730498,2.5848854737178155,0.3495110625,0.351166625,NA,NA,0.39868939999999997,0.3975867,48,48,1,89.40149184251459,430.354,5.049770833333357,11.114000000000033,2.018000000000029,57.05835208333333,0.37046416153246625,0.5070642047647307,0,0.2660723020833333,6.399916666666691,2,2,0,0,0,0,0,0
2025-11-17,0.5451915683350875,0.591192181919705,2.392543710450876,1.522533078056005,2.937735278785965,2.11372525997571,0.1916324,0.2238648,NA,NA,NA,0.3249349,31,31,1,1.0306159981119356,16.7477,-0.2255483870967454,4.107000000000028,-1.4869999999999663,64.34590967741936,0.2176076064269269,0.41598960650164396,0,0.26439067741935485,4.044725806451635,2,2,0,0,0,0,0,0
2025-11-18,1.4105243318269438,0.6913233381747377,1.3547476069204625,1.3031803342397612,2.765271938747407,1.9945036724144987,0.14998982083333334,0.15193646041666667,NA,NA,0.2682774,0.2726946,48,48,1,28.36171437870187,198.777,-0.31964583333331315,2.180000000000007,-3.0579999999999927,74.63234583333333,0.15649812018384965,0.293477228742051,0.8,0.26365430208333335,3.3906666666666894,2,2,0,0,0,0,0,0
2025-11-19,0.8752555593215795,0.6126890984958205,1.907123794227359,1.420573833205122,2.7823793535489387,2.0332629317009423,0.1283694052631579,0.12663210416666668,NA,NA,0.3648576,0.28648239999999997,39,39,1,43.50773882858975,264.176,-0.08269230769228537,5.455000000000041,-5.298999999999978,80.8058641025641,0.14160546568540072,0.42269451366398325,0,0.2648990128205128,3.376256410256433,2,2,0,0,0,0,0,0
2025-11-20,3.966726872067685,1.4493981824190905,-0.94206211058491,0.7992456585714577,3.0246647614827764,2.248643840990548,0.059934738985416666,0.06065056995208333,NA,NA,-7.940591e-4,-7.978945e-4,48,48,1,14.003080880366667,68.2308,2.7376041666666904,6.281000000000006,-1.3739999999999668,90.14258333333333,0.11705473111630489,0.17577349536271958,1.8000000000000003,0.2652710625,3.6251145833333602,2,2,0,0,0,0,0,0
2025-11-21,1.7380346083725569,1.644951170020492,1.6356940185611637,0.914370222808784,3.3737286269337203,2.559321392829276,0.12706890929166667,0.12774266222916666,NA,NA,0.30892949999999997,0.3088605,48,48,1,80.91759216997917,470.005,5.90791666666669,7.846000000000004,3.0710000000000264,85.62582083333334,0.1775139467823401,0.47900317342714194,0,0.26872525,5.377104166666688,2,2,0,0,0,0,0,0
2025-11-22,1.1415613693772908,1.3429235116014193,1.618541049046065,0.7507532777725369,2.7601024184233554,2.093676789373956,0.13314436714285716,0.13411005739130435,NA,NA,0.34181333333333336,0.3362298,43,43,1,89.94725440913932,490.556,1.021883720930256,6.080000000000041,-4.632000000000005,82.66542093023256,0.14134338855202486,0.3617588306540307,0,0.26708038372093024,3.7287790697674668,2,2,0,0,0,0,0,0
2025-11-23,0.8947625679289547,1.344948183400465,2.295022697493118,1.233205476387229,3.1897852654220737,2.578153659787694,0.2368517,0.239427625,NA,NA,0.5249436,0.5281835,48,48,1,92.69158773863538,448.981,5.61131250000002,9.971000000000004,3.1230000000000473,74.81878125,0.24781404963218642,0.6525578582634858,0,0.2662398541666667,4.232854166666689,2,2,0,0,0,0,0,0
2025-11-24,1.2470895513912421,0.8054705398615174,1.5379463809213425,1.5672511967327165,2.7850359323125855,2.372721736594235,0.23572494731136365,0.23142990497083335,NA,NA,0.6363427777777778,0.6101614000000001,46,46,1,65.89059106172608,354.774,3.1125652173913267,9.55400000000003,-3.116999999999962,75.97092608695652,0.29653751662791655,0.721061804879255,0,0.2651784891304348,3.539054347826114,2,2,0,0,0,0,0,0
2025-11-25,2.5269120750812446,2.3560646984348215,0.585879436760551,0.47912643221764384,3.1127915118417966,2.835191130652465,0.13745491808333335,0.1377811373541667,NA,NA,-1.1532960000000008e-4,-1.1068989999999992e-4,48,48,1,23.9886464475,166.046,6.9391458333333595,7.600999999999999,5.590000000000032,85.795125,0.2083235262311705,0.4566815122929132,3.1000000000000005,0.26721928125,5.352656250000022,2,2,0,0,0,0,0,0
2025-11-26,3.7781205898654555,1.6506393487949766,-1.090449935919571,0.9088742563475316,2.687670653945885,2.559513605142508,0.038350876382978724,0.037753338958333334,NA,NA,0.037621898,0.037505461000000004,48,48,1,22.85874577750001,117.396,3.3869375000000264,8.783000000000015,-1.6309999999999718,94.58395416666667,0.057935135734371236,0.19819964910962073,5,0.27944180208333336,5.682958333333358,2,2,0,0,0,0,0,0
2025-11-27,2.602323634590066,2.1663090684000004,-0.44606353371301133,-0.03401107442393369,2.1562601008770543,2.1322979939760667,0.08867331282051281,0.09196100624999999,NA,NA,0.17531333333333335,0.11921771,40,40,1,30.292043296489755,240.268,-1.6082249999999774,-0.5559999999999832,-2.690999999999974,82.814295,0.09451370914606323,0.18667214817675015,0.5,0.2839177125,4.450450000000025,2,2,0,0,0,0,0,0
2025-11-28,2.1962522923703998,1.78112385,-0.19420051623700596,0.29277581785134643,2.0020517761333942,2.073899667851346,0.08299850361702127,0.08375956791666668,NA,NA,0.1508577,0.15026235,48,48,1,46.27780912864521,223.918,-2.979020833333312,-1.7749999999999773,-4.081999999999994,82.72940625,0.08701842241145454,0.1974681556909002,0.5,0.27889263541666665,3.896677083333357,2,2,0,0,0,0,0,0
2025-11-29,1.72325573436156,1.780323225365778,0.20999600981811828,0.27305117296621717,1.9332517441796777,2.053374398331995,0.09688527291666667,0.09743865625,NA,NA,0.05795999,0.05806245,48,48,1,34.2321218370275,166.349,-3.361041666666645,-2.7759999999999536,-4.016999999999996,78.96774583333334,0.10052798361228116,0.17697354811170524,0,0.27667216666666666,3.7749895833333547,2,2,0,0,0,0,0,0
2025-11-30,1.8408324801798117,1.5623305067050801,0.03443195150106756,0.4435559732811902,1.8752644316808789,2.0058864799862697,0.023139770805555557,0.02472137570212766,NA,NA,0.0536737,0.03259352,38,38,1,23.915882810394734,235.499,-2.8237105263157636,-0.5120000000000005,-3.697999999999979,94.84868684210527,0.03483764085234772,0.13850598504965222,0.1,0.27637419736842106,3.6683157894737026,2,2,0,0,0,0,0,0
2025-12-01,2.3779939554646847,1.9338091311256986,-0.6790200172210011,-0.13500327261250733,1.6989739382436833,1.7988058585131914,0.08929007270833333,0.089215055,NA,NA,0.12140969,0.12034675,48,48,1,27.26632951449583,140.997,-3.7719583333333118,-2.484999999999957,-4.7029999999999745,80.05842916666667,0.09298335842624796,0.1717544652956311,0,0.27777765625,3.470854166666689,2,2,0,0,0,0,0,0
2025-12-02,1.8122928124107949,1.050754515247717,-0.29822885269304206,0.5444135178180686,1.5140639597177525,1.5951680330657858,0.028838094999999998,0.028896788333333336,NA,NA,0.05658534,0.05636464,48,48,1,25.49439542690521,155.228,-4.749979166666643,-2.0739999999999554,-7.251999999999953,93.72143541666667,0.029534270562056052,0.08390876643346473,0.6,0.2784653645833333,3.354250000000024,2,2,0,0,0,0,0,0
2025-12-03,1.1632033043280001,1.2167311202967281,0.3644136432624165,0.4018958967624611,1.5276169475904164,1.6186270170591883,0.026743853562500003,0.02693217033333333,NA,NA,0.0126265811,0.0126759636,48,48,1,14.193796829591665,99.4723,-3.4279583333333106,-0.48699999999996635,-7.139999999999986,94.37378958333333,0.029229266393397967,0.08475465785133413,0,0.27915768750000003,3.2543437500000265,2,2,0,0,0,0,0,0
2025-12-04,1.6510887449817726,1.2798277289397464,-0.3103864868265633,0.097121239523253855,1.3407022581552095,1.3769489684630005,0.11461475277777777,0.11492241875,NA,NA,0.175567,0.12267472,38,38,1,31.354648739894735,327.937,-6.532447368421028,-1.9079999999999586,-10.262,65.58698947368421,0.12650691022185603,0.18774939098778154,0,0.2794588684210526,3.1737631578947596,2,2,0,0,0,0,0,0
2025-12-05,1.1843300983352514,1.6353220431078808,0.13235149900021045,-0.3464226797238195,1.3166815973354615,1.2888993633840613,0.08738587837837837,0.06998675625,NA,NA,0.0670867,0.006991439999999999,38,38,1,13.00712098768421,129.158,-8.302421052631553,-3.1959999999999695,-11.379999999999995,72.45007368421052,0.09188433249131729,0.1684770267330722,0,0.27854001315789473,3.0467368421052843,2,2,0,0,0,0,0,0
2025-12-06,1.5636000106054322,1.4323353564735108,0.28849031721591045,0.34875533872424463,1.8520903278213432,1.7810906951977554,0.09977698782978724,0.09925453720833333,NA,NA,0.1731371,0.1733085,47,47,1,40.99775343019149,193.269,-2.4062765957446537,-1.132000000000005,-4.984999999999957,79.70785319148936,0.10340290861928741,0.20453159504154195,0,0.2779123829787234,3.02622340425534,2,2,0,0,0,0,0,0
2025-12-07,1.9198414709197213,1.371581591306982,-0.28858398137676,0.1343893191951469,1.631257489542961,1.5059709105021286,0.07305617142857143,0.08045662708333333,NA,NA,0.08452409999999999,0.09950762,44,44,1,23.912655900409092,184.579,-5.783999999999984,-4.260999999999967,-7.1059999999999945,79.5043,0.08096378871803386,0.18549727431952168,0,0.278839875,2.9746136363636566,2,2,0,0,0,0,0,0
2025-12-08,2.8088744951269082,2.0697338894386346,-1.5431595122600594,-0.9555445968566554,1.2657149828668488,1.1141892925819796,0.07373352105263158,0.07803888958333333,NA,NA,0.21688833333333335,0.1404481,39,39,1,42.63240279642821,370.584,-10.88133333333331,-3.7269999999999754,-16.16999999999996,75.1982717948718,0.08472589890280272,0.23526400287425112,0,0.2782664871794872,2.769461538461559,2,2,0,0,0,0,0,0
2025-12-09,3.115792381186039,1.222007399993837,-1.4210028761158604,0.2549667591710982,1.6947895050701784,1.476974159164936,0.07655798750000001,0.07703432083333334,NA,NA,0.04843452,0.048245289999999996,48,48,1,10.865327865902085,67.8014,-4.917458333333309,-0.38999999999998636,-8.375999999999976,80.07465625,0.07968843498604271,0.12956386832066796,0,0.2768638333333333,2.5891770833333623,2,2,0,0,0,0,0,0
2025-12-10,1.6421733216957857,-0.6132877734107469,0.4199174793377054,2.377699757414509,2.0620908010334906,1.7644119840037618,0.03915506195744681,0.038550846187499994,NA,NA,0.07461023,0.0752446,48,48,1,29.848596167672287,180.248,-1.3736874999999813,0.125,-4.1370000000000005,92.192175,0.06721273276475855,0.1341412087495264,0.1,0.2764679479166667,2.6635520833333537,2,2,0,0,0,0,0,0
2025-12-11,1.3320703333024757,0.9600510053482726,0.4322698613463032,0.4769276443893325,1.7643401946487787,1.4369786497376056,0.09854527872340425,0.09729929375,NA,NA,0.11634349,0.11694375,47,47,1,51.8384166571,318.483,-4.444531914893597,-2.834000000000003,-5.334000000000003,76.84698085106383,0.10228963025843346,0.14710366643104766,0,0.2791041489361702,2.602244680851089,2,2,0,0,0,0,0,0
2025-12-12,2.009263815967786,1.1969201164581018,-0.17502572708534025,0.3717197153805517,1.8342380888824459,1.5686398318386534,0.0913347625,0.09203087708333334,NA,NA,0.08304881,0.08273474,48,48,1,19.817396870314585,103.467,-3.5593958333333164,-2.7549999999999955,-4.403999999999996,79.76565,0.09460646916347629,0.14370159025466156,0,0.2810262083333333,2.562770833333355,2,2,0,0,0,0,0,0
2025-12-13,1.3648638644588555,1.0392126917928561,0.03469824317016942,0.23746099432041,1.3995621076290234,1.2766736861132664,0.062275436249999996,0.06236321958333334,NA,NA,0.07056962,0.0702371,48,48,1,45.229247276572906,248.33,-8.111333333333313,-2.1329999999999814,-12.620999999999981,79.0661875,0.06441915205666848,0.10149533907223568,0,0.2817598125,2.502531250000023,2,2,0,0,0,0,0,0
2025-12-14,1.1365565398024493,1.2671214619377769,-0.13412793637663928,-0.28235768813500417,1.0024286034258099,0.9847637738027725,0.04283191333333333,0.04246059489361702,NA,NA,0.06912287142857143,0.057600526000000006,46,46,1,41.01255017197391,312.222,-12.160586956521717,-6.486999999999966,-16.026999999999987,81.69732608695652,0.04556488289365801,0.08655599104302145,0,0.28103983695652174,2.396576086956548,2,2,0,0,0,0,0,0
2025-12-15,1.0921369728373067,1.009109253779518,0.12336911760592284,0.29879370973384334,1.2155060904432295,1.3079029635133612,0.040871212500000004,0.040988332083333336,NA,NA,0.06839495,0.06825599,48,48,1,25.309039835429168,124.387,-9.179145833333312,-6.58299999999997,-11.85899999999998,85.87936041666667,0.04188922218553454,0.08717649477557246,0,0.27886128125,2.371187500000025,2,2,0,0,0,0,0,0
2025-12-16,0.9483158098206252,1.0113373536123957,0.5836321331668647,0.8142458234138605,1.5319479429874898,1.825583177026256,0.10128227804878048,0.10907669166666667,NA,NA,0.23703533333333332,0.17735972,43,43,1,50.97148046103279,298.81,-4.699720930232537,1.9590000000000032,-7.46999999999997,77.20411162790697,0.11286022186210481,0.29621114756551314,0,0.2779315465116279,2.380023255813983,2,2,0,0,0,0,0,0
2025-12-17,1.7267078332089612,1.5022825513336553,0.4160921335866164,1.200106413568024,2.142799966795577,2.7023889649016786,0.17746682765957447,0.18004875833333334,NA,NA,0.30319722222222223,0.2967386,48,48,1,85.57954549620936,446.009,3.5769583333333603,5.920000000000016,1.0889999999999986,76.75790208333333,0.1877470952607543,0.3632263886932888,12.100000000000001,0.2808673958333333,2.3249479166666895,2,2,0,0,0,0,0,0
2025-12-18,1.7390323103410148,3.2859659916739554,0.3097376989949834,-0.6013625522569715,2.0487700093359984,2.6846034394169833,0.03669262239583333,0.03688251064583333,NA,NA,0.0072845971999999995,0.0072179951,48,48,1,11.337385106471666,64.322,3.8650208333333556,8.270000000000039,-0.3229999999999791,94.54156041666667,0.06270917871523167,0.17331908953395447,9.400000000000002,0.3020168645833333,2.1983333333333603,2,2,0,0,0,0,0,0
2025-12-19,1.208015961360403,0.8515607227344001,0.26170855728998993,1.0733863805728454,1.4697245186503929,1.9249471033072456,0.08130755897435897,0.07070966645833333,NA,NA,0.08335445,0.028133299,40,40,1,14.524376544313997,168.348,-4.033149999999975,3.1680000000000064,-8.375999999999976,81.06888000000001,0.08495872201274182,0.14214688865178365,0.2,0.3058947125,1.666462500000024,2,2,0,0,0,0,0,0
2025-12-20,0.879395433529003,0.9893740640472534,0.44444913280446874,0.8210228549165165,1.3238445663334713,1.8103969189637699,0.1399429574468085,0.14153756041666665,NA,NA,0.2106309,0.2120519,48,48,1,31.938494820416672,149.185,-2.642229166666644,3.2970000000000255,-7.186999999999955,73.27730625,0.14643217667498623,0.31887220024750984,0,0.28903710416666667,0.9851770833333535,2,2,0,0,0,0,0,0
2025-12-21,1.224917276428344,0.8025842057940001,-0.0923594401705538,0.7470414230143043,1.1325578362577897,1.5496256288083041,0.14205120000000002,0.11123387416666668,NA,NA,NA,0.014809746,37,37,1,16.210978553981622,176.013,-5.935243243243221,3.3149999999999977,-9.701999999999998,66.10328108108108,0.14858671550931066,0.43641193384508326,0,0.2857978918918919,0.7079324324324594,2,2,0,0,0,0,0,0
2025-12-22,0.9980884136924911,0.9699256905835417,0.13466966652849605,0.6696289665454528,1.1327580802209876,1.6395546571289943,0.1644182085106383,0.16966158541666665,NA,NA,0.2718168888888889,0.2771656,48,48,1,24.753072145443124,159.156,-1.6847708333333113,3.8780000000000427,-6.460999999999956,72.30532291666667,0.17476299123996528,0.4482486478832297,0,0.2801311458333333,0.20658333333335696,2,2,0,0,0,0,0,0
2025-12-23,1.0431992834156012,1.9148219535171849,0.39395152229389935,0.044511348880059615,1.4371508057095006,1.9593333023972437,0.17842831666666667,0.17898152916666668,NA,NA,0.268075,0.2665989,48,48,1,77.81021614735417,368.316,3.3761250000000214,7.1129999999999995,1.15300000000002,77.17333333333333,0.18585414035090503,0.4548816825027957,0.1,0.2823497291666667,0.2958333333333568,2,2,0,0,0,0,0,0
2025-12-24,1.0093647501448402,1.1032397913202598,0.29550687152296407,0.5068387375856925,1.304871621667804,1.6100785289059523,0.08682048083333334,0.08705119020833334,NA,NA,0.16527523,0.16573833,48,48,1,50.38833249933957,290.995,0.2486666666666828,2.7620000000000005,-2.399000000000001,86.15352916666667,0.09145686272578203,0.23801363793734231,0,0.2860622291666667,0.46238541666668576,2,2,0,0,0,0,0,0
2025-12-25,2.078247819390712,1.1876913264571427,-0.7087819297864816,0.3713606411456201,1.3694658896042304,1.5590519676027634,0.11275981219512196,0.11432275319148935,NA,NA,0.2456555,0.223834,45,45,1,61.68776418155794,347.228,0.8457333333333565,2.7490000000000236,-2.0949999999999704,81.42983777777778,0.1262787303181874,0.265575856364748,0,0.28256197727272725,0.58552272727275,1.9555555555555555,1.9555555555555555,1,1,1,0.022222222222222223,0.022222222222222223,0.022222222222222223
2025-12-26,3.6104973907379345,1.6104970304802333,-2.2677068410158516,-0.23702375969517342,1.3427905497220844,1.3734732707850597,0.05999764102564103,0.060560346564102564,NA,NA,-4.11281e-4,-4.1465e-4,48,48,1,17.552388431875208,92.1045,-0.6586666666666465,0.382000000000005,-1.9219999999999686,90.83215625,0.08732631134793453,0.1285083666588117,13.7,0.29452855208333334,0.6813333333333524,2,2,0,0,0,0,0,0
2025-12-27,0.9059448081910524,1.2150215326969662,0.524649279998625,0.12554864308592031,1.4305940881896775,1.340570175782887,0.0020662797291666666,0.002077153875,NA,NA,0.0038773749,0.0039166704,48,48,1,16.574929595156245,98.1098,0.19697916666669238,0.5820000000000505,-0.2740000000000009,99.65819166666667,0.006794447698947058,0.020554693619058706,0.1,0.29591529166666664,1.1947187500000247,2,2,0,0,0,0,0,0
2025-12-28,1.934828161928131,2.7791778795558617,-0.15007159645716212,-1.1990912904573778,1.784756565470969,1.5800865890984837,-4.946603125e-4,-4.993900416666667e-4,NA,NA,-6.161385e-4,-6.240749e-4,48,48,1,5.754655469035416,27.9519,1.2830208333333548,3.907000000000039,-0.4379999999999882,100.07543749999999,NA,NA,17.800000000000004,0.30080284375,1.7357395833333544,2,2,0,0,0,0,0,0
2025-12-29,2.3386558586971953,1.8171073469295211,-0.2586162733998943,-0.16659051686576282,2.0800395852973,1.6505168300637587,0.026901108678571428,0.025588067541666662,NA,NA,0.0895193,0.06902141,38,38,1,39.88926289236368,257.066,-0.9428684210526119,4.5049999999999955,-4.413999999999987,93.28323421052632,0.05367284685824601,0.1208278475821194,4.2,0.3088630657894737,2.169855263157911,2,2,0,0,0,0,0,0
2025-12-30,1.251194745560057,0.9408167289719999,0.6220446455715088,0.5883796926945962,1.8732393911315661,1.5291964216665965,0.05537206,0.0114260029787234,NA,NA,NA,0.020601448888888887,7,7,1,29.807699958873012,110.11111111111111,-6.699142857142835,-5.95,-7.328999999999951,82.51051428571428,0.06527605277330115,0.09413614392058339,0,0.28900583333333335,1.115916666666692,1.7142857142857142,1.7142857142857142,1,1,1,0.14285714285714285,0.14285714285714285,0.14285714285714285
2025-12-31,1.9694611870509113,1.0492066009303584,-0.27793681179458524,0.3011028901005717,1.6915243752563254,1.3503094910309303,0.03384848458333333,0.03394704375,NA,NA,0.035397236,0.03537777,48,48,1,22.696759396785417,154.506,-6.135645833333312,-4.201999999999998,-7.9809999999999945,91.03975208333334,0.03499837278241097,0.10271989640262091,0,0.28701127083333333,1.0259895833333583,2,2,0,0,0,0,0,0
2026-01-01,NA,NA,NA,NA,NA,NA,0.07938054444444445,0.08043496666666666,NA,NA,NA,NA,9,9,1,0.0017226977777777778,0.00207123,-8.698111111111087,-7.145999999999958,-10.002999999999986,74.04483333333333,0.08383260467153457,0.12864056133002896,0,0.2853725555555556,1.0568333333333664,2,2,0,0,0,0,0,0
