site,Year,Date,GrowingSeason,ustar_scenario,NEE_gC_day
LD,2025,2025-01-01,FALSE,U05,0.7434393397948801
LD,2025,2025-01-02,FALSE,U05,0.8778494459132788
LD,2025,2025-01-03,FALSE,U05,0.6433806473480815
LD,2025,2025-01-04,FALSE,U05,0.9589455765503996
LD,2025,2025-01-05,FALSE,U05,1.3423927182879423
LD,2025,2025-01-06,FALSE,U05,1.2506910233698814
LD,2025,2025-01-07,FALSE,U05,0.9341200888281491
LD,2025,2025-01-08,FALSE,U05,0.5394041962085211
LD,2025,2025-01-09,FALSE,U05,0.825966798536094
LD,2025,2025-01-10,FALSE,U05,0.4180688515241217
LD,2025,2025-01-11,FALSE,U05,1.4746954312755483
LD,2025,2025-01-12,FALSE,U05,1.5317941123828795
LD,2025,2025-01-13,FALSE,U05,0.9836507123712
LD,2025,2025-01-14,FALSE,U05,0.7682664200141677
LD,2025,2025-01-15,FALSE,U05,0.9502818129018871
LD,2025,2025-01-16,FALSE,U05,1.2168243435600001
LD,2025,2025-01-17,FALSE,U05,1.271507862345522
LD,2025,2025-01-18,FALSE,U05,1.1572847743257348
LD,2025,2025-01-19,FALSE,U05,0.45340991581559603
LD,2025,2025-01-20,FALSE,U05,0.40994854358664773
LD,2025,2025-01-21,FALSE,U05,-5.569794580703594e-4
LD,2025,2025-01-22,FALSE,U05,0.1798597988400857
LD,2025,2025-01-23,FALSE,U05,0.9746218271538435
LD,2025,2025-01-24,FALSE,U05,1.0579112074225365
LD,2025,2025-01-25,FALSE,U05,0.9945157790879998
LD,2025,2025-01-26,FALSE,U05,1.2940113450265716
LD,2025,2025-01-27,FALSE,U05,1.6563264654054
LD,2025,2025-01-28,FALSE,U05,1.918981770030227
LD,2025,2025-01-29,FALSE,U05,1.8353338423931336
LD,2025,2025-01-30,FALSE,U05,1.3842275349878244
LD,2025,2025-01-31,FALSE,U05,1.654155204796561
LD,2025,2025-02-01,FALSE,U05,0.9525989511573272
LD,2025,2025-02-02,FALSE,U05,0.46970423509702763
LD,2025,2025-02-03,FALSE,U05,1.7417950750786824
LD,2025,2025-02-04,FALSE,U05,1.1556489704687891
LD,2025,2025-02-05,FALSE,U05,0.9283791356990292
LD,2025,2025-02-06,FALSE,U05,1.0781361991439762
LD,2025,2025-02-07,FALSE,U05,1.4712277170303674
LD,2025,2025-02-08,FALSE,U05,0.7825150808497947
LD,2025,2025-02-09,FALSE,U05,0.7251809566518096
LD,2025,2025-02-10,FALSE,U05,0.8061723982485578
LD,2025,2025-02-11,FALSE,U05,0.5681147125753081
LD,2025,2025-02-12,FALSE,U05,0.6780306087695211
LD,2025,2025-02-13,FALSE,U05,0.414374810423512
LD,2025,2025-02-14,FALSE,U05,0.8016603013689007
LD,2025,2025-02-15,FALSE,U05,0.5010712559307059
LD,2025,2025-02-16,FALSE,U05,0.6736263024240988
LD,2025,2025-02-17,FALSE,U05,0.5454376697192727
LD,2025,2025-02-18,FALSE,U05,1.711496308461583
LD,2025,2025-02-19,FALSE,U05,0.6141966946189815
LD,2025,2025-02-20,FALSE,U05,0.5446010217402459
LD,2025,2025-02-21,FALSE,U05,0.6926461418212289
LD,2025,2025-02-22,FALSE,U05,1.2947880861133712
LD,2025,2025-02-23,FALSE,U05,1.5704566073160513
LD,2025,2025-02-24,FALSE,U05,1.7234437791107426
LD,2025,2025-02-25,FALSE,U05,1.072609603263818
LD,2025,2025-02-26,FALSE,U05,2.5570740494396023
LD,2025,2025-02-27,FALSE,U05,1.0947180419314255
LD,2025,2025-02-28,FALSE,U05,1.2453309569724387
LD,2025,2025-03-01,FALSE,U05,0.5573942761417984
LD,2025,2025-03-02,FALSE,U05,0.39083201688109415
LD,2025,2025-03-03,FALSE,U05,0.08527324045865374
LD,2025,2025-03-04,FALSE,U05,1.2570116833600136
LD,2025,2025-03-05,FALSE,U05,2.7268179463271927
LD,2025,2025-03-06,FALSE,U05,1.8015663176786356
LD,2025,2025-03-07,FALSE,U05,0.9727332028174852
LD,2025,2025-03-08,FALSE,U05,0.7545893261150733
LD,2025,2025-03-09,FALSE,U05,1.2019701082609027
LD,2025,2025-03-10,FALSE,U05,1.4427198551305427
LD,2025,2025-03-11,FALSE,U05,1.1729493975593637
LD,2025,2025-03-12,FALSE,U05,0.5155911245073436
LD,2025,2025-03-13,FALSE,U05,0.2938459041785375
LD,2025,2025-03-14,FALSE,U05,0.8827307199553327
LD,2025,2025-03-15,FALSE,U05,2.4905016110628906
LD,2025,2025-03-16,FALSE,U05,3.1084965113890526
LD,2025,2025-03-17,FALSE,U05,0.7984725516903816
LD,2025,2025-03-18,FALSE,U05,0.9508288835529004
LD,2025,2025-03-19,FALSE,U05,1.8718452682862536
LD,2025,2025-03-20,FALSE,U05,1.504328374322052
LD,2025,2025-03-21,FALSE,U05,0.9705161273358316
LD,2025,2025-03-22,FALSE,U05,-0.06357180714499268
LD,2025,2025-03-23,FALSE,U05,-0.5140644996557086
LD,2025,2025-03-24,FALSE,U05,0.3485406842412105
LD,2025,2025-03-25,FALSE,U05,1.3432688691370773
LD,2025,2025-03-26,FALSE,U05,1.6316723326510112
LD,2025,2025-03-27,FALSE,U05,1.6483983149036205
LD,2025,2025-03-28,FALSE,U05,4.567599264881884
LD,2025,2025-03-29,FALSE,U05,4.672104226668001
LD,2025,2025-03-30,FALSE,U05,5.068664336585705
LD,2025,2025-03-31,FALSE,U05,0.44033476148188233
LD,2025,2025-04-01,FALSE,U05,-0.491577629721701
LD,2025,2025-04-02,FALSE,U05,0.4240583283251597
LD,2025,2025-04-03,FALSE,U05,1.7027408638800001
LD,2025,2025-04-04,FALSE,U05,-0.22498583369370798
LD,2025,2025-04-05,FALSE,U05,0.038651072998038306
LD,2025,2025-04-06,FALSE,U05,-0.7925990377284162
LD,2025,2025-04-07,FALSE,U05,0.16915277767337944
LD,2025,2025-04-08,FALSE,U05,-0.6151025886719156
LD,2025,2025-04-09,FALSE,U05,-0.1465892236236289
LD,2025,2025-04-10,FALSE,U05,0.6310366008716605
LD,2025,2025-04-11,FALSE,U05,-1.5023665489187168
LD,2025,2025-04-12,FALSE,U05,-1.1634118070681663
LD,2025,2025-04-13,FALSE,U05,0.42785939695036934
LD,2025,2025-04-14,FALSE,U05,-2.3324198916562664
LD,2025,2025-04-15,TRUE,U05,-0.038099497551428
LD,2025,2025-04-16,TRUE,U05,-1.2198657487450322
LD,2025,2025-04-17,TRUE,U05,-0.7844650189653849
LD,2025,2025-04-18,TRUE,U05,0.4889827493457405
LD,2025,2025-04-19,TRUE,U05,-1.262375638397078
LD,2025,2025-04-20,TRUE,U05,-2.432326390245852
LD,2025,2025-04-21,TRUE,U05,-0.014590725771644074
LD,2025,2025-04-22,TRUE,U05,-1.3679490218734904
LD,2025,2025-04-23,TRUE,U05,-1.8877191199555403
LD,2025,2025-04-24,TRUE,U05,-1.7838376637421856
LD,2025,2025-04-25,TRUE,U05,-3.3743563535386674
LD,2025,2025-04-26,TRUE,U05,-3.6823437458480384
LD,2025,2025-04-27,TRUE,U05,-3.3630640487774843
LD,2025,2025-04-28,TRUE,U05,-2.669168880722889
LD,2025,2025-04-29,TRUE,U05,-2.9145117792888007
LD,2025,2025-04-30,TRUE,U05,-3.0125323617615387
LD,2025,2025-05-01,TRUE,U05,5.210125588446704
LD,2025,2025-05-02,TRUE,U05,-4.084434340655143
LD,2025,2025-05-03,TRUE,U05,-2.580280348985245
LD,2025,2025-05-04,TRUE,U05,-3.0420523622288185
LD,2025,2025-05-05,TRUE,U05,-2.2086725225680923
LD,2025,2025-05-06,TRUE,U05,-0.29893949447501356
LD,2025,2025-05-07,TRUE,U05,-4.784254198768676
LD,2025,2025-05-08,TRUE,U05,-4.598531058983988
LD,2025,2025-05-09,TRUE,U05,-4.191815671848801
LD,2025,2025-05-10,TRUE,U05,-5.666773016112628
LD,2025,2025-05-11,TRUE,U05,-4.389689151962229
LD,2025,2025-05-12,TRUE,U05,-2.5986849513705197
LD,2025,2025-05-13,TRUE,U05,-1.6299611508604794
LD,2025,2025-05-14,TRUE,U05,-1.9495133066242674
LD,2025,2025-05-15,TRUE,U05,-0.8696574762374575
LD,2025,2025-05-16,TRUE,U05,-3.175540713666544
LD,2025,2025-05-17,TRUE,U05,0.9398796475002352
LD,2025,2025-05-18,TRUE,U05,-6.4103724600067595
LD,2025,2025-05-19,TRUE,U05,-4.712794322816638
LD,2025,2025-05-20,TRUE,U05,3.149015738179301
LD,2025,2025-05-21,TRUE,U05,5.103710294014495
LD,2025,2025-05-22,TRUE,U05,-6.698852728546356
LD,2025,2025-05-23,TRUE,U05,-5.841293148511715
LD,2025,2025-05-24,TRUE,U05,-5.743647028211433
LD,2025,2025-05-25,TRUE,U05,-6.926244795207651
LD,2025,2025-05-26,TRUE,U05,-5.598458079906741
LD,2025,2025-05-27,TRUE,U05,-4.391906797181685
LD,2025,2025-05-28,TRUE,U05,1.465423758856469
LD,2025,2025-05-29,TRUE,U05,-2.2943839288573398
LD,2025,2025-05-30,TRUE,U05,-1.1076128993846532
LD,2025,2025-05-31,TRUE,U05,-7.676537422104001
LD,2025,2025-06-01,TRUE,U05,-8.511724973275713
LD,2025,2025-06-02,TRUE,U05,-6.743234549676053
LD,2025,2025-06-03,TRUE,U05,-4.198510929511737
LD,2025,2025-06-04,TRUE,U05,0.3853745582323935
LD,2025,2025-06-05,TRUE,U05,-5.6414952577747846
LD,2025,2025-06-06,TRUE,U05,-5.5993213353573035
LD,2025,2025-06-07,TRUE,U05,-6.293695521930777
LD,2025,2025-06-08,TRUE,U05,-5.0528298005236065
LD,2025,2025-06-09,TRUE,U05,-5.866875592957603
LD,2025,2025-06-10,TRUE,U05,-4.165938130624197
LD,2025,2025-06-11,TRUE,U05,-5.389932781315221
LD,2025,2025-06-12,TRUE,U05,-2.98930622875353
LD,2025,2025-06-13,TRUE,U05,-4.052600040843656
LD,2025,2025-06-14,TRUE,U05,-6.788280269537053
LD,2025,2025-06-15,TRUE,U05,-4.484748489742883
LD,2025,2025-06-16,TRUE,U05,-4.569470584086646
LD,2025,2025-06-17,TRUE,U05,-4.490595273556731
LD,2025,2025-06-18,TRUE,U05,2.799967523545022
LD,2025,2025-06-19,TRUE,U05,1.270985535669432
LD,2025,2025-06-20,TRUE,U05,-2.294160965932577
LD,2025,2025-06-21,TRUE,U05,-1.784565069302179
LD,2025,2025-06-22,TRUE,U05,-2.608827696216001
LD,2025,2025-06-23,TRUE,U05,-2.8046894097850124
LD,2025,2025-06-24,TRUE,U05,-3.7094462498255596
LD,2025,2025-06-25,TRUE,U05,0.516905954904545
LD,2025,2025-06-26,TRUE,U05,-5.363888840545534
LD,2025,2025-06-27,TRUE,U05,-3.7228796632070793
LD,2025,2025-06-28,TRUE,U05,-2.713299137194807
LD,2025,2025-06-29,TRUE,U05,-4.2503371354976895
LD,2025,2025-06-30,TRUE,U05,-3.941363732427429
LD,2025,2025-07-01,TRUE,U05,-3.979887985342801
LD,2025,2025-07-02,TRUE,U05,-5.120493761237405
LD,2025,2025-07-03,TRUE,U05,-2.7627355155335054
LD,2025,2025-07-04,TRUE,U05,-5.305923307242922
LD,2025,2025-07-05,TRUE,U05,-5.583044028356385
LD,2025,2025-07-06,TRUE,U05,-5.262904209228784
LD,2025,2025-07-07,TRUE,U05,-3.389340991512102
LD,2025,2025-07-08,TRUE,U05,-6.2418213960761655
LD,2025,2025-07-09,TRUE,U05,-3.7723716962624128
LD,2025,2025-07-10,TRUE,U05,-6.172492711379911
LD,2025,2025-07-11,TRUE,U05,-2.3674080985819574
LD,2025,2025-07-12,TRUE,U05,-5.798067811839268
LD,2025,2025-07-13,TRUE,U05,-6.373846062639135
LD,2025,2025-07-14,TRUE,U05,-4.41611840427446
LD,2025,2025-07-15,TRUE,U05,-3.086572744110634
LD,2025,2025-07-16,TRUE,U05,-5.427689646109574
LD,2025,2025-07-17,TRUE,U05,-2.3108628036476513
LD,2025,2025-07-18,TRUE,U05,-2.5640607288316857
LD,2025,2025-07-19,TRUE,U05,-1.3830752147028798
LD,2025,2025-07-20,TRUE,U05,-3.4814513806941574
LD,2025,2025-07-21,TRUE,U05,-3.328195694692611
LD,2025,2025-07-22,TRUE,U05,-3.8665917817920006
LD,2025,2025-07-23,TRUE,U05,-3.4022205182457634
LD,2025,2025-07-24,TRUE,U05,-3.9965910958800004
LD,2025,2025-07-25,TRUE,U05,-2.5265786324461006
LD,2025,2025-07-26,TRUE,U05,-1.842472318152675
LD,2025,2025-07-27,TRUE,U05,-3.0975829890226825
LD,2025,2025-07-28,TRUE,U05,-4.246413205397143
LD,2025,2025-07-29,TRUE,U05,-4.229435102050134
LD,2025,2025-07-30,TRUE,U05,-2.3037953449651085
LD,2025,2025-07-31,TRUE,U05,-2.7550208758185244
LD,2025,2025-08-01,TRUE,U05,-3.196018173240763
LD,2025,2025-08-02,TRUE,U05,-3.8491846714717584
LD,2025,2025-08-03,TRUE,U05,-4.4599414409307
LD,2025,2025-08-04,TRUE,U05,-4.980997407939202
LD,2025,2025-08-05,TRUE,U05,-4.074713083543503
LD,2025,2025-08-06,TRUE,U05,-2.7169617463841687
LD,2025,2025-08-07,TRUE,U05,-3.119046166882812
LD,2025,2025-08-08,TRUE,U05,-3.286180984904075
LD,2025,2025-08-09,TRUE,U05,-4.601838453826676
LD,2025,2025-08-10,TRUE,U05,-4.429211403337571
LD,2025,2025-08-11,TRUE,U05,-5.790954766982618
LD,2025,2025-08-12,TRUE,U05,3.695345281931239
LD,2025,2025-08-13,TRUE,U05,0.043858019665083556
LD,2025,2025-08-14,TRUE,U05,-2.170052123540791
LD,2025,2025-08-15,TRUE,U05,-2.7629869281327863
LD,2025,2025-08-16,TRUE,U05,-1.1731497337339534
LD,2025,2025-08-17,TRUE,U05,-1.085434286931153
LD,2025,2025-08-18,TRUE,U05,0.10769818857625633
LD,2025,2025-08-19,TRUE,U05,3.491754287394494
LD,2025,2025-08-20,TRUE,U05,-0.6718708331075893
LD,2025,2025-08-21,TRUE,U05,-1.8703408931937997
LD,2025,2025-08-22,TRUE,U05,-3.869354312390822
LD,2025,2025-08-23,TRUE,U05,-2.008431147100114
LD,2025,2025-08-24,TRUE,U05,-2.1660058446110924
LD,2025,2025-08-25,TRUE,U05,-3.589439497127382
LD,2025,2025-08-26,TRUE,U05,-4.174625921445543
LD,2025,2025-08-27,TRUE,U05,-5.140697284571888
LD,2025,2025-08-28,TRUE,U05,-2.3109838711520565
LD,2025,2025-08-29,TRUE,U05,-3.3957794166017976
LD,2025,2025-08-30,TRUE,U05,-3.7536762794020664
LD,2025,2025-08-31,TRUE,U05,-4.225048563126788
LD,2025,2025-09-01,TRUE,U05,-4.313085787046135
LD,2025,2025-09-02,TRUE,U05,-4.956570302276709
LD,2025,2025-09-03,TRUE,U05,0.3898328477179605
LD,2025,2025-09-04,TRUE,U05,-3.1071804468966016
LD,2025,2025-09-05,TRUE,U05,-2.6252476620021055
LD,2025,2025-09-06,TRUE,U05,-1.8898213755344357
LD,2025,2025-09-07,TRUE,U05,-3.758756235427295
LD,2025,2025-09-08,TRUE,U05,-4.178571500208564
LD,2025,2025-09-09,TRUE,U05,-4.180260958985264
LD,2025,2025-09-10,TRUE,U05,-3.2293211572546925
LD,2025,2025-09-11,TRUE,U05,-3.1869515886926245
LD,2025,2025-09-12,TRUE,U05,-3.361727405457652
LD,2025,2025-09-13,TRUE,U05,-3.2105205418858684
LD,2025,2025-09-14,TRUE,U05,-2.8612360866205844
LD,2025,2025-09-15,TRUE,U05,-1.8728131525009848
LD,2025,2025-09-16,TRUE,U05,-1.9225125773384046
LD,2025,2025-09-17,TRUE,U05,-1.756447176598722
LD,2025,2025-09-18,TRUE,U05,-2.226957805535271
LD,2025,2025-09-19,TRUE,U05,-1.9317241338871791
LD,2025,2025-09-20,TRUE,U05,-0.723547013861145
LD,2025,2025-09-21,TRUE,U05,1.7570964727483414
LD,2025,2025-09-22,TRUE,U05,0.48663586319921986
LD,2025,2025-09-23,TRUE,U05,0.1187961883816695
LD,2025,2025-09-24,TRUE,U05,1.192385692003609
LD,2025,2025-09-25,TRUE,U05,0.564826589912836
LD,2025,2025-09-26,TRUE,U05,-1.0038557093533327
LD,2025,2025-09-27,TRUE,U05,-0.001823367234561113
LD,2025,2025-09-28,TRUE,U05,-1.9851238527511548
LD,2025,2025-09-29,TRUE,U05,-2.877742082788041
LD,2025,2025-09-30,TRUE,U05,-2.5626207756191217
LD,2025,2025-10-01,TRUE,U05,-2.04076894116422
LD,2025,2025-10-02,TRUE,U05,-2.7409510497845813
LD,2025,2025-10-03,TRUE,U05,-2.195194529841965
LD,2025,2025-10-04,TRUE,U05,-1.9986398236073961
LD,2025,2025-10-05,TRUE,U05,-2.7706732579578226
LD,2025,2025-10-06,TRUE,U05,-2.2477095397316593
LD,2025,2025-10-07,TRUE,U05,-2.076732571164428
LD,2025,2025-10-08,TRUE,U05,-2.6781123696914046
LD,2025,2025-10-09,TRUE,U05,-1.623650574243237
LD,2025,2025-10-10,TRUE,U05,-0.60826242675996
LD,2025,2025-10-11,TRUE,U05,0.020307807486226445
LD,2025,2025-10-12,TRUE,U05,-1.2446831923449635
LD,2025,2025-10-13,TRUE,U05,-1.7325454600766832
LD,2025,2025-10-14,TRUE,U05,-1.8752181568187267
LD,2025,2025-10-15,TRUE,U05,-0.9344683849081921
LD,2025,2025-10-16,TRUE,U05,-0.6191541080066317
LD,2025,2025-10-17,TRUE,U05,-0.2974864533424979
LD,2025,2025-10-18,TRUE,U05,0.9228222978512095
LD,2025,2025-10-19,TRUE,U05,1.297345619159212
LD,2025,2025-10-20,TRUE,U05,-0.9741092423332178
LD,2025,2025-10-21,TRUE,U05,0.6038306323559275
LD,2025,2025-10-22,TRUE,U05,2.030179855637485
LD,2025,2025-10-23,TRUE,U05,2.71906375291281
LD,2025,2025-10-24,TRUE,U05,-0.4874043342089145
LD,2025,2025-10-25,TRUE,U05,-0.22308614497866655
LD,2025,2025-10-26,TRUE,U05,-1.0131895992800228
LD,2025,2025-10-27,TRUE,U05,-0.8594415908584631
LD,2025,2025-10-28,TRUE,U05,-0.34489434527301066
LD,2025,2025-10-29,TRUE,U05,0.1290231992511211
LD,2025,2025-10-30,TRUE,U05,-1.1284101832613984
LD,2025,2025-10-31,TRUE,U05,0.34645167303368185
LD,2025,2025-11-01,FALSE,U05,1.727500614924256
LD,2025,2025-11-02,FALSE,U05,0.40779260177010823
LD,2025,2025-11-03,FALSE,U05,0.33788337879600006
LD,2025,2025-11-04,FALSE,U05,0.5337929650917157
LD,2025,2025-11-05,FALSE,U05,0.8359458492522462
LD,2025,2025-11-06,FALSE,U05,-0.41933392508056566
LD,2025,2025-11-07,FALSE,U05,1.5575819646645443
LD,2025,2025-11-08,FALSE,U05,1.2317928175842705
LD,2025,2025-11-09,FALSE,U05,1.0787893590766555
LD,2025,2025-11-10,FALSE,U05,1.0335683629036967
LD,2025,2025-11-11,FALSE,U05,1.4050652335620128
LD,2025,2025-11-12,FALSE,U05,0.9396804678134398
LD,2025,2025-11-13,FALSE,U05,0.22303741607588523
LD,2025,2025-11-14,FALSE,U05,0.4516973594103949
LD,2025,2025-11-15,FALSE,U05,2.420111026148766
LD,2025,2025-11-16,FALSE,U05,1.1242369287914162
LD,2025,2025-11-17,FALSE,U05,0.5577087147660574
LD,2025,2025-11-18,FALSE,U05,1.6208429896143202
LD,2025,2025-11-19,FALSE,U05,0.8324801542791106
LD,2025,2025-11-20,FALSE,U05,3.7696999740543364
LD,2025,2025-11-21,FALSE,U05,1.6646170349551428
LD,2025,2025-11-22,FALSE,U05,1.0740937548725054
LD,2025,2025-11-23,FALSE,U05,0.8915451578752459
LD,2025,2025-11-24,FALSE,U05,1.047115271480842
LD,2025,2025-11-25,FALSE,U05,2.358413577771884
LD,2025,2025-11-26,FALSE,U05,3.718785243032152
LD,2025,2025-11-27,FALSE,U05,2.602323634590066
LD,2025,2025-11-28,FALSE,U05,2.1962522923703998
LD,2025,2025-11-29,FALSE,U05,1.6597360552885072
LD,2025,2025-11-30,FALSE,U05,1.8297342655132385
LD,2025,2025-12-01,FALSE,U05,2.394480521248458
LD,2025,2025-12-02,FALSE,U05,1.8792811188648455
LD,2025,2025-12-03,FALSE,U05,1.1632033043280001
LD,2025,2025-12-04,FALSE,U05,1.6507948826117993
LD,2025,2025-12-05,FALSE,U05,1.1890224847661601
LD,2025,2025-12-06,FALSE,U05,1.5643635059606604
LD,2025,2025-12-07,FALSE,U05,1.8919818271298032
LD,2025,2025-12-08,FALSE,U05,2.810649886483677
LD,2025,2025-12-09,FALSE,U05,3.1196137846548986
LD,2025,2025-12-10,FALSE,U05,1.7754932696923686
LD,2025,2025-12-11,FALSE,U05,1.198005058690652
LD,2025,2025-12-12,FALSE,U05,1.8963540175020517
LD,2025,2025-12-13,FALSE,U05,1.3290220003824007
LD,2025,2025-12-14,FALSE,U05,1.1365565398024493
LD,2025,2025-12-15,FALSE,U05,1.1055583127650304
LD,2025,2025-12-16,FALSE,U05,0.9554258313107238
LD,2025,2025-12-17,FALSE,U05,1.7338694101334644
LD,2025,2025-12-18,FALSE,U05,1.7735621955728322
LD,2025,2025-12-19,FALSE,U05,1.2131632335353433
LD,2025,2025-12-20,FALSE,U05,0.8642959006019959
LD,2025,2025-12-21,FALSE,U05,1.2251787224393325
LD,2025,2025-12-22,FALSE,U05,1.001120334219427
LD,2025,2025-12-23,FALSE,U05,1.308729059922219
LD,2025,2025-12-24,FALSE,U05,1.094758621099979
LD,2025,2025-12-25,FALSE,U05,2.208096922613784
LD,2025,2025-12-26,FALSE,U05,3.8143794079411157
LD,2025,2025-12-27,FALSE,U05,0.8952789444862004
LD,2025,2025-12-28,FALSE,U05,2.017930195708382
LD,2025,2025-12-29,FALSE,U05,2.383097738470466
LD,2025,2025-12-30,FALSE,U05,1.8697444053329144
LD,2025,2025-12-31,FALSE,U05,2.007386484433294
LD,2025,2026-01-01,FALSE,U05,0.46266890689976253
LD,2025,2025-01-01,FALSE,U50,0.7434393397948801
LD,2025,2025-01-02,FALSE,U50,1.0051156529612788
LD,2025,2025-01-03,FALSE,U50,0.7811337405442897
LD,2025,2025-01-04,FALSE,U50,0.9589455765503996
LD,2025,2025-01-05,FALSE,U50,1.3847783024773626
LD,2025,2025-01-06,FALSE,U50,1.2624032837123624
LD,2025,2025-01-07,FALSE,U50,0.9463134256118609
LD,2025,2025-01-08,FALSE,U50,0.5676986527777418
LD,2025,2025-01-09,FALSE,U50,0.9305784856918868
LD,2025,2025-01-10,FALSE,U50,0.4404176593000119
LD,2025,2025-01-11,FALSE,U50,1.396443097219428
LD,2025,2025-01-12,FALSE,U50,1.5283395553756882
LD,2025,2025-01-13,FALSE,U50,0.9836507123712
LD,2025,2025-01-14,FALSE,U50,0.8126151915320493
LD,2025,2025-01-15,FALSE,U50,0.9542723377133575
LD,2025,2025-01-16,FALSE,U50,1.2168243435600001
LD,2025,2025-01-17,FALSE,U50,1.231245710940527
LD,2025,2025-01-18,FALSE,U50,1.1528382601522669
LD,2025,2025-01-19,FALSE,U50,0.44485240106114204
LD,2025,2025-01-20,FALSE,U50,0.35130654908911724
LD,2025,2025-01-21,FALSE,U50,-0.017532398821175015
LD,2025,2025-01-22,FALSE,U50,0.1467632369207911
LD,2025,2025-01-23,FALSE,U50,0.8978433302149215
LD,2025,2025-01-24,FALSE,U50,0.982947324854791
LD,2025,2025-01-25,FALSE,U50,0.9945157790879998
LD,2025,2025-01-26,FALSE,U50,1.2940113450265716
LD,2025,2025-01-27,FALSE,U50,1.6563264654054
LD,2025,2025-01-28,FALSE,U50,1.9165990187888027
LD,2025,2025-01-29,FALSE,U50,1.8353338423931336
LD,2025,2025-01-30,FALSE,U50,1.3704590686561602
LD,2025,2025-01-31,FALSE,U50,1.671021679830536
LD,2025,2025-02-01,FALSE,U50,0.9608080967949997
LD,2025,2025-02-02,FALSE,U50,0.4682903537081534
LD,2025,2025-02-03,FALSE,U50,1.4793420054064101
LD,2025,2025-02-04,FALSE,U50,1.1550023353010443
LD,2025,2025-02-05,FALSE,U50,0.9413842768281423
LD,2025,2025-02-06,FALSE,U50,1.0951030988519532
LD,2025,2025-02-07,FALSE,U50,1.481388586473657
LD,2025,2025-02-08,FALSE,U50,0.7681873387247896
LD,2025,2025-02-09,FALSE,U50,0.7083682099823936
LD,2025,2025-02-10,FALSE,U50,0.7934824497122548
LD,2025,2025-02-11,FALSE,U50,0.537451550155101
LD,2025,2025-02-12,FALSE,U50,0.6612899982859609
LD,2025,2025-02-13,FALSE,U50,0.3729817741983678
LD,2025,2025-02-14,FALSE,U50,0.7771762210618013
LD,2025,2025-02-15,FALSE,U50,0.49925845715384043
LD,2025,2025-02-16,FALSE,U50,0.6642469147534531
LD,2025,2025-02-17,FALSE,U50,0.5454376697192727
LD,2025,2025-02-18,FALSE,U50,1.3980951303234297
LD,2025,2025-02-19,FALSE,U50,0.5873941739887707
LD,2025,2025-02-20,FALSE,U50,0.534082194550145
LD,2025,2025-02-21,FALSE,U50,0.6952415783315093
LD,2025,2025-02-22,FALSE,U50,1.2947880861133712
LD,2025,2025-02-23,FALSE,U50,1.600933320188517
LD,2025,2025-02-24,FALSE,U50,1.7494058646222064
LD,2025,2025-02-25,FALSE,U50,1.0812800433376037
LD,2025,2025-02-26,FALSE,U50,2.8137775416263344
LD,2025,2025-02-27,FALSE,U50,1.14413499563359
LD,2025,2025-02-28,FALSE,U50,1.2858467938503688
LD,2025,2025-03-01,FALSE,U50,0.5705705739791067
LD,2025,2025-03-02,FALSE,U50,0.285247187964336
LD,2025,2025-03-03,FALSE,U50,0.11526526720805268
LD,2025,2025-03-04,FALSE,U50,1.284329772864423
LD,2025,2025-03-05,FALSE,U50,2.7577900136787767
LD,2025,2025-03-06,FALSE,U50,1.8024520154097594
LD,2025,2025-03-07,FALSE,U50,0.9958068702169173
LD,2025,2025-03-08,FALSE,U50,0.7548922008314101
LD,2025,2025-03-09,FALSE,U50,1.2565246697812134
LD,2025,2025-03-10,FALSE,U50,1.4659080898769692
LD,2025,2025-03-11,FALSE,U50,1.1974994725385089
LD,2025,2025-03-12,FALSE,U50,0.5413967243814144
LD,2025,2025-03-13,FALSE,U50,0.30940828412883314
LD,2025,2025-03-14,FALSE,U50,0.9248370972726926
LD,2025,2025-03-15,FALSE,U50,2.4911855112833527
LD,2025,2025-03-16,FALSE,U50,3.1194529733409464
LD,2025,2025-03-17,FALSE,U50,0.7828571643877013
LD,2025,2025-03-18,FALSE,U50,0.9453349434990859
LD,2025,2025-03-19,FALSE,U50,1.877070456493385
LD,2025,2025-03-20,FALSE,U50,1.5026442246741165
LD,2025,2025-03-21,FALSE,U50,0.9421554978062372
LD,2025,2025-03-22,FALSE,U50,-0.06912675267237646
LD,2025,2025-03-23,FALSE,U50,-0.5195523371966491
LD,2025,2025-03-24,FALSE,U50,0.32245675150921055
LD,2025,2025-03-25,FALSE,U50,1.3641550613844105
LD,2025,2025-03-26,FALSE,U50,1.6116655927026344
LD,2025,2025-03-27,FALSE,U50,1.6403941866325724
LD,2025,2025-03-28,FALSE,U50,4.552459557043435
LD,2025,2025-03-29,FALSE,U50,4.672104226668001
LD,2025,2025-03-30,FALSE,U50,5.0670790011901365
LD,2025,2025-03-31,FALSE,U50,0.44033476148188233
LD,2025,2025-04-01,FALSE,U50,-0.491577629721701
LD,2025,2025-04-02,FALSE,U50,0.42293043477365416
LD,2025,2025-04-03,FALSE,U50,1.69087232241
LD,2025,2025-04-04,FALSE,U50,-0.2754023316531995
LD,2025,2025-04-05,FALSE,U50,-0.046930832598826216
LD,2025,2025-04-06,FALSE,U50,-0.839737508986664
LD,2025,2025-04-07,FALSE,U50,0.16588934471958172
LD,2025,2025-04-08,FALSE,U50,-0.6151025886719156
LD,2025,2025-04-09,FALSE,U50,-0.9249732030756284
LD,2025,2025-04-10,FALSE,U50,-0.005330919403615422
LD,2025,2025-04-11,FALSE,U50,-1.5507969625993612
LD,2025,2025-04-12,FALSE,U50,-1.2245831296112992
LD,2025,2025-04-13,FALSE,U50,0.7234206056388447
LD,2025,2025-04-14,FALSE,U50,-2.573105630475685
LD,2025,2025-04-15,TRUE,U50,-0.038099497551428
LD,2025,2025-04-16,TRUE,U50,-1.2655996121871307
LD,2025,2025-04-17,TRUE,U50,-0.857542527416194
LD,2025,2025-04-18,TRUE,U50,0.48601578539187906
LD,2025,2025-04-19,TRUE,U50,-1.2648929457438838
LD,2025,2025-04-20,TRUE,U50,-2.43570458125586
LD,2025,2025-04-21,TRUE,U50,-0.022069698012861703
LD,2025,2025-04-22,TRUE,U50,-1.3325367322567168
LD,2025,2025-04-23,TRUE,U50,-1.9454332856910423
LD,2025,2025-04-24,TRUE,U50,-1.798508882122129
LD,2025,2025-04-25,TRUE,U50,-3.4094918370440377
LD,2025,2025-04-26,TRUE,U50,-3.6570319380953746
LD,2025,2025-04-27,TRUE,U50,-3.3941270244799404
LD,2025,2025-04-28,TRUE,U50,-2.629586006934147
LD,2025,2025-04-29,TRUE,U50,-2.9145117792888007
LD,2025,2025-04-30,TRUE,U50,-3.188875478027843
LD,2025,2025-05-01,TRUE,U50,5.395647489292552
LD,2025,2025-05-02,TRUE,U50,-4.029029361809542
LD,2025,2025-05-03,TRUE,U50,-2.4159127805566034
LD,2025,2025-05-04,TRUE,U50,-2.9924025903282123
LD,2025,2025-05-05,TRUE,U50,-2.3433474126563487
LD,2025,2025-05-06,TRUE,U50,-0.03525095353121474
LD,2025,2025-05-07,TRUE,U50,-4.748220462990715
LD,2025,2025-05-08,TRUE,U50,-4.514631564602979
LD,2025,2025-05-09,TRUE,U50,-4.229050095733783
LD,2025,2025-05-10,TRUE,U50,-5.759877931989199
LD,2025,2025-05-11,TRUE,U50,-4.385614642269904
LD,2025,2025-05-12,TRUE,U50,-2.449464660571626
LD,2025,2025-05-13,TRUE,U50,-1.0980197798105062
LD,2025,2025-05-14,TRUE,U50,-2.193946496647882
LD,2025,2025-05-15,TRUE,U50,-0.8049462892215924
LD,2025,2025-05-16,TRUE,U50,-3.1168993976017716
LD,2025,2025-05-17,TRUE,U50,0.9628606734564152
LD,2025,2025-05-18,TRUE,U50,-6.4021638371486445
LD,2025,2025-05-19,TRUE,U50,-4.623903697725318
LD,2025,2025-05-20,TRUE,U50,3.3684469268586943
LD,2025,2025-05-21,TRUE,U50,5.4238180590640095
LD,2025,2025-05-22,TRUE,U50,-6.690890882541897
LD,2025,2025-05-23,TRUE,U50,-5.835191556319715
LD,2025,2025-05-24,TRUE,U50,-5.535824179134242
LD,2025,2025-05-25,TRUE,U50,-6.828329573277159
LD,2025,2025-05-26,TRUE,U50,-5.275687428637553
LD,2025,2025-05-27,TRUE,U50,-3.6317114751301323
LD,2025,2025-05-28,TRUE,U50,2.0305212409174054
LD,2025,2025-05-29,TRUE,U50,-3.287522370446534
LD,2025,2025-05-30,TRUE,U50,-1.154789867984192
LD,2025,2025-05-31,TRUE,U50,-7.650665851833259
LD,2025,2025-06-01,TRUE,U50,-8.8499822613156
LD,2025,2025-06-02,TRUE,U50,-6.652097052911999
LD,2025,2025-06-03,TRUE,U50,-3.989670692761798
LD,2025,2025-06-04,TRUE,U50,0.3853745582323935
LD,2025,2025-06-05,TRUE,U50,-5.624877323891563
LD,2025,2025-06-06,TRUE,U50,-5.409638250957455
LD,2025,2025-06-07,TRUE,U50,-6.201451741849015
LD,2025,2025-06-08,TRUE,U50,-4.927191844806132
LD,2025,2025-06-09,TRUE,U50,-5.823238069734833
LD,2025,2025-06-10,TRUE,U50,-4.346037158367272
LD,2025,2025-06-11,TRUE,U50,-5.6696254086131175
LD,2025,2025-06-12,TRUE,U50,-2.879333873946228
LD,2025,2025-06-13,TRUE,U50,-4.02846147520508
LD,2025,2025-06-14,TRUE,U50,-6.922959294393938
LD,2025,2025-06-15,TRUE,U50,-4.518750746051828
LD,2025,2025-06-16,TRUE,U50,-4.150980176728199
LD,2025,2025-06-17,TRUE,U50,-4.2469248302798315
LD,2025,2025-06-18,TRUE,U50,3.0571722597315047
LD,2025,2025-06-19,TRUE,U50,1.2615044115465235
LD,2025,2025-06-20,TRUE,U50,-2.306680561009642
LD,2025,2025-06-21,TRUE,U50,-1.7989444590319714
LD,2025,2025-06-22,TRUE,U50,-2.608827696216001
LD,2025,2025-06-23,TRUE,U50,-2.7983230977947016
LD,2025,2025-06-24,TRUE,U50,-3.6495235529391983
LD,2025,2025-06-25,TRUE,U50,0.8175520638548627
LD,2025,2025-06-26,TRUE,U50,-5.300767425925403
LD,2025,2025-06-27,TRUE,U50,-3.6035867512105764
LD,2025,2025-06-28,TRUE,U50,-2.7182311680371742
LD,2025,2025-06-29,TRUE,U50,-4.3659084889768955
LD,2025,2025-06-30,TRUE,U50,-3.8231240415360004
LD,2025,2025-07-01,TRUE,U50,-4.746036549374469
LD,2025,2025-07-02,TRUE,U50,-5.177690479552733
LD,2025,2025-07-03,TRUE,U50,-3.783628735995528
LD,2025,2025-07-04,TRUE,U50,-5.207785711050465
LD,2025,2025-07-05,TRUE,U50,-5.338563362474113
LD,2025,2025-07-06,TRUE,U50,-5.052955575806078
LD,2025,2025-07-07,TRUE,U50,-3.6071085993664718
LD,2025,2025-07-08,TRUE,U50,-6.236575899805295
LD,2025,2025-07-09,TRUE,U50,-4.233855667263614
LD,2025,2025-07-10,TRUE,U50,-6.0402571908020795
LD,2025,2025-07-11,TRUE,U50,-1.5253332911683444
LD,2025,2025-07-12,TRUE,U50,-5.598101555794678
LD,2025,2025-07-13,TRUE,U50,-6.168442057204487
LD,2025,2025-07-14,TRUE,U50,-4.333613282193634
LD,2025,2025-07-15,TRUE,U50,-2.9309277584685822
LD,2025,2025-07-16,TRUE,U50,-5.025812382924404
LD,2025,2025-07-17,TRUE,U50,-2.2436752550334567
LD,2025,2025-07-18,TRUE,U50,-2.4896407298853958
LD,2025,2025-07-19,TRUE,U50,-1.1293628190704526
LD,2025,2025-07-20,TRUE,U50,-3.401657663938952
LD,2025,2025-07-21,TRUE,U50,-3.2754980284742667
LD,2025,2025-07-22,TRUE,U50,-3.864758772548572
LD,2025,2025-07-23,TRUE,U50,-3.370093123225268
LD,2025,2025-07-24,TRUE,U50,-3.949341025205275
LD,2025,2025-07-25,TRUE,U50,-2.89604257983256
LD,2025,2025-07-26,TRUE,U50,-3.2120389521568753
LD,2025,2025-07-27,TRUE,U50,-3.3756143713296503
LD,2025,2025-07-28,TRUE,U50,-4.913651719999894
LD,2025,2025-07-29,TRUE,U50,-4.65515357300292
LD,2025,2025-07-30,TRUE,U50,-2.8769190325411964
LD,2025,2025-07-31,TRUE,U50,-2.9468940731023836
LD,2025,2025-08-01,TRUE,U50,-3.244174184110342
LD,2025,2025-08-02,TRUE,U50,-3.6256390792010116
LD,2025,2025-08-03,TRUE,U50,-4.379408461669064
LD,2025,2025-08-04,TRUE,U50,-5.018095651371562
LD,2025,2025-08-05,TRUE,U50,-4.1386801036826
LD,2025,2025-08-06,TRUE,U50,-2.7339906354668693
LD,2025,2025-08-07,TRUE,U50,-3.081011744081358
LD,2025,2025-08-08,TRUE,U50,-3.3893038633417096
LD,2025,2025-08-09,TRUE,U50,-4.675755202057515
LD,2025,2025-08-10,TRUE,U50,-4.400633202409503
LD,2025,2025-08-11,TRUE,U50,-5.808229067901734
LD,2025,2025-08-12,TRUE,U50,3.795523798433925
LD,2025,2025-08-13,TRUE,U50,0.03673508967699006
LD,2025,2025-08-14,TRUE,U50,-1.9089135227452967
LD,2025,2025-08-15,TRUE,U50,-2.699634234549397
LD,2025,2025-08-16,TRUE,U50,-1.119086749873442
LD,2025,2025-08-17,TRUE,U50,-1.0344628179455413
LD,2025,2025-08-18,TRUE,U50,0.14292994015816152
LD,2025,2025-08-19,TRUE,U50,3.6662733090617388
LD,2025,2025-08-20,TRUE,U50,-0.4379129733113726
LD,2025,2025-08-21,TRUE,U50,-1.7489903630826398
LD,2025,2025-08-22,TRUE,U50,-3.859144844969566
LD,2025,2025-08-23,TRUE,U50,-1.9865926046880653
LD,2025,2025-08-24,TRUE,U50,-2.1474121275474305
LD,2025,2025-08-25,TRUE,U50,-3.4548578427791026
LD,2025,2025-08-26,TRUE,U50,-4.174616880649024
LD,2025,2025-08-27,TRUE,U50,-5.19925710101987
LD,2025,2025-08-28,TRUE,U50,-2.864841851260858
LD,2025,2025-08-29,TRUE,U50,-3.424436820683704
LD,2025,2025-08-30,TRUE,U50,-3.747333793148912
LD,2025,2025-08-31,TRUE,U50,-4.160065154256796
LD,2025,2025-09-01,TRUE,U50,-4.393580667991152
LD,2025,2025-09-02,TRUE,U50,-5.138158752897341
LD,2025,2025-09-03,TRUE,U50,0.34572295097288536
LD,2025,2025-09-04,TRUE,U50,-3.09469150251302
LD,2025,2025-09-05,TRUE,U50,-2.5728746793908295
LD,2025,2025-09-06,TRUE,U50,-1.572447546110091
LD,2025,2025-09-07,TRUE,U50,-3.683693206028521
LD,2025,2025-09-08,TRUE,U50,-4.131801695740185
LD,2025,2025-09-09,TRUE,U50,-4.179124460212281
LD,2025,2025-09-10,TRUE,U50,-3.084869756518266
LD,2025,2025-09-11,TRUE,U50,-3.1155889683077818
LD,2025,2025-09-12,TRUE,U50,-3.210675309254183
LD,2025,2025-09-13,TRUE,U50,-3.3204619136797424
LD,2025,2025-09-14,TRUE,U50,-2.9485155547182016
LD,2025,2025-09-15,TRUE,U50,-1.5318473981244851
LD,2025,2025-09-16,TRUE,U50,-1.7794837157209245
LD,2025,2025-09-17,TRUE,U50,-1.6532141526246633
LD,2025,2025-09-18,TRUE,U50,-2.1670969973075076
LD,2025,2025-09-19,TRUE,U50,-1.893420546754799
LD,2025,2025-09-20,TRUE,U50,-0.5687074623718792
LD,2025,2025-09-21,TRUE,U50,1.5303719627187193
LD,2025,2025-09-22,TRUE,U50,1.0015523953131453
LD,2025,2025-09-23,TRUE,U50,0.40881959201669266
LD,2025,2025-09-24,TRUE,U50,1.7476240928042175
LD,2025,2025-09-25,TRUE,U50,1.0608410666051555
LD,2025,2025-09-26,TRUE,U50,-0.7602339827232005
LD,2025,2025-09-27,TRUE,U50,0.7258634675629954
LD,2025,2025-09-28,TRUE,U50,-1.3707207329052258
LD,2025,2025-09-29,TRUE,U50,-2.866948569190604
LD,2025,2025-09-30,TRUE,U50,-2.483654466773801
LD,2025,2025-10-01,TRUE,U50,-2.1955734442326724
LD,2025,2025-10-02,TRUE,U50,-2.811296124189626
LD,2025,2025-10-03,TRUE,U50,-2.17872080345611
LD,2025,2025-10-04,TRUE,U50,-2.139954693617731
LD,2025,2025-10-05,TRUE,U50,-2.8835163851982646
LD,2025,2025-10-06,TRUE,U50,-2.220546043235151
LD,2025,2025-10-07,TRUE,U50,-1.509025322214316
LD,2025,2025-10-08,TRUE,U50,-2.7029334893645847
LD,2025,2025-10-09,TRUE,U50,-1.1866303577942878
LD,2025,2025-10-10,TRUE,U50,0.11238260378654254
LD,2025,2025-10-11,TRUE,U50,-0.4493181085813652
LD,2025,2025-10-12,TRUE,U50,-1.2749755266665321
LD,2025,2025-10-13,TRUE,U50,-1.8243672851532737
LD,2025,2025-10-14,TRUE,U50,-1.9102825773713972
LD,2025,2025-10-15,TRUE,U50,-0.8451395350551774
LD,2025,2025-10-16,TRUE,U50,-0.433369093386346
LD,2025,2025-10-17,TRUE,U50,-0.32760760189283067
LD,2025,2025-10-18,TRUE,U50,0.9192565699771789
LD,2025,2025-10-19,TRUE,U50,0.6901512400471336
LD,2025,2025-10-20,TRUE,U50,-0.5730714128187354
LD,2025,2025-10-21,TRUE,U50,0.6584028718125848
LD,2025,2025-10-22,TRUE,U50,2.2140917179249713
LD,2025,2025-10-23,TRUE,U50,2.8620951795360114
LD,2025,2025-10-24,TRUE,U50,-0.3279161648091782
LD,2025,2025-10-25,TRUE,U50,0.1369386058631845
LD,2025,2025-10-26,TRUE,U50,-0.6600475793535944
LD,2025,2025-10-27,TRUE,U50,-0.39120914268575524
LD,2025,2025-10-28,TRUE,U50,0.23027672812866593
LD,2025,2025-10-29,TRUE,U50,0.5979149903056303
LD,2025,2025-10-30,TRUE,U50,-0.6962294445465108
LD,2025,2025-10-31,TRUE,U50,1.4377986498580853
LD,2025,2025-11-01,FALSE,U50,2.4788385410349902
LD,2025,2025-11-02,FALSE,U50,0.8202860335953492
LD,2025,2025-11-03,FALSE,U50,0.48407753951236365
LD,2025,2025-11-04,FALSE,U50,0.6550955622629042
LD,2025,2025-11-05,FALSE,U50,0.8812543187005213
LD,2025,2025-11-06,FALSE,U50,-0.3353747390404125
LD,2025,2025-11-07,FALSE,U50,1.6229885104599215
LD,2025,2025-11-08,FALSE,U50,1.2149755304611844
LD,2025,2025-11-09,FALSE,U50,0.7135018741419863
LD,2025,2025-11-10,FALSE,U50,0.9525323097308167
LD,2025,2025-11-11,FALSE,U50,0.9111193045141964
LD,2025,2025-11-12,FALSE,U50,0.9412677192866086
LD,2025,2025-11-13,FALSE,U50,0.2823709637947502
LD,2025,2025-11-14,FALSE,U50,0.48189563964886956
LD,2025,2025-11-15,FALSE,U50,2.4328136874511967
LD,2025,2025-11-16,FALSE,U50,1.12585262543217
LD,2025,2025-11-17,FALSE,U50,0.5451915683350875
LD,2025,2025-11-18,FALSE,U50,1.4105243318269438
LD,2025,2025-11-19,FALSE,U50,0.8752555593215795
LD,2025,2025-11-20,FALSE,U50,3.966726872067685
LD,2025,2025-11-21,FALSE,U50,1.7380346083725569
LD,2025,2025-11-22,FALSE,U50,1.1415613693772908
LD,2025,2025-11-23,FALSE,U50,0.8947625679289547
LD,2025,2025-11-24,FALSE,U50,1.2470895513912421
LD,2025,2025-11-25,FALSE,U50,2.5269120750812446
LD,2025,2025-11-26,FALSE,U50,3.7781205898654555
LD,2025,2025-11-27,FALSE,U50,2.602323634590066
LD,2025,2025-11-28,FALSE,U50,2.1962522923703998
LD,2025,2025-11-29,FALSE,U50,1.72325573436156
LD,2025,2025-11-30,FALSE,U50,1.8408324801798117
LD,2025,2025-12-01,FALSE,U50,2.3779939554646847
LD,2025,2025-12-02,FALSE,U50,1.8122928124107949
LD,2025,2025-12-03,FALSE,U50,1.1632033043280001
LD,2025,2025-12-04,FALSE,U50,1.6510887449817726
LD,2025,2025-12-05,FALSE,U50,1.1843300983352514
LD,2025,2025-12-06,FALSE,U50,1.5636000106054322
LD,2025,2025-12-07,FALSE,U50,1.9198414709197213
LD,2025,2025-12-08,FALSE,U50,2.8088744951269082
LD,2025,2025-12-09,FALSE,U50,3.115792381186039
LD,2025,2025-12-10,FALSE,U50,1.6421733216957857
LD,2025,2025-12-11,FALSE,U50,1.3320703333024757
LD,2025,2025-12-12,FALSE,U50,2.009263815967786
LD,2025,2025-12-13,FALSE,U50,1.3648638644588555
LD,2025,2025-12-14,FALSE,U50,1.1365565398024493
LD,2025,2025-12-15,FALSE,U50,1.0921369728373067
LD,2025,2025-12-16,FALSE,U50,0.9483158098206252
LD,2025,2025-12-17,FALSE,U50,1.7267078332089612
LD,2025,2025-12-18,FALSE,U50,1.7390323103410148
LD,2025,2025-12-19,FALSE,U50,1.208015961360403
LD,2025,2025-12-20,FALSE,U50,0.879395433529003
LD,2025,2025-12-21,FALSE,U50,1.224917276428344
LD,2025,2025-12-22,FALSE,U50,0.9980884136924911
LD,2025,2025-12-23,FALSE,U50,1.0431992834156012
LD,2025,2025-12-24,FALSE,U50,1.0093647501448402
LD,2025,2025-12-25,FALSE,U50,2.078247819390712
LD,2025,2025-12-26,FALSE,U50,3.6104973907379345
LD,2025,2025-12-27,FALSE,U50,0.9059448081910524
LD,2025,2025-12-28,FALSE,U50,1.934828161928131
LD,2025,2025-12-29,FALSE,U50,2.3386558586971953
LD,2025,2025-12-30,FALSE,U50,1.251194745560057
LD,2025,2025-12-31,FALSE,U50,1.9694611870509113
LD,2025,2026-01-01,FALSE,U50,0.45236783734342106
LD,2025,2025-01-01,FALSE,U95,0.7350649713914401
LD,2025,2025-01-02,FALSE,U95,1.0269311797053364
LD,2025,2025-01-03,FALSE,U95,0.8305270805460274
LD,2025,2025-01-04,FALSE,U95,0.9627548022003596
LD,2025,2025-01-05,FALSE,U95,1.4022186564959163
LD,2025,2025-01-06,FALSE,U95,1.266619467771371
LD,2025,2025-01-07,FALSE,U95,0.9407086008505157
LD,2025,2025-01-08,FALSE,U95,0.5895843672393396
LD,2025,2025-01-09,FALSE,U95,0.9424583150118907
LD,2025,2025-01-10,FALSE,U95,0.4734454850335683
LD,2025,2025-01-11,FALSE,U95,1.1995906181798695
LD,2025,2025-01-12,FALSE,U95,1.5290155733487645
LD,2025,2025-01-13,FALSE,U95,0.9855640920897001
LD,2025,2025-01-14,FALSE,U95,0.8032964330184287
LD,2025,2025-01-15,FALSE,U95,0.9210344788567993
LD,2025,2025-01-16,FALSE,U95,1.21486457999267
LD,2025,2025-01-17,FALSE,U95,1.2219212770950107
LD,2025,2025-01-18,FALSE,U95,1.2010783674363172
LD,2025,2025-01-19,FALSE,U95,0.4169769996365798
LD,2025,2025-01-20,FALSE,U95,0.08413793613143382
LD,2025,2025-01-21,FALSE,U95,-0.001276583104624791
LD,2025,2025-01-22,FALSE,U95,0.12808909258373438
LD,2025,2025-01-23,FALSE,U95,0.8270466878227555
LD,2025,2025-01-24,FALSE,U95,0.8711786967058092
LD,2025,2025-01-25,FALSE,U95,0.996505291408531
LD,2025,2025-01-26,FALSE,U95,1.2829144351376294
LD,2025,2025-01-27,FALSE,U95,1.6241362868512847
LD,2025,2025-01-28,FALSE,U95,1.9110855835186777
LD,2025,2025-01-29,FALSE,U95,1.8353338423931336
LD,2025,2025-01-30,FALSE,U95,1.3388568435921497
LD,2025,2025-01-31,FALSE,U95,1.7427191872180345
LD,2025,2025-02-01,FALSE,U95,0.9605861849100539
LD,2025,2025-02-02,FALSE,U95,0.46938042541289077
LD,2025,2025-02-03,FALSE,U95,1.4901201240373754
LD,2025,2025-02-04,FALSE,U95,1.1553507342716762
LD,2025,2025-02-05,FALSE,U95,0.9786150606240549
LD,2025,2025-02-06,FALSE,U95,1.092708521206103
LD,2025,2025-02-07,FALSE,U95,1.4692302195658735
LD,2025,2025-02-08,FALSE,U95,0.80676061101097
LD,2025,2025-02-09,FALSE,U95,0.7044822447175373
LD,2025,2025-02-10,FALSE,U95,0.7886283294272014
LD,2025,2025-02-11,FALSE,U95,0.5412132115282914
LD,2025,2025-02-12,FALSE,U95,0.6465581869139998
LD,2025,2025-02-13,FALSE,U95,0.3778161739677659
LD,2025,2025-02-14,FALSE,U95,0.7891604300410328
LD,2025,2025-02-15,FALSE,U95,0.4958245278057481
LD,2025,2025-02-16,FALSE,U95,0.6933670588214657
LD,2025,2025-02-17,FALSE,U95,0.6606864281059264
LD,2025,2025-02-18,FALSE,U95,2.04115259324583
LD,2025,2025-02-19,FALSE,U95,0.6154003477695595
LD,2025,2025-02-20,FALSE,U95,0.49307437542178667
LD,2025,2025-02-21,FALSE,U95,0.7273268469321974
LD,2025,2025-02-22,FALSE,U95,1.2039876889966505
LD,2025,2025-02-23,FALSE,U95,1.6293399837472968
LD,2025,2025-02-24,FALSE,U95,1.7001449099103678
LD,2025,2025-02-25,FALSE,U95,1.0070775127628564
LD,2025,2025-02-26,FALSE,U95,2.7881430685380413
LD,2025,2025-02-27,FALSE,U95,1.0077007281308228
LD,2025,2025-02-28,FALSE,U95,1.5287538175377375
LD,2025,2025-03-01,FALSE,U95,0.597808914824574
LD,2025,2025-03-02,FALSE,U95,0.2225031356798918
LD,2025,2025-03-03,FALSE,U95,0.22098050025223906
LD,2025,2025-03-04,FALSE,U95,1.1463036740820498
LD,2025,2025-03-05,FALSE,U95,2.65583370779862
LD,2025,2025-03-06,FALSE,U95,1.813235368987562
LD,2025,2025-03-07,FALSE,U95,1.2777206698829409
LD,2025,2025-03-08,FALSE,U95,0.9199226735976801
LD,2025,2025-03-09,FALSE,U95,1.329575617188808
LD,2025,2025-03-10,FALSE,U95,1.412995636435918
LD,2025,2025-03-11,FALSE,U95,1.1713967428637642
LD,2025,2025-03-12,FALSE,U95,0.7854452157310545
LD,2025,2025-03-13,FALSE,U95,0.3122991881728444
LD,2025,2025-03-14,FALSE,U95,0.9815648759231645
LD,2025,2025-03-15,FALSE,U95,2.4361487094802925
LD,2025,2025-03-16,FALSE,U95,3.065388066158817
LD,2025,2025-03-17,FALSE,U95,0.8792914304593175
LD,2025,2025-03-18,FALSE,U95,0.9339005422723194
LD,2025,2025-03-19,FALSE,U95,1.884217445594572
LD,2025,2025-03-20,FALSE,U95,1.368655693092103
LD,2025,2025-03-21,FALSE,U95,0.9953316710511432
LD,2025,2025-03-22,FALSE,U95,0.03251754863801436
LD,2025,2025-03-23,FALSE,U95,-0.3899724209909998
LD,2025,2025-03-24,FALSE,U95,0.5083991960058447
LD,2025,2025-03-25,FALSE,U95,1.6266683266197548
LD,2025,2025-03-26,FALSE,U95,1.6606678701830029
LD,2025,2025-03-27,FALSE,U95,1.7919452367149942
LD,2025,2025-03-28,FALSE,U95,4.743630439796952
LD,2025,2025-03-29,FALSE,U95,4.7006283626280005
LD,2025,2025-03-30,FALSE,U95,5.109333286101551
LD,2025,2025-03-31,FALSE,U95,0.42347196968945455
LD,2025,2025-04-01,FALSE,U95,-0.5502693609901727
LD,2025,2025-04-02,FALSE,U95,0.32270971414861965
LD,2025,2025-04-03,FALSE,U95,1.8130966396765709
LD,2025,2025-04-04,FALSE,U95,-0.3363525879792402
LD,2025,2025-04-05,FALSE,U95,0.030693699279013918
LD,2025,2025-04-06,FALSE,U95,-0.9260158318350394
LD,2025,2025-04-07,FALSE,U95,-0.05430446705890204
LD,2025,2025-04-08,FALSE,U95,-0.453597476844748
LD,2025,2025-04-09,FALSE,U95,-1.1094599726443417
LD,2025,2025-04-10,FALSE,U95,-0.12621595395920904
LD,2025,2025-04-11,FALSE,U95,-1.6644730732720434
LD,2025,2025-04-12,FALSE,U95,-1.3649904834663147
LD,2025,2025-04-13,FALSE,U95,0.2352674083620638
LD,2025,2025-04-14,FALSE,U95,-2.750895120783247
LD,2025,2025-04-15,TRUE,U95,-0.038099497551428
LD,2025,2025-04-16,TRUE,U95,-0.9873158351120951
LD,2025,2025-04-17,TRUE,U95,-0.7051132523794525
LD,2025,2025-04-18,TRUE,U95,1.6249253009289393
LD,2025,2025-04-19,TRUE,U95,-1.3246551891343619
LD,2025,2025-04-20,TRUE,U95,-2.41758063590392
LD,2025,2025-04-21,TRUE,U95,-0.01890185828641163
LD,2025,2025-04-22,TRUE,U95,-1.2567577633836613
LD,2025,2025-04-23,TRUE,U95,-1.6473129879103263
LD,2025,2025-04-24,TRUE,U95,-1.8846240850698242
LD,2025,2025-04-25,TRUE,U95,-3.0521574445233917
LD,2025,2025-04-26,TRUE,U95,-3.8115837332653046
LD,2025,2025-04-27,TRUE,U95,-3.313291516623442
LD,2025,2025-04-28,TRUE,U95,-2.7106554332588773
LD,2025,2025-04-29,TRUE,U95,-2.9145117792888007
LD,2025,2025-04-30,TRUE,U95,-3.1907672842983907
LD,2025,2025-05-01,TRUE,U95,6.050542805076134
LD,2025,2025-05-02,TRUE,U95,-3.770193047163079
LD,2025,2025-05-03,TRUE,U95,-3.2715474999578382
LD,2025,2025-05-04,TRUE,U95,-2.8559137368346295
LD,2025,2025-05-05,TRUE,U95,-1.2507596003159998
LD,2025,2025-05-06,TRUE,U95,0.11017115518624962
LD,2025,2025-05-07,TRUE,U95,-5.052287579698818
LD,2025,2025-05-08,TRUE,U95,-4.146771642840862
LD,2025,2025-05-09,TRUE,U95,-4.495372294286767
LD,2025,2025-05-10,TRUE,U95,-6.125491744723485
LD,2025,2025-05-11,TRUE,U95,-4.307712694540104
LD,2025,2025-05-12,TRUE,U95,-2.1888693512765856
LD,2025,2025-05-13,TRUE,U95,-0.5008931949819798
LD,2025,2025-05-14,TRUE,U95,-1.7292542289137383
LD,2025,2025-05-15,TRUE,U95,-0.9556142085244979
LD,2025,2025-05-16,TRUE,U95,-3.028689828955731
LD,2025,2025-05-17,TRUE,U95,1.4743960119218564
LD,2025,2025-05-18,TRUE,U95,-6.110126143728581
LD,2025,2025-05-19,TRUE,U95,-4.161559176017761
LD,2025,2025-05-20,TRUE,U95,6.154898731903872
LD,2025,2025-05-21,TRUE,U95,7.954869008120879
LD,2025,2025-05-22,TRUE,U95,-6.396999408967574
LD,2025,2025-05-23,TRUE,U95,-5.728046210061127
LD,2025,2025-05-24,TRUE,U95,-4.115832376054986
LD,2025,2025-05-25,TRUE,U95,-6.144715068758939
LD,2025,2025-05-26,TRUE,U95,-3.0674166409644936
LD,2025,2025-05-27,TRUE,U95,-2.1056492047877136
LD,2025,2025-05-28,TRUE,U95,2.219062277828068
LD,2025,2025-05-29,TRUE,U95,-4.273122012178085
LD,2025,2025-05-30,TRUE,U95,-1.046088551325106
LD,2025,2025-05-31,TRUE,U95,-5.411159123643992
LD,2025,2025-06-01,TRUE,U95,-6.9979628452613145
LD,2025,2025-06-02,TRUE,U95,-3.6989255058567436
LD,2025,2025-06-03,TRUE,U95,-4.586851109661429
LD,2025,2025-06-04,TRUE,U95,-1.047605472583062
LD,2025,2025-06-05,TRUE,U95,-5.942894754270154
LD,2025,2025-06-06,TRUE,U95,-4.699659037019843
LD,2025,2025-06-07,TRUE,U95,-6.174647768443162
LD,2025,2025-06-08,TRUE,U95,-5.364817124626285
LD,2025,2025-06-09,TRUE,U95,-6.4211428772689665
LD,2025,2025-06-10,TRUE,U95,-5.8356556595999995
LD,2025,2025-06-11,TRUE,U95,-6.644770556611003
LD,2025,2025-06-12,TRUE,U95,-2.5149220868686264
LD,2025,2025-06-13,TRUE,U95,-3.978857374686674
LD,2025,2025-06-14,TRUE,U95,-7.9987055548681925
LD,2025,2025-06-15,TRUE,U95,-4.776415501289008
LD,2025,2025-06-16,TRUE,U95,-3.2705946013121996
LD,2025,2025-06-17,TRUE,U95,-3.3346414452445714
LD,2025,2025-06-18,TRUE,U95,3.730460341245939
LD,2025,2025-06-19,TRUE,U95,1.2494360927908197
LD,2025,2025-06-20,TRUE,U95,-1.7016777379820995
LD,2025,2025-06-21,TRUE,U95,-1.6313789792814906
LD,2025,2025-06-22,TRUE,U95,-2.608827696216001
LD,2025,2025-06-23,TRUE,U95,-2.7574851593422767
LD,2025,2025-06-24,TRUE,U95,-3.0095422608427262
LD,2025,2025-06-25,TRUE,U95,1.2225116280846842
LD,2025,2025-06-26,TRUE,U95,-3.8162422026362606
LD,2025,2025-06-27,TRUE,U95,-3.3952566100949064
LD,2025,2025-06-28,TRUE,U95,-2.5981981321880645
LD,2025,2025-06-29,TRUE,U95,-4.06879883115377
LD,2025,2025-06-30,TRUE,U95,-3.8314392756017144
LD,2025,2025-07-01,TRUE,U95,-5.127703032251736
LD,2025,2025-07-02,TRUE,U95,-4.861154538336643
LD,2025,2025-07-03,TRUE,U95,-3.896933138006819
LD,2025,2025-07-04,TRUE,U95,-5.3900605262951675
LD,2025,2025-07-05,TRUE,U95,-6.0155687728898775
LD,2025,2025-07-06,TRUE,U95,-5.182014271745376
LD,2025,2025-07-07,TRUE,U95,-4.27406988455592
LD,2025,2025-07-08,TRUE,U95,-6.752526775754966
LD,2025,2025-07-09,TRUE,U95,-4.926736586578056
LD,2025,2025-07-10,TRUE,U95,-5.98410400984172
LD,2025,2025-07-11,TRUE,U95,-1.2321660259845402
LD,2025,2025-07-12,TRUE,U95,-5.316372645413502
LD,2025,2025-07-13,TRUE,U95,-6.108159538874572
LD,2025,2025-07-14,TRUE,U95,-4.364892781983934
LD,2025,2025-07-15,TRUE,U95,-2.996254768903454
LD,2025,2025-07-16,TRUE,U95,-4.505427416674284
LD,2025,2025-07-17,TRUE,U95,-2.326047475830387
LD,2025,2025-07-18,TRUE,U95,-2.5439915798327992
LD,2025,2025-07-19,TRUE,U95,-1.2037103949357053
LD,2025,2025-07-20,TRUE,U95,-3.8184713189538573
LD,2025,2025-07-21,TRUE,U95,-3.313015761978389
LD,2025,2025-07-22,TRUE,U95,-4.069126767908573
LD,2025,2025-07-23,TRUE,U95,-3.699640029162857
LD,2025,2025-07-24,TRUE,U95,-3.668826014640001
LD,2025,2025-07-25,TRUE,U95,-3.0853009139063676
LD,2025,2025-07-26,TRUE,U95,-1.9704548193602351
LD,2025,2025-07-27,TRUE,U95,-3.5181909872847155
LD,2025,2025-07-28,TRUE,U95,-4.546276748348572
LD,2025,2025-07-29,TRUE,U95,-5.2574910582029855
LD,2025,2025-07-30,TRUE,U95,-2.892291464687142
LD,2025,2025-07-31,TRUE,U95,-3.4338635534182465
LD,2025,2025-08-01,TRUE,U95,-3.37230640487141
LD,2025,2025-08-02,TRUE,U95,-3.566352455777415
LD,2025,2025-08-03,TRUE,U95,-4.295882291510115
LD,2025,2025-08-04,TRUE,U95,-4.809861676659336
LD,2025,2025-08-05,TRUE,U95,-4.159475696271529
LD,2025,2025-08-06,TRUE,U95,-2.9967059687520003
LD,2025,2025-08-07,TRUE,U95,-3.2428659945756433
LD,2025,2025-08-08,TRUE,U95,-4.207287086316001
LD,2025,2025-08-09,TRUE,U95,-5.591621049228
LD,2025,2025-08-10,TRUE,U95,-5.753811116951999
LD,2025,2025-08-11,TRUE,U95,-5.933138103884571
LD,2025,2025-08-12,TRUE,U95,3.458107177402581
LD,2025,2025-08-13,TRUE,U95,0.2040894840631409
LD,2025,2025-08-14,TRUE,U95,-2.0334861107823854
LD,2025,2025-08-15,TRUE,U95,-3.6656172375222855
LD,2025,2025-08-16,TRUE,U95,-2.041991792573393
LD,2025,2025-08-17,TRUE,U95,-0.7698675285208331
LD,2025,2025-08-18,TRUE,U95,-0.04616895686474027
LD,2025,2025-08-19,TRUE,U95,4.205042443968236
LD,2025,2025-08-20,TRUE,U95,-0.2528408326164239
LD,2025,2025-08-21,TRUE,U95,-1.619382111532153
LD,2025,2025-08-22,TRUE,U95,-3.9327513084198635
LD,2025,2025-08-23,TRUE,U95,-2.046335161362009
LD,2025,2025-08-24,TRUE,U95,-2.268056896513944
LD,2025,2025-08-25,TRUE,U95,-3.4180027906343056
LD,2025,2025-08-26,TRUE,U95,-4.341724773428907
LD,2025,2025-08-27,TRUE,U95,-5.686643911480349
LD,2025,2025-08-28,TRUE,U95,-3.306623716382932
LD,2025,2025-08-29,TRUE,U95,-3.8917372971270447
LD,2025,2025-08-30,TRUE,U95,-4.12655375108072
LD,2025,2025-08-31,TRUE,U95,-4.564109812896482
LD,2025,2025-09-01,TRUE,U95,-4.81461907799404
LD,2025,2025-09-02,TRUE,U95,-5.541483821552165
LD,2025,2025-09-03,TRUE,U95,0.15468555375229723
LD,2025,2025-09-04,TRUE,U95,-3.7441410647785647
LD,2025,2025-09-05,TRUE,U95,-3.1311051123797795
LD,2025,2025-09-06,TRUE,U95,-2.58376902766842
LD,2025,2025-09-07,TRUE,U95,-4.022476973195058
LD,2025,2025-09-08,TRUE,U95,-4.651466256938078
LD,2025,2025-09-09,TRUE,U95,-4.902399409148487
LD,2025,2025-09-10,TRUE,U95,-4.064589682908283
LD,2025,2025-09-11,TRUE,U95,-3.00386705834338
LD,2025,2025-09-12,TRUE,U95,-2.9597826506333007
LD,2025,2025-09-13,TRUE,U95,-1.878957471164079
LD,2025,2025-09-14,TRUE,U95,-2.478151759574731
LD,2025,2025-09-15,TRUE,U95,-0.2379121276301946
LD,2025,2025-09-16,TRUE,U95,-1.1228221957756654
LD,2025,2025-09-17,TRUE,U95,-1.2550513068548934
LD,2025,2025-09-18,TRUE,U95,-1.7552889010990884
LD,2025,2025-09-19,TRUE,U95,-1.2574396905495364
LD,2025,2025-09-20,TRUE,U95,-0.3867244884495417
LD,2025,2025-09-21,TRUE,U95,1.6733556113759993
LD,2025,2025-09-22,TRUE,U95,1.0221120771381795
LD,2025,2025-09-23,TRUE,U95,0.5910525085389453
LD,2025,2025-09-24,TRUE,U95,1.972262009098009
LD,2025,2025-09-25,TRUE,U95,1.188288015405254
LD,2025,2025-09-26,TRUE,U95,-0.29441903445229023
LD,2025,2025-09-27,TRUE,U95,-0.09047851516909677
LD,2025,2025-09-28,TRUE,U95,-2.7369349889421044
LD,2025,2025-09-29,TRUE,U95,-3.959584078719717
LD,2025,2025-09-30,TRUE,U95,-3.0980853267061343
LD,2025,2025-10-01,TRUE,U95,-2.5217091247022276
LD,2025,2025-10-02,TRUE,U95,-3.860204769241714
LD,2025,2025-10-03,TRUE,U95,-3.226919512446389
LD,2025,2025-10-04,TRUE,U95,-3.022234601973383
LD,2025,2025-10-05,TRUE,U95,-3.264189268185164
LD,2025,2025-10-06,TRUE,U95,-2.476349197338764
LD,2025,2025-10-07,TRUE,U95,-2.991365525151942
LD,2025,2025-10-08,TRUE,U95,-1.4889896480570062
LD,2025,2025-10-09,TRUE,U95,-1.0453540765980125
LD,2025,2025-10-10,TRUE,U95,1.4456733128103552
LD,2025,2025-10-11,TRUE,U95,-0.03262828622268388
LD,2025,2025-10-12,TRUE,U95,-1.2929688375945863
LD,2025,2025-10-13,TRUE,U95,-2.0485427271792607
LD,2025,2025-10-14,TRUE,U95,-1.3948974722474725
LD,2025,2025-10-15,TRUE,U95,0.455733251240733
LD,2025,2025-10-16,TRUE,U95,0.2637241216793547
LD,2025,2025-10-17,TRUE,U95,1.3493211811624974
LD,2025,2025-10-18,TRUE,U95,1.4075639620818619
LD,2025,2025-10-19,TRUE,U95,1.8641998941323894
LD,2025,2025-10-20,TRUE,U95,1.0704516096496153
LD,2025,2025-10-21,TRUE,U95,1.9341402951367652
LD,2025,2025-10-22,TRUE,U95,3.1017471428931427
LD,2025,2025-10-23,TRUE,U95,3.5664604146268966
LD,2025,2025-10-24,TRUE,U95,0.9681465530359898
LD,2025,2025-10-25,TRUE,U95,1.161058692287506
LD,2025,2025-10-26,TRUE,U95,-0.5780361295037312
LD,2025,2025-10-27,TRUE,U95,0.2043851054652375
LD,2025,2025-10-28,TRUE,U95,0.47132311571029323
LD,2025,2025-10-29,TRUE,U95,1.5593995333119872
LD,2025,2025-10-30,TRUE,U95,-0.7270842405062085
LD,2025,2025-10-31,TRUE,U95,0.583278893846057
LD,2025,2025-11-01,FALSE,U95,2.186848097102007
LD,2025,2025-11-02,FALSE,U95,0.6882694575632949
LD,2025,2025-11-03,FALSE,U95,1.203681869049025
LD,2025,2025-11-04,FALSE,U95,1.4408193914907428
LD,2025,2025-11-05,FALSE,U95,1.110921957102269
LD,2025,2025-11-06,FALSE,U95,-0.4822073506363135
LD,2025,2025-11-07,FALSE,U95,1.833826252293111
LD,2025,2025-11-08,FALSE,U95,1.2926844355387506
LD,2025,2025-11-09,FALSE,U95,0.7201498745214995
LD,2025,2025-11-10,FALSE,U95,1.0338694990858954
LD,2025,2025-11-11,FALSE,U95,0.9982801977379145
LD,2025,2025-11-12,FALSE,U95,0.9690152271424765
LD,2025,2025-11-13,FALSE,U95,0.7670293271487473
LD,2025,2025-11-14,FALSE,U95,0.6657542938116564
LD,2025,2025-11-15,FALSE,U95,2.351027250993971
LD,2025,2025-11-16,FALSE,U95,1.1386644017728818
LD,2025,2025-11-17,FALSE,U95,0.2568509084405247
LD,2025,2025-11-18,FALSE,U95,1.419896310046583
LD,2025,2025-11-19,FALSE,U95,1.081075685751544
LD,2025,2025-11-20,FALSE,U95,4.081237075166386
LD,2025,2025-11-21,FALSE,U95,1.7130830959933752
LD,2025,2025-11-22,FALSE,U95,0.9162956537835569
LD,2025,2025-11-23,FALSE,U95,0.6621025012297551
LD,2025,2025-11-24,FALSE,U95,1.1991838251592462
LD,2025,2025-11-25,FALSE,U95,1.891014065186136
LD,2025,2025-11-26,FALSE,U95,3.738556424800202
LD,2025,2025-11-27,FALSE,U95,2.602323634590066
LD,2025,2025-11-28,FALSE,U95,2.1932727369066742
LD,2025,2025-11-29,FALSE,U95,1.8342297538119223
LD,2025,2025-11-30,FALSE,U95,1.9754837010738777
LD,2025,2025-12-01,FALSE,U95,2.441797861196874
LD,2025,2025-12-02,FALSE,U95,1.812175168536524
LD,2025,2025-12-03,FALSE,U95,1.6346659756400885
LD,2025,2025-12-04,FALSE,U95,1.6700853150647381
LD,2025,2025-12-05,FALSE,U95,1.2401492373234466
LD,2025,2025-12-06,FALSE,U95,1.62560627104771
LD,2025,2025-12-07,FALSE,U95,2.004382059542642
LD,2025,2025-12-08,FALSE,U95,2.8716591716262094
LD,2025,2025-12-09,FALSE,U95,3.155123928147475
LD,2025,2025-12-10,FALSE,U95,1.733651651237649
LD,2025,2025-12-11,FALSE,U95,1.5816761052123531
LD,2025,2025-12-12,FALSE,U95,2.054012780275103
LD,2025,2025-12-13,FALSE,U95,1.442276916266404
LD,2025,2025-12-14,FALSE,U95,1.1044128953697665
LD,2025,2025-12-15,FALSE,U95,1.0939006928806232
LD,2025,2025-12-16,FALSE,U95,1.1035826837978553
LD,2025,2025-12-17,FALSE,U95,1.7297582360508428
LD,2025,2025-12-18,FALSE,U95,1.617511452847216
LD,2025,2025-12-19,FALSE,U95,1.1201374945143234
LD,2025,2025-12-20,FALSE,U95,0.9157018216733149
LD,2025,2025-12-21,FALSE,U95,1.246160862401493
LD,2025,2025-12-22,FALSE,U95,0.9836595053077253
LD,2025,2025-12-23,FALSE,U95,1.232578974484242
LD,2025,2025-12-24,FALSE,U95,0.9250256867966177
LD,2025,2025-12-25,FALSE,U95,2.0198789494682847
LD,2025,2025-12-26,FALSE,U95,3.5730780646486906
LD,2025,2025-12-27,FALSE,U95,0.9475823265555591
LD,2025,2025-12-28,FALSE,U95,2.120637528076464
LD,2025,2025-12-29,FALSE,U95,2.4083591138492495
LD,2025,2025-12-30,FALSE,U95,1.4040634806638566
LD,2025,2025-12-31,FALSE,U95,2.969882112671455
LD,2025,2026-01-01,FALSE,U95,0.37017297982200004
MD,2025,2025-01-01,FALSE,U05,1.1973819557880003
MD,2025,2025-01-02,FALSE,U05,0.8500425548399095
MD,2025,2025-01-03,FALSE,U05,0.680391738519916
MD,2025,2025-01-04,FALSE,U05,0.9117053376336
MD,2025,2025-01-05,FALSE,U05,0.8993143520282757
MD,2025,2025-01-06,FALSE,U05,0.5699885673816
MD,2025,2025-01-07,FALSE,U05,0.7355621757240632
MD,2025,2025-01-08,FALSE,U05,0.661258658741711
MD,2025,2025-01-09,FALSE,U05,0.5062712482131326
MD,2025,2025-01-10,FALSE,U05,0.4077852927839999
MD,2025,2025-01-11,FALSE,U05,0.6439818464641344
MD,2025,2025-01-12,FALSE,U05,0.286358889935415
MD,2025,2025-01-13,FALSE,U05,0.780527542275692
MD,2025,2025-01-14,FALSE,U05,0.8076196700639998
MD,2025,2025-01-15,FALSE,U05,0.8354203561440001
MD,2025,2025-01-16,FALSE,U05,0.8959166870399998
MD,2025,2025-01-17,FALSE,U05,0.8856295332189011
MD,2025,2025-01-18,FALSE,U05,1.2977985367440004
MD,2025,2025-01-19,FALSE,U05,0.5720525487079533
MD,2025,2025-01-20,FALSE,U05,0.97114536916371
MD,2025,2025-01-21,FALSE,U05,0.8977073413915778
MD,2025,2025-01-22,FALSE,U05,-0.1446234680344342
MD,2025,2025-01-23,FALSE,U05,0.4747896128230101
MD,2025,2025-01-24,FALSE,U05,0.43062600693100295
MD,2025,2025-01-25,FALSE,U05,0.3398485388400001
MD,2025,2025-01-26,FALSE,U05,0.6380590987439999
MD,2025,2025-01-27,FALSE,U05,1.3401863070623996
MD,2025,2025-01-28,FALSE,U05,1.4249128341747832
MD,2025,2025-01-29,FALSE,U05,1.4643051672472003
MD,2025,2025-01-30,FALSE,U05,0.6961223834169152
MD,2025,2025-01-31,FALSE,U05,0.8844294028763969
MD,2025,2025-02-01,FALSE,U05,0.8193083929002839
MD,2025,2025-02-02,FALSE,U05,1.155746322201659
MD,2025,2025-02-03,FALSE,U05,0.3187501537774098
MD,2025,2025-02-04,FALSE,U05,0.825570080986958
MD,2025,2025-02-05,FALSE,U05,0.48300742456857554
MD,2025,2025-02-06,FALSE,U05,-0.5534770907839077
MD,2025,2025-02-07,FALSE,U05,0.93503254608
MD,2025,2025-02-08,FALSE,U05,0.541706441314256
MD,2025,2025-02-09,FALSE,U05,0.20217401767698426
MD,2025,2025-02-10,FALSE,U05,0.28717718125867003
MD,2025,2025-02-11,FALSE,U05,0.1584917926098712
MD,2025,2025-02-12,FALSE,U05,0.5991883963261826
MD,2025,2025-02-13,FALSE,U05,0.3342221078347603
MD,2025,2025-02-14,FALSE,U05,0.5188456445334682
MD,2025,2025-02-15,FALSE,U05,0.5079835843128001
MD,2025,2025-02-16,FALSE,U05,0.5245535398326222
MD,2025,2025-02-17,FALSE,U05,0.42481183881600004
MD,2025,2025-02-18,FALSE,U05,3.339594859301054
MD,2025,2025-02-19,FALSE,U05,0.21963106193943766
MD,2025,2025-02-20,FALSE,U05,0.6354739907832494
MD,2025,2025-02-21,FALSE,U05,0.7234679648735999
MD,2025,2025-02-22,FALSE,U05,0.9856398705996593
MD,2025,2025-02-23,FALSE,U05,0.9003885868026221
MD,2025,2025-02-24,FALSE,U05,1.6416917256938193
MD,2025,2025-02-25,FALSE,U05,1.454212113153494
MD,2025,2025-02-26,FALSE,U05,1.212228956665768
MD,2025,2025-02-27,FALSE,U05,1.9056936027386941
MD,2025,2025-02-28,FALSE,U05,0.8461065918818378
MD,2025,2025-03-01,FALSE,U05,1.002527935128
MD,2025,2025-03-02,FALSE,U05,-0.39023081880523336
MD,2025,2025-03-03,FALSE,U05,0.6051703404225772
MD,2025,2025-03-04,FALSE,U05,3.1575933874494733
MD,2025,2025-03-05,FALSE,U05,1.266253534762258
MD,2025,2025-03-06,FALSE,U05,0.14124350855645065
MD,2025,2025-03-07,FALSE,U05,0.17525411916857142
MD,2025,2025-03-08,FALSE,U05,-0.4675229896392002
MD,2025,2025-03-09,FALSE,U05,0.009626443488000277
MD,2025,2025-03-10,FALSE,U05,0.36952141285052253
MD,2025,2025-03-11,FALSE,U05,0.4208561615016
MD,2025,2025-03-12,FALSE,U05,-0.46519756620651587
MD,2025,2025-03-13,FALSE,U05,-0.4653001981152001
MD,2025,2025-03-14,FALSE,U05,-0.42763240452240014
MD,2025,2025-03-15,FALSE,U05,-0.017405308155071714
MD,2025,2025-03-16,FALSE,U05,0.09911589012204211
MD,2025,2025-03-17,FALSE,U05,0.13812502929069775
MD,2025,2025-03-18,FALSE,U05,-0.014846820241371739
MD,2025,2025-03-19,FALSE,U05,-0.2990395501973472
MD,2025,2025-03-20,FALSE,U05,0.07980142191281361
MD,2025,2025-03-21,FALSE,U05,0.010130111749997506
MD,2025,2025-03-22,FALSE,U05,-0.017405308155071714
MD,2025,2025-03-23,FALSE,U05,0.09911589012204211
MD,2025,2025-03-24,FALSE,U05,0.13812502929069775
MD,2025,2025-03-25,FALSE,U05,-0.014846820241371739
MD,2025,2025-03-26,FALSE,U05,-0.3437367798843195
MD,2025,2025-03-27,FALSE,U05,-0.28252168885909723
MD,2025,2025-03-28,FALSE,U05,-0.18120799113589486
MD,2025,2025-03-29,FALSE,U05,-0.840649705638977
MD,2025,2025-03-30,FALSE,U05,-0.3977762118192814
MD,2025,2025-03-31,FALSE,U05,-1.8182551630862227
MD,2025,2025-04-01,FALSE,U05,-0.5901815437081027
MD,2025,2025-04-02,FALSE,U05,-0.6575926181284154
MD,2025,2025-04-03,FALSE,U05,-0.6852207527450749
MD,2025,2025-04-04,FALSE,U05,-0.3699676398857362
MD,2025,2025-04-05,FALSE,U05,-0.771125272839428
MD,2025,2025-04-06,FALSE,U05,-0.41802948685045976
MD,2025,2025-04-07,FALSE,U05,-1.8182551630862227
MD,2025,2025-04-08,FALSE,U05,-0.5901815437081027
MD,2025,2025-04-09,FALSE,U05,-0.6575926181284154
MD,2025,2025-04-10,FALSE,U05,-0.9189030561197278
MD,2025,2025-04-11,FALSE,U05,-1.0544274961838276
MD,2025,2025-04-12,FALSE,U05,-1.3527756270095226
MD,2025,2025-04-13,FALSE,U05,0.5477285606227071
MD,2025,2025-04-14,FALSE,U05,-2.586980142063123
MD,2025,2025-04-15,TRUE,U05,1.2639801982319996
MD,2025,2025-04-16,TRUE,U05,-1.3440293042832
MD,2025,2025-04-17,TRUE,U05,-0.9553783032374885
MD,2025,2025-04-18,TRUE,U05,1.7587908919112731
MD,2025,2025-04-19,TRUE,U05,-0.19262232713868274
MD,2025,2025-04-20,TRUE,U05,-1.501883133028349
MD,2025,2025-04-21,TRUE,U05,-1.2995625582503998
MD,2025,2025-04-22,TRUE,U05,-1.7539695398831314
MD,2025,2025-04-23,TRUE,U05,-1.7325129324202075
MD,2025,2025-04-24,TRUE,U05,-1.5454512930240005
MD,2025,2025-04-25,TRUE,U05,-1.574876587896
MD,2025,2025-04-26,TRUE,U05,-1.7807576673599999
MD,2025,2025-04-27,TRUE,U05,-2.6375280788574345
MD,2025,2025-04-28,TRUE,U05,-2.519347624318475
MD,2025,2025-04-29,TRUE,U05,-2.7139969360368004
MD,2025,2025-04-30,TRUE,U05,-2.6933939130194657
MD,2025,2025-05-01,TRUE,U05,-0.7176505970089279
MD,2025,2025-05-02,TRUE,U05,-2.2839158507040014
MD,2025,2025-05-03,TRUE,U05,-2.376563341604582
MD,2025,2025-05-04,TRUE,U05,-2.9789762085396454
MD,2025,2025-05-05,TRUE,U05,-4.027269527499783
MD,2025,2025-05-06,TRUE,U05,-1.0315562780670442
MD,2025,2025-05-07,TRUE,U05,-4.727128020198014
MD,2025,2025-05-08,TRUE,U05,-3.410376585839999
MD,2025,2025-05-09,TRUE,U05,-1.0783712463792001
MD,2025,2025-05-10,TRUE,U05,-3.6724085124576247
MD,2025,2025-05-11,TRUE,U05,-3.795713658993801
MD,2025,2025-05-12,TRUE,U05,-2.3082249112231135
MD,2025,2025-05-13,TRUE,U05,-0.6822211664178494
MD,2025,2025-05-14,TRUE,U05,-1.6714281797006365
MD,2025,2025-05-15,TRUE,U05,-1.3487576265168646
MD,2025,2025-05-16,TRUE,U05,-1.5057951707475032
MD,2025,2025-05-17,TRUE,U05,2.6553782508032575
MD,2025,2025-05-18,TRUE,U05,-6.1324840692
MD,2025,2025-05-19,TRUE,U05,-5.84951281148886
MD,2025,2025-05-20,TRUE,U05,-0.5002555649760003
MD,2025,2025-05-21,TRUE,U05,2.9336807431556995
MD,2025,2025-05-22,TRUE,U05,-5.348199235967999
MD,2025,2025-05-23,TRUE,U05,-4.912875685200765
MD,2025,2025-05-24,TRUE,U05,-4.075006176197441
MD,2025,2025-05-25,TRUE,U05,-2.09569558582873
MD,2025,2025-05-26,TRUE,U05,-2.1096627911518473
MD,2025,2025-05-27,TRUE,U05,-4.402591552223962
MD,2025,2025-05-28,TRUE,U05,0.28248951959999974
MD,2025,2025-05-29,TRUE,U05,-3.4818088952251536
MD,2025,2025-05-30,TRUE,U05,-2.112622543406779
MD,2025,2025-05-31,TRUE,U05,-6.205315323960002
MD,2025,2025-06-01,TRUE,U05,-4.776287511762233
MD,2025,2025-06-02,TRUE,U05,-4.912085715844742
MD,2025,2025-06-03,TRUE,U05,-2.612587039955866
MD,2025,2025-06-04,TRUE,U05,-2.3147189970479993
MD,2025,2025-06-05,TRUE,U05,-3.2381069769474218
MD,2025,2025-06-06,TRUE,U05,-4.551152394303172
MD,2025,2025-06-07,TRUE,U05,-5.838895638851412
MD,2025,2025-06-08,TRUE,U05,-4.440112317136448
MD,2025,2025-06-09,TRUE,U05,-6.176619661904007
MD,2025,2025-06-10,TRUE,U05,-4.818523530493439
MD,2025,2025-06-11,TRUE,U05,-6.577675541297318
MD,2025,2025-06-12,TRUE,U05,-4.1359822205998285
MD,2025,2025-06-13,TRUE,U05,-8.333020534688595
MD,2025,2025-06-14,TRUE,U05,-8.028357290639999
MD,2025,2025-06-15,TRUE,U05,-7.631507480392588
MD,2025,2025-06-16,TRUE,U05,-6.177595159387218
MD,2025,2025-06-17,TRUE,U05,-5.709947334232555
MD,2025,2025-06-18,TRUE,U05,0.2877113333479042
MD,2025,2025-06-19,TRUE,U05,2.700414253045284
MD,2025,2025-06-20,TRUE,U05,-3.0571497396656815
MD,2025,2025-06-21,TRUE,U05,-3.523009736146408
MD,2025,2025-06-22,TRUE,U05,-4.293034890696
MD,2025,2025-06-23,TRUE,U05,-4.786537052805896
MD,2025,2025-06-24,TRUE,U05,-5.6535413542701685
MD,2025,2025-06-25,TRUE,U05,-3.8141414138683767
MD,2025,2025-06-26,TRUE,U05,-6.3691281224073135
MD,2025,2025-06-27,TRUE,U05,-4.051102223376001
MD,2025,2025-06-28,TRUE,U05,-4.296373995137716
MD,2025,2025-06-29,TRUE,U05,-4.633918109283129
MD,2025,2025-06-30,TRUE,U05,-5.526659997444344
MD,2025,2025-07-01,TRUE,U05,-4.007505093410931
MD,2025,2025-07-02,TRUE,U05,-5.3486367473001595
MD,2025,2025-07-03,TRUE,U05,-5.200141283250947
MD,2025,2025-07-04,TRUE,U05,-7.919903823292713
MD,2025,2025-07-05,TRUE,U05,-6.327063414696735
MD,2025,2025-07-06,TRUE,U05,-5.762348788362899
MD,2025,2025-07-07,TRUE,U05,-5.714828638272
MD,2025,2025-07-08,TRUE,U05,-6.620954289210443
MD,2025,2025-07-09,TRUE,U05,-5.196746141485827
MD,2025,2025-07-10,TRUE,U05,-6.336866367955763
MD,2025,2025-07-11,TRUE,U05,-3.24602657503728
MD,2025,2025-07-12,TRUE,U05,-6.712357374213389
MD,2025,2025-07-13,TRUE,U05,-7.779090984017015
MD,2025,2025-07-14,TRUE,U05,-6.19631725447637
MD,2025,2025-07-15,TRUE,U05,-5.492799555923075
MD,2025,2025-07-16,TRUE,U05,-6.451332579112445
MD,2025,2025-07-17,TRUE,U05,-5.661465448273549
MD,2025,2025-07-18,TRUE,U05,-6.008559000147788
MD,2025,2025-07-19,TRUE,U05,-0.5342336431930204
MD,2025,2025-07-20,TRUE,U05,-2.768524962327673
MD,2025,2025-07-21,TRUE,U05,-5.136064125241474
MD,2025,2025-07-22,TRUE,U05,-5.615721804960001
MD,2025,2025-07-23,TRUE,U05,-4.544009968854576
MD,2025,2025-07-24,TRUE,U05,-4.81638431664
MD,2025,2025-07-25,TRUE,U05,-5.097784778462479
MD,2025,2025-07-26,TRUE,U05,-1.6279945243750595
MD,2025,2025-07-27,TRUE,U05,-3.4962774765238334
MD,2025,2025-07-28,TRUE,U05,-3.411985868781693
MD,2025,2025-07-29,TRUE,U05,-5.270717882176308
MD,2025,2025-07-30,TRUE,U05,-1.797433204567116
MD,2025,2025-07-31,TRUE,U05,-3.9630156686613973
MD,2025,2025-08-01,TRUE,U05,-4.345698287763256
MD,2025,2025-08-02,TRUE,U05,-5.346609817510973
MD,2025,2025-08-03,TRUE,U05,-6.315750997811571
MD,2025,2025-08-04,TRUE,U05,-7.471396681571442
MD,2025,2025-08-05,TRUE,U05,-6.786808159768869
MD,2025,2025-08-06,TRUE,U05,-6.118959061506143
MD,2025,2025-08-07,TRUE,U05,-4.614305437437475
MD,2025,2025-08-08,TRUE,U05,-3.586067502437025
MD,2025,2025-08-09,TRUE,U05,-4.64475849174011
MD,2025,2025-08-10,TRUE,U05,-4.922454311760884
MD,2025,2025-08-11,TRUE,U05,-6.078351412155473
MD,2025,2025-08-12,TRUE,U05,3.671188862664572
MD,2025,2025-08-13,TRUE,U05,0.04100193796145145
MD,2025,2025-08-14,TRUE,U05,-3.4049969671771527
MD,2025,2025-08-15,TRUE,U05,-3.9386012678965736
MD,2025,2025-08-16,TRUE,U05,-0.9303093541834481
MD,2025,2025-08-17,TRUE,U05,-2.667948596892408
MD,2025,2025-08-18,TRUE,U05,-3.3437376276551998
MD,2025,2025-08-19,TRUE,U05,3.5290812435798515
MD,2025,2025-08-20,TRUE,U05,-1.9471755629995067
MD,2025,2025-08-21,TRUE,U05,-2.0940082455035345
MD,2025,2025-08-22,TRUE,U05,-4.496843374394392
MD,2025,2025-08-23,TRUE,U05,-2.18341699340576
MD,2025,2025-08-24,TRUE,U05,-3.4648537751522333
MD,2025,2025-08-25,TRUE,U05,-2.5169586802110153
MD,2025,2025-08-26,TRUE,U05,-1.1811388261105216
MD,2025,2025-08-27,TRUE,U05,-4.678088131418837
MD,2025,2025-08-28,TRUE,U05,-1.3483151954825023
MD,2025,2025-08-29,TRUE,U05,-3.8128802185927353
MD,2025,2025-08-30,TRUE,U05,-0.8719667584389518
MD,2025,2025-08-31,TRUE,U05,-4.3691898560701805
MD,2025,2025-09-01,TRUE,U05,-4.216391574789497
MD,2025,2025-09-02,TRUE,U05,-3.620417257945018
MD,2025,2025-09-03,TRUE,U05,3.469381395145764
MD,2025,2025-09-04,TRUE,U05,-5.4460018668545755
MD,2025,2025-09-05,TRUE,U05,-2.5068895129096758
MD,2025,2025-09-06,TRUE,U05,-2.1380131895239782
MD,2025,2025-09-07,TRUE,U05,-3.6862078733904813
MD,2025,2025-09-08,TRUE,U05,-4.532182423161119
MD,2025,2025-09-09,TRUE,U05,-5.305941763100815
MD,2025,2025-09-10,TRUE,U05,-3.9536491605048782
MD,2025,2025-09-11,TRUE,U05,-3.587381530425157
MD,2025,2025-09-12,TRUE,U05,-3.39974308932641
MD,2025,2025-09-13,TRUE,U05,-5.251457991168104
MD,2025,2025-09-14,TRUE,U05,-2.956145297321861
MD,2025,2025-09-15,TRUE,U05,-2.3194231746329077
MD,2025,2025-09-16,TRUE,U05,-2.7320216407045232
MD,2025,2025-09-17,TRUE,U05,-3.3683451165310956
MD,2025,2025-09-18,TRUE,U05,-3.3936801424471654
MD,2025,2025-09-19,TRUE,U05,-3.238298128396668
MD,2025,2025-09-20,TRUE,U05,-5.443387329023999
MD,2025,2025-09-21,TRUE,U05,-1.147034128403071
MD,2025,2025-09-22,TRUE,U05,-0.4099147469710002
MD,2025,2025-09-23,TRUE,U05,-1.288209118688171
MD,2025,2025-09-24,TRUE,U05,-0.1844875270272841
MD,2025,2025-09-25,TRUE,U05,-0.7055730771756445
MD,2025,2025-09-26,TRUE,U05,-2.5201396302499375
MD,2025,2025-09-27,TRUE,U05,-2.2343152622860547
MD,2025,2025-09-28,TRUE,U05,-1.5293051266133573
MD,2025,2025-09-29,TRUE,U05,-1.5582879788606376
MD,2025,2025-09-30,TRUE,U05,-1.0412068700944443
MD,2025,2025-10-01,TRUE,U05,-4.119348700524082
MD,2025,2025-10-02,TRUE,U05,-2.457907046725793
MD,2025,2025-10-03,TRUE,U05,-2.2757609201011633
MD,2025,2025-10-04,TRUE,U05,-1.5167991456320726
MD,2025,2025-10-05,TRUE,U05,-2.5770210143277987
MD,2025,2025-10-06,TRUE,U05,-2.239610984685572
MD,2025,2025-10-07,TRUE,U05,1.3950772745942173
MD,2025,2025-10-08,TRUE,U05,0.6881986004413078
MD,2025,2025-10-09,TRUE,U05,0.1651420739695584
MD,2025,2025-10-10,TRUE,U05,1.9385355469731915
MD,2025,2025-10-11,TRUE,U05,1.552119078810729
MD,2025,2025-10-12,TRUE,U05,-2.1621106832422976
MD,2025,2025-10-13,TRUE,U05,-2.356614434837489
MD,2025,2025-10-14,TRUE,U05,-1.4301056036424051
MD,2025,2025-10-15,TRUE,U05,-2.7887457307824444
MD,2025,2025-10-16,TRUE,U05,-1.3820356158278408
MD,2025,2025-10-17,TRUE,U05,-0.8073330389766888
MD,2025,2025-10-18,TRUE,U05,1.2504408081492089
MD,2025,2025-10-19,TRUE,U05,2.514080156389726
MD,2025,2025-10-20,TRUE,U05,-0.6677045306427085
MD,2025,2025-10-21,TRUE,U05,1.248661082008764
MD,2025,2025-10-22,TRUE,U05,3.978049739040003
MD,2025,2025-10-23,TRUE,U05,1.3760760330936803
MD,2025,2025-10-24,TRUE,U05,-0.8059865438997631
MD,2025,2025-10-25,TRUE,U05,-1.3538896414895163
MD,2025,2025-10-26,TRUE,U05,-1.05607492826413
MD,2025,2025-10-27,TRUE,U05,-0.9633316244540902
MD,2025,2025-10-28,TRUE,U05,-0.9252296189711997
MD,2025,2025-10-29,TRUE,U05,-0.8146351796465406
MD,2025,2025-10-30,TRUE,U05,0.9138215173392603
MD,2025,2025-10-31,TRUE,U05,0.7312210793657589
MD,2025,2025-11-01,FALSE,U05,0.7297915656689271
MD,2025,2025-11-02,FALSE,U05,0.013633881641835682
MD,2025,2025-11-03,FALSE,U05,0.9095062054319994
MD,2025,2025-11-04,FALSE,U05,0.12796422147763248
MD,2025,2025-11-05,FALSE,U05,1.0699362147852416
MD,2025,2025-11-06,FALSE,U05,-0.24851662978014905
MD,2025,2025-11-07,FALSE,U05,0.8669070809648459
MD,2025,2025-11-08,FALSE,U05,0.039268386847861964
MD,2025,2025-11-09,FALSE,U05,0.286408676763668
MD,2025,2025-11-10,FALSE,U05,0.47529459072000035
MD,2025,2025-11-11,FALSE,U05,0.4789923941644076
MD,2025,2025-11-12,FALSE,U05,0.5574274167600001
MD,2025,2025-11-13,FALSE,U05,0.3812620674544735
MD,2025,2025-11-14,FALSE,U05,-0.2626080125837538
MD,2025,2025-11-15,FALSE,U05,1.710415545053393
MD,2025,2025-11-16,FALSE,U05,1.4047930300291869
MD,2025,2025-11-17,FALSE,U05,0.6366357760377954
MD,2025,2025-11-18,FALSE,U05,0.6283912364478218
MD,2025,2025-11-19,FALSE,U05,0.5668962209785757
MD,2025,2025-11-20,FALSE,U05,1.4593705277706976
MD,2025,2025-11-21,FALSE,U05,1.5447547978417315
MD,2025,2025-11-22,FALSE,U05,1.3674232610517842
MD,2025,2025-11-23,FALSE,U05,1.2756933671795965
MD,2025,2025-11-24,FALSE,U05,0.6294772438980882
MD,2025,2025-11-25,FALSE,U05,2.3417306216832365
MD,2025,2025-11-26,FALSE,U05,1.6053292273625785
MD,2025,2025-11-27,FALSE,U05,2.1663090684000004
MD,2025,2025-11-28,FALSE,U05,1.78112385
MD,2025,2025-11-29,FALSE,U05,1.7779168271019947
MD,2025,2025-11-30,FALSE,U05,1.5566870737119174
MD,2025,2025-12-01,FALSE,U05,1.9194697025836887
MD,2025,2025-12-02,FALSE,U05,1.0465619167237397
MD,2025,2025-12-03,FALSE,U05,1.2056816219760005
MD,2025,2025-12-04,FALSE,U05,1.2652009309366192
MD,2025,2025-12-05,FALSE,U05,1.6598521972732923
MD,2025,2025-12-06,FALSE,U05,1.4325526786320002
MD,2025,2025-12-07,FALSE,U05,1.3966998821173746
MD,2025,2025-12-08,FALSE,U05,2.154303502647711
MD,2025,2025-12-09,FALSE,U05,1.2220946680609213
MD,2025,2025-12-10,FALSE,U05,-0.5469361509469173
MD,2025,2025-12-11,FALSE,U05,0.9255497610811438
MD,2025,2025-12-12,FALSE,U05,1.232200399127642
MD,2025,2025-12-13,FALSE,U05,1.0473218589412303
MD,2025,2025-12-14,FALSE,U05,1.4046900878882034
MD,2025,2025-12-15,FALSE,U05,1.0157290710302933
MD,2025,2025-12-16,FALSE,U05,1.0109728025488067
MD,2025,2025-12-17,FALSE,U05,1.500332159137629
MD,2025,2025-12-18,FALSE,U05,3.2780584065485976
MD,2025,2025-12-19,FALSE,U05,0.8515607227344001
MD,2025,2025-12-20,FALSE,U05,0.9649891449495865
MD,2025,2025-12-21,FALSE,U05,0.8018117682599198
MD,2025,2025-12-22,FALSE,U05,0.936240546478718
MD,2025,2025-12-23,FALSE,U05,1.875745976144124
MD,2025,2025-12-24,FALSE,U05,1.0602340263081957
MD,2025,2025-12-25,FALSE,U05,1.0986156222565593
MD,2025,2025-12-26,FALSE,U05,1.5671983306283515
MD,2025,2025-12-27,FALSE,U05,1.0149409313781756
MD,2025,2025-12-28,FALSE,U05,2.616360150336495
MD,2025,2025-12-29,FALSE,U05,1.7819404186310206
MD,2025,2025-12-30,FALSE,U05,0.9408167289719999
MD,2025,2025-12-31,FALSE,U05,1.080023338935119
MD,2025,2026-01-01,FALSE,U05,0.2844802944
MD,2025,2025-01-01,FALSE,U50,1.1973819557880003
MD,2025,2025-01-02,FALSE,U50,0.8503687506999286
MD,2025,2025-01-03,FALSE,U50,0.6957937658819289
MD,2025,2025-01-04,FALSE,U50,0.9117053376336
MD,2025,2025-01-05,FALSE,U50,0.9197257650170206
MD,2025,2025-01-06,FALSE,U50,0.576254126313
MD,2025,2025-01-07,FALSE,U50,0.7305100098855531
MD,2025,2025-01-08,FALSE,U50,0.7716103792278728
MD,2025,2025-01-09,FALSE,U50,0.5352857133940115
MD,2025,2025-01-10,FALSE,U50,0.4077852927839999
MD,2025,2025-01-11,FALSE,U50,0.8972432556020656
MD,2025,2025-01-12,FALSE,U50,0.3130330196029281
MD,2025,2025-01-13,FALSE,U50,0.7809041610719997
MD,2025,2025-01-14,FALSE,U50,0.8076196700639998
MD,2025,2025-01-15,FALSE,U50,0.8354203561440001
MD,2025,2025-01-16,FALSE,U50,0.8529052929139724
MD,2025,2025-01-17,FALSE,U50,0.9014311863123307
MD,2025,2025-01-18,FALSE,U50,1.2977985367440004
MD,2025,2025-01-19,FALSE,U50,0.5772490055757369
MD,2025,2025-01-20,FALSE,U50,0.5790779445950238
MD,2025,2025-01-21,FALSE,U50,0.73430516711186955
MD,2025,2025-01-22,FALSE,U50,-0.16631894399970104
MD,2025,2025-01-23,FALSE,U50,0.5496353722306472
MD,2025,2025-01-24,FALSE,U50,0.4627941588108683
MD,2025,2025-01-25,FALSE,U50,0.35734385281509096
MD,2025,2025-01-26,FALSE,U50,0.6380590987439999
MD,2025,2025-01-27,FALSE,U50,1.3401863070623996
MD,2025,2025-01-28,FALSE,U50,1.4407311562625462
MD,2025,2025-01-29,FALSE,U50,1.4646336066438381
MD,2025,2025-01-30,FALSE,U50,0.6767178780930238
MD,2025,2025-01-31,FALSE,U50,0.9899505398454816
MD,2025,2025-02-01,FALSE,U50,0.8224081355856119
MD,2025,2025-02-02,FALSE,U50,1.1198728110009204
MD,2025,2025-02-03,FALSE,U50,-0.25624981157535565
MD,2025,2025-02-04,FALSE,U50,0.8091931733532208
MD,2025,2025-02-05,FALSE,U50,0.49143109665441465
MD,2025,2025-02-06,FALSE,U50,-0.5668571641701846
MD,2025,2025-02-07,FALSE,U50,0.934055865109858
MD,2025,2025-02-08,FALSE,U50,0.5351272975386905
MD,2025,2025-02-09,FALSE,U50,0.20172406874961332
MD,2025,2025-02-10,FALSE,U50,0.31207285271687224
MD,2025,2025-02-11,FALSE,U50,0.13501740803086143
MD,2025,2025-02-12,FALSE,U50,0.6833905737930323
MD,2025,2025-02-13,FALSE,U50,0.35390090190468
MD,2025,2025-02-14,FALSE,U50,0.4625596047824913
MD,2025,2025-02-15,FALSE,U50,0.5079835843128001
MD,2025,2025-02-16,FALSE,U50,0.5166362609994894
MD,2025,2025-02-17,FALSE,U50,0.42481183881600004
MD,2025,2025-02-18,FALSE,U50,2.9566291912615394
MD,2025,2025-02-19,FALSE,U50,0.2780785259399157
MD,2025,2025-02-20,FALSE,U50,0.5799103934283887
MD,2025,2025-02-21,FALSE,U50,0.5922165182706691
MD,2025,2025-02-22,FALSE,U50,0.8988021861604867
MD,2025,2025-02-23,FALSE,U50,0.8785482835207428
MD,2025,2025-02-24,FALSE,U50,1.6062194925878397
MD,2025,2025-02-25,FALSE,U50,1.5771109660877602
MD,2025,2025-02-26,FALSE,U50,1.2463125353012972
MD,2025,2025-02-27,FALSE,U50,1.9638251946387282
MD,2025,2025-02-28,FALSE,U50,0.8567627738669317
MD,2025,2025-03-01,FALSE,U50,1.002527935128
MD,2025,2025-03-02,FALSE,U50,-0.32976393976073737
MD,2025,2025-03-03,FALSE,U50,0.6241461222008493
MD,2025,2025-03-04,FALSE,U50,3.028315609360362
MD,2025,2025-03-05,FALSE,U50,1.4308184950368183
MD,2025,2025-03-06,FALSE,U50,0.14156970117864023
MD,2025,2025-03-07,FALSE,U50,0.14952934799843487
MD,2025,2025-03-08,FALSE,U50,-0.5520963459308068
MD,2025,2025-03-09,FALSE,U50,0.009626443488000277
MD,2025,2025-03-10,FALSE,U50,0.4750809607189711
MD,2025,2025-03-11,FALSE,U50,0.4306877016145412
MD,2025,2025-03-12,FALSE,U50,-0.5186608332681909
MD,2025,2025-03-13,FALSE,U50,-0.5415627753072001
MD,2025,2025-03-14,FALSE,U50,-0.5068309490604002
MD,2025,2025-03-15,FALSE,U50,-0.027234430397701834
MD,2025,2025-03-16,FALSE,U50,0.09954467373018813
MD,2025,2025-03-17,FALSE,U50,0.14520447937937725
MD,2025,2025-03-18,FALSE,U50,-0.04501244541565741
MD,2025,2025-03-19,FALSE,U50,-0.39407744121963295
MD,2025,2025-03-20,FALSE,U50,0.07510994801558138
MD,2025,2025-03-21,FALSE,U50,0.0029252627216437843
MD,2025,2025-03-22,FALSE,U50,-0.027234430397701834
MD,2025,2025-03-23,FALSE,U50,0.09954467373018813
MD,2025,2025-03-24,FALSE,U50,0.14520447937937725
MD,2025,2025-03-25,FALSE,U50,-0.04501244541565741
MD,2025,2025-03-26,FALSE,U50,-0.45517443724275064
MD,2025,2025-03-27,FALSE,U50,-0.2940358146379526
MD,2025,2025-03-28,FALSE,U50,-0.19216109841874202
MD,2025,2025-03-29,FALSE,U50,-0.8413774233557407
MD,2025,2025-03-30,FALSE,U50,-0.33545812761116517
MD,2025,2025-03-31,FALSE,U50,-1.7947465296212226
MD,2025,2025-04-01,FALSE,U50,-0.5817152764552457
MD,2025,2025-04-02,FALSE,U50,-0.6559325656565355
MD,2025,2025-04-03,FALSE,U50,-0.6862473035728252
MD,2025,2025-04-04,FALSE,U50,-0.37436512110919173
MD,2025,2025-04-05,FALSE,U50,-0.7715549592227648
MD,2025,2025-04-06,FALSE,U50,-0.3509112757069754
MD,2025,2025-04-07,FALSE,U50,-1.7926268366805083
MD,2025,2025-04-08,FALSE,U50,-0.5817152764552457
MD,2025,2025-04-09,FALSE,U50,-0.6559325656565355
MD,2025,2025-04-10,FALSE,U50,-0.9199296069474778
MD,2025,2025-04-11,FALSE,U50,-1.0103394366252316
MD,2025,2025-04-12,FALSE,U50,-1.351419510715334
MD,2025,2025-04-13,FALSE,U50,0.5716343522851153
MD,2025,2025-04-14,FALSE,U50,-2.5979024534095077
MD,2025,2025-04-15,TRUE,U50,1.2639801982319996
MD,2025,2025-04-16,TRUE,U50,-1.3440293042832
MD,2025,2025-04-17,TRUE,U50,-0.8049773960793284
MD,2025,2025-04-18,TRUE,U50,1.7587908919112731
MD,2025,2025-04-19,TRUE,U50,-0.18427118529203343
MD,2025,2025-04-20,TRUE,U50,-0.9558445699519457
MD,2025,2025-04-21,TRUE,U50,-0.4940309244743997
MD,2025,2025-04-22,TRUE,U50,-1.0408961406396509
MD,2025,2025-04-23,TRUE,U50,-1.648355986728001
MD,2025,2025-04-24,TRUE,U50,-1.5454512930240005
MD,2025,2025-04-25,TRUE,U50,-1.574876587896
MD,2025,2025-04-26,TRUE,U50,-1.7807576673599999
MD,2025,2025-04-27,TRUE,U50,-2.2730664362809834
MD,2025,2025-04-28,TRUE,U50,-2.519946177260466
MD,2025,2025-04-29,TRUE,U50,-2.7139969360368004
MD,2025,2025-04-30,TRUE,U50,-2.7064874294979977
MD,2025,2025-05-01,TRUE,U50,-0.7383427837419999
MD,2025,2025-05-02,TRUE,U50,-2.2839158507040014
MD,2025,2025-05-03,TRUE,U50,-2.358490070865388
MD,2025,2025-05-04,TRUE,U50,-2.9394186333158485
MD,2025,2025-05-05,TRUE,U50,-3.8237847785827404
MD,2025,2025-05-06,TRUE,U50,-1.0038301463676182
MD,2025,2025-05-07,TRUE,U50,-4.7159889656630085
MD,2025,2025-05-08,TRUE,U50,-3.410376585839999
MD,2025,2025-05-09,TRUE,U50,-1.1337391837777255
MD,2025,2025-05-10,TRUE,U50,-3.629531628555115
MD,2025,2025-05-11,TRUE,U50,-3.862890950007298
MD,2025,2025-05-12,TRUE,U50,-2.2644304942758033
MD,2025,2025-05-13,TRUE,U50,-0.6689303786721038
MD,2025,2025-05-14,TRUE,U50,-1.6817317504156584
MD,2025,2025-05-15,TRUE,U50,-1.2170219924378025
MD,2025,2025-05-16,TRUE,U50,-1.2829998533497164
MD,2025,2025-05-17,TRUE,U50,2.674851660132489
MD,2025,2025-05-18,TRUE,U50,-6.1324840692
MD,2025,2025-05-19,TRUE,U50,-5.72499192054694
MD,2025,2025-05-20,TRUE,U50,-0.5002555649760003
MD,2025,2025-05-21,TRUE,U50,2.9336807431556995
MD,2025,2025-05-22,TRUE,U50,-5.348199235967999
MD,2025,2025-05-23,TRUE,U50,-4.883453406253175
MD,2025,2025-05-24,TRUE,U50,-3.993244024727845
MD,2025,2025-05-25,TRUE,U50,-2.0673276668211575
MD,2025,2025-05-26,TRUE,U50,-2.0394919335371
MD,2025,2025-05-27,TRUE,U50,-4.1852692238582785
MD,2025,2025-05-28,TRUE,U50,0.32113897145999937
MD,2025,2025-05-29,TRUE,U50,-3.5686063943691413
MD,2025,2025-05-30,TRUE,U50,-2.0534757026750174
MD,2025,2025-05-31,TRUE,U50,-6.235649323147638
MD,2025,2025-06-01,TRUE,U50,-4.9225220965457925
MD,2025,2025-06-02,TRUE,U50,-4.968666739319116
MD,2025,2025-06-03,TRUE,U50,-2.57318897859555
MD,2025,2025-06-04,TRUE,U50,-2.3147189970479993
MD,2025,2025-06-05,TRUE,U50,-3.2834653047697593
MD,2025,2025-06-06,TRUE,U50,-4.612461757629637
MD,2025,2025-06-07,TRUE,U50,-5.918081883717917
MD,2025,2025-06-08,TRUE,U50,-4.514748802430401
MD,2025,2025-06-09,TRUE,U50,-6.824592147125068
MD,2025,2025-06-10,TRUE,U50,-4.819575732698964
MD,2025,2025-06-11,TRUE,U50,-6.686653026776334
MD,2025,2025-06-12,TRUE,U50,-5.277005825854266
MD,2025,2025-06-13,TRUE,U50,-8.329145813731545
MD,2025,2025-06-14,TRUE,U50,-8.028357290639999
MD,2025,2025-06-15,TRUE,U50,-7.553433711189263
MD,2025,2025-06-16,TRUE,U50,-6.430529996860784
MD,2025,2025-06-17,TRUE,U50,-5.904958371992964
MD,2025,2025-06-18,TRUE,U50,0.21253887962881235
MD,2025,2025-06-19,TRUE,U50,1.3974137276962635
MD,2025,2025-06-20,TRUE,U50,-2.918948107519343
MD,2025,2025-06-21,TRUE,U50,-3.6222795525846374
MD,2025,2025-06-22,TRUE,U50,-4.293034890696
MD,2025,2025-06-23,TRUE,U50,-4.849670005670631
MD,2025,2025-06-24,TRUE,U50,-5.620966900864964
MD,2025,2025-06-25,TRUE,U50,-3.8610018215232365
MD,2025,2025-06-26,TRUE,U50,-6.230175823013147
MD,2025,2025-06-27,TRUE,U50,-4.051102223376001
MD,2025,2025-06-28,TRUE,U50,-4.460731329385013
MD,2025,2025-06-29,TRUE,U50,-4.737784722223168
MD,2025,2025-06-30,TRUE,U50,-5.972038284110871
MD,2025,2025-07-01,TRUE,U50,-4.038831842005286
MD,2025,2025-07-02,TRUE,U50,-5.3326209393983905
MD,2025,2025-07-03,TRUE,U50,-5.227575122171776
MD,2025,2025-07-04,TRUE,U50,-7.8321080127242
MD,2025,2025-07-05,TRUE,U50,-6.5340908375285345
MD,2025,2025-07-06,TRUE,U50,-5.889901133526962
MD,2025,2025-07-07,TRUE,U50,-5.714828638272
MD,2025,2025-07-08,TRUE,U50,-6.827284155508177
MD,2025,2025-07-09,TRUE,U50,-5.386006360325968
MD,2025,2025-07-10,TRUE,U50,-6.5089273563477805
MD,2025,2025-07-11,TRUE,U50,-3.3504365074224483
MD,2025,2025-07-12,TRUE,U50,-6.869091883675639
MD,2025,2025-07-13,TRUE,U50,-7.902502467418532
MD,2025,2025-07-14,TRUE,U50,-6.432242599476828
MD,2025,2025-07-15,TRUE,U50,-5.648558592003264
MD,2025,2025-07-16,TRUE,U50,-6.586528098622406
MD,2025,2025-07-17,TRUE,U50,-5.667131744666342
MD,2025,2025-07-18,TRUE,U50,-6.0652636570032525
MD,2025,2025-07-19,TRUE,U50,-0.6214640458553251
MD,2025,2025-07-20,TRUE,U50,-3.070160811684799
MD,2025,2025-07-21,TRUE,U50,-5.091231738098745
MD,2025,2025-07-22,TRUE,U50,-5.650350709680001
MD,2025,2025-07-23,TRUE,U50,-4.647892386302981
MD,2025,2025-07-24,TRUE,U50,-4.81638431664
MD,2025,2025-07-25,TRUE,U50,-5.061172874531966
MD,2025,2025-07-26,TRUE,U50,-1.4587610321052864
MD,2025,2025-07-27,TRUE,U50,-3.782835970293348
MD,2025,2025-07-28,TRUE,U50,-3.381273805301169
MD,2025,2025-07-29,TRUE,U50,-5.1987872166644715
MD,2025,2025-07-30,TRUE,U50,-1.730506549230419
MD,2025,2025-07-31,TRUE,U50,-3.8959115510566016
MD,2025,2025-08-01,TRUE,U50,-4.436495614198286
MD,2025,2025-08-02,TRUE,U50,-5.414214483965145
MD,2025,2025-08-03,TRUE,U50,-6.749339371924148
MD,2025,2025-08-04,TRUE,U50,-7.711899651728181
MD,2025,2025-08-05,TRUE,U50,-6.721414290494475
MD,2025,2025-08-06,TRUE,U50,-6.3464507180419485
MD,2025,2025-08-07,TRUE,U50,-4.5413892067903525
MD,2025,2025-08-08,TRUE,U50,-3.5410762803626827
MD,2025,2025-08-09,TRUE,U50,-4.687517768489581
MD,2025,2025-08-10,TRUE,U50,-4.920769045268356
MD,2025,2025-08-11,TRUE,U50,-6.063419021620508
MD,2025,2025-08-12,TRUE,U50,3.749946364165957
MD,2025,2025-08-13,TRUE,U50,0.15360811695409568
MD,2025,2025-08-14,TRUE,U50,-3.5804494449369852
MD,2025,2025-08-15,TRUE,U50,-3.968516297385288
MD,2025,2025-08-16,TRUE,U50,-0.8617326681044223
MD,2025,2025-08-17,TRUE,U50,-2.5373638511931698
MD,2025,2025-08-18,TRUE,U50,-3.3437376276551998
MD,2025,2025-08-19,TRUE,U50,4.272682217700524
MD,2025,2025-08-20,TRUE,U50,-1.9367972086348293
MD,2025,2025-08-21,TRUE,U50,-2.1947747183419035
MD,2025,2025-08-22,TRUE,U50,-4.51687620175313
MD,2025,2025-08-23,TRUE,U50,-2.1216057202123624
MD,2025,2025-08-24,TRUE,U50,-3.577421507521167
MD,2025,2025-08-25,TRUE,U50,-2.3892710499741074
MD,2025,2025-08-26,TRUE,U50,-1.1529779114927448
MD,2025,2025-08-27,TRUE,U50,-4.7178477688621365
MD,2025,2025-08-28,TRUE,U50,-1.641498111008858
MD,2025,2025-08-29,TRUE,U50,-3.8205397862469477
MD,2025,2025-08-30,TRUE,U50,-0.8193567494053091
MD,2025,2025-08-31,TRUE,U50,-4.2674637763023995
MD,2025,2025-09-01,TRUE,U50,-4.265734878687286
MD,2025,2025-09-02,TRUE,U50,-3.6520779298845323
MD,2025,2025-09-03,TRUE,U50,3.4365190137512855
MD,2025,2025-09-04,TRUE,U50,-5.42992868717415
MD,2025,2025-09-05,TRUE,U50,-2.4843828708500744
MD,2025,2025-09-06,TRUE,U50,-1.8204077352410954
MD,2025,2025-09-07,TRUE,U50,-3.735155805316672
MD,2025,2025-09-08,TRUE,U50,-4.515670657978514
MD,2025,2025-09-09,TRUE,U50,-5.183769753152069
MD,2025,2025-09-10,TRUE,U50,-3.8939699772379743
MD,2025,2025-09-11,TRUE,U50,-3.771390040521218
MD,2025,2025-09-12,TRUE,U50,-3.752900078516786
MD,2025,2025-09-13,TRUE,U50,-5.418554320463597
MD,2025,2025-09-14,TRUE,U50,-3.0990880175351525
MD,2025,2025-09-15,TRUE,U50,-2.6072701833798106
MD,2025,2025-09-16,TRUE,U50,-3.113385208392733
MD,2025,2025-09-17,TRUE,U50,-3.766188412177925
MD,2025,2025-09-18,TRUE,U50,-3.9963705966702125
MD,2025,2025-09-19,TRUE,U50,-3.721920377419915
MD,2025,2025-09-20,TRUE,U50,-5.443387329023999
MD,2025,2025-09-21,TRUE,U50,-1.224662854114035
MD,2025,2025-09-22,TRUE,U50,-1.2165084762853864
MD,2025,2025-09-23,TRUE,U50,-1.834613010978527
MD,2025,2025-09-24,TRUE,U50,-0.6096659437832097
MD,2025,2025-09-25,TRUE,U50,-1.0117772908000475
MD,2025,2025-09-26,TRUE,U50,-2.665609037227868
MD,2025,2025-09-27,TRUE,U50,-2.4612972173654906
MD,2025,2025-09-28,TRUE,U50,-1.6581059494717179
MD,2025,2025-09-29,TRUE,U50,-1.5600172605000269
MD,2025,2025-09-30,TRUE,U50,-1.172571699862798
MD,2025,2025-10-01,TRUE,U50,-4.13768267723399
MD,2025,2025-10-02,TRUE,U50,-2.39921295693262
MD,2025,2025-10-03,TRUE,U50,-2.280469351983214
MD,2025,2025-10-04,TRUE,U50,-1.5367827185834304
MD,2025,2025-10-05,TRUE,U50,-2.6201278659409275
MD,2025,2025-10-06,TRUE,U50,-2.239610984685572
MD,2025,2025-10-07,TRUE,U50,1.396868580468769
MD,2025,2025-10-08,TRUE,U50,1.1853232790950354
MD,2025,2025-10-09,TRUE,U50,0.7501312105344814
MD,2025,2025-10-10,TRUE,U50,3.6221218314669157
MD,2025,2025-10-11,TRUE,U50,2.086303726298855
MD,2025,2025-10-12,TRUE,U50,-2.0706563012583064
MD,2025,2025-10-13,TRUE,U50,-2.389826297795665
MD,2025,2025-10-14,TRUE,U50,-1.3821790234866203
MD,2025,2025-10-15,TRUE,U50,-2.7874519465134204
MD,2025,2025-10-16,TRUE,U50,-1.2905981332548604
MD,2025,2025-10-17,TRUE,U50,-0.7625176652307313
MD,2025,2025-10-18,TRUE,U50,1.2557304802922045
MD,2025,2025-10-19,TRUE,U50,3.0552568660220105
MD,2025,2025-10-20,TRUE,U50,-0.648997872474641
MD,2025,2025-10-21,TRUE,U50,1.2525719624112002
MD,2025,2025-10-22,TRUE,U50,5.448139907092365
MD,2025,2025-10-23,TRUE,U50,1.3582421503487458
MD,2025,2025-10-24,TRUE,U50,-0.7641544759578742
MD,2025,2025-10-25,TRUE,U50,-1.262051460449351
MD,2025,2025-10-26,TRUE,U50,-0.9820394699789551
MD,2025,2025-10-27,TRUE,U50,-0.9077014949303412
MD,2025,2025-10-28,TRUE,U50,-0.8648495618116201
MD,2025,2025-10-29,TRUE,U50,-0.8140825585470512
MD,2025,2025-10-30,TRUE,U50,0.6171658617931819
MD,2025,2025-10-31,TRUE,U50,1.0716528616192074
MD,2025,2025-11-01,FALSE,U50,0.9734787642911332
MD,2025,2025-11-02,FALSE,U50,0.04782330122364144
MD,2025,2025-11-03,FALSE,U50,0.9095062054319994
MD,2025,2025-11-04,FALSE,U50,0.24404841308563247
MD,2025,2025-11-05,FALSE,U50,1.074909695133805
MD,2025,2025-11-06,FALSE,U50,-0.10793812034714173
MD,2025,2025-11-07,FALSE,U50,0.8710628846914369
MD,2025,2025-11-08,FALSE,U50,0.04883162419714891
MD,2025,2025-11-09,FALSE,U50,0.2876557031496201
MD,2025,2025-11-10,FALSE,U50,0.48734781206400024
MD,2025,2025-11-11,FALSE,U50,0.5785269069382473
MD,2025,2025-11-12,FALSE,U50,0.5574274167600001
MD,2025,2025-11-13,FALSE,U50,0.4263475584222268
MD,2025,2025-11-14,FALSE,U50,-0.2169724196240745
MD,2025,2025-11-15,FALSE,U50,1.7608786512728163
MD,2025,2025-11-16,FALSE,U50,1.408794220843469
MD,2025,2025-11-17,FALSE,U50,0.591192181919705
MD,2025,2025-11-18,FALSE,U50,0.6913233381747377
MD,2025,2025-11-19,FALSE,U50,0.6126890984958205
MD,2025,2025-11-20,FALSE,U50,1.4493981824190905
MD,2025,2025-11-21,FALSE,U50,1.644951170020492
MD,2025,2025-11-22,FALSE,U50,1.3429235116014193
MD,2025,2025-11-23,FALSE,U50,1.344948183400465
MD,2025,2025-11-24,FALSE,U50,0.8054705398615174
MD,2025,2025-11-25,FALSE,U50,2.3560646984348215
MD,2025,2025-11-26,FALSE,U50,1.6506393487949766
MD,2025,2025-11-27,FALSE,U50,2.1663090684000004
MD,2025,2025-11-28,FALSE,U50,1.78112385
MD,2025,2025-11-29,FALSE,U50,1.780323225365778
MD,2025,2025-11-30,FALSE,U50,1.5623305067050801
MD,2025,2025-12-01,FALSE,U50,1.9338091311256986
MD,2025,2025-12-02,FALSE,U50,1.050754515247717
MD,2025,2025-12-03,FALSE,U50,1.2167311202967281
MD,2025,2025-12-04,FALSE,U50,1.2798277289397464
MD,2025,2025-12-05,FALSE,U50,1.6353220431078808
MD,2025,2025-12-06,FALSE,U50,1.4323353564735108
MD,2025,2025-12-07,FALSE,U50,1.371581591306982
MD,2025,2025-12-08,FALSE,U50,2.0697338894386346
MD,2025,2025-12-09,FALSE,U50,1.222007399993837
MD,2025,2025-12-10,FALSE,U50,-0.6132877734107469
MD,2025,2025-12-11,FALSE,U50,0.9600510053482726
MD,2025,2025-12-12,FALSE,U50,1.1969201164581018
MD,2025,2025-12-13,FALSE,U50,1.0392126917928561
MD,2025,2025-12-14,FALSE,U50,1.2671214619377769
MD,2025,2025-12-15,FALSE,U50,1.009109253779518
MD,2025,2025-12-16,FALSE,U50,1.0113373536123957
MD,2025,2025-12-17,FALSE,U50,1.5022825513336553
MD,2025,2025-12-18,FALSE,U50,3.2859659916739554
MD,2025,2025-12-19,FALSE,U50,0.8515607227344001
MD,2025,2025-12-20,FALSE,U50,0.9893740640472534
MD,2025,2025-12-21,FALSE,U50,0.8025842057940001
MD,2025,2025-12-22,FALSE,U50,0.9699256905835417
MD,2025,2025-12-23,FALSE,U50,1.9148219535171849
MD,2025,2025-12-24,FALSE,U50,1.1032397913202598
MD,2025,2025-12-25,FALSE,U50,1.1876913264571427
MD,2025,2025-12-26,FALSE,U50,1.6104970304802333
MD,2025,2025-12-27,FALSE,U50,1.2150215326969662
MD,2025,2025-12-28,FALSE,U50,2.7791778795558617
MD,2025,2025-12-29,FALSE,U50,1.8171073469295211
MD,2025,2025-12-30,FALSE,U50,0.9408167289719999
MD,2025,2025-12-31,FALSE,U50,1.0492066009303584
MD,2025,2026-01-01,FALSE,U50,0.2844802944
MD,2025,2025-01-01,FALSE,U95,-0.11780099330399998
MD,2025,2025-01-02,FALSE,U95,0.8583454018012392
MD,2025,2025-01-03,FALSE,U95,0.943228533321844
MD,2025,2025-01-04,FALSE,U95,0.9167460722967369
MD,2025,2025-01-05,FALSE,U95,0.9326119143354332
MD,2025,2025-01-06,FALSE,U95,0.7108322319488573
MD,2025,2025-01-07,FALSE,U95,0.712322679144365
MD,2025,2025-01-08,FALSE,U95,0.674892142910371
MD,2025,2025-01-09,FALSE,U95,0.6260381831238541
MD,2025,2025-01-10,FALSE,U95,0.44215658016706216
MD,2025,2025-01-11,FALSE,U95,0.593303376778104
MD,2025,2025-01-12,FALSE,U95,0.3036655611386799
MD,2025,2025-01-13,FALSE,U95,0.9233336061867161
MD,2025,2025-01-14,FALSE,U95,0.7614211056090366
MD,2025,2025-01-15,FALSE,U95,0.7698256244134445
MD,2025,2025-01-16,FALSE,U95,0.8791736523788619
MD,2025,2025-01-17,FALSE,U95,0.8699327885264482
MD,2025,2025-01-18,FALSE,U95,1.3114685773667079
MD,2025,2025-01-19,FALSE,U95,0.5776652063166433
MD,2025,2025-01-20,FALSE,U95,0.4607364502719355
MD,2025,2025-01-21,FALSE,U95,0.7562810803678027
MD,2025,2025-01-22,FALSE,U95,-0.22197905872810608
MD,2025,2025-01-23,FALSE,U95,0.5298073071739264
MD,2025,2025-01-24,FALSE,U95,0.4207752511742358
MD,2025,2025-01-25,FALSE,U95,0.36908611663926405
MD,2025,2025-01-26,FALSE,U95,0.6414298418413799
MD,2025,2025-01-27,FALSE,U95,1.321257026808144
MD,2025,2025-01-28,FALSE,U95,1.4341587916746443
MD,2025,2025-01-29,FALSE,U95,1.4653658779974001
MD,2025,2025-01-30,FALSE,U95,0.5264037521622598
MD,2025,2025-01-31,FALSE,U95,1.0896211986443525
MD,2025,2025-02-01,FALSE,U95,0.8359381473232718
MD,2025,2025-02-02,FALSE,U95,0.5684856703950019
MD,2025,2025-02-03,FALSE,U95,-0.29541859496949413
MD,2025,2025-02-04,FALSE,U95,0.8554506371471984
MD,2025,2025-02-05,FALSE,U95,0.6535830586972982
MD,2025,2025-02-06,FALSE,U95,-0.5752240942874084
MD,2025,2025-02-07,FALSE,U95,0.9433669184638632
MD,2025,2025-02-08,FALSE,U95,0.6169032533321337
MD,2025,2025-02-09,FALSE,U95,0.18860211231062599
MD,2025,2025-02-10,FALSE,U95,0.3510413030958271
MD,2025,2025-02-11,FALSE,U95,0.18799334153141212
MD,2025,2025-02-12,FALSE,U95,0.8116962366381271
MD,2025,2025-02-13,FALSE,U95,0.426735816568142
MD,2025,2025-02-14,FALSE,U95,0.47350274273489984
MD,2025,2025-02-15,FALSE,U95,0.43334152624211253
MD,2025,2025-02-16,FALSE,U95,0.12772191094843421
MD,2025,2025-02-17,FALSE,U95,0.4618810249041385
MD,2025,2025-02-18,FALSE,U95,1.7687626725870003
MD,2025,2025-02-19,FALSE,U95,0.6194522033988834
MD,2025,2025-02-20,FALSE,U95,0.6143005525308922
MD,2025,2025-02-21,FALSE,U95,0.6197911139179315
MD,2025,2025-02-22,FALSE,U95,0.77450415785744
MD,2025,2025-02-23,FALSE,U95,0.7862953926779329
MD,2025,2025-02-24,FALSE,U95,1.5052045219403913
MD,2025,2025-02-25,FALSE,U95,1.4136740935600582
MD,2025,2025-02-26,FALSE,U95,1.2950674694610622
MD,2025,2025-02-27,FALSE,U95,2.216341888863575
MD,2025,2025-02-28,FALSE,U95,0.8435368953981865
MD,2025,2025-03-01,FALSE,U95,1.002527935128
MD,2025,2025-03-02,FALSE,U95,-0.26449313797435564
MD,2025,2025-03-03,FALSE,U95,0.7704641241458898
MD,2025,2025-03-04,FALSE,U95,2.8747546680783476
MD,2025,2025-03-05,FALSE,U95,1.355051774076003
MD,2025,2025-03-06,FALSE,U95,0.14125828596535875
MD,2025,2025-03-07,FALSE,U95,0.16160599629710592
MD,2025,2025-03-08,FALSE,U95,-0.49445263667926065
MD,2025,2025-03-09,FALSE,U95,-0.02853729806434053
MD,2025,2025-03-10,FALSE,U95,0.6711618711174975
MD,2025,2025-03-11,FALSE,U95,0.9983428255458249
MD,2025,2025-03-12,FALSE,U95,-0.48399252221178124
MD,2025,2025-03-13,FALSE,U95,-0.6183367825788894
MD,2025,2025-03-14,FALSE,U95,-0.4865936104134186
MD,2025,2025-03-15,FALSE,U95,-0.04214512701232776
MD,2025,2025-03-16,FALSE,U95,0.08112569991933463
MD,2025,2025-03-17,FALSE,U95,0.114352272347752
MD,2025,2025-03-18,FALSE,U95,-0.32124675748765524
MD,2025,2025-03-19,FALSE,U95,-0.38754472504003024
MD,2025,2025-03-20,FALSE,U95,0.05516629181250286
MD,2025,2025-03-21,FALSE,U95,-0.007715770987503957
MD,2025,2025-03-22,FALSE,U95,-0.04214512701232776
MD,2025,2025-03-23,FALSE,U95,0.08112569991933463
MD,2025,2025-03-24,FALSE,U95,0.114352272347752
MD,2025,2025-03-25,FALSE,U95,-0.3436259913939473
MD,2025,2025-03-26,FALSE,U95,-0.45685195370248044
MD,2025,2025-03-27,FALSE,U95,-0.3241106377017262
MD,2025,2025-03-28,FALSE,U95,-0.2719342120036472
MD,2025,2025-03-29,FALSE,U95,-0.8456555966106576
MD,2025,2025-03-30,FALSE,U95,-0.376297859995688
MD,2025,2025-03-31,FALSE,U95,-2.128399489898447
MD,2025,2025-04-01,FALSE,U95,-0.5730856854542943
MD,2025,2025-04-02,FALSE,U95,-0.6575454631132118
MD,2025,2025-04-03,FALSE,U95,-0.704121808699487
MD,2025,2025-04-04,FALSE,U95,-0.4914305422801165
MD,2025,2025-04-05,FALSE,U95,-0.7840550341048602
MD,2025,2025-04-06,FALSE,U95,-0.36430866023727504
MD,2025,2025-04-07,FALSE,U95,-2.1081128583184006
MD,2025,2025-04-08,FALSE,U95,-0.5730856854542943
MD,2025,2025-04-09,FALSE,U95,-0.6575454631132118
MD,2025,2025-04-10,FALSE,U95,-0.9482485388842037
MD,2025,2025-04-11,FALSE,U95,-1.0722486314259778
MD,2025,2025-04-12,FALSE,U95,-1.6172939879973316
MD,2025,2025-04-13,FALSE,U95,0.8286522060233747
MD,2025,2025-04-14,FALSE,U95,-2.796116792253598
MD,2025,2025-04-15,TRUE,U95,1.2639801982319996
MD,2025,2025-04-16,TRUE,U95,-1.3440293042832
MD,2025,2025-04-17,TRUE,U95,-0.8154523089771911
MD,2025,2025-04-18,TRUE,U95,1.2558588600561449
MD,2025,2025-04-19,TRUE,U95,-0.1900969328141587
MD,2025,2025-04-20,TRUE,U95,-0.9592414670575341
MD,2025,2025-04-21,TRUE,U95,-0.4940309244743997
MD,2025,2025-04-22,TRUE,U95,-1.1250165726820496
MD,2025,2025-04-23,TRUE,U95,-1.6911805741735246
MD,2025,2025-04-24,TRUE,U95,-1.5454512930240005
MD,2025,2025-04-25,TRUE,U95,-1.574876587896
MD,2025,2025-04-26,TRUE,U95,-1.7807576673599999
MD,2025,2025-04-27,TRUE,U95,-2.3949429735071353
MD,2025,2025-04-28,TRUE,U95,-2.5837970583858008
MD,2025,2025-04-29,TRUE,U95,-2.7139969360368004
MD,2025,2025-04-30,TRUE,U95,-2.7598294587718386
MD,2025,2025-05-01,TRUE,U95,-0.670469890172801
MD,2025,2025-05-02,TRUE,U95,-2.079301370321447
MD,2025,2025-05-03,TRUE,U95,-2.5880581919391057
MD,2025,2025-05-04,TRUE,U95,-2.8476055548191805
MD,2025,2025-05-05,TRUE,U95,-3.756919716053234
MD,2025,2025-05-06,TRUE,U95,-1.0646789795035785
MD,2025,2025-05-07,TRUE,U95,-5.055035207287647
MD,2025,2025-05-08,TRUE,U95,-3.4287746732247264
MD,2025,2025-05-09,TRUE,U95,-1.7440330038696
MD,2025,2025-05-10,TRUE,U95,-3.504417184262468
MD,2025,2025-05-11,TRUE,U95,-3.852664413967233
MD,2025,2025-05-12,TRUE,U95,-2.6041003157210403
MD,2025,2025-05-13,TRUE,U95,-1.4248209469213644
MD,2025,2025-05-14,TRUE,U95,-1.6297658143210672
MD,2025,2025-05-15,TRUE,U95,-1.4504228623201372
MD,2025,2025-05-16,TRUE,U95,-1.1244622703999696
MD,2025,2025-05-17,TRUE,U95,1.4160803783068263
MD,2025,2025-05-18,TRUE,U95,-6.031995747799492
MD,2025,2025-05-19,TRUE,U95,-5.298885260442533
MD,2025,2025-05-20,TRUE,U95,-0.3276303521633765
MD,2025,2025-05-21,TRUE,U95,2.9336807431556995
MD,2025,2025-05-22,TRUE,U95,-5.181068898472049
MD,2025,2025-05-23,TRUE,U95,-4.942428091402858
MD,2025,2025-05-24,TRUE,U95,-3.7192812056953266
MD,2025,2025-05-25,TRUE,U95,-1.8605242723776882
MD,2025,2025-05-26,TRUE,U95,-1.731985127294779
MD,2025,2025-05-27,TRUE,U95,-3.875732202698456
MD,2025,2025-05-28,TRUE,U95,0.8064990645839996
MD,2025,2025-05-29,TRUE,U95,-3.6779790002925226
MD,2025,2025-05-30,TRUE,U95,-2.2190486599261887
MD,2025,2025-05-31,TRUE,U95,-6.299668430096109
MD,2025,2025-06-01,TRUE,U95,-5.333859917206055
MD,2025,2025-06-02,TRUE,U95,-5.090712388720381
MD,2025,2025-06-03,TRUE,U95,-2.5706170027017605
MD,2025,2025-06-04,TRUE,U95,-3.6587300221517394
MD,2025,2025-06-05,TRUE,U95,-3.539034478563493
MD,2025,2025-06-06,TRUE,U95,-4.353992121239496
MD,2025,2025-06-07,TRUE,U95,-6.001640681295564
MD,2025,2025-06-08,TRUE,U95,-4.654760693899232
MD,2025,2025-06-09,TRUE,U95,-7.2401440094739025
MD,2025,2025-06-10,TRUE,U95,-4.909551225895653
MD,2025,2025-06-11,TRUE,U95,-6.748094276313886
MD,2025,2025-06-12,TRUE,U95,-5.8274673549276095
MD,2025,2025-06-13,TRUE,U95,-8.238829661885456
MD,2025,2025-06-14,TRUE,U95,-7.83114365134586
MD,2025,2025-06-15,TRUE,U95,-7.5198376384820245
MD,2025,2025-06-16,TRUE,U95,-6.719736863280769
MD,2025,2025-06-17,TRUE,U95,-6.366863294999533
MD,2025,2025-06-18,TRUE,U95,-0.393962262454526
MD,2025,2025-06-19,TRUE,U95,0.13378364516945893
MD,2025,2025-06-20,TRUE,U95,-2.8307150786471436
MD,2025,2025-06-21,TRUE,U95,-3.7967697121655446
MD,2025,2025-06-22,TRUE,U95,-4.251686305013551
MD,2025,2025-06-23,TRUE,U95,-4.708199010438767
MD,2025,2025-06-24,TRUE,U95,-5.519575301752932
MD,2025,2025-06-25,TRUE,U95,-3.9072251081007514
MD,2025,2025-06-26,TRUE,U95,-6.207643961043572
MD,2025,2025-06-27,TRUE,U95,-3.955498518009652
MD,2025,2025-06-28,TRUE,U95,-4.395162402767357
MD,2025,2025-06-29,TRUE,U95,-4.398666368910273
MD,2025,2025-06-30,TRUE,U95,-5.091906038405143
MD,2025,2025-07-01,TRUE,U95,-4.084650503473466
MD,2025,2025-07-02,TRUE,U95,-5.347075213272821
MD,2025,2025-07-03,TRUE,U95,-4.8903858300983325
MD,2025,2025-07-04,TRUE,U95,-7.4813331647099055
MD,2025,2025-07-05,TRUE,U95,-7.176498982615637
MD,2025,2025-07-06,TRUE,U95,-6.381505358832131
MD,2025,2025-07-07,TRUE,U95,-5.620235498461679
MD,2025,2025-07-08,TRUE,U95,-6.872134598180534
MD,2025,2025-07-09,TRUE,U95,-5.514420493056246
MD,2025,2025-07-10,TRUE,U95,-6.82058855537231
MD,2025,2025-07-11,TRUE,U95,-3.4247943158278025
MD,2025,2025-07-12,TRUE,U95,-7.18445618312914
MD,2025,2025-07-13,TRUE,U95,-8.23337118407615
MD,2025,2025-07-14,TRUE,U95,-6.691216717434297
MD,2025,2025-07-15,TRUE,U95,-6.0424350025351785
MD,2025,2025-07-16,TRUE,U95,-6.803426558311091
MD,2025,2025-07-17,TRUE,U95,-5.842961767822979
MD,2025,2025-07-18,TRUE,U95,-6.652832074957844
MD,2025,2025-07-19,TRUE,U95,-1.0468591005688093
MD,2025,2025-07-20,TRUE,U95,-4.476229634335381
MD,2025,2025-07-21,TRUE,U95,-5.60327887624862
MD,2025,2025-07-22,TRUE,U95,-6.156883476121091
MD,2025,2025-07-23,TRUE,U95,-4.6766498207203515
MD,2025,2025-07-24,TRUE,U95,-5.096045790145317
MD,2025,2025-07-25,TRUE,U95,-5.182189129556674
MD,2025,2025-07-26,TRUE,U95,-1.3424798257686479
MD,2025,2025-07-27,TRUE,U95,-4.114593400702182
MD,2025,2025-07-28,TRUE,U95,-3.5024521667254125
MD,2025,2025-07-29,TRUE,U95,-5.3510361856091055
MD,2025,2025-07-30,TRUE,U95,-1.7806311878712315
MD,2025,2025-07-31,TRUE,U95,-3.9106042734605304
MD,2025,2025-08-01,TRUE,U95,-4.782469295386574
MD,2025,2025-08-02,TRUE,U95,-4.441795899714631
MD,2025,2025-08-03,TRUE,U95,-7.453456261373241
MD,2025,2025-08-04,TRUE,U95,-7.887977020067063
MD,2025,2025-08-05,TRUE,U95,-6.472724232308261
MD,2025,2025-08-06,TRUE,U95,-5.642676293208375
MD,2025,2025-08-07,TRUE,U95,-3.635700617031429
MD,2025,2025-08-08,TRUE,U95,-3.810710935780061
MD,2025,2025-08-09,TRUE,U95,-5.0215992738771424
MD,2025,2025-08-10,TRUE,U95,-4.8198398991685725
MD,2025,2025-08-11,TRUE,U95,-6.317104742824615
MD,2025,2025-08-12,TRUE,U95,4.354846445592483
MD,2025,2025-08-13,TRUE,U95,0.25572031857815447
MD,2025,2025-08-14,TRUE,U95,-3.3396161378438296
MD,2025,2025-08-15,TRUE,U95,-3.2058125424919464
MD,2025,2025-08-16,TRUE,U95,-0.6014314662548613
MD,2025,2025-08-17,TRUE,U95,-2.26806764390489
MD,2025,2025-08-18,TRUE,U95,-3.3437376276551998
MD,2025,2025-08-19,TRUE,U95,5.185891958590867
MD,2025,2025-08-20,TRUE,U95,-1.505761822984637
MD,2025,2025-08-21,TRUE,U95,-1.9047988529866233
MD,2025,2025-08-22,TRUE,U95,-4.3289814000501465
MD,2025,2025-08-23,TRUE,U95,-1.6215949414038782
MD,2025,2025-08-24,TRUE,U95,-3.6043897394643696
MD,2025,2025-08-25,TRUE,U95,-2.0521875761584334
MD,2025,2025-08-26,TRUE,U95,-1.0273817047432579
MD,2025,2025-08-27,TRUE,U95,-4.878539807157003
MD,2025,2025-08-28,TRUE,U95,-2.0820815307579927
MD,2025,2025-08-29,TRUE,U95,-3.6235838887453173
MD,2025,2025-08-30,TRUE,U95,-0.6398303902768053
MD,2025,2025-08-31,TRUE,U95,-4.059332511217354
MD,2025,2025-09-01,TRUE,U95,-4.143092039682797
MD,2025,2025-09-02,TRUE,U95,-3.602374414396719
MD,2025,2025-09-03,TRUE,U95,3.585066476961902
MD,2025,2025-09-04,TRUE,U95,-5.251371363627107
MD,2025,2025-09-05,TRUE,U95,-2.3042820527729027
MD,2025,2025-09-06,TRUE,U95,-0.9890681950602406
MD,2025,2025-09-07,TRUE,U95,-3.290353443598052
MD,2025,2025-09-08,TRUE,U95,-4.266425857079039
MD,2025,2025-09-09,TRUE,U95,-4.808577888701756
MD,2025,2025-09-10,TRUE,U95,-3.6813226514421657
MD,2025,2025-09-11,TRUE,U95,-3.4720177833583823
MD,2025,2025-09-12,TRUE,U95,-3.707275145126595
MD,2025,2025-09-13,TRUE,U95,-5.3665141493526365
MD,2025,2025-09-14,TRUE,U95,-2.882930174420494
MD,2025,2025-09-15,TRUE,U95,-2.09134883946515
MD,2025,2025-09-16,TRUE,U95,-2.6954165382129287
MD,2025,2025-09-17,TRUE,U95,-3.480549511433577
MD,2025,2025-09-18,TRUE,U95,-3.843104013361841
MD,2025,2025-09-19,TRUE,U95,-3.4504535225685755
MD,2025,2025-09-20,TRUE,U95,-5.487595179685835
MD,2025,2025-09-21,TRUE,U95,-0.3675779223194722
MD,2025,2025-09-22,TRUE,U95,-1.2144633891220282
MD,2025,2025-09-23,TRUE,U95,-1.531149183334295
MD,2025,2025-09-24,TRUE,U95,-0.6202772029730392
MD,2025,2025-09-25,TRUE,U95,-0.8731151025973569
MD,2025,2025-09-26,TRUE,U95,-2.8133741903549647
MD,2025,2025-09-27,TRUE,U95,-2.1919029925191444
MD,2025,2025-09-28,TRUE,U95,-1.844827291143581
MD,2025,2025-09-29,TRUE,U95,2.6491090004905047
MD,2025,2025-09-30,TRUE,U95,-1.5536320102564578
MD,2025,2025-10-01,TRUE,U95,-4.259857667325881
MD,2025,2025-10-02,TRUE,U95,1.192535622102858
MD,2025,2025-10-03,TRUE,U95,-2.338341519155843
MD,2025,2025-10-04,TRUE,U95,-1.9090668504259438
MD,2025,2025-10-05,TRUE,U95,-2.9542671557464946
MD,2025,2025-10-06,TRUE,U95,-2.581622632547587
MD,2025,2025-10-07,TRUE,U95,0.49623504815038416
MD,2025,2025-10-08,TRUE,U95,4.201007764428672
MD,2025,2025-10-09,TRUE,U95,0.7200456161550661
MD,2025,2025-10-10,TRUE,U95,3.2363600781934063
MD,2025,2025-10-11,TRUE,U95,3.8031363052859097
MD,2025,2025-10-12,TRUE,U95,-1.6607911760746443
MD,2025,2025-10-13,TRUE,U95,-1.514168352873469
MD,2025,2025-10-14,TRUE,U95,-1.6198035620529665
MD,2025,2025-10-15,TRUE,U95,-2.8835738728098734
MD,2025,2025-10-16,TRUE,U95,-1.1121725798470254
MD,2025,2025-10-17,TRUE,U95,-0.14447522996230988
MD,2025,2025-10-18,TRUE,U95,0.7384092393864696
MD,2025,2025-10-19,TRUE,U95,3.7675472522256737
MD,2025,2025-10-20,TRUE,U95,-0.040378345817602745
MD,2025,2025-10-21,TRUE,U95,1.5743490759263303
MD,2025,2025-10-22,TRUE,U95,4.535929669392003
MD,2025,2025-10-23,TRUE,U95,0.9377466815656214
MD,2025,2025-10-24,TRUE,U95,-0.26664907413186534
MD,2025,2025-10-25,TRUE,U95,-1.3467099544776988
MD,2025,2025-10-26,TRUE,U95,-1.7160456882335746
MD,2025,2025-10-27,TRUE,U95,-1.37372745023801
MD,2025,2025-10-28,TRUE,U95,-1.1103978258540157
MD,2025,2025-10-29,TRUE,U95,-0.7691648241761451
MD,2025,2025-10-30,TRUE,U95,0.2610994609258393
MD,2025,2025-10-31,TRUE,U95,0.8534851633129923
MD,2025,2025-11-01,FALSE,U95,0.8683656361923948
MD,2025,2025-11-02,FALSE,U95,0.4025583495239735
MD,2025,2025-11-03,FALSE,U95,0.9738435773879995
MD,2025,2025-11-04,FALSE,U95,0.6347210827215809
MD,2025,2025-11-05,FALSE,U95,1.078335423517867
MD,2025,2025-11-06,FALSE,U95,-0.18282715831589338
MD,2025,2025-11-07,FALSE,U95,0.8372717017362153
MD,2025,2025-11-08,FALSE,U95,-0.04535611437233972
MD,2025,2025-11-09,FALSE,U95,0.20525770392283127
MD,2025,2025-11-10,FALSE,U95,0.4659914402988001
MD,2025,2025-11-11,FALSE,U95,0.48644146140362604
MD,2025,2025-11-12,FALSE,U95,0.5919761911927852
MD,2025,2025-11-13,FALSE,U95,0.40709849825086303
MD,2025,2025-11-14,FALSE,U95,-0.13292273640543106
MD,2025,2025-11-15,FALSE,U95,1.8231995583507705
MD,2025,2025-11-16,FALSE,U95,1.4282879908903456
MD,2025,2025-11-17,FALSE,U95,0.5144157018389537
MD,2025,2025-11-18,FALSE,U95,0.6464546419929231
MD,2025,2025-11-19,FALSE,U95,0.8190219767930306
MD,2025,2025-11-20,FALSE,U95,1.614477927925952
MD,2025,2025-11-21,FALSE,U95,1.8483854002104727
MD,2025,2025-11-22,FALSE,U95,0.6319433129690356
MD,2025,2025-11-23,FALSE,U95,1.5274823973429346
MD,2025,2025-11-24,FALSE,U95,0.9562619891885782
MD,2025,2025-11-25,FALSE,U95,3.175161114405314
MD,2025,2025-11-26,FALSE,U95,1.9162544412366345
MD,2025,2025-11-27,FALSE,U95,2.1663090684000004
MD,2025,2025-11-28,FALSE,U95,1.8242365485601268
MD,2025,2025-11-29,FALSE,U95,1.7787083295737127
MD,2025,2025-11-30,FALSE,U95,1.5633466267412288
MD,2025,2025-12-01,FALSE,U95,1.782672381654613
MD,2025,2025-12-02,FALSE,U95,1.1149248881484772
MD,2025,2025-12-03,FALSE,U95,1.5303607507452668
MD,2025,2025-12-04,FALSE,U95,1.3616771757196207
MD,2025,2025-12-05,FALSE,U95,1.5955117079700032
MD,2025,2025-12-06,FALSE,U95,1.5003532485325706
MD,2025,2025-12-07,FALSE,U95,1.3581006536171054
MD,2025,2025-12-08,FALSE,U95,1.1774585701304972
MD,2025,2025-12-09,FALSE,U95,1.2373569064107353
MD,2025,2025-12-10,FALSE,U95,-0.5479776685868998
MD,2025,2025-12-11,FALSE,U95,1.0409943375926185
MD,2025,2025-12-12,FALSE,U95,1.2196579255484945
MD,2025,2025-12-13,FALSE,U95,1.0736739933014106
MD,2025,2025-12-14,FALSE,U95,0.9938813597807243
MD,2025,2025-12-15,FALSE,U95,0.9828964175135304
MD,2025,2025-12-16,FALSE,U95,1.0674907638948918
MD,2025,2025-12-17,FALSE,U95,1.5107019467377336
MD,2025,2025-12-18,FALSE,U95,3.333448262658383
MD,2025,2025-12-19,FALSE,U95,0.8507790537129001
MD,2025,2025-12-20,FALSE,U95,1.0343113869937561
MD,2025,2025-12-21,FALSE,U95,0.7937461810490811
MD,2025,2025-12-22,FALSE,U95,0.9649047081555403
MD,2025,2025-12-23,FALSE,U95,2.0769111874815938
MD,2025,2025-12-24,FALSE,U95,1.173308468317382
MD,2025,2025-12-25,FALSE,U95,1.226119482911968
MD,2025,2025-12-26,FALSE,U95,1.4535370191366306
MD,2025,2025-12-27,FALSE,U95,1.3021080632810778
MD,2025,2025-12-28,FALSE,U95,2.9349095607499605
MD,2025,2025-12-29,FALSE,U95,1.8512429506289996
MD,2025,2025-12-30,FALSE,U95,1.0716330137198318
MD,2025,2025-12-31,FALSE,U95,1.319019221359467
MD,2025,2026-01-01,FALSE,U95,0.30170409659999997
